solid OpenSCAD_Model
  facet normal 0.595695 -0.803211 0
    outer loop
      vertex 5.7823 7.47118 0
      vertex 5.9833 7.62025 3
      vertex 5.7823 7.47118 3
    endloop
  endfacet
  facet normal 0.595695 -0.803211 0
    outer loop
      vertex 5.9833 7.62025 3
      vertex 5.7823 7.47118 0
      vertex 5.9833 7.62025 0
    endloop
  endfacet
  facet normal -0.998795 0.0490726 0
    outer loop
      vertex 9.93772 5.25006 0
      vertex 9.95 5.5 3
      vertex 9.95 5.5 0
    endloop
  endfacet
  facet normal -0.998795 0.0490726 0
    outer loop
      vertex 9.95 5.5 3
      vertex 9.93772 5.25006 0
      vertex 9.93772 5.25006 3
    endloop
  endfacet
  facet normal 0.514102 -0.857729 0
    outer loop
      vertex 5.9833 7.62025 0
      vertex 6.19794 7.7489 3
      vertex 5.9833 7.62025 3
    endloop
  endfacet
  facet normal 0.514102 -0.857729 0
    outer loop
      vertex 6.19794 7.7489 3
      vertex 5.9833 7.62025 0
      vertex 6.19794 7.7489 0
    endloop
  endfacet
  facet normal 0.803211 -0.595695 0
    outer loop
      vertex 5.27975 6.9167 3
      vertex 5.42882 7.1177 0
      vertex 5.42882 7.1177 3
    endloop
  endfacet
  facet normal 0.803211 -0.595695 0
    outer loop
      vertex 5.42882 7.1177 0
      vertex 5.27975 6.9167 3
      vertex 5.27975 6.9167 0
    endloop
  endfacet
  facet normal -0.989176 0.146734 0
    outer loop
      vertex 9.901 5.00252 0
      vertex 9.93772 5.25006 3
      vertex 9.93772 5.25006 0
    endloop
  endfacet
  facet normal -0.989176 0.146734 0
    outer loop
      vertex 9.93772 5.25006 3
      vertex 9.901 5.00252 0
      vertex 9.901 5.00252 3
    endloop
  endfacet
  facet normal 0.970037 -0.242959 0
    outer loop
      vertex 4.899 5.99748 3
      vertex 4.9598 6.24023 0
      vertex 4.9598 6.24023 3
    endloop
  endfacet
  facet normal 0.970037 -0.242959 0
    outer loop
      vertex 4.9598 6.24023 0
      vertex 4.899 5.99748 3
      vertex 4.899 5.99748 0
    endloop
  endfacet
  facet normal -0.427542 -0.903996 0
    outer loop
      vertex 8.37584 7.85589 0
      vertex 8.60206 7.7489 3
      vertex 8.37584 7.85589 3
    endloop
  endfacet
  facet normal -0.427542 -0.903996 -0
    outer loop
      vertex 8.60206 7.7489 3
      vertex 8.37584 7.85589 0
      vertex 8.60206 7.7489 0
    endloop
  endfacet
  facet normal -0.514102 0.857729 0
    outer loop
      vertex 8.8167 3.37975 0
      vertex 8.60206 3.2511 3
      vertex 8.8167 3.37975 3
    endloop
  endfacet
  facet normal -0.514102 0.857729 0
    outer loop
      vertex 8.60206 3.2511 3
      vertex 8.8167 3.37975 0
      vertex 8.60206 3.2511 0
    endloop
  endfacet
  facet normal 0.242959 0.970037 -0
    outer loop
      vertex 6.90252 2.999 0
      vertex 6.65977 3.0598 3
      vertex 6.90252 2.999 3
    endloop
  endfacet
  facet normal 0.242959 0.970037 0
    outer loop
      vertex 6.65977 3.0598 3
      vertex 6.90252 2.999 0
      vertex 6.65977 3.0598 0
    endloop
  endfacet
  facet normal 0.803211 0.595695 0
    outer loop
      vertex 5.42882 3.8823 3
      vertex 5.27975 4.0833 0
      vertex 5.27975 4.0833 3
    endloop
  endfacet
  facet normal 0.803211 0.595695 0
    outer loop
      vertex 5.27975 4.0833 0
      vertex 5.42882 3.8823 3
      vertex 5.42882 3.8823 0
    endloop
  endfacet
  facet normal -0.903996 0.427542 0
    outer loop
      vertex 9.6489 4.29794 0
      vertex 9.75589 4.52416 3
      vertex 9.75589 4.52416 0
    endloop
  endfacet
  facet normal -0.903996 0.427542 0
    outer loop
      vertex 9.75589 4.52416 3
      vertex 9.6489 4.29794 0
      vertex 9.6489 4.29794 3
    endloop
  endfacet
  facet normal -0.970037 0.242959 0
    outer loop
      vertex 9.8402 4.75977 0
      vertex 9.901 5.00252 3
      vertex 9.901 5.00252 0
    endloop
  endfacet
  facet normal -0.970037 0.242959 0
    outer loop
      vertex 9.901 5.00252 3
      vertex 9.8402 4.75977 0
      vertex 9.8402 4.75977 3
    endloop
  endfacet
  facet normal 0.998795 0.0490726 0
    outer loop
      vertex 4.86228 5.25006 3
      vertex 4.85 5.5 0
      vertex 4.85 5.5 3
    endloop
  endfacet
  facet normal 0.998795 0.0490726 0
    outer loop
      vertex 4.85 5.5 0
      vertex 4.86228 5.25006 3
      vertex 4.86228 5.25006 0
    endloop
  endfacet
  facet normal -0.595695 0.803211 0
    outer loop
      vertex 9.0177 3.52882 0
      vertex 8.8167 3.37975 3
      vertex 9.0177 3.52882 3
    endloop
  endfacet
  facet normal -0.595695 0.803211 0
    outer loop
      vertex 8.8167 3.37975 3
      vertex 9.0177 3.52882 0
      vertex 8.8167 3.37975 0
    endloop
  endfacet
  facet normal 0.941535 -0.336916 0
    outer loop
      vertex 4.9598 6.24023 3
      vertex 5.04411 6.47584 0
      vertex 5.04411 6.47584 3
    endloop
  endfacet
  facet normal 0.941535 -0.336916 0
    outer loop
      vertex 5.04411 6.47584 0
      vertex 4.9598 6.24023 3
      vertex 4.9598 6.24023 0
    endloop
  endfacet
  facet normal -0.427542 0.903996 0
    outer loop
      vertex 8.60206 3.2511 0
      vertex 8.37584 3.14411 3
      vertex 8.60206 3.2511 3
    endloop
  endfacet
  facet normal -0.427542 0.903996 0
    outer loop
      vertex 8.37584 3.14411 3
      vertex 8.60206 3.2511 0
      vertex 8.37584 3.14411 0
    endloop
  endfacet
  facet normal -0.970037 -0.242959 0
    outer loop
      vertex 9.901 5.99748 0
      vertex 9.8402 6.24023 3
      vertex 9.8402 6.24023 0
    endloop
  endfacet
  facet normal -0.970037 -0.242959 0
    outer loop
      vertex 9.8402 6.24023 3
      vertex 9.901 5.99748 0
      vertex 9.901 5.99748 3
    endloop
  endfacet
  facet normal -0.336916 0.941535 0
    outer loop
      vertex 8.37584 3.14411 0
      vertex 8.14023 3.0598 3
      vertex 8.37584 3.14411 3
    endloop
  endfacet
  facet normal -0.336916 0.941535 0
    outer loop
      vertex 8.14023 3.0598 3
      vertex 8.37584 3.14411 0
      vertex 8.14023 3.0598 0
    endloop
  endfacet
  facet normal -0.595695 -0.803211 0
    outer loop
      vertex 8.8167 7.62025 0
      vertex 9.0177 7.47118 3
      vertex 8.8167 7.62025 3
    endloop
  endfacet
  facet normal -0.595695 -0.803211 -0
    outer loop
      vertex 9.0177 7.47118 3
      vertex 8.8167 7.62025 0
      vertex 9.0177 7.47118 0
    endloop
  endfacet
  facet normal -0.67157 -0.740941 0
    outer loop
      vertex 9.0177 7.47118 0
      vertex 9.20312 7.30312 3
      vertex 9.0177 7.47118 3
    endloop
  endfacet
  facet normal -0.67157 -0.740941 -0
    outer loop
      vertex 9.20312 7.30312 3
      vertex 9.0177 7.47118 0
      vertex 9.20312 7.30312 0
    endloop
  endfacet
  facet normal 0.336916 -0.941535 0
    outer loop
      vertex 6.42416 7.85589 0
      vertex 6.65977 7.9402 3
      vertex 6.42416 7.85589 3
    endloop
  endfacet
  facet normal 0.336916 -0.941535 0
    outer loop
      vertex 6.65977 7.9402 3
      vertex 6.42416 7.85589 0
      vertex 6.65977 7.9402 0
    endloop
  endfacet
  facet normal -0.242959 -0.970037 0
    outer loop
      vertex 7.89748 8.001 0
      vertex 8.14023 7.9402 3
      vertex 7.89748 8.001 3
    endloop
  endfacet
  facet normal -0.242959 -0.970037 -0
    outer loop
      vertex 8.14023 7.9402 3
      vertex 7.89748 8.001 0
      vertex 8.14023 7.9402 0
    endloop
  endfacet
  facet normal -0.941535 0.336916 0
    outer loop
      vertex 9.75589 4.52416 0
      vertex 9.8402 4.75977 3
      vertex 9.8402 4.75977 0
    endloop
  endfacet
  facet normal -0.941535 0.336916 0
    outer loop
      vertex 9.8402 4.75977 3
      vertex 9.75589 4.52416 0
      vertex 9.75589 4.52416 3
    endloop
  endfacet
  facet normal -0.242959 0.970037 0
    outer loop
      vertex 8.14023 3.0598 0
      vertex 7.89748 2.999 3
      vertex 8.14023 3.0598 3
    endloop
  endfacet
  facet normal -0.242959 0.970037 0
    outer loop
      vertex 7.89748 2.999 3
      vertex 8.14023 3.0598 0
      vertex 7.89748 2.999 0
    endloop
  endfacet
  facet normal 0.336916 0.941535 -0
    outer loop
      vertex 6.65977 3.0598 0
      vertex 6.42416 3.14411 3
      vertex 6.65977 3.0598 3
    endloop
  endfacet
  facet normal 0.336916 0.941535 0
    outer loop
      vertex 6.42416 3.14411 3
      vertex 6.65977 3.0598 0
      vertex 6.42416 3.14411 0
    endloop
  endfacet
  facet normal 0.857729 -0.514102 0
    outer loop
      vertex 5.1511 6.70206 3
      vertex 5.27975 6.9167 0
      vertex 5.27975 6.9167 3
    endloop
  endfacet
  facet normal 0.857729 -0.514102 0
    outer loop
      vertex 5.27975 6.9167 0
      vertex 5.1511 6.70206 3
      vertex 5.1511 6.70206 0
    endloop
  endfacet
  facet normal 0.67157 0.740941 -0
    outer loop
      vertex 5.7823 3.52882 0
      vertex 5.59688 3.69688 3
      vertex 5.7823 3.52882 3
    endloop
  endfacet
  facet normal 0.67157 0.740941 0
    outer loop
      vertex 5.59688 3.69688 3
      vertex 5.7823 3.52882 0
      vertex 5.59688 3.69688 0
    endloop
  endfacet
  facet normal -0.998795 -0.0490726 0
    outer loop
      vertex 9.95 5.5 0
      vertex 9.93772 5.74994 3
      vertex 9.93772 5.74994 0
    endloop
  endfacet
  facet normal -0.998795 -0.0490726 0
    outer loop
      vertex 9.93772 5.74994 3
      vertex 9.95 5.5 0
      vertex 9.95 5.5 3
    endloop
  endfacet
  facet normal -0.989176 -0.146734 0
    outer loop
      vertex 9.93772 5.74994 0
      vertex 9.901 5.99748 3
      vertex 9.901 5.99748 0
    endloop
  endfacet
  facet normal -0.989176 -0.146734 0
    outer loop
      vertex 9.901 5.99748 3
      vertex 9.93772 5.74994 0
      vertex 9.93772 5.74994 3
    endloop
  endfacet
  facet normal -0.857729 -0.514102 0
    outer loop
      vertex 9.6489 6.70206 0
      vertex 9.52025 6.9167 3
      vertex 9.52025 6.9167 0
    endloop
  endfacet
  facet normal -0.857729 -0.514102 0
    outer loop
      vertex 9.52025 6.9167 3
      vertex 9.6489 6.70206 0
      vertex 9.6489 6.70206 3
    endloop
  endfacet
  facet normal -0.740941 0.67157 0
    outer loop
      vertex 9.20312 3.69688 0
      vertex 9.37118 3.8823 3
      vertex 9.37118 3.8823 0
    endloop
  endfacet
  facet normal -0.740941 0.67157 0
    outer loop
      vertex 9.37118 3.8823 3
      vertex 9.20312 3.69688 0
      vertex 9.20312 3.69688 3
    endloop
  endfacet
  facet normal -0.514102 -0.857729 0
    outer loop
      vertex 8.60206 7.7489 0
      vertex 8.8167 7.62025 3
      vertex 8.60206 7.7489 3
    endloop
  endfacet
  facet normal -0.514102 -0.857729 -0
    outer loop
      vertex 8.8167 7.62025 3
      vertex 8.60206 7.7489 0
      vertex 8.8167 7.62025 0
    endloop
  endfacet
  facet normal -0.803211 0.595695 0
    outer loop
      vertex 9.37118 3.8823 0
      vertex 9.52025 4.0833 3
      vertex 9.52025 4.0833 0
    endloop
  endfacet
  facet normal -0.803211 0.595695 0
    outer loop
      vertex 9.52025 4.0833 3
      vertex 9.37118 3.8823 0
      vertex 9.37118 3.8823 3
    endloop
  endfacet
  facet normal 0.970037 0.242959 0
    outer loop
      vertex 4.9598 4.75977 3
      vertex 4.899 5.00252 0
      vertex 4.899 5.00252 3
    endloop
  endfacet
  facet normal 0.970037 0.242959 0
    outer loop
      vertex 4.899 5.00252 0
      vertex 4.9598 4.75977 3
      vertex 4.9598 4.75977 0
    endloop
  endfacet
  facet normal 0.427542 0.903996 -0
    outer loop
      vertex 6.42416 3.14411 0
      vertex 6.19794 3.2511 3
      vertex 6.42416 3.14411 3
    endloop
  endfacet
  facet normal 0.427542 0.903996 0
    outer loop
      vertex 6.19794 3.2511 3
      vertex 6.42416 3.14411 0
      vertex 6.19794 3.2511 0
    endloop
  endfacet
  facet normal -0.803211 -0.595695 0
    outer loop
      vertex 9.52025 6.9167 0
      vertex 9.37118 7.1177 3
      vertex 9.37118 7.1177 0
    endloop
  endfacet
  facet normal -0.803211 -0.595695 0
    outer loop
      vertex 9.37118 7.1177 3
      vertex 9.52025 6.9167 0
      vertex 9.52025 6.9167 3
    endloop
  endfacet
  facet normal -0.146734 0.989176 0
    outer loop
      vertex 7.89748 2.999 0
      vertex 7.64994 2.96228 3
      vertex 7.89748 2.999 3
    endloop
  endfacet
  facet normal -0.146734 0.989176 0
    outer loop
      vertex 7.64994 2.96228 3
      vertex 7.89748 2.999 0
      vertex 7.64994 2.96228 0
    endloop
  endfacet
  facet normal -0.857729 0.514102 0
    outer loop
      vertex 9.52025 4.0833 0
      vertex 9.6489 4.29794 3
      vertex 9.6489 4.29794 0
    endloop
  endfacet
  facet normal -0.857729 0.514102 0
    outer loop
      vertex 9.6489 4.29794 3
      vertex 9.52025 4.0833 0
      vertex 9.52025 4.0833 3
    endloop
  endfacet
  facet normal 0.595695 0.803211 -0
    outer loop
      vertex 5.9833 3.37975 0
      vertex 5.7823 3.52882 3
      vertex 5.9833 3.37975 3
    endloop
  endfacet
  facet normal 0.595695 0.803211 0
    outer loop
      vertex 5.7823 3.52882 3
      vertex 5.9833 3.37975 0
      vertex 5.7823 3.52882 0
    endloop
  endfacet
  facet normal 0.0490726 -0.998795 0
    outer loop
      vertex 7.15006 8.03772 0
      vertex 7.4 8.05 3
      vertex 7.15006 8.03772 3
    endloop
  endfacet
  facet normal 0.0490726 -0.998795 0
    outer loop
      vertex 7.4 8.05 3
      vertex 7.15006 8.03772 0
      vertex 7.4 8.05 0
    endloop
  endfacet
  facet normal -0.740941 -0.67157 0
    outer loop
      vertex 9.37118 7.1177 0
      vertex 9.20312 7.30312 3
      vertex 9.20312 7.30312 0
    endloop
  endfacet
  facet normal -0.740941 -0.67157 0
    outer loop
      vertex 9.20312 7.30312 3
      vertex 9.37118 7.1177 0
      vertex 9.37118 7.1177 3
    endloop
  endfacet
  facet normal 0.0490726 0.998795 -0
    outer loop
      vertex 7.4 2.95 0
      vertex 7.15006 2.96228 3
      vertex 7.4 2.95 3
    endloop
  endfacet
  facet normal 0.0490726 0.998795 0
    outer loop
      vertex 7.15006 2.96228 3
      vertex 7.4 2.95 0
      vertex 7.15006 2.96228 0
    endloop
  endfacet
  facet normal 0.941535 0.336916 0
    outer loop
      vertex 5.04411 4.52416 3
      vertex 4.9598 4.75977 0
      vertex 4.9598 4.75977 3
    endloop
  endfacet
  facet normal 0.941535 0.336916 0
    outer loop
      vertex 4.9598 4.75977 0
      vertex 5.04411 4.52416 3
      vertex 5.04411 4.52416 0
    endloop
  endfacet
  facet normal -0.146734 -0.989176 0
    outer loop
      vertex 7.64994 8.03772 0
      vertex 7.89748 8.001 3
      vertex 7.64994 8.03772 3
    endloop
  endfacet
  facet normal -0.146734 -0.989176 -0
    outer loop
      vertex 7.89748 8.001 3
      vertex 7.64994 8.03772 0
      vertex 7.89748 8.001 0
    endloop
  endfacet
  facet normal 0.242959 -0.970037 0
    outer loop
      vertex 6.65977 7.9402 0
      vertex 6.90252 8.001 3
      vertex 6.65977 7.9402 3
    endloop
  endfacet
  facet normal 0.242959 -0.970037 0
    outer loop
      vertex 6.90252 8.001 3
      vertex 6.65977 7.9402 0
      vertex 6.90252 8.001 0
    endloop
  endfacet
  facet normal -0.67157 0.740941 0
    outer loop
      vertex 9.20312 3.69688 0
      vertex 9.0177 3.52882 3
      vertex 9.20312 3.69688 3
    endloop
  endfacet
  facet normal -0.67157 0.740941 0
    outer loop
      vertex 9.0177 3.52882 3
      vertex 9.20312 3.69688 0
      vertex 9.0177 3.52882 0
    endloop
  endfacet
  facet normal -0.0490726 0.998795 0
    outer loop
      vertex 7.64994 2.96228 0
      vertex 7.4 2.95 3
      vertex 7.64994 2.96228 3
    endloop
  endfacet
  facet normal -0.0490726 0.998795 0
    outer loop
      vertex 7.4 2.95 3
      vertex 7.64994 2.96228 0
      vertex 7.4 2.95 0
    endloop
  endfacet
  facet normal 0.903996 -0.427542 0
    outer loop
      vertex 5.04411 6.47584 3
      vertex 5.1511 6.70206 0
      vertex 5.1511 6.70206 3
    endloop
  endfacet
  facet normal 0.903996 -0.427542 0
    outer loop
      vertex 5.1511 6.70206 0
      vertex 5.04411 6.47584 3
      vertex 5.04411 6.47584 0
    endloop
  endfacet
  facet normal 0.740941 0.67157 0
    outer loop
      vertex 5.59688 3.69688 3
      vertex 5.42882 3.8823 0
      vertex 5.42882 3.8823 3
    endloop
  endfacet
  facet normal 0.740941 0.67157 0
    outer loop
      vertex 5.42882 3.8823 0
      vertex 5.59688 3.69688 3
      vertex 5.59688 3.69688 0
    endloop
  endfacet
  facet normal -0.0490726 -0.998795 0
    outer loop
      vertex 7.4 8.05 0
      vertex 7.64994 8.03772 3
      vertex 7.4 8.05 3
    endloop
  endfacet
  facet normal -0.0490726 -0.998795 -0
    outer loop
      vertex 7.64994 8.03772 3
      vertex 7.4 8.05 0
      vertex 7.64994 8.03772 0
    endloop
  endfacet
  facet normal 0.146734 -0.989176 0
    outer loop
      vertex 6.90252 8.001 0
      vertex 7.15006 8.03772 3
      vertex 6.90252 8.001 3
    endloop
  endfacet
  facet normal 0.146734 -0.989176 0
    outer loop
      vertex 7.15006 8.03772 3
      vertex 6.90252 8.001 0
      vertex 7.15006 8.03772 0
    endloop
  endfacet
  facet normal 0.146734 0.989176 -0
    outer loop
      vertex 7.15006 2.96228 0
      vertex 6.90252 2.999 3
      vertex 7.15006 2.96228 3
    endloop
  endfacet
  facet normal 0.146734 0.989176 0
    outer loop
      vertex 6.90252 2.999 3
      vertex 7.15006 2.96228 0
      vertex 6.90252 2.999 0
    endloop
  endfacet
  facet normal 0.998795 -0.0490726 0
    outer loop
      vertex 4.85 5.5 3
      vertex 4.86228 5.74994 0
      vertex 4.86228 5.74994 3
    endloop
  endfacet
  facet normal 0.998795 -0.0490726 0
    outer loop
      vertex 4.86228 5.74994 0
      vertex 4.85 5.5 3
      vertex 4.85 5.5 0
    endloop
  endfacet
  facet normal 0.740941 -0.67157 0
    outer loop
      vertex 5.42882 7.1177 3
      vertex 5.59688 7.30312 0
      vertex 5.59688 7.30312 3
    endloop
  endfacet
  facet normal 0.740941 -0.67157 0
    outer loop
      vertex 5.59688 7.30312 0
      vertex 5.42882 7.1177 3
      vertex 5.42882 7.1177 0
    endloop
  endfacet
  facet normal 0.67157 -0.740941 0
    outer loop
      vertex 5.59688 7.30312 0
      vertex 5.7823 7.47118 3
      vertex 5.59688 7.30312 3
    endloop
  endfacet
  facet normal 0.67157 -0.740941 0
    outer loop
      vertex 5.7823 7.47118 3
      vertex 5.59688 7.30312 0
      vertex 5.7823 7.47118 0
    endloop
  endfacet
  facet normal 0.427542 -0.903996 0
    outer loop
      vertex 6.19794 7.7489 0
      vertex 6.42416 7.85589 3
      vertex 6.19794 7.7489 3
    endloop
  endfacet
  facet normal 0.427542 -0.903996 0
    outer loop
      vertex 6.42416 7.85589 3
      vertex 6.19794 7.7489 0
      vertex 6.42416 7.85589 0
    endloop
  endfacet
  facet normal 0.989176 -0.146734 0
    outer loop
      vertex 4.86228 5.74994 3
      vertex 4.899 5.99748 0
      vertex 4.899 5.99748 3
    endloop
  endfacet
  facet normal 0.989176 -0.146734 0
    outer loop
      vertex 4.899 5.99748 0
      vertex 4.86228 5.74994 3
      vertex 4.86228 5.74994 0
    endloop
  endfacet
  facet normal -0.336916 -0.941535 0
    outer loop
      vertex 8.14023 7.9402 0
      vertex 8.37584 7.85589 3
      vertex 8.14023 7.9402 3
    endloop
  endfacet
  facet normal -0.336916 -0.941535 -0
    outer loop
      vertex 8.37584 7.85589 3
      vertex 8.14023 7.9402 0
      vertex 8.37584 7.85589 0
    endloop
  endfacet
  facet normal -0.903996 -0.427542 0
    outer loop
      vertex 9.75589 6.47584 0
      vertex 9.6489 6.70206 3
      vertex 9.6489 6.70206 0
    endloop
  endfacet
  facet normal -0.903996 -0.427542 0
    outer loop
      vertex 9.6489 6.70206 3
      vertex 9.75589 6.47584 0
      vertex 9.75589 6.47584 3
    endloop
  endfacet
  facet normal -0.941535 -0.336916 0
    outer loop
      vertex 9.8402 6.24023 0
      vertex 9.75589 6.47584 3
      vertex 9.75589 6.47584 0
    endloop
  endfacet
  facet normal -0.941535 -0.336916 0
    outer loop
      vertex 9.75589 6.47584 3
      vertex 9.8402 6.24023 0
      vertex 9.8402 6.24023 3
    endloop
  endfacet
  facet normal 0.514102 0.857729 -0
    outer loop
      vertex 6.19794 3.2511 0
      vertex 5.9833 3.37975 3
      vertex 6.19794 3.2511 3
    endloop
  endfacet
  facet normal 0.514102 0.857729 0
    outer loop
      vertex 5.9833 3.37975 3
      vertex 6.19794 3.2511 0
      vertex 5.9833 3.37975 0
    endloop
  endfacet
  facet normal 0.989176 0.146734 0
    outer loop
      vertex 4.899 5.00252 3
      vertex 4.86228 5.25006 0
      vertex 4.86228 5.25006 3
    endloop
  endfacet
  facet normal 0.989176 0.146734 0
    outer loop
      vertex 4.86228 5.25006 0
      vertex 4.899 5.00252 3
      vertex 4.899 5.00252 0
    endloop
  endfacet
  facet normal 0.903996 0.427542 0
    outer loop
      vertex 5.1511 4.29794 3
      vertex 5.04411 4.52416 0
      vertex 5.04411 4.52416 3
    endloop
  endfacet
  facet normal 0.903996 0.427542 0
    outer loop
      vertex 5.04411 4.52416 0
      vertex 5.1511 4.29794 3
      vertex 5.1511 4.29794 0
    endloop
  endfacet
  facet normal 0.857729 0.514102 0
    outer loop
      vertex 5.27975 4.0833 3
      vertex 5.1511 4.29794 0
      vertex 5.1511 4.29794 3
    endloop
  endfacet
  facet normal 0.857729 0.514102 0
    outer loop
      vertex 5.1511 4.29794 0
      vertex 5.27975 4.0833 3
      vertex 5.27975 4.0833 0
    endloop
  endfacet
  facet normal -0.989188 0.146656 0
    outer loop
      vertex 24.701 5.00252 0
      vertex 24.7377 5.25006 3
      vertex 24.7377 5.25006 0
    endloop
  endfacet
  facet normal -0.989188 0.146656 0
    outer loop
      vertex 24.7377 5.25006 3
      vertex 24.701 5.00252 0
      vertex 24.701 5.00252 3
    endloop
  endfacet
  facet normal 0.0490804 -0.998795 0
    outer loop
      vertex 21.9501 8.03772 0
      vertex 22.2 8.05 3
      vertex 21.9501 8.03772 3
    endloop
  endfacet
  facet normal 0.0490804 -0.998795 0
    outer loop
      vertex 22.2 8.05 3
      vertex 21.9501 8.03772 0
      vertex 22.2 8.05 0
    endloop
  endfacet
  facet normal -0.740861 0.671658 0
    outer loop
      vertex 24.0031 3.69688 0
      vertex 24.1712 3.8823 3
      vertex 24.1712 3.8823 0
    endloop
  endfacet
  facet normal -0.740861 0.671658 0
    outer loop
      vertex 24.1712 3.8823 3
      vertex 24.0031 3.69688 0
      vertex 24.0031 3.69688 3
    endloop
  endfacet
  facet normal -0.243006 0.970025 0
    outer loop
      vertex 22.9402 3.0598 0
      vertex 22.6975 2.999 3
      vertex 22.9402 3.0598 3
    endloop
  endfacet
  facet normal -0.243006 0.970025 0
    outer loop
      vertex 22.6975 2.999 3
      vertex 22.9402 3.0598 0
      vertex 22.6975 2.999 0
    endloop
  endfacet
  facet normal -0.243006 -0.970025 0
    outer loop
      vertex 22.6975 8.001 0
      vertex 22.9402 7.9402 3
      vertex 22.6975 8.001 3
    endloop
  endfacet
  facet normal -0.243006 -0.970025 -0
    outer loop
      vertex 22.9402 7.9402 3
      vertex 22.6975 8.001 0
      vertex 22.9402 7.9402 0
    endloop
  endfacet
  facet normal -0.803345 -0.595514 0
    outer loop
      vertex 24.3202 6.9167 0
      vertex 24.1712 7.1177 3
      vertex 24.1712 7.1177 0
    endloop
  endfacet
  facet normal -0.803345 -0.595514 0
    outer loop
      vertex 24.1712 7.1177 3
      vertex 24.3202 6.9167 0
      vertex 24.3202 6.9167 3
    endloop
  endfacet
  facet normal -0.595695 -0.803211 0
    outer loop
      vertex 23.6167 7.62025 0
      vertex 23.8177 7.47118 3
      vertex 23.6167 7.62025 3
    endloop
  endfacet
  facet normal -0.595695 -0.803211 -0
    outer loop
      vertex 23.8177 7.47118 3
      vertex 23.6167 7.62025 0
      vertex 23.8177 7.47118 0
    endloop
  endfacet
  facet normal 0.803345 0.595514 0
    outer loop
      vertex 20.2288 3.8823 3
      vertex 20.0798 4.0833 0
      vertex 20.0798 4.0833 3
    endloop
  endfacet
  facet normal 0.803345 0.595514 0
    outer loop
      vertex 20.0798 4.0833 0
      vertex 20.2288 3.8823 3
      vertex 20.2288 3.8823 0
    endloop
  endfacet
  facet normal -0.941547 0.336881 0
    outer loop
      vertex 24.5559 4.52416 0
      vertex 24.6402 4.75977 3
      vertex 24.6402 4.75977 0
    endloop
  endfacet
  facet normal -0.941547 0.336881 0
    outer loop
      vertex 24.6402 4.75977 3
      vertex 24.5559 4.52416 0
      vertex 24.5559 4.52416 3
    endloop
  endfacet
  facet normal 0.941547 -0.336881 0
    outer loop
      vertex 19.7598 6.24023 3
      vertex 19.8441 6.47584 0
      vertex 19.8441 6.47584 3
    endloop
  endfacet
  facet normal 0.941547 -0.336881 0
    outer loop
      vertex 19.8441 6.47584 0
      vertex 19.7598 6.24023 3
      vertex 19.7598 6.24023 0
    endloop
  endfacet
  facet normal -0.336929 0.94153 0
    outer loop
      vertex 23.1758 3.14411 0
      vertex 22.9402 3.0598 3
      vertex 23.1758 3.14411 3
    endloop
  endfacet
  facet normal -0.336929 0.94153 0
    outer loop
      vertex 22.9402 3.0598 3
      vertex 23.1758 3.14411 0
      vertex 22.9402 3.0598 0
    endloop
  endfacet
  facet normal -0.67161 -0.740905 0
    outer loop
      vertex 23.8177 7.47118 0
      vertex 24.0031 7.30312 3
      vertex 23.8177 7.47118 3
    endloop
  endfacet
  facet normal -0.67161 -0.740905 -0
    outer loop
      vertex 24.0031 7.30312 3
      vertex 23.8177 7.47118 0
      vertex 24.0031 7.30312 0
    endloop
  endfacet
  facet normal -0.989188 -0.146656 0
    outer loop
      vertex 24.7377 5.74994 0
      vertex 24.701 5.99748 3
      vertex 24.701 5.99748 0
    endloop
  endfacet
  facet normal -0.989188 -0.146656 0
    outer loop
      vertex 24.701 5.99748 3
      vertex 24.7377 5.74994 0
      vertex 24.7377 5.74994 3
    endloop
  endfacet
  facet normal 0.740861 -0.671658 0
    outer loop
      vertex 20.2288 7.1177 3
      vertex 20.3969 7.30312 0
      vertex 20.3969 7.30312 3
    endloop
  endfacet
  facet normal 0.740861 -0.671658 0
    outer loop
      vertex 20.3969 7.30312 0
      vertex 20.2288 7.1177 3
      vertex 20.2288 7.1177 0
    endloop
  endfacet
  facet normal -0.90398 -0.427574 0
    outer loop
      vertex 24.5559 6.47584 0
      vertex 24.4489 6.70206 3
      vertex 24.4489 6.70206 0
    endloop
  endfacet
  facet normal -0.90398 -0.427574 0
    outer loop
      vertex 24.4489 6.70206 3
      vertex 24.5559 6.47584 0
      vertex 24.5559 6.47584 3
    endloop
  endfacet
  facet normal 0.0490804 0.998795 -0
    outer loop
      vertex 22.2 2.95 0
      vertex 21.9501 2.96228 3
      vertex 22.2 2.95 3
    endloop
  endfacet
  facet normal 0.0490804 0.998795 0
    outer loop
      vertex 21.9501 2.96228 3
      vertex 22.2 2.95 0
      vertex 21.9501 2.96228 0
    endloop
  endfacet
  facet normal 0.857641 -0.514249 0
    outer loop
      vertex 19.9511 6.70206 3
      vertex 20.0798 6.9167 0
      vertex 20.0798 6.9167 3
    endloop
  endfacet
  facet normal 0.857641 -0.514249 0
    outer loop
      vertex 20.0798 6.9167 0
      vertex 19.9511 6.70206 3
      vertex 19.9511 6.70206 0
    endloop
  endfacet
  facet normal -0.998791 0.0491523 0
    outer loop
      vertex 24.7377 5.25006 0
      vertex 24.75 5.5 3
      vertex 24.75 5.5 0
    endloop
  endfacet
  facet normal -0.998791 0.0491523 0
    outer loop
      vertex 24.75 5.5 3
      vertex 24.7377 5.25006 0
      vertex 24.7377 5.25006 3
    endloop
  endfacet
  facet normal -0.970037 0.242959 0
    outer loop
      vertex 24.6402 4.75977 0
      vertex 24.701 5.00252 3
      vertex 24.701 5.00252 0
    endloop
  endfacet
  facet normal -0.970037 0.242959 0
    outer loop
      vertex 24.701 5.00252 3
      vertex 24.6402 4.75977 0
      vertex 24.6402 4.75977 3
    endloop
  endfacet
  facet normal 0.146699 0.989181 -0
    outer loop
      vertex 21.9501 2.96228 0
      vertex 21.7025 2.999 3
      vertex 21.9501 2.96228 3
    endloop
  endfacet
  facet normal 0.146699 0.989181 0
    outer loop
      vertex 21.7025 2.999 3
      vertex 21.9501 2.96228 0
      vertex 21.7025 2.999 0
    endloop
  endfacet
  facet normal 0.243006 0.970025 -0
    outer loop
      vertex 21.7025 2.999 0
      vertex 21.4598 3.0598 3
      vertex 21.7025 2.999 3
    endloop
  endfacet
  facet normal 0.243006 0.970025 0
    outer loop
      vertex 21.4598 3.0598 3
      vertex 21.7025 2.999 0
      vertex 21.4598 3.0598 0
    endloop
  endfacet
  facet normal -0.0490804 -0.998795 0
    outer loop
      vertex 22.2 8.05 0
      vertex 22.4499 8.03772 3
      vertex 22.2 8.05 3
    endloop
  endfacet
  facet normal -0.0490804 -0.998795 -0
    outer loop
      vertex 22.4499 8.03772 3
      vertex 22.2 8.05 0
      vertex 22.4499 8.03772 0
    endloop
  endfacet
  facet normal 0.336929 -0.94153 0
    outer loop
      vertex 21.2242 7.85589 0
      vertex 21.4598 7.9402 3
      vertex 21.2242 7.85589 3
    endloop
  endfacet
  facet normal 0.336929 -0.94153 0
    outer loop
      vertex 21.4598 7.9402 3
      vertex 21.2242 7.85589 0
      vertex 21.4598 7.9402 0
    endloop
  endfacet
  facet normal -0.67161 0.740905 0
    outer loop
      vertex 24.0031 3.69688 0
      vertex 23.8177 3.52882 3
      vertex 24.0031 3.69688 3
    endloop
  endfacet
  facet normal -0.67161 0.740905 0
    outer loop
      vertex 23.8177 3.52882 3
      vertex 24.0031 3.69688 0
      vertex 23.8177 3.52882 0
    endloop
  endfacet
  facet normal -0.514172 0.857687 0
    outer loop
      vertex 23.6167 3.37975 0
      vertex 23.4021 3.2511 3
      vertex 23.6167 3.37975 3
    endloop
  endfacet
  facet normal -0.514172 0.857687 0
    outer loop
      vertex 23.4021 3.2511 3
      vertex 23.6167 3.37975 0
      vertex 23.4021 3.2511 0
    endloop
  endfacet
  facet normal -0.90398 0.427574 0
    outer loop
      vertex 24.4489 4.29794 0
      vertex 24.5559 4.52416 3
      vertex 24.5559 4.52416 0
    endloop
  endfacet
  facet normal -0.90398 0.427574 0
    outer loop
      vertex 24.5559 4.52416 3
      vertex 24.4489 4.29794 0
      vertex 24.4489 4.29794 3
    endloop
  endfacet
  facet normal 0.336929 0.94153 -0
    outer loop
      vertex 21.4598 3.0598 0
      vertex 21.2242 3.14411 3
      vertex 21.4598 3.0598 3
    endloop
  endfacet
  facet normal 0.336929 0.94153 0
    outer loop
      vertex 21.2242 3.14411 3
      vertex 21.4598 3.0598 0
      vertex 21.2242 3.14411 0
    endloop
  endfacet
  facet normal 0.67161 -0.740905 0
    outer loop
      vertex 20.3969 7.30312 0
      vertex 20.5823 7.47118 3
      vertex 20.3969 7.30312 3
    endloop
  endfacet
  facet normal 0.67161 -0.740905 0
    outer loop
      vertex 20.5823 7.47118 3
      vertex 20.3969 7.30312 0
      vertex 20.5823 7.47118 0
    endloop
  endfacet
  facet normal 0.998791 0.0491523 0
    outer loop
      vertex 19.6623 5.25006 3
      vertex 19.65 5.5 0
      vertex 19.65 5.5 3
    endloop
  endfacet
  facet normal 0.998791 0.0491523 0
    outer loop
      vertex 19.65 5.5 0
      vertex 19.6623 5.25006 3
      vertex 19.6623 5.25006 0
    endloop
  endfacet
  facet normal 0.740861 0.671658 0
    outer loop
      vertex 20.3969 3.69688 3
      vertex 20.2288 3.8823 0
      vertex 20.2288 3.8823 3
    endloop
  endfacet
  facet normal 0.740861 0.671658 0
    outer loop
      vertex 20.2288 3.8823 0
      vertex 20.3969 3.69688 3
      vertex 20.3969 3.69688 0
    endloop
  endfacet
  facet normal -0.0490804 0.998795 0
    outer loop
      vertex 22.4499 2.96228 0
      vertex 22.2 2.95 3
      vertex 22.4499 2.96228 3
    endloop
  endfacet
  facet normal -0.0490804 0.998795 0
    outer loop
      vertex 22.2 2.95 3
      vertex 22.4499 2.96228 0
      vertex 22.2 2.95 0
    endloop
  endfacet
  facet normal -0.998791 -0.0491523 0
    outer loop
      vertex 24.75 5.5 0
      vertex 24.7377 5.74994 3
      vertex 24.7377 5.74994 0
    endloop
  endfacet
  facet normal -0.998791 -0.0491523 0
    outer loop
      vertex 24.7377 5.74994 3
      vertex 24.75 5.5 0
      vertex 24.75 5.5 3
    endloop
  endfacet
  facet normal -0.336929 -0.94153 0
    outer loop
      vertex 22.9402 7.9402 0
      vertex 23.1758 7.85589 3
      vertex 22.9402 7.9402 3
    endloop
  endfacet
  facet normal -0.336929 -0.94153 -0
    outer loop
      vertex 23.1758 7.85589 3
      vertex 22.9402 7.9402 0
      vertex 23.1758 7.85589 0
    endloop
  endfacet
  facet normal 0.803345 -0.595514 0
    outer loop
      vertex 20.0798 6.9167 3
      vertex 20.2288 7.1177 0
      vertex 20.2288 7.1177 3
    endloop
  endfacet
  facet normal 0.803345 -0.595514 0
    outer loop
      vertex 20.2288 7.1177 0
      vertex 20.0798 6.9167 3
      vertex 20.0798 6.9167 0
    endloop
  endfacet
  facet normal -0.427418 0.904054 0
    outer loop
      vertex 23.4021 3.2511 0
      vertex 23.1758 3.14411 3
      vertex 23.4021 3.2511 3
    endloop
  endfacet
  facet normal -0.427418 0.904054 0
    outer loop
      vertex 23.1758 3.14411 3
      vertex 23.4021 3.2511 0
      vertex 23.1758 3.14411 0
    endloop
  endfacet
  facet normal -0.595695 0.803211 0
    outer loop
      vertex 23.8177 3.52882 0
      vertex 23.6167 3.37975 3
      vertex 23.8177 3.52882 3
    endloop
  endfacet
  facet normal -0.595695 0.803211 0
    outer loop
      vertex 23.6167 3.37975 3
      vertex 23.8177 3.52882 0
      vertex 23.6167 3.37975 0
    endloop
  endfacet
  facet normal -0.857641 -0.514249 0
    outer loop
      vertex 24.4489 6.70206 0
      vertex 24.3202 6.9167 3
      vertex 24.3202 6.9167 0
    endloop
  endfacet
  facet normal -0.857641 -0.514249 0
    outer loop
      vertex 24.3202 6.9167 3
      vertex 24.4489 6.70206 0
      vertex 24.4489 6.70206 3
    endloop
  endfacet
  facet normal 0.595695 0.803211 -0
    outer loop
      vertex 20.7833 3.37975 0
      vertex 20.5823 3.52882 3
      vertex 20.7833 3.37975 3
    endloop
  endfacet
  facet normal 0.595695 0.803211 0
    outer loop
      vertex 20.5823 3.52882 3
      vertex 20.7833 3.37975 0
      vertex 20.5823 3.52882 0
    endloop
  endfacet
  facet normal 0.998791 -0.0491523 0
    outer loop
      vertex 19.65 5.5 3
      vertex 19.6623 5.74994 0
      vertex 19.6623 5.74994 3
    endloop
  endfacet
  facet normal 0.998791 -0.0491523 0
    outer loop
      vertex 19.6623 5.74994 0
      vertex 19.65 5.5 3
      vertex 19.65 5.5 0
    endloop
  endfacet
  facet normal 0.989188 -0.146656 0
    outer loop
      vertex 19.6623 5.74994 3
      vertex 19.699 5.99748 0
      vertex 19.699 5.99748 3
    endloop
  endfacet
  facet normal 0.989188 -0.146656 0
    outer loop
      vertex 19.699 5.99748 0
      vertex 19.6623 5.74994 3
      vertex 19.6623 5.74994 0
    endloop
  endfacet
  facet normal -0.146699 -0.989181 0
    outer loop
      vertex 22.4499 8.03772 0
      vertex 22.6975 8.001 3
      vertex 22.4499 8.03772 3
    endloop
  endfacet
  facet normal -0.146699 -0.989181 -0
    outer loop
      vertex 22.6975 8.001 3
      vertex 22.4499 8.03772 0
      vertex 22.6975 8.001 0
    endloop
  endfacet
  facet normal 0.427418 -0.904054 0
    outer loop
      vertex 20.9979 7.7489 0
      vertex 21.2242 7.85589 3
      vertex 20.9979 7.7489 3
    endloop
  endfacet
  facet normal 0.427418 -0.904054 0
    outer loop
      vertex 21.2242 7.85589 3
      vertex 20.9979 7.7489 0
      vertex 21.2242 7.85589 0
    endloop
  endfacet
  facet normal -0.803345 0.595514 0
    outer loop
      vertex 24.1712 3.8823 0
      vertex 24.3202 4.0833 3
      vertex 24.3202 4.0833 0
    endloop
  endfacet
  facet normal -0.803345 0.595514 0
    outer loop
      vertex 24.3202 4.0833 3
      vertex 24.1712 3.8823 0
      vertex 24.1712 3.8823 3
    endloop
  endfacet
  facet normal -0.970037 -0.242959 0
    outer loop
      vertex 24.701 5.99748 0
      vertex 24.6402 6.24023 3
      vertex 24.6402 6.24023 0
    endloop
  endfacet
  facet normal -0.970037 -0.242959 0
    outer loop
      vertex 24.6402 6.24023 3
      vertex 24.701 5.99748 0
      vertex 24.701 5.99748 3
    endloop
  endfacet
  facet normal -0.941547 -0.336881 0
    outer loop
      vertex 24.6402 6.24023 0
      vertex 24.5559 6.47584 3
      vertex 24.5559 6.47584 0
    endloop
  endfacet
  facet normal -0.941547 -0.336881 0
    outer loop
      vertex 24.5559 6.47584 3
      vertex 24.6402 6.24023 0
      vertex 24.6402 6.24023 3
    endloop
  endfacet
  facet normal 0.595695 -0.803211 0
    outer loop
      vertex 20.5823 7.47118 0
      vertex 20.7833 7.62025 3
      vertex 20.5823 7.47118 3
    endloop
  endfacet
  facet normal 0.595695 -0.803211 0
    outer loop
      vertex 20.7833 7.62025 3
      vertex 20.5823 7.47118 0
      vertex 20.7833 7.62025 0
    endloop
  endfacet
  facet normal -0.857641 0.514249 0
    outer loop
      vertex 24.3202 4.0833 0
      vertex 24.4489 4.29794 3
      vertex 24.4489 4.29794 0
    endloop
  endfacet
  facet normal -0.857641 0.514249 0
    outer loop
      vertex 24.4489 4.29794 3
      vertex 24.3202 4.0833 0
      vertex 24.3202 4.0833 3
    endloop
  endfacet
  facet normal 0.243006 -0.970025 0
    outer loop
      vertex 21.4598 7.9402 0
      vertex 21.7025 8.001 3
      vertex 21.4598 7.9402 3
    endloop
  endfacet
  facet normal 0.243006 -0.970025 0
    outer loop
      vertex 21.7025 8.001 3
      vertex 21.4598 7.9402 0
      vertex 21.7025 8.001 0
    endloop
  endfacet
  facet normal 0.67161 0.740905 -0
    outer loop
      vertex 20.5823 3.52882 0
      vertex 20.3969 3.69688 3
      vertex 20.5823 3.52882 3
    endloop
  endfacet
  facet normal 0.67161 0.740905 0
    outer loop
      vertex 20.3969 3.69688 3
      vertex 20.5823 3.52882 0
      vertex 20.3969 3.69688 0
    endloop
  endfacet
  facet normal 0.90398 -0.427574 0
    outer loop
      vertex 19.8441 6.47584 3
      vertex 19.9511 6.70206 0
      vertex 19.9511 6.70206 3
    endloop
  endfacet
  facet normal 0.90398 -0.427574 0
    outer loop
      vertex 19.9511 6.70206 0
      vertex 19.8441 6.47584 3
      vertex 19.8441 6.47584 0
    endloop
  endfacet
  facet normal -0.146699 0.989181 0
    outer loop
      vertex 22.6975 2.999 0
      vertex 22.4499 2.96228 3
      vertex 22.6975 2.999 3
    endloop
  endfacet
  facet normal -0.146699 0.989181 0
    outer loop
      vertex 22.4499 2.96228 3
      vertex 22.6975 2.999 0
      vertex 22.4499 2.96228 0
    endloop
  endfacet
  facet normal 0.857641 0.514249 0
    outer loop
      vertex 20.0798 4.0833 3
      vertex 19.9511 4.29794 0
      vertex 19.9511 4.29794 3
    endloop
  endfacet
  facet normal 0.857641 0.514249 0
    outer loop
      vertex 19.9511 4.29794 0
      vertex 20.0798 4.0833 3
      vertex 20.0798 4.0833 0
    endloop
  endfacet
  facet normal 0.989188 0.146656 0
    outer loop
      vertex 19.699 5.00252 3
      vertex 19.6623 5.25006 0
      vertex 19.6623 5.25006 3
    endloop
  endfacet
  facet normal 0.989188 0.146656 0
    outer loop
      vertex 19.6623 5.25006 0
      vertex 19.699 5.00252 3
      vertex 19.699 5.00252 0
    endloop
  endfacet
  facet normal 0.970037 0.242959 0
    outer loop
      vertex 19.7598 4.75977 3
      vertex 19.699 5.00252 0
      vertex 19.699 5.00252 3
    endloop
  endfacet
  facet normal 0.970037 0.242959 0
    outer loop
      vertex 19.699 5.00252 0
      vertex 19.7598 4.75977 3
      vertex 19.7598 4.75977 0
    endloop
  endfacet
  facet normal 0.146699 -0.989181 0
    outer loop
      vertex 21.7025 8.001 0
      vertex 21.9501 8.03772 3
      vertex 21.7025 8.001 3
    endloop
  endfacet
  facet normal 0.146699 -0.989181 0
    outer loop
      vertex 21.9501 8.03772 3
      vertex 21.7025 8.001 0
      vertex 21.9501 8.03772 0
    endloop
  endfacet
  facet normal 0.427418 0.904054 -0
    outer loop
      vertex 21.2242 3.14411 0
      vertex 20.9979 3.2511 3
      vertex 21.2242 3.14411 3
    endloop
  endfacet
  facet normal 0.427418 0.904054 0
    outer loop
      vertex 20.9979 3.2511 3
      vertex 21.2242 3.14411 0
      vertex 20.9979 3.2511 0
    endloop
  endfacet
  facet normal -0.740861 -0.671658 0
    outer loop
      vertex 24.1712 7.1177 0
      vertex 24.0031 7.30312 3
      vertex 24.0031 7.30312 0
    endloop
  endfacet
  facet normal -0.740861 -0.671658 0
    outer loop
      vertex 24.0031 7.30312 3
      vertex 24.1712 7.1177 0
      vertex 24.1712 7.1177 3
    endloop
  endfacet
  facet normal 0.941547 0.336881 0
    outer loop
      vertex 19.8441 4.52416 3
      vertex 19.7598 4.75977 0
      vertex 19.7598 4.75977 3
    endloop
  endfacet
  facet normal 0.941547 0.336881 0
    outer loop
      vertex 19.7598 4.75977 0
      vertex 19.8441 4.52416 3
      vertex 19.8441 4.52416 0
    endloop
  endfacet
  facet normal 0.970037 -0.242959 0
    outer loop
      vertex 19.699 5.99748 3
      vertex 19.7598 6.24023 0
      vertex 19.7598 6.24023 3
    endloop
  endfacet
  facet normal 0.970037 -0.242959 0
    outer loop
      vertex 19.7598 6.24023 0
      vertex 19.699 5.99748 3
      vertex 19.699 5.99748 0
    endloop
  endfacet
  facet normal -0.427418 -0.904054 0
    outer loop
      vertex 23.1758 7.85589 0
      vertex 23.4021 7.7489 3
      vertex 23.1758 7.85589 3
    endloop
  endfacet
  facet normal -0.427418 -0.904054 -0
    outer loop
      vertex 23.4021 7.7489 3
      vertex 23.1758 7.85589 0
      vertex 23.4021 7.7489 0
    endloop
  endfacet
  facet normal -0.514172 -0.857687 0
    outer loop
      vertex 23.4021 7.7489 0
      vertex 23.6167 7.62025 3
      vertex 23.4021 7.7489 3
    endloop
  endfacet
  facet normal -0.514172 -0.857687 -0
    outer loop
      vertex 23.6167 7.62025 3
      vertex 23.4021 7.7489 0
      vertex 23.6167 7.62025 0
    endloop
  endfacet
  facet normal 0.514172 0.857687 -0
    outer loop
      vertex 20.9979 3.2511 0
      vertex 20.7833 3.37975 3
      vertex 20.9979 3.2511 3
    endloop
  endfacet
  facet normal 0.514172 0.857687 0
    outer loop
      vertex 20.7833 3.37975 3
      vertex 20.9979 3.2511 0
      vertex 20.7833 3.37975 0
    endloop
  endfacet
  facet normal 0.90398 0.427574 0
    outer loop
      vertex 19.9511 4.29794 3
      vertex 19.8441 4.52416 0
      vertex 19.8441 4.52416 3
    endloop
  endfacet
  facet normal 0.90398 0.427574 0
    outer loop
      vertex 19.8441 4.52416 0
      vertex 19.9511 4.29794 3
      vertex 19.9511 4.29794 0
    endloop
  endfacet
  facet normal 0.514172 -0.857687 0
    outer loop
      vertex 20.7833 7.62025 0
      vertex 20.9979 7.7489 3
      vertex 20.7833 7.62025 3
    endloop
  endfacet
  facet normal 0.514172 -0.857687 0
    outer loop
      vertex 20.9979 7.7489 3
      vertex 20.7833 7.62025 0
      vertex 20.9979 7.7489 0
    endloop
  endfacet
  facet normal -0.989188 0.146656 0
    outer loop
      vertex 39.501 5.00252 0
      vertex 39.5377 5.25006 3
      vertex 39.5377 5.25006 0
    endloop
  endfacet
  facet normal -0.989188 0.146656 0
    outer loop
      vertex 39.5377 5.25006 3
      vertex 39.501 5.00252 0
      vertex 39.501 5.00252 3
    endloop
  endfacet
  facet normal -0.998791 0.0491523 0
    outer loop
      vertex 39.5377 5.25006 0
      vertex 39.55 5.5 3
      vertex 39.55 5.5 0
    endloop
  endfacet
  facet normal -0.998791 0.0491523 0
    outer loop
      vertex 39.55 5.5 3
      vertex 39.5377 5.25006 0
      vertex 39.5377 5.25006 3
    endloop
  endfacet
  facet normal -0.970037 0.242959 0
    outer loop
      vertex 39.4402 4.75977 0
      vertex 39.501 5.00252 3
      vertex 39.501 5.00252 0
    endloop
  endfacet
  facet normal -0.970037 0.242959 0
    outer loop
      vertex 39.501 5.00252 3
      vertex 39.4402 4.75977 0
      vertex 39.4402 4.75977 3
    endloop
  endfacet
  facet normal 0.243006 0.970025 -0
    outer loop
      vertex 36.5025 2.999 0
      vertex 36.2598 3.0598 3
      vertex 36.5025 2.999 3
    endloop
  endfacet
  facet normal 0.243006 0.970025 0
    outer loop
      vertex 36.2598 3.0598 3
      vertex 36.5025 2.999 0
      vertex 36.2598 3.0598 0
    endloop
  endfacet
  facet normal 0.90398 -0.427574 0
    outer loop
      vertex 34.6441 6.47584 3
      vertex 34.7511 6.70206 0
      vertex 34.7511 6.70206 3
    endloop
  endfacet
  facet normal 0.90398 -0.427574 0
    outer loop
      vertex 34.7511 6.70206 0
      vertex 34.6441 6.47584 3
      vertex 34.6441 6.47584 0
    endloop
  endfacet
  facet normal -0.427418 -0.904054 0
    outer loop
      vertex 37.9758 7.85589 0
      vertex 38.2021 7.7489 3
      vertex 37.9758 7.85589 3
    endloop
  endfacet
  facet normal -0.427418 -0.904054 -0
    outer loop
      vertex 38.2021 7.7489 3
      vertex 37.9758 7.85589 0
      vertex 38.2021 7.7489 0
    endloop
  endfacet
  facet normal -0.514172 0.857687 0
    outer loop
      vertex 38.4167 3.37975 0
      vertex 38.2021 3.2511 3
      vertex 38.4167 3.37975 3
    endloop
  endfacet
  facet normal -0.514172 0.857687 0
    outer loop
      vertex 38.2021 3.2511 3
      vertex 38.4167 3.37975 0
      vertex 38.2021 3.2511 0
    endloop
  endfacet
  facet normal -0.514172 -0.857687 0
    outer loop
      vertex 38.2021 7.7489 0
      vertex 38.4167 7.62025 3
      vertex 38.2021 7.7489 3
    endloop
  endfacet
  facet normal -0.514172 -0.857687 -0
    outer loop
      vertex 38.4167 7.62025 3
      vertex 38.2021 7.7489 0
      vertex 38.4167 7.62025 0
    endloop
  endfacet
  facet normal -0.336929 -0.94153 0
    outer loop
      vertex 37.7402 7.9402 0
      vertex 37.9758 7.85589 3
      vertex 37.7402 7.9402 3
    endloop
  endfacet
  facet normal -0.336929 -0.94153 -0
    outer loop
      vertex 37.9758 7.85589 3
      vertex 37.7402 7.9402 0
      vertex 37.9758 7.85589 0
    endloop
  endfacet
  facet normal 0.970037 0.242959 0
    outer loop
      vertex 34.5598 4.75977 3
      vertex 34.499 5.00252 0
      vertex 34.499 5.00252 3
    endloop
  endfacet
  facet normal 0.970037 0.242959 0
    outer loop
      vertex 34.499 5.00252 0
      vertex 34.5598 4.75977 3
      vertex 34.5598 4.75977 0
    endloop
  endfacet
  facet normal 0.67161 0.740905 -0
    outer loop
      vertex 35.3823 3.52882 0
      vertex 35.1969 3.69688 3
      vertex 35.3823 3.52882 3
    endloop
  endfacet
  facet normal 0.67161 0.740905 0
    outer loop
      vertex 35.1969 3.69688 3
      vertex 35.3823 3.52882 0
      vertex 35.1969 3.69688 0
    endloop
  endfacet
  facet normal 0.514172 0.857687 -0
    outer loop
      vertex 35.7979 3.2511 0
      vertex 35.5833 3.37975 3
      vertex 35.7979 3.2511 3
    endloop
  endfacet
  facet normal 0.514172 0.857687 0
    outer loop
      vertex 35.5833 3.37975 3
      vertex 35.7979 3.2511 0
      vertex 35.5833 3.37975 0
    endloop
  endfacet
  facet normal -0.146699 -0.989181 0
    outer loop
      vertex 37.2499 8.03772 0
      vertex 37.4975 8.001 3
      vertex 37.2499 8.03772 3
    endloop
  endfacet
  facet normal -0.146699 -0.989181 -0
    outer loop
      vertex 37.4975 8.001 3
      vertex 37.2499 8.03772 0
      vertex 37.4975 8.001 0
    endloop
  endfacet
  facet normal 0.803345 0.595514 0
    outer loop
      vertex 35.0288 3.8823 3
      vertex 34.8798 4.0833 0
      vertex 34.8798 4.0833 3
    endloop
  endfacet
  facet normal 0.803345 0.595514 0
    outer loop
      vertex 34.8798 4.0833 0
      vertex 35.0288 3.8823 3
      vertex 35.0288 3.8823 0
    endloop
  endfacet
  facet normal -0.90398 0.427574 0
    outer loop
      vertex 39.2489 4.29794 0
      vertex 39.3559 4.52416 3
      vertex 39.3559 4.52416 0
    endloop
  endfacet
  facet normal -0.90398 0.427574 0
    outer loop
      vertex 39.3559 4.52416 3
      vertex 39.2489 4.29794 0
      vertex 39.2489 4.29794 3
    endloop
  endfacet
  facet normal 0.941547 0.336881 0
    outer loop
      vertex 34.6441 4.52416 3
      vertex 34.5598 4.75977 0
      vertex 34.5598 4.75977 3
    endloop
  endfacet
  facet normal 0.941547 0.336881 0
    outer loop
      vertex 34.5598 4.75977 0
      vertex 34.6441 4.52416 3
      vertex 34.6441 4.52416 0
    endloop
  endfacet
  facet normal 0.336929 -0.94153 0
    outer loop
      vertex 36.0242 7.85589 0
      vertex 36.2598 7.9402 3
      vertex 36.0242 7.85589 3
    endloop
  endfacet
  facet normal 0.336929 -0.94153 0
    outer loop
      vertex 36.2598 7.9402 3
      vertex 36.0242 7.85589 0
      vertex 36.2598 7.9402 0
    endloop
  endfacet
  facet normal -0.595695 0.803211 0
    outer loop
      vertex 38.6177 3.52882 0
      vertex 38.4167 3.37975 3
      vertex 38.6177 3.52882 3
    endloop
  endfacet
  facet normal -0.595695 0.803211 0
    outer loop
      vertex 38.4167 3.37975 3
      vertex 38.6177 3.52882 0
      vertex 38.4167 3.37975 0
    endloop
  endfacet
  facet normal 0.90398 0.427574 0
    outer loop
      vertex 34.7511 4.29794 3
      vertex 34.6441 4.52416 0
      vertex 34.6441 4.52416 3
    endloop
  endfacet
  facet normal 0.90398 0.427574 0
    outer loop
      vertex 34.6441 4.52416 0
      vertex 34.7511 4.29794 3
      vertex 34.7511 4.29794 0
    endloop
  endfacet
  facet normal -0.803345 -0.595514 0
    outer loop
      vertex 39.1202 6.9167 0
      vertex 38.9712 7.1177 3
      vertex 38.9712 7.1177 0
    endloop
  endfacet
  facet normal -0.803345 -0.595514 0
    outer loop
      vertex 38.9712 7.1177 3
      vertex 39.1202 6.9167 0
      vertex 39.1202 6.9167 3
    endloop
  endfacet
  facet normal -0.146699 0.989181 0
    outer loop
      vertex 37.4975 2.999 0
      vertex 37.2499 2.96228 3
      vertex 37.4975 2.999 3
    endloop
  endfacet
  facet normal -0.146699 0.989181 0
    outer loop
      vertex 37.2499 2.96228 3
      vertex 37.4975 2.999 0
      vertex 37.2499 2.96228 0
    endloop
  endfacet
  facet normal 0.989188 0.146656 0
    outer loop
      vertex 34.499 5.00252 3
      vertex 34.4623 5.25006 0
      vertex 34.4623 5.25006 3
    endloop
  endfacet
  facet normal 0.989188 0.146656 0
    outer loop
      vertex 34.4623 5.25006 0
      vertex 34.499 5.00252 3
      vertex 34.499 5.00252 0
    endloop
  endfacet
  facet normal -0.803345 0.595514 0
    outer loop
      vertex 38.9712 3.8823 0
      vertex 39.1202 4.0833 3
      vertex 39.1202 4.0833 0
    endloop
  endfacet
  facet normal -0.803345 0.595514 0
    outer loop
      vertex 39.1202 4.0833 3
      vertex 38.9712 3.8823 0
      vertex 38.9712 3.8823 3
    endloop
  endfacet
  facet normal -0.0490804 0.998795 0
    outer loop
      vertex 37.2499 2.96228 0
      vertex 37 2.95 3
      vertex 37.2499 2.96228 3
    endloop
  endfacet
  facet normal -0.0490804 0.998795 0
    outer loop
      vertex 37 2.95 3
      vertex 37.2499 2.96228 0
      vertex 37 2.95 0
    endloop
  endfacet
  facet normal 0.857641 -0.514249 0
    outer loop
      vertex 34.7511 6.70206 3
      vertex 34.8798 6.9167 0
      vertex 34.8798 6.9167 3
    endloop
  endfacet
  facet normal 0.857641 -0.514249 0
    outer loop
      vertex 34.8798 6.9167 0
      vertex 34.7511 6.70206 3
      vertex 34.7511 6.70206 0
    endloop
  endfacet
  facet normal 0.941547 -0.336881 0
    outer loop
      vertex 34.5598 6.24023 3
      vertex 34.6441 6.47584 0
      vertex 34.6441 6.47584 3
    endloop
  endfacet
  facet normal 0.941547 -0.336881 0
    outer loop
      vertex 34.6441 6.47584 0
      vertex 34.5598 6.24023 3
      vertex 34.5598 6.24023 0
    endloop
  endfacet
  facet normal 0.427418 0.904054 -0
    outer loop
      vertex 36.0242 3.14411 0
      vertex 35.7979 3.2511 3
      vertex 36.0242 3.14411 3
    endloop
  endfacet
  facet normal 0.427418 0.904054 0
    outer loop
      vertex 35.7979 3.2511 3
      vertex 36.0242 3.14411 0
      vertex 35.7979 3.2511 0
    endloop
  endfacet
  facet normal -0.90398 -0.427574 0
    outer loop
      vertex 39.3559 6.47584 0
      vertex 39.2489 6.70206 3
      vertex 39.2489 6.70206 0
    endloop
  endfacet
  facet normal -0.90398 -0.427574 0
    outer loop
      vertex 39.2489 6.70206 3
      vertex 39.3559 6.47584 0
      vertex 39.3559 6.47584 3
    endloop
  endfacet
  facet normal 0.595695 -0.803211 0
    outer loop
      vertex 35.3823 7.47118 0
      vertex 35.5833 7.62025 3
      vertex 35.3823 7.47118 3
    endloop
  endfacet
  facet normal 0.595695 -0.803211 0
    outer loop
      vertex 35.5833 7.62025 3
      vertex 35.3823 7.47118 0
      vertex 35.5833 7.62025 0
    endloop
  endfacet
  facet normal 0.857641 0.514249 0
    outer loop
      vertex 34.8798 4.0833 3
      vertex 34.7511 4.29794 0
      vertex 34.7511 4.29794 3
    endloop
  endfacet
  facet normal 0.857641 0.514249 0
    outer loop
      vertex 34.7511 4.29794 0
      vertex 34.8798 4.0833 3
      vertex 34.8798 4.0833 0
    endloop
  endfacet
  facet normal -0.998791 -0.0491523 0
    outer loop
      vertex 39.55 5.5 0
      vertex 39.5377 5.74994 3
      vertex 39.5377 5.74994 0
    endloop
  endfacet
  facet normal -0.998791 -0.0491523 0
    outer loop
      vertex 39.5377 5.74994 3
      vertex 39.55 5.5 0
      vertex 39.55 5.5 3
    endloop
  endfacet
  facet normal -0.941547 -0.336881 0
    outer loop
      vertex 39.4402 6.24023 0
      vertex 39.3559 6.47584 3
      vertex 39.3559 6.47584 0
    endloop
  endfacet
  facet normal -0.941547 -0.336881 0
    outer loop
      vertex 39.3559 6.47584 3
      vertex 39.4402 6.24023 0
      vertex 39.4402 6.24023 3
    endloop
  endfacet
  facet normal -0.243006 -0.970025 0
    outer loop
      vertex 37.4975 8.001 0
      vertex 37.7402 7.9402 3
      vertex 37.4975 8.001 3
    endloop
  endfacet
  facet normal -0.243006 -0.970025 -0
    outer loop
      vertex 37.7402 7.9402 3
      vertex 37.4975 8.001 0
      vertex 37.7402 7.9402 0
    endloop
  endfacet
  facet normal -0.857641 0.514249 0
    outer loop
      vertex 39.1202 4.0833 0
      vertex 39.2489 4.29794 3
      vertex 39.2489 4.29794 0
    endloop
  endfacet
  facet normal -0.857641 0.514249 0
    outer loop
      vertex 39.2489 4.29794 3
      vertex 39.1202 4.0833 0
      vertex 39.1202 4.0833 3
    endloop
  endfacet
  facet normal -0.941547 0.336881 0
    outer loop
      vertex 39.3559 4.52416 0
      vertex 39.4402 4.75977 3
      vertex 39.4402 4.75977 0
    endloop
  endfacet
  facet normal -0.941547 0.336881 0
    outer loop
      vertex 39.4402 4.75977 3
      vertex 39.3559 4.52416 0
      vertex 39.3559 4.52416 3
    endloop
  endfacet
  facet normal 0.998791 -0.0491523 0
    outer loop
      vertex 34.45 5.5 3
      vertex 34.4623 5.74994 0
      vertex 34.4623 5.74994 3
    endloop
  endfacet
  facet normal 0.998791 -0.0491523 0
    outer loop
      vertex 34.4623 5.74994 0
      vertex 34.45 5.5 3
      vertex 34.45 5.5 0
    endloop
  endfacet
  facet normal -0.989188 -0.146656 0
    outer loop
      vertex 39.5377 5.74994 0
      vertex 39.501 5.99748 3
      vertex 39.501 5.99748 0
    endloop
  endfacet
  facet normal -0.989188 -0.146656 0
    outer loop
      vertex 39.501 5.99748 3
      vertex 39.5377 5.74994 0
      vertex 39.5377 5.74994 3
    endloop
  endfacet
  facet normal 0.67161 -0.740905 0
    outer loop
      vertex 35.1969 7.30312 0
      vertex 35.3823 7.47118 3
      vertex 35.1969 7.30312 3
    endloop
  endfacet
  facet normal 0.67161 -0.740905 0
    outer loop
      vertex 35.3823 7.47118 3
      vertex 35.1969 7.30312 0
      vertex 35.3823 7.47118 0
    endloop
  endfacet
  facet normal -0.970037 -0.242959 0
    outer loop
      vertex 39.501 5.99748 0
      vertex 39.4402 6.24023 3
      vertex 39.4402 6.24023 0
    endloop
  endfacet
  facet normal -0.970037 -0.242959 0
    outer loop
      vertex 39.4402 6.24023 3
      vertex 39.501 5.99748 0
      vertex 39.501 5.99748 3
    endloop
  endfacet
  facet normal -0.67161 0.740905 0
    outer loop
      vertex 38.8031 3.69688 0
      vertex 38.6177 3.52882 3
      vertex 38.8031 3.69688 3
    endloop
  endfacet
  facet normal -0.67161 0.740905 0
    outer loop
      vertex 38.6177 3.52882 3
      vertex 38.8031 3.69688 0
      vertex 38.6177 3.52882 0
    endloop
  endfacet
  facet normal -0.336929 0.94153 0
    outer loop
      vertex 37.9758 3.14411 0
      vertex 37.7402 3.0598 3
      vertex 37.9758 3.14411 3
    endloop
  endfacet
  facet normal -0.336929 0.94153 0
    outer loop
      vertex 37.7402 3.0598 3
      vertex 37.9758 3.14411 0
      vertex 37.7402 3.0598 0
    endloop
  endfacet
  facet normal 0.336929 0.94153 -0
    outer loop
      vertex 36.2598 3.0598 0
      vertex 36.0242 3.14411 3
      vertex 36.2598 3.0598 3
    endloop
  endfacet
  facet normal 0.336929 0.94153 0
    outer loop
      vertex 36.0242 3.14411 3
      vertex 36.2598 3.0598 0
      vertex 36.0242 3.14411 0
    endloop
  endfacet
  facet normal 0.514172 -0.857687 0
    outer loop
      vertex 35.5833 7.62025 0
      vertex 35.7979 7.7489 3
      vertex 35.5833 7.62025 3
    endloop
  endfacet
  facet normal 0.514172 -0.857687 0
    outer loop
      vertex 35.7979 7.7489 3
      vertex 35.5833 7.62025 0
      vertex 35.7979 7.7489 0
    endloop
  endfacet
  facet normal -0.857641 -0.514249 0
    outer loop
      vertex 39.2489 6.70206 0
      vertex 39.1202 6.9167 3
      vertex 39.1202 6.9167 0
    endloop
  endfacet
  facet normal -0.857641 -0.514249 0
    outer loop
      vertex 39.1202 6.9167 3
      vertex 39.2489 6.70206 0
      vertex 39.2489 6.70206 3
    endloop
  endfacet
  facet normal -0.427418 0.904054 0
    outer loop
      vertex 38.2021 3.2511 0
      vertex 37.9758 3.14411 3
      vertex 38.2021 3.2511 3
    endloop
  endfacet
  facet normal -0.427418 0.904054 0
    outer loop
      vertex 37.9758 3.14411 3
      vertex 38.2021 3.2511 0
      vertex 37.9758 3.14411 0
    endloop
  endfacet
  facet normal 0.146699 -0.989181 0
    outer loop
      vertex 36.5025 8.001 0
      vertex 36.7501 8.03772 3
      vertex 36.5025 8.001 3
    endloop
  endfacet
  facet normal 0.146699 -0.989181 0
    outer loop
      vertex 36.7501 8.03772 3
      vertex 36.5025 8.001 0
      vertex 36.7501 8.03772 0
    endloop
  endfacet
  facet normal 0.595695 0.803211 -0
    outer loop
      vertex 35.5833 3.37975 0
      vertex 35.3823 3.52882 3
      vertex 35.5833 3.37975 3
    endloop
  endfacet
  facet normal 0.595695 0.803211 0
    outer loop
      vertex 35.3823 3.52882 3
      vertex 35.5833 3.37975 0
      vertex 35.3823 3.52882 0
    endloop
  endfacet
  facet normal 0.0490804 -0.998795 0
    outer loop
      vertex 36.7501 8.03772 0
      vertex 37 8.05 3
      vertex 36.7501 8.03772 3
    endloop
  endfacet
  facet normal 0.0490804 -0.998795 0
    outer loop
      vertex 37 8.05 3
      vertex 36.7501 8.03772 0
      vertex 37 8.05 0
    endloop
  endfacet
  facet normal 0.740861 0.671658 0
    outer loop
      vertex 35.1969 3.69688 3
      vertex 35.0288 3.8823 0
      vertex 35.0288 3.8823 3
    endloop
  endfacet
  facet normal 0.740861 0.671658 0
    outer loop
      vertex 35.0288 3.8823 0
      vertex 35.1969 3.69688 3
      vertex 35.1969 3.69688 0
    endloop
  endfacet
  facet normal -0.0490804 -0.998795 0
    outer loop
      vertex 37 8.05 0
      vertex 37.2499 8.03772 3
      vertex 37 8.05 3
    endloop
  endfacet
  facet normal -0.0490804 -0.998795 -0
    outer loop
      vertex 37.2499 8.03772 3
      vertex 37 8.05 0
      vertex 37.2499 8.03772 0
    endloop
  endfacet
  facet normal 0.146699 0.989181 -0
    outer loop
      vertex 36.7501 2.96228 0
      vertex 36.5025 2.999 3
      vertex 36.7501 2.96228 3
    endloop
  endfacet
  facet normal 0.146699 0.989181 0
    outer loop
      vertex 36.5025 2.999 3
      vertex 36.7501 2.96228 0
      vertex 36.5025 2.999 0
    endloop
  endfacet
  facet normal 0.243006 -0.970025 0
    outer loop
      vertex 36.2598 7.9402 0
      vertex 36.5025 8.001 3
      vertex 36.2598 7.9402 3
    endloop
  endfacet
  facet normal 0.243006 -0.970025 0
    outer loop
      vertex 36.5025 8.001 3
      vertex 36.2598 7.9402 0
      vertex 36.5025 8.001 0
    endloop
  endfacet
  facet normal -0.67161 -0.740905 0
    outer loop
      vertex 38.6177 7.47118 0
      vertex 38.8031 7.30312 3
      vertex 38.6177 7.47118 3
    endloop
  endfacet
  facet normal -0.67161 -0.740905 -0
    outer loop
      vertex 38.8031 7.30312 3
      vertex 38.6177 7.47118 0
      vertex 38.8031 7.30312 0
    endloop
  endfacet
  facet normal -0.243006 0.970025 0
    outer loop
      vertex 37.7402 3.0598 0
      vertex 37.4975 2.999 3
      vertex 37.7402 3.0598 3
    endloop
  endfacet
  facet normal -0.243006 0.970025 0
    outer loop
      vertex 37.4975 2.999 3
      vertex 37.7402 3.0598 0
      vertex 37.4975 2.999 0
    endloop
  endfacet
  facet normal 0.970037 -0.242959 0
    outer loop
      vertex 34.499 5.99748 3
      vertex 34.5598 6.24023 0
      vertex 34.5598 6.24023 3
    endloop
  endfacet
  facet normal 0.970037 -0.242959 0
    outer loop
      vertex 34.5598 6.24023 0
      vertex 34.499 5.99748 3
      vertex 34.499 5.99748 0
    endloop
  endfacet
  facet normal 0.427418 -0.904054 0
    outer loop
      vertex 35.7979 7.7489 0
      vertex 36.0242 7.85589 3
      vertex 35.7979 7.7489 3
    endloop
  endfacet
  facet normal 0.427418 -0.904054 0
    outer loop
      vertex 36.0242 7.85589 3
      vertex 35.7979 7.7489 0
      vertex 36.0242 7.85589 0
    endloop
  endfacet
  facet normal 0.740861 -0.671658 0
    outer loop
      vertex 35.0288 7.1177 3
      vertex 35.1969 7.30312 0
      vertex 35.1969 7.30312 3
    endloop
  endfacet
  facet normal 0.740861 -0.671658 0
    outer loop
      vertex 35.1969 7.30312 0
      vertex 35.0288 7.1177 3
      vertex 35.0288 7.1177 0
    endloop
  endfacet
  facet normal 0.0490804 0.998795 -0
    outer loop
      vertex 37 2.95 0
      vertex 36.7501 2.96228 3
      vertex 37 2.95 3
    endloop
  endfacet
  facet normal 0.0490804 0.998795 0
    outer loop
      vertex 36.7501 2.96228 3
      vertex 37 2.95 0
      vertex 36.7501 2.96228 0
    endloop
  endfacet
  facet normal 0.989188 -0.146656 0
    outer loop
      vertex 34.4623 5.74994 3
      vertex 34.499 5.99748 0
      vertex 34.499 5.99748 3
    endloop
  endfacet
  facet normal 0.989188 -0.146656 0
    outer loop
      vertex 34.499 5.99748 0
      vertex 34.4623 5.74994 3
      vertex 34.4623 5.74994 0
    endloop
  endfacet
  facet normal -0.740861 0.671658 0
    outer loop
      vertex 38.8031 3.69688 0
      vertex 38.9712 3.8823 3
      vertex 38.9712 3.8823 0
    endloop
  endfacet
  facet normal -0.740861 0.671658 0
    outer loop
      vertex 38.9712 3.8823 3
      vertex 38.8031 3.69688 0
      vertex 38.8031 3.69688 3
    endloop
  endfacet
  facet normal -0.595695 -0.803211 0
    outer loop
      vertex 38.4167 7.62025 0
      vertex 38.6177 7.47118 3
      vertex 38.4167 7.62025 3
    endloop
  endfacet
  facet normal -0.595695 -0.803211 -0
    outer loop
      vertex 38.6177 7.47118 3
      vertex 38.4167 7.62025 0
      vertex 38.6177 7.47118 0
    endloop
  endfacet
  facet normal 0.803345 -0.595514 0
    outer loop
      vertex 34.8798 6.9167 3
      vertex 35.0288 7.1177 0
      vertex 35.0288 7.1177 3
    endloop
  endfacet
  facet normal 0.803345 -0.595514 0
    outer loop
      vertex 35.0288 7.1177 0
      vertex 34.8798 6.9167 3
      vertex 34.8798 6.9167 0
    endloop
  endfacet
  facet normal 0.998791 0.0491523 0
    outer loop
      vertex 34.4623 5.25006 3
      vertex 34.45 5.5 0
      vertex 34.45 5.5 3
    endloop
  endfacet
  facet normal 0.998791 0.0491523 0
    outer loop
      vertex 34.45 5.5 0
      vertex 34.4623 5.25006 3
      vertex 34.4623 5.25006 0
    endloop
  endfacet
  facet normal -0.740861 -0.671658 0
    outer loop
      vertex 38.9712 7.1177 0
      vertex 38.8031 7.30312 3
      vertex 38.8031 7.30312 0
    endloop
  endfacet
  facet normal -0.740861 -0.671658 0
    outer loop
      vertex 38.8031 7.30312 3
      vertex 38.9712 7.1177 0
      vertex 38.9712 7.1177 3
    endloop
  endfacet
  facet normal 0.595695 -0.803211 0
    outer loop
      vertex 50.1823 7.47118 0
      vertex 50.3833 7.62025 3
      vertex 50.1823 7.47118 3
    endloop
  endfacet
  facet normal 0.595695 -0.803211 0
    outer loop
      vertex 50.3833 7.62025 3
      vertex 50.1823 7.47118 0
      vertex 50.3833 7.62025 0
    endloop
  endfacet
  facet normal -0.998791 0.0491523 0
    outer loop
      vertex 54.3377 5.25006 0
      vertex 54.35 5.5 3
      vertex 54.35 5.5 0
    endloop
  endfacet
  facet normal -0.998791 0.0491523 0
    outer loop
      vertex 54.35 5.5 3
      vertex 54.3377 5.25006 0
      vertex 54.3377 5.25006 3
    endloop
  endfacet
  facet normal 0.514172 -0.857687 0
    outer loop
      vertex 50.3833 7.62025 0
      vertex 50.5979 7.7489 3
      vertex 50.3833 7.62025 3
    endloop
  endfacet
  facet normal 0.514172 -0.857687 0
    outer loop
      vertex 50.5979 7.7489 3
      vertex 50.3833 7.62025 0
      vertex 50.5979 7.7489 0
    endloop
  endfacet
  facet normal 0.803345 -0.595514 0
    outer loop
      vertex 49.6798 6.9167 3
      vertex 49.8288 7.1177 0
      vertex 49.8288 7.1177 3
    endloop
  endfacet
  facet normal 0.803345 -0.595514 0
    outer loop
      vertex 49.8288 7.1177 0
      vertex 49.6798 6.9167 3
      vertex 49.6798 6.9167 0
    endloop
  endfacet
  facet normal -0.989188 0.146656 0
    outer loop
      vertex 54.301 5.00252 0
      vertex 54.3377 5.25006 3
      vertex 54.3377 5.25006 0
    endloop
  endfacet
  facet normal -0.989188 0.146656 0
    outer loop
      vertex 54.3377 5.25006 3
      vertex 54.301 5.00252 0
      vertex 54.301 5.00252 3
    endloop
  endfacet
  facet normal 0.970037 -0.242959 0
    outer loop
      vertex 49.299 5.99748 3
      vertex 49.3598 6.24023 0
      vertex 49.3598 6.24023 3
    endloop
  endfacet
  facet normal 0.970037 -0.242959 0
    outer loop
      vertex 49.3598 6.24023 0
      vertex 49.299 5.99748 3
      vertex 49.299 5.99748 0
    endloop
  endfacet
  facet normal -0.427418 -0.904054 0
    outer loop
      vertex 52.7758 7.85589 0
      vertex 53.0021 7.7489 3
      vertex 52.7758 7.85589 3
    endloop
  endfacet
  facet normal -0.427418 -0.904054 -0
    outer loop
      vertex 53.0021 7.7489 3
      vertex 52.7758 7.85589 0
      vertex 53.0021 7.7489 0
    endloop
  endfacet
  facet normal -0.514172 0.857687 0
    outer loop
      vertex 53.2167 3.37975 0
      vertex 53.0021 3.2511 3
      vertex 53.2167 3.37975 3
    endloop
  endfacet
  facet normal -0.514172 0.857687 0
    outer loop
      vertex 53.0021 3.2511 3
      vertex 53.2167 3.37975 0
      vertex 53.0021 3.2511 0
    endloop
  endfacet
  facet normal 0.243006 0.970025 -0
    outer loop
      vertex 51.3025 2.999 0
      vertex 51.0598 3.0598 3
      vertex 51.3025 2.999 3
    endloop
  endfacet
  facet normal 0.243006 0.970025 0
    outer loop
      vertex 51.0598 3.0598 3
      vertex 51.3025 2.999 0
      vertex 51.0598 3.0598 0
    endloop
  endfacet
  facet normal 0.803345 0.595514 0
    outer loop
      vertex 49.8288 3.8823 3
      vertex 49.6798 4.0833 0
      vertex 49.6798 4.0833 3
    endloop
  endfacet
  facet normal 0.803345 0.595514 0
    outer loop
      vertex 49.6798 4.0833 0
      vertex 49.8288 3.8823 3
      vertex 49.8288 3.8823 0
    endloop
  endfacet
  facet normal -0.90398 0.427574 0
    outer loop
      vertex 54.0489 4.29794 0
      vertex 54.1559 4.52416 3
      vertex 54.1559 4.52416 0
    endloop
  endfacet
  facet normal -0.90398 0.427574 0
    outer loop
      vertex 54.1559 4.52416 3
      vertex 54.0489 4.29794 0
      vertex 54.0489 4.29794 3
    endloop
  endfacet
  facet normal -0.970037 0.242959 0
    outer loop
      vertex 54.2402 4.75977 0
      vertex 54.301 5.00252 3
      vertex 54.301 5.00252 0
    endloop
  endfacet
  facet normal -0.970037 0.242959 0
    outer loop
      vertex 54.301 5.00252 3
      vertex 54.2402 4.75977 0
      vertex 54.2402 4.75977 3
    endloop
  endfacet
  facet normal 0.998791 0.0491523 0
    outer loop
      vertex 49.2623 5.25006 3
      vertex 49.25 5.5 0
      vertex 49.25 5.5 3
    endloop
  endfacet
  facet normal 0.998791 0.0491523 0
    outer loop
      vertex 49.25 5.5 0
      vertex 49.2623 5.25006 3
      vertex 49.2623 5.25006 0
    endloop
  endfacet
  facet normal -0.595695 0.803211 0
    outer loop
      vertex 53.4177 3.52882 0
      vertex 53.2167 3.37975 3
      vertex 53.4177 3.52882 3
    endloop
  endfacet
  facet normal -0.595695 0.803211 0
    outer loop
      vertex 53.2167 3.37975 3
      vertex 53.4177 3.52882 0
      vertex 53.2167 3.37975 0
    endloop
  endfacet
  facet normal 0.941547 -0.336881 0
    outer loop
      vertex 49.3598 6.24023 3
      vertex 49.4441 6.47584 0
      vertex 49.4441 6.47584 3
    endloop
  endfacet
  facet normal 0.941547 -0.336881 0
    outer loop
      vertex 49.4441 6.47584 0
      vertex 49.3598 6.24023 3
      vertex 49.3598 6.24023 0
    endloop
  endfacet
  facet normal -0.427418 0.904054 0
    outer loop
      vertex 53.0021 3.2511 0
      vertex 52.7758 3.14411 3
      vertex 53.0021 3.2511 3
    endloop
  endfacet
  facet normal -0.427418 0.904054 0
    outer loop
      vertex 52.7758 3.14411 3
      vertex 53.0021 3.2511 0
      vertex 52.7758 3.14411 0
    endloop
  endfacet
  facet normal -0.970037 -0.242959 0
    outer loop
      vertex 54.301 5.99748 0
      vertex 54.2402 6.24023 3
      vertex 54.2402 6.24023 0
    endloop
  endfacet
  facet normal -0.970037 -0.242959 0
    outer loop
      vertex 54.2402 6.24023 3
      vertex 54.301 5.99748 0
      vertex 54.301 5.99748 3
    endloop
  endfacet
  facet normal -0.336929 0.94153 0
    outer loop
      vertex 52.7758 3.14411 0
      vertex 52.5402 3.0598 3
      vertex 52.7758 3.14411 3
    endloop
  endfacet
  facet normal -0.336929 0.94153 0
    outer loop
      vertex 52.5402 3.0598 3
      vertex 52.7758 3.14411 0
      vertex 52.5402 3.0598 0
    endloop
  endfacet
  facet normal -0.595695 -0.803211 0
    outer loop
      vertex 53.2167 7.62025 0
      vertex 53.4177 7.47118 3
      vertex 53.2167 7.62025 3
    endloop
  endfacet
  facet normal -0.595695 -0.803211 -0
    outer loop
      vertex 53.4177 7.47118 3
      vertex 53.2167 7.62025 0
      vertex 53.4177 7.47118 0
    endloop
  endfacet
  facet normal -0.67161 -0.740905 0
    outer loop
      vertex 53.4177 7.47118 0
      vertex 53.6031 7.30312 3
      vertex 53.4177 7.47118 3
    endloop
  endfacet
  facet normal -0.67161 -0.740905 -0
    outer loop
      vertex 53.6031 7.30312 3
      vertex 53.4177 7.47118 0
      vertex 53.6031 7.30312 0
    endloop
  endfacet
  facet normal 0.336929 -0.94153 0
    outer loop
      vertex 50.8242 7.85589 0
      vertex 51.0598 7.9402 3
      vertex 50.8242 7.85589 3
    endloop
  endfacet
  facet normal 0.336929 -0.94153 0
    outer loop
      vertex 51.0598 7.9402 3
      vertex 50.8242 7.85589 0
      vertex 51.0598 7.9402 0
    endloop
  endfacet
  facet normal -0.243006 -0.970025 0
    outer loop
      vertex 52.2975 8.001 0
      vertex 52.5402 7.9402 3
      vertex 52.2975 8.001 3
    endloop
  endfacet
  facet normal -0.243006 -0.970025 -0
    outer loop
      vertex 52.5402 7.9402 3
      vertex 52.2975 8.001 0
      vertex 52.5402 7.9402 0
    endloop
  endfacet
  facet normal -0.941547 0.336881 0
    outer loop
      vertex 54.1559 4.52416 0
      vertex 54.2402 4.75977 3
      vertex 54.2402 4.75977 0
    endloop
  endfacet
  facet normal -0.941547 0.336881 0
    outer loop
      vertex 54.2402 4.75977 3
      vertex 54.1559 4.52416 0
      vertex 54.1559 4.52416 3
    endloop
  endfacet
  facet normal -0.243006 0.970025 0
    outer loop
      vertex 52.5402 3.0598 0
      vertex 52.2975 2.999 3
      vertex 52.5402 3.0598 3
    endloop
  endfacet
  facet normal -0.243006 0.970025 0
    outer loop
      vertex 52.2975 2.999 3
      vertex 52.5402 3.0598 0
      vertex 52.2975 2.999 0
    endloop
  endfacet
  facet normal 0.336929 0.94153 -0
    outer loop
      vertex 51.0598 3.0598 0
      vertex 50.8242 3.14411 3
      vertex 51.0598 3.0598 3
    endloop
  endfacet
  facet normal 0.336929 0.94153 0
    outer loop
      vertex 50.8242 3.14411 3
      vertex 51.0598 3.0598 0
      vertex 50.8242 3.14411 0
    endloop
  endfacet
  facet normal 0.857641 -0.514249 0
    outer loop
      vertex 49.5511 6.70206 3
      vertex 49.6798 6.9167 0
      vertex 49.6798 6.9167 3
    endloop
  endfacet
  facet normal 0.857641 -0.514249 0
    outer loop
      vertex 49.6798 6.9167 0
      vertex 49.5511 6.70206 3
      vertex 49.5511 6.70206 0
    endloop
  endfacet
  facet normal 0.67161 0.740905 -0
    outer loop
      vertex 50.1823 3.52882 0
      vertex 49.9969 3.69688 3
      vertex 50.1823 3.52882 3
    endloop
  endfacet
  facet normal 0.67161 0.740905 0
    outer loop
      vertex 49.9969 3.69688 3
      vertex 50.1823 3.52882 0
      vertex 49.9969 3.69688 0
    endloop
  endfacet
  facet normal -0.998791 -0.0491523 0
    outer loop
      vertex 54.35 5.5 0
      vertex 54.3377 5.74994 3
      vertex 54.3377 5.74994 0
    endloop
  endfacet
  facet normal -0.998791 -0.0491523 0
    outer loop
      vertex 54.3377 5.74994 3
      vertex 54.35 5.5 0
      vertex 54.35 5.5 3
    endloop
  endfacet
  facet normal -0.989188 -0.146656 0
    outer loop
      vertex 54.3377 5.74994 0
      vertex 54.301 5.99748 3
      vertex 54.301 5.99748 0
    endloop
  endfacet
  facet normal -0.989188 -0.146656 0
    outer loop
      vertex 54.301 5.99748 3
      vertex 54.3377 5.74994 0
      vertex 54.3377 5.74994 3
    endloop
  endfacet
  facet normal -0.857641 -0.514249 0
    outer loop
      vertex 54.0489 6.70206 0
      vertex 53.9202 6.9167 3
      vertex 53.9202 6.9167 0
    endloop
  endfacet
  facet normal -0.857641 -0.514249 0
    outer loop
      vertex 53.9202 6.9167 3
      vertex 54.0489 6.70206 0
      vertex 54.0489 6.70206 3
    endloop
  endfacet
  facet normal -0.740861 0.671658 0
    outer loop
      vertex 53.6031 3.69688 0
      vertex 53.7712 3.8823 3
      vertex 53.7712 3.8823 0
    endloop
  endfacet
  facet normal -0.740861 0.671658 0
    outer loop
      vertex 53.7712 3.8823 3
      vertex 53.6031 3.69688 0
      vertex 53.6031 3.69688 3
    endloop
  endfacet
  facet normal -0.514172 -0.857687 0
    outer loop
      vertex 53.0021 7.7489 0
      vertex 53.2167 7.62025 3
      vertex 53.0021 7.7489 3
    endloop
  endfacet
  facet normal -0.514172 -0.857687 -0
    outer loop
      vertex 53.2167 7.62025 3
      vertex 53.0021 7.7489 0
      vertex 53.2167 7.62025 0
    endloop
  endfacet
  facet normal -0.803345 0.595514 0
    outer loop
      vertex 53.7712 3.8823 0
      vertex 53.9202 4.0833 3
      vertex 53.9202 4.0833 0
    endloop
  endfacet
  facet normal -0.803345 0.595514 0
    outer loop
      vertex 53.9202 4.0833 3
      vertex 53.7712 3.8823 0
      vertex 53.7712 3.8823 3
    endloop
  endfacet
  facet normal 0.970037 0.242959 0
    outer loop
      vertex 49.3598 4.75977 3
      vertex 49.299 5.00252 0
      vertex 49.299 5.00252 3
    endloop
  endfacet
  facet normal 0.970037 0.242959 0
    outer loop
      vertex 49.299 5.00252 0
      vertex 49.3598 4.75977 3
      vertex 49.3598 4.75977 0
    endloop
  endfacet
  facet normal 0.427418 0.904054 -0
    outer loop
      vertex 50.8242 3.14411 0
      vertex 50.5979 3.2511 3
      vertex 50.8242 3.14411 3
    endloop
  endfacet
  facet normal 0.427418 0.904054 0
    outer loop
      vertex 50.5979 3.2511 3
      vertex 50.8242 3.14411 0
      vertex 50.5979 3.2511 0
    endloop
  endfacet
  facet normal -0.803345 -0.595514 0
    outer loop
      vertex 53.9202 6.9167 0
      vertex 53.7712 7.1177 3
      vertex 53.7712 7.1177 0
    endloop
  endfacet
  facet normal -0.803345 -0.595514 0
    outer loop
      vertex 53.7712 7.1177 3
      vertex 53.9202 6.9167 0
      vertex 53.9202 6.9167 3
    endloop
  endfacet
  facet normal -0.146699 0.989181 0
    outer loop
      vertex 52.2975 2.999 0
      vertex 52.0499 2.96228 3
      vertex 52.2975 2.999 3
    endloop
  endfacet
  facet normal -0.146699 0.989181 0
    outer loop
      vertex 52.0499 2.96228 3
      vertex 52.2975 2.999 0
      vertex 52.0499 2.96228 0
    endloop
  endfacet
  facet normal -0.857641 0.514249 0
    outer loop
      vertex 53.9202 4.0833 0
      vertex 54.0489 4.29794 3
      vertex 54.0489 4.29794 0
    endloop
  endfacet
  facet normal -0.857641 0.514249 0
    outer loop
      vertex 54.0489 4.29794 3
      vertex 53.9202 4.0833 0
      vertex 53.9202 4.0833 3
    endloop
  endfacet
  facet normal 0.595695 0.803211 -0
    outer loop
      vertex 50.3833 3.37975 0
      vertex 50.1823 3.52882 3
      vertex 50.3833 3.37975 3
    endloop
  endfacet
  facet normal 0.595695 0.803211 0
    outer loop
      vertex 50.1823 3.52882 3
      vertex 50.3833 3.37975 0
      vertex 50.1823 3.52882 0
    endloop
  endfacet
  facet normal 0.0490804 -0.998795 0
    outer loop
      vertex 51.5501 8.03772 0
      vertex 51.8 8.05 3
      vertex 51.5501 8.03772 3
    endloop
  endfacet
  facet normal 0.0490804 -0.998795 0
    outer loop
      vertex 51.8 8.05 3
      vertex 51.5501 8.03772 0
      vertex 51.8 8.05 0
    endloop
  endfacet
  facet normal -0.740861 -0.671658 0
    outer loop
      vertex 53.7712 7.1177 0
      vertex 53.6031 7.30312 3
      vertex 53.6031 7.30312 0
    endloop
  endfacet
  facet normal -0.740861 -0.671658 0
    outer loop
      vertex 53.6031 7.30312 3
      vertex 53.7712 7.1177 0
      vertex 53.7712 7.1177 3
    endloop
  endfacet
  facet normal 0.0490804 0.998795 -0
    outer loop
      vertex 51.8 2.95 0
      vertex 51.5501 2.96228 3
      vertex 51.8 2.95 3
    endloop
  endfacet
  facet normal 0.0490804 0.998795 0
    outer loop
      vertex 51.5501 2.96228 3
      vertex 51.8 2.95 0
      vertex 51.5501 2.96228 0
    endloop
  endfacet
  facet normal 0.941547 0.336881 0
    outer loop
      vertex 49.4441 4.52416 3
      vertex 49.3598 4.75977 0
      vertex 49.3598 4.75977 3
    endloop
  endfacet
  facet normal 0.941547 0.336881 0
    outer loop
      vertex 49.3598 4.75977 0
      vertex 49.4441 4.52416 3
      vertex 49.4441 4.52416 0
    endloop
  endfacet
  facet normal -0.146699 -0.989181 0
    outer loop
      vertex 52.0499 8.03772 0
      vertex 52.2975 8.001 3
      vertex 52.0499 8.03772 3
    endloop
  endfacet
  facet normal -0.146699 -0.989181 -0
    outer loop
      vertex 52.2975 8.001 3
      vertex 52.0499 8.03772 0
      vertex 52.2975 8.001 0
    endloop
  endfacet
  facet normal 0.243006 -0.970025 0
    outer loop
      vertex 51.0598 7.9402 0
      vertex 51.3025 8.001 3
      vertex 51.0598 7.9402 3
    endloop
  endfacet
  facet normal 0.243006 -0.970025 0
    outer loop
      vertex 51.3025 8.001 3
      vertex 51.0598 7.9402 0
      vertex 51.3025 8.001 0
    endloop
  endfacet
  facet normal -0.67161 0.740905 0
    outer loop
      vertex 53.6031 3.69688 0
      vertex 53.4177 3.52882 3
      vertex 53.6031 3.69688 3
    endloop
  endfacet
  facet normal -0.67161 0.740905 0
    outer loop
      vertex 53.4177 3.52882 3
      vertex 53.6031 3.69688 0
      vertex 53.4177 3.52882 0
    endloop
  endfacet
  facet normal -0.0490804 0.998795 0
    outer loop
      vertex 52.0499 2.96228 0
      vertex 51.8 2.95 3
      vertex 52.0499 2.96228 3
    endloop
  endfacet
  facet normal -0.0490804 0.998795 0
    outer loop
      vertex 51.8 2.95 3
      vertex 52.0499 2.96228 0
      vertex 51.8 2.95 0
    endloop
  endfacet
  facet normal 0.90398 -0.427574 0
    outer loop
      vertex 49.4441 6.47584 3
      vertex 49.5511 6.70206 0
      vertex 49.5511 6.70206 3
    endloop
  endfacet
  facet normal 0.90398 -0.427574 0
    outer loop
      vertex 49.5511 6.70206 0
      vertex 49.4441 6.47584 3
      vertex 49.4441 6.47584 0
    endloop
  endfacet
  facet normal 0.740861 0.671658 0
    outer loop
      vertex 49.9969 3.69688 3
      vertex 49.8288 3.8823 0
      vertex 49.8288 3.8823 3
    endloop
  endfacet
  facet normal 0.740861 0.671658 0
    outer loop
      vertex 49.8288 3.8823 0
      vertex 49.9969 3.69688 3
      vertex 49.9969 3.69688 0
    endloop
  endfacet
  facet normal -0.0490804 -0.998795 0
    outer loop
      vertex 51.8 8.05 0
      vertex 52.0499 8.03772 3
      vertex 51.8 8.05 3
    endloop
  endfacet
  facet normal -0.0490804 -0.998795 -0
    outer loop
      vertex 52.0499 8.03772 3
      vertex 51.8 8.05 0
      vertex 52.0499 8.03772 0
    endloop
  endfacet
  facet normal 0.146699 -0.989181 0
    outer loop
      vertex 51.3025 8.001 0
      vertex 51.5501 8.03772 3
      vertex 51.3025 8.001 3
    endloop
  endfacet
  facet normal 0.146699 -0.989181 0
    outer loop
      vertex 51.5501 8.03772 3
      vertex 51.3025 8.001 0
      vertex 51.5501 8.03772 0
    endloop
  endfacet
  facet normal 0.146699 0.989181 -0
    outer loop
      vertex 51.5501 2.96228 0
      vertex 51.3025 2.999 3
      vertex 51.5501 2.96228 3
    endloop
  endfacet
  facet normal 0.146699 0.989181 0
    outer loop
      vertex 51.3025 2.999 3
      vertex 51.5501 2.96228 0
      vertex 51.3025 2.999 0
    endloop
  endfacet
  facet normal 0.998791 -0.0491523 0
    outer loop
      vertex 49.25 5.5 3
      vertex 49.2623 5.74994 0
      vertex 49.2623 5.74994 3
    endloop
  endfacet
  facet normal 0.998791 -0.0491523 0
    outer loop
      vertex 49.2623 5.74994 0
      vertex 49.25 5.5 3
      vertex 49.25 5.5 0
    endloop
  endfacet
  facet normal 0.740861 -0.671658 0
    outer loop
      vertex 49.8288 7.1177 3
      vertex 49.9969 7.30312 0
      vertex 49.9969 7.30312 3
    endloop
  endfacet
  facet normal 0.740861 -0.671658 0
    outer loop
      vertex 49.9969 7.30312 0
      vertex 49.8288 7.1177 3
      vertex 49.8288 7.1177 0
    endloop
  endfacet
  facet normal 0.67161 -0.740905 0
    outer loop
      vertex 49.9969 7.30312 0
      vertex 50.1823 7.47118 3
      vertex 49.9969 7.30312 3
    endloop
  endfacet
  facet normal 0.67161 -0.740905 0
    outer loop
      vertex 50.1823 7.47118 3
      vertex 49.9969 7.30312 0
      vertex 50.1823 7.47118 0
    endloop
  endfacet
  facet normal 0.427418 -0.904054 0
    outer loop
      vertex 50.5979 7.7489 0
      vertex 50.8242 7.85589 3
      vertex 50.5979 7.7489 3
    endloop
  endfacet
  facet normal 0.427418 -0.904054 0
    outer loop
      vertex 50.8242 7.85589 3
      vertex 50.5979 7.7489 0
      vertex 50.8242 7.85589 0
    endloop
  endfacet
  facet normal 0.989188 -0.146656 0
    outer loop
      vertex 49.2623 5.74994 3
      vertex 49.299 5.99748 0
      vertex 49.299 5.99748 3
    endloop
  endfacet
  facet normal 0.989188 -0.146656 0
    outer loop
      vertex 49.299 5.99748 0
      vertex 49.2623 5.74994 3
      vertex 49.2623 5.74994 0
    endloop
  endfacet
  facet normal 0.989188 0.146656 0
    outer loop
      vertex 49.299 5.00252 3
      vertex 49.2623 5.25006 0
      vertex 49.2623 5.25006 3
    endloop
  endfacet
  facet normal 0.989188 0.146656 0
    outer loop
      vertex 49.2623 5.25006 0
      vertex 49.299 5.00252 3
      vertex 49.299 5.00252 0
    endloop
  endfacet
  facet normal -0.336929 -0.94153 0
    outer loop
      vertex 52.5402 7.9402 0
      vertex 52.7758 7.85589 3
      vertex 52.5402 7.9402 3
    endloop
  endfacet
  facet normal -0.336929 -0.94153 -0
    outer loop
      vertex 52.7758 7.85589 3
      vertex 52.5402 7.9402 0
      vertex 52.7758 7.85589 0
    endloop
  endfacet
  facet normal -0.90398 -0.427574 0
    outer loop
      vertex 54.1559 6.47584 0
      vertex 54.0489 6.70206 3
      vertex 54.0489 6.70206 0
    endloop
  endfacet
  facet normal -0.90398 -0.427574 0
    outer loop
      vertex 54.0489 6.70206 3
      vertex 54.1559 6.47584 0
      vertex 54.1559 6.47584 3
    endloop
  endfacet
  facet normal -0.941547 -0.336881 0
    outer loop
      vertex 54.2402 6.24023 0
      vertex 54.1559 6.47584 3
      vertex 54.1559 6.47584 0
    endloop
  endfacet
  facet normal -0.941547 -0.336881 0
    outer loop
      vertex 54.1559 6.47584 3
      vertex 54.2402 6.24023 0
      vertex 54.2402 6.24023 3
    endloop
  endfacet
  facet normal 0.514172 0.857687 -0
    outer loop
      vertex 50.5979 3.2511 0
      vertex 50.3833 3.37975 3
      vertex 50.5979 3.2511 3
    endloop
  endfacet
  facet normal 0.514172 0.857687 0
    outer loop
      vertex 50.3833 3.37975 3
      vertex 50.5979 3.2511 0
      vertex 50.3833 3.37975 0
    endloop
  endfacet
  facet normal 0.90398 0.427574 0
    outer loop
      vertex 49.5511 4.29794 3
      vertex 49.4441 4.52416 0
      vertex 49.4441 4.52416 3
    endloop
  endfacet
  facet normal 0.90398 0.427574 0
    outer loop
      vertex 49.4441 4.52416 0
      vertex 49.5511 4.29794 3
      vertex 49.5511 4.29794 0
    endloop
  endfacet
  facet normal 0.857641 0.514249 0
    outer loop
      vertex 49.6798 4.0833 3
      vertex 49.5511 4.29794 0
      vertex 49.5511 4.29794 3
    endloop
  endfacet
  facet normal 0.857641 0.514249 0
    outer loop
      vertex 49.5511 4.29794 0
      vertex 49.6798 4.0833 3
      vertex 49.6798 4.0833 0
    endloop
  endfacet
  facet normal 0.336929 -0.94153 0
    outer loop
      vertex 65.6242 7.85589 0
      vertex 65.8598 7.9402 3
      vertex 65.6242 7.85589 3
    endloop
  endfacet
  facet normal 0.336929 -0.94153 0
    outer loop
      vertex 65.8598 7.9402 3
      vertex 65.6242 7.85589 0
      vertex 65.8598 7.9402 0
    endloop
  endfacet
  facet normal -0.989188 0.146656 0
    outer loop
      vertex 69.101 5.00252 0
      vertex 69.1377 5.25006 3
      vertex 69.1377 5.25006 0
    endloop
  endfacet
  facet normal -0.989188 0.146656 0
    outer loop
      vertex 69.1377 5.25006 3
      vertex 69.101 5.00252 0
      vertex 69.101 5.00252 3
    endloop
  endfacet
  facet normal -0.998791 0.0491523 0
    outer loop
      vertex 69.1377 5.25006 0
      vertex 69.15 5.5 3
      vertex 69.15 5.5 0
    endloop
  endfacet
  facet normal -0.998791 0.0491523 0
    outer loop
      vertex 69.15 5.5 3
      vertex 69.1377 5.25006 0
      vertex 69.1377 5.25006 3
    endloop
  endfacet
  facet normal -0.970037 0.242959 0
    outer loop
      vertex 69.0402 4.75977 0
      vertex 69.101 5.00252 3
      vertex 69.101 5.00252 0
    endloop
  endfacet
  facet normal -0.970037 0.242959 0
    outer loop
      vertex 69.101 5.00252 3
      vertex 69.0402 4.75977 0
      vertex 69.0402 4.75977 3
    endloop
  endfacet
  facet normal 0.989188 0.146656 0
    outer loop
      vertex 64.099 5.00252 3
      vertex 64.0623 5.25006 0
      vertex 64.0623 5.25006 3
    endloop
  endfacet
  facet normal 0.989188 0.146656 0
    outer loop
      vertex 64.0623 5.25006 0
      vertex 64.099 5.00252 3
      vertex 64.099 5.00252 0
    endloop
  endfacet
  facet normal 0.243006 -0.970025 0
    outer loop
      vertex 65.8598 7.9402 0
      vertex 66.1025 8.001 3
      vertex 65.8598 7.9402 3
    endloop
  endfacet
  facet normal 0.243006 -0.970025 0
    outer loop
      vertex 66.1025 8.001 3
      vertex 65.8598 7.9402 0
      vertex 66.1025 8.001 0
    endloop
  endfacet
  facet normal -0.336929 0.94153 0
    outer loop
      vertex 67.5758 3.14411 0
      vertex 67.3402 3.0598 3
      vertex 67.5758 3.14411 3
    endloop
  endfacet
  facet normal -0.336929 0.94153 0
    outer loop
      vertex 67.3402 3.0598 3
      vertex 67.5758 3.14411 0
      vertex 67.3402 3.0598 0
    endloop
  endfacet
  facet normal 0.514172 0.857687 -0
    outer loop
      vertex 65.3979 3.2511 0
      vertex 65.1833 3.37975 3
      vertex 65.3979 3.2511 3
    endloop
  endfacet
  facet normal 0.514172 0.857687 0
    outer loop
      vertex 65.1833 3.37975 3
      vertex 65.3979 3.2511 0
      vertex 65.1833 3.37975 0
    endloop
  endfacet
  facet normal 0.90398 -0.427574 0
    outer loop
      vertex 64.2441 6.47584 3
      vertex 64.3511 6.70206 0
      vertex 64.3511 6.70206 3
    endloop
  endfacet
  facet normal 0.90398 -0.427574 0
    outer loop
      vertex 64.3511 6.70206 0
      vertex 64.2441 6.47584 3
      vertex 64.2441 6.47584 0
    endloop
  endfacet
  facet normal 0.243006 0.970025 -0
    outer loop
      vertex 66.1025 2.999 0
      vertex 65.8598 3.0598 3
      vertex 66.1025 2.999 3
    endloop
  endfacet
  facet normal 0.243006 0.970025 0
    outer loop
      vertex 65.8598 3.0598 3
      vertex 66.1025 2.999 0
      vertex 65.8598 3.0598 0
    endloop
  endfacet
  facet normal 0.857641 -0.514249 0
    outer loop
      vertex 64.3511 6.70206 3
      vertex 64.4798 6.9167 0
      vertex 64.4798 6.9167 3
    endloop
  endfacet
  facet normal 0.857641 -0.514249 0
    outer loop
      vertex 64.4798 6.9167 0
      vertex 64.3511 6.70206 3
      vertex 64.3511 6.70206 0
    endloop
  endfacet
  facet normal -0.243006 -0.970025 0
    outer loop
      vertex 67.0975 8.001 0
      vertex 67.3402 7.9402 3
      vertex 67.0975 8.001 3
    endloop
  endfacet
  facet normal -0.243006 -0.970025 -0
    outer loop
      vertex 67.3402 7.9402 3
      vertex 67.0975 8.001 0
      vertex 67.3402 7.9402 0
    endloop
  endfacet
  facet normal 0.595695 -0.803211 0
    outer loop
      vertex 64.9823 7.47118 0
      vertex 65.1833 7.62025 3
      vertex 64.9823 7.47118 3
    endloop
  endfacet
  facet normal 0.595695 -0.803211 0
    outer loop
      vertex 65.1833 7.62025 3
      vertex 64.9823 7.47118 0
      vertex 65.1833 7.62025 0
    endloop
  endfacet
  facet normal -0.514172 -0.857687 0
    outer loop
      vertex 67.8021 7.7489 0
      vertex 68.0167 7.62025 3
      vertex 67.8021 7.7489 3
    endloop
  endfacet
  facet normal -0.514172 -0.857687 -0
    outer loop
      vertex 68.0167 7.62025 3
      vertex 67.8021 7.7489 0
      vertex 68.0167 7.62025 0
    endloop
  endfacet
  facet normal -0.803345 -0.595514 0
    outer loop
      vertex 68.7202 6.9167 0
      vertex 68.5712 7.1177 3
      vertex 68.5712 7.1177 0
    endloop
  endfacet
  facet normal -0.803345 -0.595514 0
    outer loop
      vertex 68.5712 7.1177 3
      vertex 68.7202 6.9167 0
      vertex 68.7202 6.9167 3
    endloop
  endfacet
  facet normal -0.146699 0.989181 0
    outer loop
      vertex 67.0975 2.999 0
      vertex 66.8499 2.96228 3
      vertex 67.0975 2.999 3
    endloop
  endfacet
  facet normal -0.146699 0.989181 0
    outer loop
      vertex 66.8499 2.96228 3
      vertex 67.0975 2.999 0
      vertex 66.8499 2.96228 0
    endloop
  endfacet
  facet normal 0.595695 0.803211 -0
    outer loop
      vertex 65.1833 3.37975 0
      vertex 64.9823 3.52882 3
      vertex 65.1833 3.37975 3
    endloop
  endfacet
  facet normal 0.595695 0.803211 0
    outer loop
      vertex 64.9823 3.52882 3
      vertex 65.1833 3.37975 0
      vertex 64.9823 3.52882 0
    endloop
  endfacet
  facet normal 0.803345 0.595514 0
    outer loop
      vertex 64.6288 3.8823 3
      vertex 64.4798 4.0833 0
      vertex 64.4798 4.0833 3
    endloop
  endfacet
  facet normal 0.803345 0.595514 0
    outer loop
      vertex 64.4798 4.0833 0
      vertex 64.6288 3.8823 3
      vertex 64.6288 3.8823 0
    endloop
  endfacet
  facet normal -0.989188 -0.146656 0
    outer loop
      vertex 69.1377 5.74994 0
      vertex 69.101 5.99748 3
      vertex 69.101 5.99748 0
    endloop
  endfacet
  facet normal -0.989188 -0.146656 0
    outer loop
      vertex 69.101 5.99748 3
      vertex 69.1377 5.74994 0
      vertex 69.1377 5.74994 3
    endloop
  endfacet
  facet normal 0.941547 0.336881 0
    outer loop
      vertex 64.2441 4.52416 3
      vertex 64.1598 4.75977 0
      vertex 64.1598 4.75977 3
    endloop
  endfacet
  facet normal 0.941547 0.336881 0
    outer loop
      vertex 64.1598 4.75977 0
      vertex 64.2441 4.52416 3
      vertex 64.2441 4.52416 0
    endloop
  endfacet
  facet normal -0.427418 0.904054 0
    outer loop
      vertex 67.8021 3.2511 0
      vertex 67.5758 3.14411 3
      vertex 67.8021 3.2511 3
    endloop
  endfacet
  facet normal -0.427418 0.904054 0
    outer loop
      vertex 67.5758 3.14411 3
      vertex 67.8021 3.2511 0
      vertex 67.5758 3.14411 0
    endloop
  endfacet
  facet normal 0.941547 -0.336881 0
    outer loop
      vertex 64.1598 6.24023 3
      vertex 64.2441 6.47584 0
      vertex 64.2441 6.47584 3
    endloop
  endfacet
  facet normal 0.941547 -0.336881 0
    outer loop
      vertex 64.2441 6.47584 0
      vertex 64.1598 6.24023 3
      vertex 64.1598 6.24023 0
    endloop
  endfacet
  facet normal -0.970037 -0.242959 0
    outer loop
      vertex 69.101 5.99748 0
      vertex 69.0402 6.24023 3
      vertex 69.0402 6.24023 0
    endloop
  endfacet
  facet normal -0.970037 -0.242959 0
    outer loop
      vertex 69.0402 6.24023 3
      vertex 69.101 5.99748 0
      vertex 69.101 5.99748 3
    endloop
  endfacet
  facet normal 0.0490804 0.998795 -0
    outer loop
      vertex 66.6 2.95 0
      vertex 66.3501 2.96228 3
      vertex 66.6 2.95 3
    endloop
  endfacet
  facet normal 0.0490804 0.998795 0
    outer loop
      vertex 66.3501 2.96228 3
      vertex 66.6 2.95 0
      vertex 66.3501 2.96228 0
    endloop
  endfacet
  facet normal -0.67161 0.740905 0
    outer loop
      vertex 68.4031 3.69688 0
      vertex 68.2177 3.52882 3
      vertex 68.4031 3.69688 3
    endloop
  endfacet
  facet normal -0.67161 0.740905 0
    outer loop
      vertex 68.2177 3.52882 3
      vertex 68.4031 3.69688 0
      vertex 68.2177 3.52882 0
    endloop
  endfacet
  facet normal 0.427418 0.904054 -0
    outer loop
      vertex 65.6242 3.14411 0
      vertex 65.3979 3.2511 3
      vertex 65.6242 3.14411 3
    endloop
  endfacet
  facet normal 0.427418 0.904054 0
    outer loop
      vertex 65.3979 3.2511 3
      vertex 65.6242 3.14411 0
      vertex 65.3979 3.2511 0
    endloop
  endfacet
  facet normal 0.67161 0.740905 -0
    outer loop
      vertex 64.9823 3.52882 0
      vertex 64.7969 3.69688 3
      vertex 64.9823 3.52882 3
    endloop
  endfacet
  facet normal 0.67161 0.740905 0
    outer loop
      vertex 64.7969 3.69688 3
      vertex 64.9823 3.52882 0
      vertex 64.7969 3.69688 0
    endloop
  endfacet
  facet normal -0.336929 -0.94153 0
    outer loop
      vertex 67.3402 7.9402 0
      vertex 67.5758 7.85589 3
      vertex 67.3402 7.9402 3
    endloop
  endfacet
  facet normal -0.336929 -0.94153 -0
    outer loop
      vertex 67.5758 7.85589 3
      vertex 67.3402 7.9402 0
      vertex 67.5758 7.85589 0
    endloop
  endfacet
  facet normal 0.336929 0.94153 -0
    outer loop
      vertex 65.8598 3.0598 0
      vertex 65.6242 3.14411 3
      vertex 65.8598 3.0598 3
    endloop
  endfacet
  facet normal 0.336929 0.94153 0
    outer loop
      vertex 65.6242 3.14411 3
      vertex 65.8598 3.0598 0
      vertex 65.6242 3.14411 0
    endloop
  endfacet
  facet normal -0.803345 0.595514 0
    outer loop
      vertex 68.5712 3.8823 0
      vertex 68.7202 4.0833 3
      vertex 68.7202 4.0833 0
    endloop
  endfacet
  facet normal -0.803345 0.595514 0
    outer loop
      vertex 68.7202 4.0833 3
      vertex 68.5712 3.8823 0
      vertex 68.5712 3.8823 3
    endloop
  endfacet
  facet normal 0.857641 0.514249 0
    outer loop
      vertex 64.4798 4.0833 3
      vertex 64.3511 4.29794 0
      vertex 64.3511 4.29794 3
    endloop
  endfacet
  facet normal 0.857641 0.514249 0
    outer loop
      vertex 64.3511 4.29794 0
      vertex 64.4798 4.0833 3
      vertex 64.4798 4.0833 0
    endloop
  endfacet
  facet normal -0.998791 -0.0491523 0
    outer loop
      vertex 69.15 5.5 0
      vertex 69.1377 5.74994 3
      vertex 69.1377 5.74994 0
    endloop
  endfacet
  facet normal -0.998791 -0.0491523 0
    outer loop
      vertex 69.1377 5.74994 3
      vertex 69.15 5.5 0
      vertex 69.15 5.5 3
    endloop
  endfacet
  facet normal -0.90398 -0.427574 0
    outer loop
      vertex 68.9559 6.47584 0
      vertex 68.8489 6.70206 3
      vertex 68.8489 6.70206 0
    endloop
  endfacet
  facet normal -0.90398 -0.427574 0
    outer loop
      vertex 68.8489 6.70206 3
      vertex 68.9559 6.47584 0
      vertex 68.9559 6.47584 3
    endloop
  endfacet
  facet normal 0.67161 -0.740905 0
    outer loop
      vertex 64.7969 7.30312 0
      vertex 64.9823 7.47118 3
      vertex 64.7969 7.30312 3
    endloop
  endfacet
  facet normal 0.67161 -0.740905 0
    outer loop
      vertex 64.9823 7.47118 3
      vertex 64.7969 7.30312 0
      vertex 64.9823 7.47118 0
    endloop
  endfacet
  facet normal -0.595695 0.803211 0
    outer loop
      vertex 68.2177 3.52882 0
      vertex 68.0167 3.37975 3
      vertex 68.2177 3.52882 3
    endloop
  endfacet
  facet normal -0.595695 0.803211 0
    outer loop
      vertex 68.0167 3.37975 3
      vertex 68.2177 3.52882 0
      vertex 68.0167 3.37975 0
    endloop
  endfacet
  facet normal 0.514172 -0.857687 0
    outer loop
      vertex 65.1833 7.62025 0
      vertex 65.3979 7.7489 3
      vertex 65.1833 7.62025 3
    endloop
  endfacet
  facet normal 0.514172 -0.857687 0
    outer loop
      vertex 65.3979 7.7489 3
      vertex 65.1833 7.62025 0
      vertex 65.3979 7.7489 0
    endloop
  endfacet
  facet normal -0.514172 0.857687 0
    outer loop
      vertex 68.0167 3.37975 0
      vertex 67.8021 3.2511 3
      vertex 68.0167 3.37975 3
    endloop
  endfacet
  facet normal -0.514172 0.857687 0
    outer loop
      vertex 67.8021 3.2511 3
      vertex 68.0167 3.37975 0
      vertex 67.8021 3.2511 0
    endloop
  endfacet
  facet normal -0.146699 -0.989181 0
    outer loop
      vertex 66.8499 8.03772 0
      vertex 67.0975 8.001 3
      vertex 66.8499 8.03772 3
    endloop
  endfacet
  facet normal -0.146699 -0.989181 -0
    outer loop
      vertex 67.0975 8.001 3
      vertex 66.8499 8.03772 0
      vertex 67.0975 8.001 0
    endloop
  endfacet
  facet normal -0.941547 0.336881 0
    outer loop
      vertex 68.9559 4.52416 0
      vertex 69.0402 4.75977 3
      vertex 69.0402 4.75977 0
    endloop
  endfacet
  facet normal -0.941547 0.336881 0
    outer loop
      vertex 69.0402 4.75977 3
      vertex 68.9559 4.52416 0
      vertex 68.9559 4.52416 3
    endloop
  endfacet
  facet normal -0.857641 -0.514249 0
    outer loop
      vertex 68.8489 6.70206 0
      vertex 68.7202 6.9167 3
      vertex 68.7202 6.9167 0
    endloop
  endfacet
  facet normal -0.857641 -0.514249 0
    outer loop
      vertex 68.7202 6.9167 3
      vertex 68.8489 6.70206 0
      vertex 68.8489 6.70206 3
    endloop
  endfacet
  facet normal 0.998791 -0.0491523 0
    outer loop
      vertex 64.05 5.5 3
      vertex 64.0623 5.74994 0
      vertex 64.0623 5.74994 3
    endloop
  endfacet
  facet normal 0.998791 -0.0491523 0
    outer loop
      vertex 64.0623 5.74994 0
      vertex 64.05 5.5 3
      vertex 64.05 5.5 0
    endloop
  endfacet
  facet normal -0.941547 -0.336881 0
    outer loop
      vertex 69.0402 6.24023 0
      vertex 68.9559 6.47584 3
      vertex 68.9559 6.47584 0
    endloop
  endfacet
  facet normal -0.941547 -0.336881 0
    outer loop
      vertex 68.9559 6.47584 3
      vertex 69.0402 6.24023 0
      vertex 69.0402 6.24023 3
    endloop
  endfacet
  facet normal -0.740861 0.671658 0
    outer loop
      vertex 68.4031 3.69688 0
      vertex 68.5712 3.8823 3
      vertex 68.5712 3.8823 0
    endloop
  endfacet
  facet normal -0.740861 0.671658 0
    outer loop
      vertex 68.5712 3.8823 3
      vertex 68.4031 3.69688 0
      vertex 68.4031 3.69688 3
    endloop
  endfacet
  facet normal -0.0490804 0.998795 0
    outer loop
      vertex 66.8499 2.96228 0
      vertex 66.6 2.95 3
      vertex 66.8499 2.96228 3
    endloop
  endfacet
  facet normal -0.0490804 0.998795 0
    outer loop
      vertex 66.6 2.95 3
      vertex 66.8499 2.96228 0
      vertex 66.6 2.95 0
    endloop
  endfacet
  facet normal -0.90398 0.427574 0
    outer loop
      vertex 68.8489 4.29794 0
      vertex 68.9559 4.52416 3
      vertex 68.9559 4.52416 0
    endloop
  endfacet
  facet normal -0.90398 0.427574 0
    outer loop
      vertex 68.9559 4.52416 3
      vertex 68.8489 4.29794 0
      vertex 68.8489 4.29794 3
    endloop
  endfacet
  facet normal 0.146699 -0.989181 0
    outer loop
      vertex 66.1025 8.001 0
      vertex 66.3501 8.03772 3
      vertex 66.1025 8.001 3
    endloop
  endfacet
  facet normal 0.146699 -0.989181 0
    outer loop
      vertex 66.3501 8.03772 3
      vertex 66.1025 8.001 0
      vertex 66.3501 8.03772 0
    endloop
  endfacet
  facet normal -0.67161 -0.740905 0
    outer loop
      vertex 68.2177 7.47118 0
      vertex 68.4031 7.30312 3
      vertex 68.2177 7.47118 3
    endloop
  endfacet
  facet normal -0.67161 -0.740905 -0
    outer loop
      vertex 68.4031 7.30312 3
      vertex 68.2177 7.47118 0
      vertex 68.4031 7.30312 0
    endloop
  endfacet
  facet normal -0.857641 0.514249 0
    outer loop
      vertex 68.7202 4.0833 0
      vertex 68.8489 4.29794 3
      vertex 68.8489 4.29794 0
    endloop
  endfacet
  facet normal -0.857641 0.514249 0
    outer loop
      vertex 68.8489 4.29794 3
      vertex 68.7202 4.0833 0
      vertex 68.7202 4.0833 3
    endloop
  endfacet
  facet normal 0.0490804 -0.998795 0
    outer loop
      vertex 66.3501 8.03772 0
      vertex 66.6 8.05 3
      vertex 66.3501 8.03772 3
    endloop
  endfacet
  facet normal 0.0490804 -0.998795 0
    outer loop
      vertex 66.6 8.05 3
      vertex 66.3501 8.03772 0
      vertex 66.6 8.05 0
    endloop
  endfacet
  facet normal 0.740861 0.671658 0
    outer loop
      vertex 64.7969 3.69688 3
      vertex 64.6288 3.8823 0
      vertex 64.6288 3.8823 3
    endloop
  endfacet
  facet normal 0.740861 0.671658 0
    outer loop
      vertex 64.6288 3.8823 0
      vertex 64.7969 3.69688 3
      vertex 64.7969 3.69688 0
    endloop
  endfacet
  facet normal 0.146699 0.989181 -0
    outer loop
      vertex 66.3501 2.96228 0
      vertex 66.1025 2.999 3
      vertex 66.3501 2.96228 3
    endloop
  endfacet
  facet normal 0.146699 0.989181 0
    outer loop
      vertex 66.1025 2.999 3
      vertex 66.3501 2.96228 0
      vertex 66.1025 2.999 0
    endloop
  endfacet
  facet normal 0.90398 0.427574 0
    outer loop
      vertex 64.3511 4.29794 3
      vertex 64.2441 4.52416 0
      vertex 64.2441 4.52416 3
    endloop
  endfacet
  facet normal 0.90398 0.427574 0
    outer loop
      vertex 64.2441 4.52416 0
      vertex 64.3511 4.29794 3
      vertex 64.3511 4.29794 0
    endloop
  endfacet
  facet normal 0.970037 0.242959 0
    outer loop
      vertex 64.1598 4.75977 3
      vertex 64.099 5.00252 0
      vertex 64.099 5.00252 3
    endloop
  endfacet
  facet normal 0.970037 0.242959 0
    outer loop
      vertex 64.099 5.00252 0
      vertex 64.1598 4.75977 3
      vertex 64.1598 4.75977 0
    endloop
  endfacet
  facet normal -0.243006 0.970025 0
    outer loop
      vertex 67.3402 3.0598 0
      vertex 67.0975 2.999 3
      vertex 67.3402 3.0598 3
    endloop
  endfacet
  facet normal -0.243006 0.970025 0
    outer loop
      vertex 67.0975 2.999 3
      vertex 67.3402 3.0598 0
      vertex 67.0975 2.999 0
    endloop
  endfacet
  facet normal 0.970037 -0.242959 0
    outer loop
      vertex 64.099 5.99748 3
      vertex 64.1598 6.24023 0
      vertex 64.1598 6.24023 3
    endloop
  endfacet
  facet normal 0.970037 -0.242959 0
    outer loop
      vertex 64.1598 6.24023 0
      vertex 64.099 5.99748 3
      vertex 64.099 5.99748 0
    endloop
  endfacet
  facet normal 0.427418 -0.904054 0
    outer loop
      vertex 65.3979 7.7489 0
      vertex 65.6242 7.85589 3
      vertex 65.3979 7.7489 3
    endloop
  endfacet
  facet normal 0.427418 -0.904054 0
    outer loop
      vertex 65.6242 7.85589 3
      vertex 65.3979 7.7489 0
      vertex 65.6242 7.85589 0
    endloop
  endfacet
  facet normal 0.740861 -0.671658 0
    outer loop
      vertex 64.6288 7.1177 3
      vertex 64.7969 7.30312 0
      vertex 64.7969 7.30312 3
    endloop
  endfacet
  facet normal 0.740861 -0.671658 0
    outer loop
      vertex 64.7969 7.30312 0
      vertex 64.6288 7.1177 3
      vertex 64.6288 7.1177 0
    endloop
  endfacet
  facet normal -0.427418 -0.904054 0
    outer loop
      vertex 67.5758 7.85589 0
      vertex 67.8021 7.7489 3
      vertex 67.5758 7.85589 3
    endloop
  endfacet
  facet normal -0.427418 -0.904054 -0
    outer loop
      vertex 67.8021 7.7489 3
      vertex 67.5758 7.85589 0
      vertex 67.8021 7.7489 0
    endloop
  endfacet
  facet normal -0.0490804 -0.998795 0
    outer loop
      vertex 66.6 8.05 0
      vertex 66.8499 8.03772 3
      vertex 66.6 8.05 3
    endloop
  endfacet
  facet normal -0.0490804 -0.998795 -0
    outer loop
      vertex 66.8499 8.03772 3
      vertex 66.6 8.05 0
      vertex 66.8499 8.03772 0
    endloop
  endfacet
  facet normal 0.989188 -0.146656 0
    outer loop
      vertex 64.0623 5.74994 3
      vertex 64.099 5.99748 0
      vertex 64.099 5.99748 3
    endloop
  endfacet
  facet normal 0.989188 -0.146656 0
    outer loop
      vertex 64.099 5.99748 0
      vertex 64.0623 5.74994 3
      vertex 64.0623 5.74994 0
    endloop
  endfacet
  facet normal -0.595695 -0.803211 0
    outer loop
      vertex 68.0167 7.62025 0
      vertex 68.2177 7.47118 3
      vertex 68.0167 7.62025 3
    endloop
  endfacet
  facet normal -0.595695 -0.803211 -0
    outer loop
      vertex 68.2177 7.47118 3
      vertex 68.0167 7.62025 0
      vertex 68.2177 7.47118 0
    endloop
  endfacet
  facet normal 0.803345 -0.595514 0
    outer loop
      vertex 64.4798 6.9167 3
      vertex 64.6288 7.1177 0
      vertex 64.6288 7.1177 3
    endloop
  endfacet
  facet normal 0.803345 -0.595514 0
    outer loop
      vertex 64.6288 7.1177 0
      vertex 64.4798 6.9167 3
      vertex 64.4798 6.9167 0
    endloop
  endfacet
  facet normal 0.998791 0.0491523 0
    outer loop
      vertex 64.0623 5.25006 3
      vertex 64.05 5.5 0
      vertex 64.05 5.5 3
    endloop
  endfacet
  facet normal 0.998791 0.0491523 0
    outer loop
      vertex 64.05 5.5 0
      vertex 64.0623 5.25006 3
      vertex 64.0623 5.25006 0
    endloop
  endfacet
  facet normal -0.740861 -0.671658 0
    outer loop
      vertex 68.5712 7.1177 0
      vertex 68.4031 7.30312 3
      vertex 68.4031 7.30312 0
    endloop
  endfacet
  facet normal -0.740861 -0.671658 0
    outer loop
      vertex 68.4031 7.30312 3
      vertex 68.5712 7.1177 0
      vertex 68.5712 7.1177 3
    endloop
  endfacet
  facet normal 0.989176 -0.146732 0
    outer loop
      vertex 73.952 3.01227 3
      vertex 73.988 3.25496 0
      vertex 73.988 3.25496 3
    endloop
  endfacet
  facet normal 0.989176 -0.146732 0
    outer loop
      vertex 73.988 3.25496 0
      vertex 73.952 3.01227 3
      vertex 73.952 3.01227 0
    endloop
  endfacet
  facet normal 0.998803 -0.048913 0
    outer loop
      vertex 73.988 3.25496 3
      vertex 74 3.5 0
      vertex 74 3.5 3
    endloop
  endfacet
  facet normal 0.998803 -0.048913 0
    outer loop
      vertex 74 3.5 0
      vertex 73.988 3.25496 3
      vertex 73.988 3.25496 0
    endloop
  endfacet
  facet normal 0 1 -0
    outer loop
      vertex 74 10 0
      vertex 0 10 3
      vertex 74 10 3
    endloop
  endfacet
  facet normal 0 1 0
    outer loop
      vertex 0 10 3
      vertex 74 10 0
      vertex 0 10 0
    endloop
  endfacet
  facet normal -0.803196 -0.595714 0
    outer loop
      vertex 0.567474 1.91402 0
      vertex 0.421326 2.11107 3
      vertex 0.421326 2.11107 0
    endloop
  endfacet
  facet normal -0.803196 -0.595714 0
    outer loop
      vertex 0.421326 2.11107 3
      vertex 0.567474 1.91402 0
      vertex 0.567474 1.91402 3
    endloop
  endfacet
  facet normal -0.595688 -0.803216 0
    outer loop
      vertex 0.914017 1.56747 0
      vertex 1.11107 1.42133 3
      vertex 0.914017 1.56747 3
    endloop
  endfacet
  facet normal -0.595688 -0.803216 -0
    outer loop
      vertex 1.11107 1.42133 3
      vertex 0.914017 1.56747 0
      vertex 1.11107 1.42133 0
    endloop
  endfacet
  facet normal 1 -0 0
    outer loop
      vertex 74 3.5 3
      vertex 74 10 0
      vertex 74 10 3
    endloop
  endfacet
  facet normal 1 0 0
    outer loop
      vertex 74 10 0
      vertex 74 3.5 3
      vertex 74 3.5 0
    endloop
  endfacet
  facet normal 0.0490836 -0.998795 0
    outer loop
      vertex 71.5 1 0
      vertex 71.745 1.01204 3
      vertex 71.5 1 3
    endloop
  endfacet
  facet normal 0.0490836 -0.998795 0
    outer loop
      vertex 71.745 1.01204 3
      vertex 71.5 1 0
      vertex 71.745 1.01204 0
    endloop
  endfacet
  facet normal 0.242996 -0.970027 0
    outer loop
      vertex 71.9877 1.04803 0
      vertex 72.2257 1.10765 3
      vertex 71.9877 1.04803 3
    endloop
  endfacet
  facet normal 0.242996 -0.970027 0
    outer loop
      vertex 72.2257 1.10765 3
      vertex 71.9877 1.04803 0
      vertex 72.2257 1.10765 0
    endloop
  endfacet
  facet normal -0.0490756 -0.998795 0
    outer loop
      vertex 2.25496 1.01204 0
      vertex 2.5 1 3
      vertex 2.25496 1.01204 3
    endloop
  endfacet
  facet normal -0.0490756 -0.998795 -0
    outer loop
      vertex 2.5 1 3
      vertex 2.25496 1.01204 0
      vertex 2.5 1 0
    endloop
  endfacet
  facet normal -1 0 0
    outer loop
      vertex 0 3.5 0
      vertex 0 10 3
      vertex 0 10 0
    endloop
  endfacet
  facet normal -1 -0 0
    outer loop
      vertex 0 10 3
      vertex 0 3.5 0
      vertex 0 3.5 3
    endloop
  endfacet
  facet normal -0.857725 -0.514109 0
    outer loop
      vertex 0.421326 2.11107 0
      vertex 0.295197 2.3215 3
      vertex 0.295197 2.3215 0
    endloop
  endfacet
  facet normal -0.857725 -0.514109 0
    outer loop
      vertex 0.295197 2.3215 3
      vertex 0.421326 2.11107 0
      vertex 0.421326 2.11107 3
    endloop
  endfacet
  facet normal -0.514112 -0.857723 0
    outer loop
      vertex 1.11107 1.42133 0
      vertex 1.3215 1.2952 3
      vertex 1.11107 1.42133 3
    endloop
  endfacet
  facet normal -0.514112 -0.857723 -0
    outer loop
      vertex 1.3215 1.2952 3
      vertex 1.11107 1.42133 0
      vertex 1.3215 1.2952 0
    endloop
  endfacet
  facet normal -0.998795 -0.0490724 0
    outer loop
      vertex 0.0120392 3.25496 0
      vertex 0 3.5 3
      vertex 0 3.5 0
    endloop
  endfacet
  facet normal -0.998795 -0.0490724 0
    outer loop
      vertex 0 3.5 3
      vertex 0.0120392 3.25496 0
      vertex 0.0120392 3.25496 3
    endloop
  endfacet
  facet normal 0 -1 0
    outer loop
      vertex 2.5 1 0
      vertex 71.5 1 3
      vertex 2.5 1 3
    endloop
  endfacet
  facet normal 0 -1 -0
    outer loop
      vertex 71.5 1 3
      vertex 2.5 1 0
      vertex 71.5 1 0
    endloop
  endfacet
  facet normal 0.146686 -0.989183 0
    outer loop
      vertex 71.745 1.01204 0
      vertex 71.9877 1.04803 3
      vertex 71.745 1.01204 3
    endloop
  endfacet
  facet normal 0.146686 -0.989183 0
    outer loop
      vertex 71.9877 1.04803 3
      vertex 71.745 1.01204 0
      vertex 71.9877 1.04803 0
    endloop
  endfacet
  facet normal -0.970026 -0.243001 0
    outer loop
      vertex 0.107651 2.77429 0
      vertex 0.0480347 3.01227 3
      vertex 0.0480347 3.01227 0
    endloop
  endfacet
  facet normal -0.970026 -0.243001 0
    outer loop
      vertex 0.0480347 3.01227 3
      vertex 0.107651 2.77429 0
      vertex 0.107651 2.77429 3
    endloop
  endfacet
  facet normal 0.857777 -0.514022 0
    outer loop
      vertex 73.5787 2.11107 3
      vertex 73.7048 2.3215 0
      vertex 73.7048 2.3215 3
    endloop
  endfacet
  facet normal 0.857777 -0.514022 0
    outer loop
      vertex 73.7048 2.3215 0
      vertex 73.5787 2.11107 3
      vertex 73.5787 2.11107 0
    endloop
  endfacet
  facet normal 0.741064 -0.671434 0
    outer loop
      vertex 73.2678 1.73224 3
      vertex 73.4325 1.91402 0
      vertex 73.4325 1.91402 3
    endloop
  endfacet
  facet normal 0.741064 -0.671434 0
    outer loop
      vertex 73.4325 1.91402 0
      vertex 73.2678 1.73224 3
      vertex 73.2678 1.73224 0
    endloop
  endfacet
  facet normal -0.989179 -0.146714 0
    outer loop
      vertex 0.0480347 3.01227 0
      vertex 0.0120392 3.25496 3
      vertex 0.0120392 3.25496 0
    endloop
  endfacet
  facet normal -0.989179 -0.146714 0
    outer loop
      vertex 0.0120392 3.25496 3
      vertex 0.0480347 3.01227 0
      vertex 0.0480347 3.01227 3
    endloop
  endfacet
  facet normal 0.595596 -0.803284 0
    outer loop
      vertex 72.8889 1.42133 0
      vertex 73.086 1.56747 3
      vertex 72.8889 1.42133 3
    endloop
  endfacet
  facet normal 0.595596 -0.803284 0
    outer loop
      vertex 73.086 1.56747 3
      vertex 72.8889 1.42133 0
      vertex 73.086 1.56747 0
    endloop
  endfacet
  facet normal 0.969946 -0.243322 0
    outer loop
      vertex 73.8923 2.77429 3
      vertex 73.952 3.01227 0
      vertex 73.952 3.01227 3
    endloop
  endfacet
  facet normal 0.969946 -0.243322 0
    outer loop
      vertex 73.952 3.01227 0
      vertex 73.8923 2.77429 3
      vertex 73.8923 2.77429 0
    endloop
  endfacet
  facet normal -0.671595 -0.740919 0
    outer loop
      vertex 0.732239 1.73224 0
      vertex 0.914017 1.56747 3
      vertex 0.732239 1.73224 3
    endloop
  endfacet
  facet normal -0.671595 -0.740919 -0
    outer loop
      vertex 0.914017 1.56747 3
      vertex 0.732239 1.73224 0
      vertex 0.914017 1.56747 0
    endloop
  endfacet
  facet normal 0.903987 -0.427559 0
    outer loop
      vertex 73.7048 2.3215 3
      vertex 73.8097 2.54329 0
      vertex 73.8097 2.54329 3
    endloop
  endfacet
  facet normal 0.903987 -0.427559 0
    outer loop
      vertex 73.8097 2.54329 0
      vertex 73.7048 2.3215 3
      vertex 73.7048 2.3215 0
    endloop
  endfacet
  facet normal -0.336915 -0.941535 0
    outer loop
      vertex 1.54329 1.19031 0
      vertex 1.77429 1.10765 3
      vertex 1.54329 1.19031 3
    endloop
  endfacet
  facet normal -0.336915 -0.941535 -0
    outer loop
      vertex 1.77429 1.10765 3
      vertex 1.54329 1.19031 0
      vertex 1.77429 1.10765 0
    endloop
  endfacet
  facet normal 0.67155 -0.740959 0
    outer loop
      vertex 73.086 1.56747 0
      vertex 73.2678 1.73224 3
      vertex 73.086 1.56747 3
    endloop
  endfacet
  facet normal 0.67155 -0.740959 0
    outer loop
      vertex 73.2678 1.73224 3
      vertex 73.086 1.56747 0
      vertex 73.2678 1.73224 0
    endloop
  endfacet
  facet normal -0.243015 -0.970022 0
    outer loop
      vertex 1.77429 1.10765 0
      vertex 2.01227 1.04803 3
      vertex 1.77429 1.10765 3
    endloop
  endfacet
  facet normal -0.243015 -0.970022 -0
    outer loop
      vertex 2.01227 1.04803 3
      vertex 1.77429 1.10765 0
      vertex 2.01227 1.04803 0
    endloop
  endfacet
  facet normal 0.941613 -0.336698 0
    outer loop
      vertex 73.8097 2.54329 3
      vertex 73.8923 2.77429 0
      vertex 73.8923 2.77429 3
    endloop
  endfacet
  facet normal 0.941613 -0.336698 0
    outer loop
      vertex 73.8923 2.77429 0
      vertex 73.8097 2.54329 3
      vertex 73.8097 2.54329 0
    endloop
  endfacet
  facet normal -0 0 1
    outer loop
      vertex 69.101 5.99748 3
      vertex 74 3.5 3
      vertex 74 10 3
    endloop
  endfacet
  facet normal -0 -0 1
    outer loop
      vertex 69.1377 5.74994 3
      vertex 74 3.5 3
      vertex 69.101 5.99748 3
    endloop
  endfacet
  facet normal -0 -0 1
    outer loop
      vertex 69.15 5.5 3
      vertex 74 3.5 3
      vertex 69.1377 5.74994 3
    endloop
  endfacet
  facet normal -0 0 1
    outer loop
      vertex 69.101 5.00252 3
      vertex 74 3.5 3
      vertex 69.1377 5.25006 3
    endloop
  endfacet
  facet normal -0 0 1
    outer loop
      vertex 69.0402 4.75977 3
      vertex 74 3.5 3
      vertex 69.101 5.00252 3
    endloop
  endfacet
  facet normal -0 0 1
    outer loop
      vertex 68.9559 4.52416 3
      vertex 74 3.5 3
      vertex 69.0402 4.75977 3
    endloop
  endfacet
  facet normal 0 0 1
    outer loop
      vertex 74 3.5 3
      vertex 68.9559 4.52416 3
      vertex 73.988 3.25496 3
    endloop
  endfacet
  facet normal 0 0 1
    outer loop
      vertex 73.988 3.25496 3
      vertex 68.9559 4.52416 3
      vertex 73.952 3.01227 3
    endloop
  endfacet
  facet normal 0 0 1
    outer loop
      vertex 73.952 3.01227 3
      vertex 68.9559 4.52416 3
      vertex 73.8923 2.77429 3
    endloop
  endfacet
  facet normal 0 0 1
    outer loop
      vertex 73.8097 2.54329 3
      vertex 68.9559 4.52416 3
      vertex 73.7048 2.3215 3
    endloop
  endfacet
  facet normal 0 0 1
    outer loop
      vertex 73.7048 2.3215 3
      vertex 68.9559 4.52416 3
      vertex 73.5787 2.11107 3
    endloop
  endfacet
  facet normal 0 0 1
    outer loop
      vertex 73.5787 2.11107 3
      vertex 68.9559 4.52416 3
      vertex 73.4325 1.91402 3
    endloop
  endfacet
  facet normal 0 0 1
    outer loop
      vertex 73.4325 1.91402 3
      vertex 68.9559 4.52416 3
      vertex 73.2678 1.73224 3
    endloop
  endfacet
  facet normal 0 0 1
    outer loop
      vertex 73.2678 1.73224 3
      vertex 68.9559 4.52416 3
      vertex 73.086 1.56747 3
    endloop
  endfacet
  facet normal 0 0 1
    outer loop
      vertex 73.086 1.56747 3
      vertex 68.9559 4.52416 3
      vertex 72.8889 1.42133 3
    endloop
  endfacet
  facet normal 0 0 1
    outer loop
      vertex 72.8889 1.42133 3
      vertex 68.9559 4.52416 3
      vertex 72.6785 1.2952 3
    endloop
  endfacet
  facet normal 0 0 1
    outer loop
      vertex 72.6785 1.2952 3
      vertex 68.9559 4.52416 3
      vertex 72.4567 1.19031 3
    endloop
  endfacet
  facet normal 0 0 1
    outer loop
      vertex 73.8923 2.77429 3
      vertex 68.9559 4.52416 3
      vertex 73.8097 2.54329 3
    endloop
  endfacet
  facet normal -0 0 1
    outer loop
      vertex 69.1377 5.25006 3
      vertex 74 3.5 3
      vertex 69.15 5.5 3
    endloop
  endfacet
  facet normal 0 0 1
    outer loop
      vertex 74 10 3
      vertex 69.0402 6.24023 3
      vertex 69.101 5.99748 3
    endloop
  endfacet
  facet normal 0 0 1
    outer loop
      vertex 74 10 3
      vertex 68.9559 6.47584 3
      vertex 69.0402 6.24023 3
    endloop
  endfacet
  facet normal 0 0 1
    outer loop
      vertex 74 10 3
      vertex 68.8489 6.70206 3
      vertex 68.9559 6.47584 3
    endloop
  endfacet
  facet normal 0 0 1
    outer loop
      vertex 74 10 3
      vertex 68.7202 6.9167 3
      vertex 68.8489 6.70206 3
    endloop
  endfacet
  facet normal 0 0 1
    outer loop
      vertex 74 10 3
      vertex 68.5712 7.1177 3
      vertex 68.7202 6.9167 3
    endloop
  endfacet
  facet normal 0 0 1
    outer loop
      vertex 74 10 3
      vertex 68.4031 7.30312 3
      vertex 68.5712 7.1177 3
    endloop
  endfacet
  facet normal 0 0 1
    outer loop
      vertex 74 10 3
      vertex 68.2177 7.47118 3
      vertex 68.4031 7.30312 3
    endloop
  endfacet
  facet normal 0 0 1
    outer loop
      vertex 74 10 3
      vertex 68.0167 7.62025 3
      vertex 68.2177 7.47118 3
    endloop
  endfacet
  facet normal 0 0 1
    outer loop
      vertex 74 10 3
      vertex 67.8021 7.7489 3
      vertex 68.0167 7.62025 3
    endloop
  endfacet
  facet normal 0 0 1
    outer loop
      vertex 74 10 3
      vertex 67.5758 7.85589 3
      vertex 67.8021 7.7489 3
    endloop
  endfacet
  facet normal 0 0 1
    outer loop
      vertex 74 10 3
      vertex 67.3402 7.9402 3
      vertex 67.5758 7.85589 3
    endloop
  endfacet
  facet normal 0 0 1
    outer loop
      vertex 74 10 3
      vertex 67.0975 8.001 3
      vertex 67.3402 7.9402 3
    endloop
  endfacet
  facet normal 0 0 1
    outer loop
      vertex 74 10 3
      vertex 66.8499 8.03772 3
      vertex 67.0975 8.001 3
    endloop
  endfacet
  facet normal 0 0 1
    outer loop
      vertex 74 10 3
      vertex 66.6 8.05 3
      vertex 66.8499 8.03772 3
    endloop
  endfacet
  facet normal 0 0 1
    outer loop
      vertex 74 10 3
      vertex 66.3501 8.03772 3
      vertex 66.6 8.05 3
    endloop
  endfacet
  facet normal 0 0 1
    outer loop
      vertex 74 10 3
      vertex 66.1025 8.001 3
      vertex 66.3501 8.03772 3
    endloop
  endfacet
  facet normal 0 0 1
    outer loop
      vertex 52.2975 8.001 3
      vertex 66.1025 8.001 3
      vertex 74 10 3
    endloop
  endfacet
  facet normal 0 0 1
    outer loop
      vertex 64.0623 5.74994 3
      vertex 54.35 5.5 3
      vertex 64.05 5.5 3
    endloop
  endfacet
  facet normal 0 0 1
    outer loop
      vertex 54.3377 5.74994 3
      vertex 64.0623 5.74994 3
      vertex 64.099 5.99748 3
    endloop
  endfacet
  facet normal 0 0 1
    outer loop
      vertex 54.301 5.99748 3
      vertex 64.099 5.99748 3
      vertex 64.1598 6.24023 3
    endloop
  endfacet
  facet normal 0 0 1
    outer loop
      vertex 54.2402 6.24023 3
      vertex 64.1598 6.24023 3
      vertex 64.2441 6.47584 3
    endloop
  endfacet
  facet normal 0 0 1
    outer loop
      vertex 54.1559 6.47584 3
      vertex 64.2441 6.47584 3
      vertex 64.3511 6.70206 3
    endloop
  endfacet
  facet normal 0 0 1
    outer loop
      vertex 54.0489 6.70206 3
      vertex 64.3511 6.70206 3
      vertex 64.4798 6.9167 3
    endloop
  endfacet
  facet normal 0 0 1
    outer loop
      vertex 53.9202 6.9167 3
      vertex 64.4798 6.9167 3
      vertex 64.6288 7.1177 3
    endloop
  endfacet
  facet normal 0 0 1
    outer loop
      vertex 53.7712 7.1177 3
      vertex 64.6288 7.1177 3
      vertex 64.7969 7.30312 3
    endloop
  endfacet
  facet normal 0 0 1
    outer loop
      vertex 53.6031 7.30312 3
      vertex 64.7969 7.30312 3
      vertex 64.9823 7.47118 3
    endloop
  endfacet
  facet normal 0 0 1
    outer loop
      vertex 53.4177 7.47118 3
      vertex 64.9823 7.47118 3
      vertex 65.1833 7.62025 3
    endloop
  endfacet
  facet normal 0 0 1
    outer loop
      vertex 53.2167 7.62025 3
      vertex 65.1833 7.62025 3
      vertex 65.3979 7.7489 3
    endloop
  endfacet
  facet normal 0 0 1
    outer loop
      vertex 53.0021 7.7489 3
      vertex 65.3979 7.7489 3
      vertex 65.6242 7.85589 3
    endloop
  endfacet
  facet normal 0 0 1
    outer loop
      vertex 52.7758 7.85589 3
      vertex 65.6242 7.85589 3
      vertex 65.8598 7.9402 3
    endloop
  endfacet
  facet normal 0 0 1
    outer loop
      vertex 66.1025 8.001 3
      vertex 52.2975 8.001 3
      vertex 65.8598 7.9402 3
    endloop
  endfacet
  facet normal 0 0 1
    outer loop
      vertex 64.0623 5.74994 3
      vertex 54.3377 5.74994 3
      vertex 54.35 5.5 3
    endloop
  endfacet
  facet normal 0 0 1
    outer loop
      vertex 64.099 5.99748 3
      vertex 54.301 5.99748 3
      vertex 54.3377 5.74994 3
    endloop
  endfacet
  facet normal 0 0 1
    outer loop
      vertex 64.1598 6.24023 3
      vertex 54.2402 6.24023 3
      vertex 54.301 5.99748 3
    endloop
  endfacet
  facet normal 0 0 1
    outer loop
      vertex 64.2441 6.47584 3
      vertex 54.1559 6.47584 3
      vertex 54.2402 6.24023 3
    endloop
  endfacet
  facet normal 0 0 1
    outer loop
      vertex 64.3511 6.70206 3
      vertex 54.0489 6.70206 3
      vertex 54.1559 6.47584 3
    endloop
  endfacet
  facet normal 0 0 1
    outer loop
      vertex 64.4798 6.9167 3
      vertex 53.9202 6.9167 3
      vertex 54.0489 6.70206 3
    endloop
  endfacet
  facet normal 0 0 1
    outer loop
      vertex 64.6288 7.1177 3
      vertex 53.7712 7.1177 3
      vertex 53.9202 6.9167 3
    endloop
  endfacet
  facet normal 0 0 1
    outer loop
      vertex 64.7969 7.30312 3
      vertex 53.6031 7.30312 3
      vertex 53.7712 7.1177 3
    endloop
  endfacet
  facet normal 0 0 1
    outer loop
      vertex 64.9823 7.47118 3
      vertex 53.4177 7.47118 3
      vertex 53.6031 7.30312 3
    endloop
  endfacet
  facet normal 0 0 1
    outer loop
      vertex 65.1833 7.62025 3
      vertex 53.2167 7.62025 3
      vertex 53.4177 7.47118 3
    endloop
  endfacet
  facet normal 0 0 1
    outer loop
      vertex 65.3979 7.7489 3
      vertex 53.0021 7.7489 3
      vertex 53.2167 7.62025 3
    endloop
  endfacet
  facet normal 0 0 1
    outer loop
      vertex 65.6242 7.85589 3
      vertex 52.7758 7.85589 3
      vertex 53.0021 7.7489 3
    endloop
  endfacet
  facet normal 0 0 1
    outer loop
      vertex 65.8598 7.9402 3
      vertex 52.5402 7.9402 3
      vertex 52.7758 7.85589 3
    endloop
  endfacet
  facet normal 0 0 1
    outer loop
      vertex 65.8598 7.9402 3
      vertex 52.2975 8.001 3
      vertex 52.5402 7.9402 3
    endloop
  endfacet
  facet normal 0 0 1
    outer loop
      vertex 74 10 3
      vertex 52.0499 8.03772 3
      vertex 52.2975 8.001 3
    endloop
  endfacet
  facet normal 0 0 1
    outer loop
      vertex 74 10 3
      vertex 51.8 8.05 3
      vertex 52.0499 8.03772 3
    endloop
  endfacet
  facet normal 0 0 1
    outer loop
      vertex 37 8.05 3
      vertex 51.8 8.05 3
      vertex 74 10 3
    endloop
  endfacet
  facet normal 0 0 1
    outer loop
      vertex 49.2623 5.74994 3
      vertex 39.55 5.5 3
      vertex 49.25 5.5 3
    endloop
  endfacet
  facet normal 0 0 1
    outer loop
      vertex 39.5377 5.74994 3
      vertex 49.2623 5.74994 3
      vertex 49.299 5.99748 3
    endloop
  endfacet
  facet normal 0 0 1
    outer loop
      vertex 39.501 5.99748 3
      vertex 49.299 5.99748 3
      vertex 49.3598 6.24023 3
    endloop
  endfacet
  facet normal 0 0 1
    outer loop
      vertex 39.4402 6.24023 3
      vertex 49.3598 6.24023 3
      vertex 49.4441 6.47584 3
    endloop
  endfacet
  facet normal 0 0 1
    outer loop
      vertex 39.3559 6.47584 3
      vertex 49.4441 6.47584 3
      vertex 49.5511 6.70206 3
    endloop
  endfacet
  facet normal 0 0 1
    outer loop
      vertex 39.2489 6.70206 3
      vertex 49.5511 6.70206 3
      vertex 49.6798 6.9167 3
    endloop
  endfacet
  facet normal 0 0 1
    outer loop
      vertex 39.1202 6.9167 3
      vertex 49.6798 6.9167 3
      vertex 49.8288 7.1177 3
    endloop
  endfacet
  facet normal 0 0 1
    outer loop
      vertex 38.9712 7.1177 3
      vertex 49.8288 7.1177 3
      vertex 49.9969 7.30312 3
    endloop
  endfacet
  facet normal 0 0 1
    outer loop
      vertex 38.8031 7.30312 3
      vertex 49.9969 7.30312 3
      vertex 50.1823 7.47118 3
    endloop
  endfacet
  facet normal 0 0 1
    outer loop
      vertex 38.6177 7.47118 3
      vertex 50.1823 7.47118 3
      vertex 50.3833 7.62025 3
    endloop
  endfacet
  facet normal 0 0 1
    outer loop
      vertex 38.4167 7.62025 3
      vertex 50.3833 7.62025 3
      vertex 50.5979 7.7489 3
    endloop
  endfacet
  facet normal 0 0 1
    outer loop
      vertex 38.2021 7.7489 3
      vertex 50.5979 7.7489 3
      vertex 50.8242 7.85589 3
    endloop
  endfacet
  facet normal 0 0 1
    outer loop
      vertex 37.9758 7.85589 3
      vertex 50.8242 7.85589 3
      vertex 51.0598 7.9402 3
    endloop
  endfacet
  facet normal 0 0 1
    outer loop
      vertex 37.7402 7.9402 3
      vertex 51.0598 7.9402 3
      vertex 51.3025 8.001 3
    endloop
  endfacet
  facet normal 0 0 1
    outer loop
      vertex 49.2623 5.74994 3
      vertex 39.5377 5.74994 3
      vertex 39.55 5.5 3
    endloop
  endfacet
  facet normal 0 0 1
    outer loop
      vertex 49.299 5.99748 3
      vertex 39.501 5.99748 3
      vertex 39.5377 5.74994 3
    endloop
  endfacet
  facet normal 0 0 1
    outer loop
      vertex 49.3598 6.24023 3
      vertex 39.4402 6.24023 3
      vertex 39.501 5.99748 3
    endloop
  endfacet
  facet normal 0 0 1
    outer loop
      vertex 49.4441 6.47584 3
      vertex 39.3559 6.47584 3
      vertex 39.4402 6.24023 3
    endloop
  endfacet
  facet normal 0 0 1
    outer loop
      vertex 37.4975 8.001 3
      vertex 51.3025 8.001 3
      vertex 51.5501 8.03772 3
    endloop
  endfacet
  facet normal 0 0 1
    outer loop
      vertex 49.5511 6.70206 3
      vertex 39.2489 6.70206 3
      vertex 39.3559 6.47584 3
    endloop
  endfacet
  facet normal 0 0 1
    outer loop
      vertex 49.6798 6.9167 3
      vertex 39.1202 6.9167 3
      vertex 39.2489 6.70206 3
    endloop
  endfacet
  facet normal 0 0 1
    outer loop
      vertex 49.8288 7.1177 3
      vertex 38.9712 7.1177 3
      vertex 39.1202 6.9167 3
    endloop
  endfacet
  facet normal 0 0 1
    outer loop
      vertex 51.8 8.05 3
      vertex 37 8.05 3
      vertex 51.5501 8.03772 3
    endloop
  endfacet
  facet normal 0 0 1
    outer loop
      vertex 49.9969 7.30312 3
      vertex 38.8031 7.30312 3
      vertex 38.9712 7.1177 3
    endloop
  endfacet
  facet normal 0 0 1
    outer loop
      vertex 50.1823 7.47118 3
      vertex 38.6177 7.47118 3
      vertex 38.8031 7.30312 3
    endloop
  endfacet
  facet normal 0 0 1
    outer loop
      vertex 50.3833 7.62025 3
      vertex 38.4167 7.62025 3
      vertex 38.6177 7.47118 3
    endloop
  endfacet
  facet normal 0 0 1
    outer loop
      vertex 50.5979 7.7489 3
      vertex 38.2021 7.7489 3
      vertex 38.4167 7.62025 3
    endloop
  endfacet
  facet normal 0 0 1
    outer loop
      vertex 50.8242 7.85589 3
      vertex 37.9758 7.85589 3
      vertex 38.2021 7.7489 3
    endloop
  endfacet
  facet normal 0 0 1
    outer loop
      vertex 51.0598 7.9402 3
      vertex 37.7402 7.9402 3
      vertex 37.9758 7.85589 3
    endloop
  endfacet
  facet normal 0 0 1
    outer loop
      vertex 51.3025 8.001 3
      vertex 37.4975 8.001 3
      vertex 37.7402 7.9402 3
    endloop
  endfacet
  facet normal 0 0 1
    outer loop
      vertex 51.5501 8.03772 3
      vertex 37.2499 8.03772 3
      vertex 37.4975 8.001 3
    endloop
  endfacet
  facet normal 0 0 1
    outer loop
      vertex 51.5501 8.03772 3
      vertex 37 8.05 3
      vertex 37.2499 8.03772 3
    endloop
  endfacet
  facet normal -0 0 1
    outer loop
      vertex 0 10 3
      vertex 37 8.05 3
      vertex 74 10 3
    endloop
  endfacet
  facet normal 0 0 1
    outer loop
      vertex 34.4623 5.74994 3
      vertex 24.75 5.5 3
      vertex 34.45 5.5 3
    endloop
  endfacet
  facet normal 0 0 1
    outer loop
      vertex 24.7377 5.74994 3
      vertex 34.4623 5.74994 3
      vertex 34.499 5.99748 3
    endloop
  endfacet
  facet normal 0 0 1
    outer loop
      vertex 24.701 5.99748 3
      vertex 34.499 5.99748 3
      vertex 34.5598 6.24023 3
    endloop
  endfacet
  facet normal 0 0 1
    outer loop
      vertex 24.6402 6.24023 3
      vertex 34.5598 6.24023 3
      vertex 34.6441 6.47584 3
    endloop
  endfacet
  facet normal 0 0 1
    outer loop
      vertex 24.5559 6.47584 3
      vertex 34.6441 6.47584 3
      vertex 34.7511 6.70206 3
    endloop
  endfacet
  facet normal 0 0 1
    outer loop
      vertex 24.4489 6.70206 3
      vertex 34.7511 6.70206 3
      vertex 34.8798 6.9167 3
    endloop
  endfacet
  facet normal 0 0 1
    outer loop
      vertex 24.3202 6.9167 3
      vertex 34.8798 6.9167 3
      vertex 35.0288 7.1177 3
    endloop
  endfacet
  facet normal 0 0 1
    outer loop
      vertex 24.1712 7.1177 3
      vertex 35.0288 7.1177 3
      vertex 35.1969 7.30312 3
    endloop
  endfacet
  facet normal 0 0 1
    outer loop
      vertex 24.0031 7.30312 3
      vertex 35.1969 7.30312 3
      vertex 35.3823 7.47118 3
    endloop
  endfacet
  facet normal 0 0 1
    outer loop
      vertex 23.8177 7.47118 3
      vertex 35.3823 7.47118 3
      vertex 35.5833 7.62025 3
    endloop
  endfacet
  facet normal 0 0 1
    outer loop
      vertex 23.6167 7.62025 3
      vertex 35.5833 7.62025 3
      vertex 35.7979 7.7489 3
    endloop
  endfacet
  facet normal 0 0 1
    outer loop
      vertex 23.4021 7.7489 3
      vertex 35.7979 7.7489 3
      vertex 36.0242 7.85589 3
    endloop
  endfacet
  facet normal 0 0 1
    outer loop
      vertex 23.1758 7.85589 3
      vertex 36.0242 7.85589 3
      vertex 36.2598 7.9402 3
    endloop
  endfacet
  facet normal 0 0 1
    outer loop
      vertex 22.9402 7.9402 3
      vertex 36.2598 7.9402 3
      vertex 36.5025 8.001 3
    endloop
  endfacet
  facet normal 0 0 1
    outer loop
      vertex 34.4623 5.74994 3
      vertex 24.7377 5.74994 3
      vertex 24.75 5.5 3
    endloop
  endfacet
  facet normal 0 0 1
    outer loop
      vertex 34.499 5.99748 3
      vertex 24.701 5.99748 3
      vertex 24.7377 5.74994 3
    endloop
  endfacet
  facet normal 0 0 1
    outer loop
      vertex 34.5598 6.24023 3
      vertex 24.6402 6.24023 3
      vertex 24.701 5.99748 3
    endloop
  endfacet
  facet normal 0 0 1
    outer loop
      vertex 34.6441 6.47584 3
      vertex 24.5559 6.47584 3
      vertex 24.6402 6.24023 3
    endloop
  endfacet
  facet normal 0 0 1
    outer loop
      vertex 22.6975 8.001 3
      vertex 36.5025 8.001 3
      vertex 36.7501 8.03772 3
    endloop
  endfacet
  facet normal 0 0 1
    outer loop
      vertex 34.7511 6.70206 3
      vertex 24.4489 6.70206 3
      vertex 24.5559 6.47584 3
    endloop
  endfacet
  facet normal 0 0 1
    outer loop
      vertex 34.8798 6.9167 3
      vertex 24.3202 6.9167 3
      vertex 24.4489 6.70206 3
    endloop
  endfacet
  facet normal 0 0 1
    outer loop
      vertex 35.0288 7.1177 3
      vertex 24.1712 7.1177 3
      vertex 24.3202 6.9167 3
    endloop
  endfacet
  facet normal 0 0 1
    outer loop
      vertex 35.1969 7.30312 3
      vertex 24.0031 7.30312 3
      vertex 24.1712 7.1177 3
    endloop
  endfacet
  facet normal 0 0 1
    outer loop
      vertex 35.3823 7.47118 3
      vertex 23.8177 7.47118 3
      vertex 24.0031 7.30312 3
    endloop
  endfacet
  facet normal 0 -0 1
    outer loop
      vertex 22.2 8.05 3
      vertex 37 8.05 3
      vertex 0 10 3
    endloop
  endfacet
  facet normal 0 0 1
    outer loop
      vertex 35.5833 7.62025 3
      vertex 23.6167 7.62025 3
      vertex 23.8177 7.47118 3
    endloop
  endfacet
  facet normal 0 0 1
    outer loop
      vertex 35.7979 7.7489 3
      vertex 23.4021 7.7489 3
      vertex 23.6167 7.62025 3
    endloop
  endfacet
  facet normal 0 0 1
    outer loop
      vertex 36.0242 7.85589 3
      vertex 23.1758 7.85589 3
      vertex 23.4021 7.7489 3
    endloop
  endfacet
  facet normal 0 0 1
    outer loop
      vertex 36.2598 7.9402 3
      vertex 22.9402 7.9402 3
      vertex 23.1758 7.85589 3
    endloop
  endfacet
  facet normal 0 0 1
    outer loop
      vertex 36.5025 8.001 3
      vertex 22.6975 8.001 3
      vertex 22.9402 7.9402 3
    endloop
  endfacet
  facet normal 0 0 1
    outer loop
      vertex 36.7501 8.03772 3
      vertex 22.4499 8.03772 3
      vertex 22.6975 8.001 3
    endloop
  endfacet
  facet normal 0 0 1
    outer loop
      vertex 36.7501 8.03772 3
      vertex 22.2 8.05 3
      vertex 22.4499 8.03772 3
    endloop
  endfacet
  facet normal 0 0 1
    outer loop
      vertex 19.6623 5.74994 3
      vertex 9.95 5.5 3
      vertex 19.65 5.5 3
    endloop
  endfacet
  facet normal 0 0 1
    outer loop
      vertex 9.93772 5.74994 3
      vertex 19.6623 5.74994 3
      vertex 19.699 5.99748 3
    endloop
  endfacet
  facet normal 0 0 1
    outer loop
      vertex 9.901 5.99748 3
      vertex 19.699 5.99748 3
      vertex 19.7598 6.24023 3
    endloop
  endfacet
  facet normal 0 0 1
    outer loop
      vertex 9.8402 6.24023 3
      vertex 19.7598 6.24023 3
      vertex 19.8441 6.47584 3
    endloop
  endfacet
  facet normal 0 0 1
    outer loop
      vertex 9.75589 6.47584 3
      vertex 19.8441 6.47584 3
      vertex 19.9511 6.70206 3
    endloop
  endfacet
  facet normal 0 0 1
    outer loop
      vertex 9.6489 6.70206 3
      vertex 19.9511 6.70206 3
      vertex 20.0798 6.9167 3
    endloop
  endfacet
  facet normal 0 0 1
    outer loop
      vertex 9.52025 6.9167 3
      vertex 20.0798 6.9167 3
      vertex 20.2288 7.1177 3
    endloop
  endfacet
  facet normal 0 0 1
    outer loop
      vertex 9.37118 7.1177 3
      vertex 20.2288 7.1177 3
      vertex 20.3969 7.30312 3
    endloop
  endfacet
  facet normal 0 0 1
    outer loop
      vertex 9.20312 7.30312 3
      vertex 20.3969 7.30312 3
      vertex 20.5823 7.47118 3
    endloop
  endfacet
  facet normal 0 0 1
    outer loop
      vertex 9.0177 7.47118 3
      vertex 20.5823 7.47118 3
      vertex 20.7833 7.62025 3
    endloop
  endfacet
  facet normal 0 0 1
    outer loop
      vertex 8.8167 7.62025 3
      vertex 20.7833 7.62025 3
      vertex 20.9979 7.7489 3
    endloop
  endfacet
  facet normal 0 0 1
    outer loop
      vertex 8.60206 7.7489 3
      vertex 20.9979 7.7489 3
      vertex 21.2242 7.85589 3
    endloop
  endfacet
  facet normal 0 0 1
    outer loop
      vertex 8.37584 7.85589 3
      vertex 21.2242 7.85589 3
      vertex 21.4598 7.9402 3
    endloop
  endfacet
  facet normal 0 0 1
    outer loop
      vertex 8.14023 7.9402 3
      vertex 21.4598 7.9402 3
      vertex 21.7025 8.001 3
    endloop
  endfacet
  facet normal 0 0 1
    outer loop
      vertex 19.6623 5.74994 3
      vertex 9.93772 5.74994 3
      vertex 9.95 5.5 3
    endloop
  endfacet
  facet normal 0 0 1
    outer loop
      vertex 19.699 5.99748 3
      vertex 9.901 5.99748 3
      vertex 9.93772 5.74994 3
    endloop
  endfacet
  facet normal 0 0 1
    outer loop
      vertex 19.7598 6.24023 3
      vertex 9.8402 6.24023 3
      vertex 9.901 5.99748 3
    endloop
  endfacet
  facet normal 0 0 1
    outer loop
      vertex 19.8441 6.47584 3
      vertex 9.75589 6.47584 3
      vertex 9.8402 6.24023 3
    endloop
  endfacet
  facet normal 0 0 1
    outer loop
      vertex 0 10 3
      vertex 21.7025 8.001 3
      vertex 21.9501 8.03772 3
    endloop
  endfacet
  facet normal 0 0 1
    outer loop
      vertex 19.9511 6.70206 3
      vertex 9.6489 6.70206 3
      vertex 9.75589 6.47584 3
    endloop
  endfacet
  facet normal 0 0 1
    outer loop
      vertex 20.0798 6.9167 3
      vertex 9.52025 6.9167 3
      vertex 9.6489 6.70206 3
    endloop
  endfacet
  facet normal 0 0 1
    outer loop
      vertex 20.2288 7.1177 3
      vertex 9.37118 7.1177 3
      vertex 9.52025 6.9167 3
    endloop
  endfacet
  facet normal 0 0 1
    outer loop
      vertex 20.3969 7.30312 3
      vertex 9.20312 7.30312 3
      vertex 9.37118 7.1177 3
    endloop
  endfacet
  facet normal 0 0 1
    outer loop
      vertex 20.5823 7.47118 3
      vertex 9.0177 7.47118 3
      vertex 9.20312 7.30312 3
    endloop
  endfacet
  facet normal 0 0 1
    outer loop
      vertex 0 10 3
      vertex 21.9501 8.03772 3
      vertex 22.2 8.05 3
    endloop
  endfacet
  facet normal 0 0 1
    outer loop
      vertex 20.7833 7.62025 3
      vertex 8.8167 7.62025 3
      vertex 9.0177 7.47118 3
    endloop
  endfacet
  facet normal 0 0 1
    outer loop
      vertex 37 8.05 3
      vertex 22.2 8.05 3
      vertex 36.7501 8.03772 3
    endloop
  endfacet
  facet normal 0 0 1
    outer loop
      vertex 20.9979 7.7489 3
      vertex 8.60206 7.7489 3
      vertex 8.8167 7.62025 3
    endloop
  endfacet
  facet normal 0 0 1
    outer loop
      vertex 21.2242 7.85589 3
      vertex 8.37584 7.85589 3
      vertex 8.60206 7.7489 3
    endloop
  endfacet
  facet normal 0 0 1
    outer loop
      vertex 21.4598 7.9402 3
      vertex 8.14023 7.9402 3
      vertex 8.37584 7.85589 3
    endloop
  endfacet
  facet normal 0 0 1
    outer loop
      vertex 21.7025 8.001 3
      vertex 7.89748 8.001 3
      vertex 8.14023 7.9402 3
    endloop
  endfacet
  facet normal 0 0 1
    outer loop
      vertex 21.7025 8.001 3
      vertex 0 10 3
      vertex 7.89748 8.001 3
    endloop
  endfacet
  facet normal 0 0 1
    outer loop
      vertex 7.89748 8.001 3
      vertex 0 10 3
      vertex 7.64994 8.03772 3
    endloop
  endfacet
  facet normal 0 0 1
    outer loop
      vertex 0 3.5 3
      vertex 4.85 5.5 3
      vertex 4.86228 5.74994 3
    endloop
  endfacet
  facet normal 0 0 1
    outer loop
      vertex 0 3.5 3
      vertex 4.86228 5.74994 3
      vertex 4.899 5.99748 3
    endloop
  endfacet
  facet normal 0 0 1
    outer loop
      vertex 0 10 3
      vertex 4.899 5.99748 3
      vertex 4.9598 6.24023 3
    endloop
  endfacet
  facet normal 0 0 1
    outer loop
      vertex 0 10 3
      vertex 4.9598 6.24023 3
      vertex 5.04411 6.47584 3
    endloop
  endfacet
  facet normal 0 0 1
    outer loop
      vertex 4.85 5.5 3
      vertex 0 3.5 3
      vertex 2.5 1 3
    endloop
  endfacet
  facet normal 0 0 1
    outer loop
      vertex 0 10 3
      vertex 5.04411 6.47584 3
      vertex 5.1511 6.70206 3
    endloop
  endfacet
  facet normal 0 0 1
    outer loop
      vertex 2.5 1 3
      vertex 0 3.5 3
      vertex 2.25496 1.01204 3
    endloop
  endfacet
  facet normal 0 0 1
    outer loop
      vertex 2.25496 1.01204 3
      vertex 0 3.5 3
      vertex 2.01227 1.04803 3
    endloop
  endfacet
  facet normal 0 0 1
    outer loop
      vertex 0 10 3
      vertex 5.1511 6.70206 3
      vertex 5.27975 6.9167 3
    endloop
  endfacet
  facet normal 0 0 1
    outer loop
      vertex 2.01227 1.04803 3
      vertex 0 3.5 3
      vertex 1.77429 1.10765 3
    endloop
  endfacet
  facet normal 0 0 1
    outer loop
      vertex 1.77429 1.10765 3
      vertex 0 3.5 3
      vertex 1.54329 1.19031 3
    endloop
  endfacet
  facet normal 0 0 1
    outer loop
      vertex 1.54329 1.19031 3
      vertex 0 3.5 3
      vertex 1.3215 1.2952 3
    endloop
  endfacet
  facet normal 0 0 1
    outer loop
      vertex 0 10 3
      vertex 5.27975 6.9167 3
      vertex 5.42882 7.1177 3
    endloop
  endfacet
  facet normal 0 0 1
    outer loop
      vertex 1.3215 1.2952 3
      vertex 0 3.5 3
      vertex 1.11107 1.42133 3
    endloop
  endfacet
  facet normal 0 0 1
    outer loop
      vertex 1.11107 1.42133 3
      vertex 0 3.5 3
      vertex 0.914017 1.56747 3
    endloop
  endfacet
  facet normal 0 0 1
    outer loop
      vertex 0.914017 1.56747 3
      vertex 0 3.5 3
      vertex 0.732239 1.73224 3
    endloop
  endfacet
  facet normal 0 0 1
    outer loop
      vertex 0 10 3
      vertex 5.42882 7.1177 3
      vertex 5.59688 7.30312 3
    endloop
  endfacet
  facet normal 0 0 1
    outer loop
      vertex 0.732239 1.73224 3
      vertex 0 3.5 3
      vertex 0.567474 1.91402 3
    endloop
  endfacet
  facet normal 0 0 1
    outer loop
      vertex 0.567474 1.91402 3
      vertex 0 3.5 3
      vertex 0.421326 2.11107 3
    endloop
  endfacet
  facet normal 0 0 1
    outer loop
      vertex 0.421326 2.11107 3
      vertex 0 3.5 3
      vertex 0.295197 2.3215 3
    endloop
  endfacet
  facet normal 0 0 1
    outer loop
      vertex 0 10 3
      vertex 5.59688 7.30312 3
      vertex 5.7823 7.47118 3
    endloop
  endfacet
  facet normal 0 0 1
    outer loop
      vertex 0.295197 2.3215 3
      vertex 0 3.5 3
      vertex 0.190308 2.54329 3
    endloop
  endfacet
  facet normal 0 0 1
    outer loop
      vertex 0.190308 2.54329 3
      vertex 0 3.5 3
      vertex 0.107651 2.77429 3
    endloop
  endfacet
  facet normal 0 0 1
    outer loop
      vertex 0.107651 2.77429 3
      vertex 0 3.5 3
      vertex 0.0480347 3.01227 3
    endloop
  endfacet
  facet normal 0 0 1
    outer loop
      vertex 0 10 3
      vertex 5.7823 7.47118 3
      vertex 5.9833 7.62025 3
    endloop
  endfacet
  facet normal 0 0 1
    outer loop
      vertex 7.64994 8.03772 3
      vertex 0 10 3
      vertex 7.4 8.05 3
    endloop
  endfacet
  facet normal 0 0 1
    outer loop
      vertex 0 10 3
      vertex 7.15006 8.03772 3
      vertex 7.4 8.05 3
    endloop
  endfacet
  facet normal 0 0 1
    outer loop
      vertex 0 10 3
      vertex 6.90252 8.001 3
      vertex 7.15006 8.03772 3
    endloop
  endfacet
  facet normal 0 0 1
    outer loop
      vertex 0 10 3
      vertex 6.65977 7.9402 3
      vertex 6.90252 8.001 3
    endloop
  endfacet
  facet normal 0 0 1
    outer loop
      vertex 0 10 3
      vertex 6.42416 7.85589 3
      vertex 6.65977 7.9402 3
    endloop
  endfacet
  facet normal 0 0 1
    outer loop
      vertex 0 10 3
      vertex 6.19794 7.7489 3
      vertex 6.42416 7.85589 3
    endloop
  endfacet
  facet normal 0 0 1
    outer loop
      vertex 0 10 3
      vertex 5.9833 7.62025 3
      vertex 6.19794 7.7489 3
    endloop
  endfacet
  facet normal 0 0 1
    outer loop
      vertex 4.899 5.99748 3
      vertex 0 10 3
      vertex 0 3.5 3
    endloop
  endfacet
  facet normal 0 0 1
    outer loop
      vertex 0.0480347 3.01227 3
      vertex 0 3.5 3
      vertex 0.0120392 3.25496 3
    endloop
  endfacet
  facet normal 0 0 1
    outer loop
      vertex 72.4567 1.19031 3
      vertex 68.9559 4.52416 3
      vertex 72.2257 1.10765 3
    endloop
  endfacet
  facet normal 0 0 1
    outer loop
      vertex 72.2257 1.10765 3
      vertex 68.9559 4.52416 3
      vertex 71.9877 1.04803 3
    endloop
  endfacet
  facet normal 0 0 1
    outer loop
      vertex 71.9877 1.04803 3
      vertex 68.9559 4.52416 3
      vertex 71.745 1.01204 3
    endloop
  endfacet
  facet normal 0 0 1
    outer loop
      vertex 71.745 1.01204 3
      vertex 68.9559 4.52416 3
      vertex 71.5 1 3
    endloop
  endfacet
  facet normal -0 0 1
    outer loop
      vertex 68.8489 4.29794 3
      vertex 71.5 1 3
      vertex 68.9559 4.52416 3
    endloop
  endfacet
  facet normal -0 0 1
    outer loop
      vertex 68.7202 4.0833 3
      vertex 71.5 1 3
      vertex 68.8489 4.29794 3
    endloop
  endfacet
  facet normal -0 0 1
    outer loop
      vertex 68.5712 3.8823 3
      vertex 71.5 1 3
      vertex 68.7202 4.0833 3
    endloop
  endfacet
  facet normal -0 0 1
    outer loop
      vertex 68.4031 3.69688 3
      vertex 71.5 1 3
      vertex 68.5712 3.8823 3
    endloop
  endfacet
  facet normal -0 0 1
    outer loop
      vertex 68.2177 3.52882 3
      vertex 71.5 1 3
      vertex 68.4031 3.69688 3
    endloop
  endfacet
  facet normal -0 0 1
    outer loop
      vertex 68.0167 3.37975 3
      vertex 71.5 1 3
      vertex 68.2177 3.52882 3
    endloop
  endfacet
  facet normal -0 0 1
    outer loop
      vertex 67.8021 3.2511 3
      vertex 71.5 1 3
      vertex 68.0167 3.37975 3
    endloop
  endfacet
  facet normal -0 0 1
    outer loop
      vertex 67.5758 3.14411 3
      vertex 71.5 1 3
      vertex 67.8021 3.2511 3
    endloop
  endfacet
  facet normal -0 0 1
    outer loop
      vertex 67.3402 3.0598 3
      vertex 71.5 1 3
      vertex 67.5758 3.14411 3
    endloop
  endfacet
  facet normal -0 0 1
    outer loop
      vertex 67.0975 2.999 3
      vertex 71.5 1 3
      vertex 67.3402 3.0598 3
    endloop
  endfacet
  facet normal -0 0 1
    outer loop
      vertex 66.8499 2.96228 3
      vertex 71.5 1 3
      vertex 67.0975 2.999 3
    endloop
  endfacet
  facet normal -0 0 1
    outer loop
      vertex 66.6 2.95 3
      vertex 71.5 1 3
      vertex 66.8499 2.96228 3
    endloop
  endfacet
  facet normal 0 0 1
    outer loop
      vertex 66.3501 2.96228 3
      vertex 71.5 1 3
      vertex 66.6 2.95 3
    endloop
  endfacet
  facet normal 0 0 1
    outer loop
      vertex 66.1025 2.999 3
      vertex 71.5 1 3
      vertex 66.3501 2.96228 3
    endloop
  endfacet
  facet normal 0 0 1
    outer loop
      vertex 65.8598 3.0598 3
      vertex 71.5 1 3
      vertex 66.1025 2.999 3
    endloop
  endfacet
  facet normal 0 0 1
    outer loop
      vertex 52.5402 3.0598 3
      vertex 65.8598 3.0598 3
      vertex 65.6242 3.14411 3
    endloop
  endfacet
  facet normal -0 0 1
    outer loop
      vertex 54.35 5.5 3
      vertex 64.0623 5.25006 3
      vertex 64.05 5.5 3
    endloop
  endfacet
  facet normal 0 0 1
    outer loop
      vertex 54.3377 5.25006 3
      vertex 64.0623 5.25006 3
      vertex 54.35 5.5 3
    endloop
  endfacet
  facet normal 0 0 1
    outer loop
      vertex 64.0623 5.25006 3
      vertex 54.3377 5.25006 3
      vertex 64.099 5.00252 3
    endloop
  endfacet
  facet normal 0 0 1
    outer loop
      vertex 54.301 5.00252 3
      vertex 64.099 5.00252 3
      vertex 54.3377 5.25006 3
    endloop
  endfacet
  facet normal 0 0 1
    outer loop
      vertex 64.099 5.00252 3
      vertex 54.301 5.00252 3
      vertex 64.1598 4.75977 3
    endloop
  endfacet
  facet normal 0 0 1
    outer loop
      vertex 54.2402 4.75977 3
      vertex 64.1598 4.75977 3
      vertex 54.301 5.00252 3
    endloop
  endfacet
  facet normal 0 0 1
    outer loop
      vertex 64.1598 4.75977 3
      vertex 54.2402 4.75977 3
      vertex 64.2441 4.52416 3
    endloop
  endfacet
  facet normal 0 0 1
    outer loop
      vertex 54.1559 4.52416 3
      vertex 64.2441 4.52416 3
      vertex 54.2402 4.75977 3
    endloop
  endfacet
  facet normal 0 0 1
    outer loop
      vertex 64.2441 4.52416 3
      vertex 54.1559 4.52416 3
      vertex 64.3511 4.29794 3
    endloop
  endfacet
  facet normal 0 0 1
    outer loop
      vertex 54.0489 4.29794 3
      vertex 64.3511 4.29794 3
      vertex 54.1559 4.52416 3
    endloop
  endfacet
  facet normal 0 0 1
    outer loop
      vertex 64.3511 4.29794 3
      vertex 54.0489 4.29794 3
      vertex 64.4798 4.0833 3
    endloop
  endfacet
  facet normal 0 0 1
    outer loop
      vertex 53.9202 4.0833 3
      vertex 64.4798 4.0833 3
      vertex 54.0489 4.29794 3
    endloop
  endfacet
  facet normal 0 0 1
    outer loop
      vertex 64.4798 4.0833 3
      vertex 53.9202 4.0833 3
      vertex 64.6288 3.8823 3
    endloop
  endfacet
  facet normal 0 0 1
    outer loop
      vertex 53.7712 3.8823 3
      vertex 64.6288 3.8823 3
      vertex 53.9202 4.0833 3
    endloop
  endfacet
  facet normal 0 0 1
    outer loop
      vertex 64.6288 3.8823 3
      vertex 53.7712 3.8823 3
      vertex 64.7969 3.69688 3
    endloop
  endfacet
  facet normal 0 0 1
    outer loop
      vertex 53.6031 3.69688 3
      vertex 64.7969 3.69688 3
      vertex 53.7712 3.8823 3
    endloop
  endfacet
  facet normal 0 0 1
    outer loop
      vertex 64.7969 3.69688 3
      vertex 53.6031 3.69688 3
      vertex 64.9823 3.52882 3
    endloop
  endfacet
  facet normal 0 0 1
    outer loop
      vertex 53.4177 3.52882 3
      vertex 64.9823 3.52882 3
      vertex 53.6031 3.69688 3
    endloop
  endfacet
  facet normal 0 0 1
    outer loop
      vertex 64.9823 3.52882 3
      vertex 53.4177 3.52882 3
      vertex 65.1833 3.37975 3
    endloop
  endfacet
  facet normal 0 0 1
    outer loop
      vertex 53.2167 3.37975 3
      vertex 65.1833 3.37975 3
      vertex 53.4177 3.52882 3
    endloop
  endfacet
  facet normal 0 0 1
    outer loop
      vertex 65.1833 3.37975 3
      vertex 53.2167 3.37975 3
      vertex 65.3979 3.2511 3
    endloop
  endfacet
  facet normal 0 0 1
    outer loop
      vertex 53.0021 3.2511 3
      vertex 65.3979 3.2511 3
      vertex 53.2167 3.37975 3
    endloop
  endfacet
  facet normal 0 0 1
    outer loop
      vertex 65.3979 3.2511 3
      vertex 53.0021 3.2511 3
      vertex 65.6242 3.14411 3
    endloop
  endfacet
  facet normal 0 0 1
    outer loop
      vertex 52.7758 3.14411 3
      vertex 65.6242 3.14411 3
      vertex 53.0021 3.2511 3
    endloop
  endfacet
  facet normal 0 0 1
    outer loop
      vertex 52.5402 3.0598 3
      vertex 65.6242 3.14411 3
      vertex 52.7758 3.14411 3
    endloop
  endfacet
  facet normal 0 0 1
    outer loop
      vertex 65.8598 3.0598 3
      vertex 52.5402 3.0598 3
      vertex 71.5 1 3
    endloop
  endfacet
  facet normal -0 0 1
    outer loop
      vertex 52.2975 2.999 3
      vertex 71.5 1 3
      vertex 52.5402 3.0598 3
    endloop
  endfacet
  facet normal -0 0 1
    outer loop
      vertex 52.0499 2.96228 3
      vertex 71.5 1 3
      vertex 52.2975 2.999 3
    endloop
  endfacet
  facet normal -0 0 1
    outer loop
      vertex 51.8 2.95 3
      vertex 71.5 1 3
      vertex 52.0499 2.96228 3
    endloop
  endfacet
  facet normal 0 0 1
    outer loop
      vertex 51.5501 2.96228 3
      vertex 71.5 1 3
      vertex 51.8 2.95 3
    endloop
  endfacet
  facet normal -0 0 1
    outer loop
      vertex 39.55 5.5 3
      vertex 49.2623 5.25006 3
      vertex 49.25 5.5 3
    endloop
  endfacet
  facet normal 0 0 1
    outer loop
      vertex 39.5377 5.25006 3
      vertex 49.2623 5.25006 3
      vertex 39.55 5.5 3
    endloop
  endfacet
  facet normal 0 0 1
    outer loop
      vertex 49.2623 5.25006 3
      vertex 39.5377 5.25006 3
      vertex 49.299 5.00252 3
    endloop
  endfacet
  facet normal 0 0 1
    outer loop
      vertex 39.501 5.00252 3
      vertex 49.299 5.00252 3
      vertex 39.5377 5.25006 3
    endloop
  endfacet
  facet normal 0 0 1
    outer loop
      vertex 49.299 5.00252 3
      vertex 39.501 5.00252 3
      vertex 49.3598 4.75977 3
    endloop
  endfacet
  facet normal 0 0 1
    outer loop
      vertex 39.4402 4.75977 3
      vertex 49.3598 4.75977 3
      vertex 39.501 5.00252 3
    endloop
  endfacet
  facet normal 0 0 1
    outer loop
      vertex 49.3598 4.75977 3
      vertex 39.4402 4.75977 3
      vertex 49.4441 4.52416 3
    endloop
  endfacet
  facet normal 0 0 1
    outer loop
      vertex 39.3559 4.52416 3
      vertex 49.4441 4.52416 3
      vertex 39.4402 4.75977 3
    endloop
  endfacet
  facet normal 0 0 1
    outer loop
      vertex 49.4441 4.52416 3
      vertex 39.3559 4.52416 3
      vertex 49.5511 4.29794 3
    endloop
  endfacet
  facet normal 0 0 1
    outer loop
      vertex 39.2489 4.29794 3
      vertex 49.5511 4.29794 3
      vertex 39.3559 4.52416 3
    endloop
  endfacet
  facet normal 0 0 1
    outer loop
      vertex 49.5511 4.29794 3
      vertex 39.2489 4.29794 3
      vertex 49.6798 4.0833 3
    endloop
  endfacet
  facet normal 0 0 1
    outer loop
      vertex 39.1202 4.0833 3
      vertex 49.6798 4.0833 3
      vertex 39.2489 4.29794 3
    endloop
  endfacet
  facet normal 0 0 1
    outer loop
      vertex 49.6798 4.0833 3
      vertex 39.1202 4.0833 3
      vertex 49.8288 3.8823 3
    endloop
  endfacet
  facet normal 0 0 1
    outer loop
      vertex 38.9712 3.8823 3
      vertex 49.8288 3.8823 3
      vertex 39.1202 4.0833 3
    endloop
  endfacet
  facet normal 0 0 1
    outer loop
      vertex 49.8288 3.8823 3
      vertex 38.9712 3.8823 3
      vertex 49.9969 3.69688 3
    endloop
  endfacet
  facet normal 0 0 1
    outer loop
      vertex 38.8031 3.69688 3
      vertex 49.9969 3.69688 3
      vertex 38.9712 3.8823 3
    endloop
  endfacet
  facet normal 0 0 1
    outer loop
      vertex 49.9969 3.69688 3
      vertex 38.8031 3.69688 3
      vertex 50.1823 3.52882 3
    endloop
  endfacet
  facet normal 0 0 1
    outer loop
      vertex 38.6177 3.52882 3
      vertex 50.1823 3.52882 3
      vertex 38.8031 3.69688 3
    endloop
  endfacet
  facet normal 0 0 1
    outer loop
      vertex 50.1823 3.52882 3
      vertex 38.6177 3.52882 3
      vertex 50.3833 3.37975 3
    endloop
  endfacet
  facet normal 0 0 1
    outer loop
      vertex 38.4167 3.37975 3
      vertex 50.3833 3.37975 3
      vertex 38.6177 3.52882 3
    endloop
  endfacet
  facet normal 0 0 1
    outer loop
      vertex 50.3833 3.37975 3
      vertex 38.4167 3.37975 3
      vertex 50.5979 3.2511 3
    endloop
  endfacet
  facet normal 0 0 1
    outer loop
      vertex 38.2021 3.2511 3
      vertex 50.5979 3.2511 3
      vertex 38.4167 3.37975 3
    endloop
  endfacet
  facet normal 0 0 1
    outer loop
      vertex 50.5979 3.2511 3
      vertex 38.2021 3.2511 3
      vertex 50.8242 3.14411 3
    endloop
  endfacet
  facet normal 0 0 1
    outer loop
      vertex 37.9758 3.14411 3
      vertex 50.8242 3.14411 3
      vertex 38.2021 3.2511 3
    endloop
  endfacet
  facet normal 0 0 1
    outer loop
      vertex 50.8242 3.14411 3
      vertex 37.9758 3.14411 3
      vertex 51.0598 3.0598 3
    endloop
  endfacet
  facet normal 0 0 1
    outer loop
      vertex 37.7402 3.0598 3
      vertex 51.0598 3.0598 3
      vertex 37.9758 3.14411 3
    endloop
  endfacet
  facet normal 0 0 1
    outer loop
      vertex 51.0598 3.0598 3
      vertex 37.7402 3.0598 3
      vertex 51.3025 2.999 3
    endloop
  endfacet
  facet normal 0 0 1
    outer loop
      vertex 37.4975 2.999 3
      vertex 51.3025 2.999 3
      vertex 37.7402 3.0598 3
    endloop
  endfacet
  facet normal 0 0 1
    outer loop
      vertex 51.3025 2.999 3
      vertex 37.4975 2.999 3
      vertex 51.5501 2.96228 3
    endloop
  endfacet
  facet normal 0 0 1
    outer loop
      vertex 37.2499 2.96228 3
      vertex 51.5501 2.96228 3
      vertex 37.4975 2.999 3
    endloop
  endfacet
  facet normal 0 0 1
    outer loop
      vertex 51.5501 2.96228 3
      vertex 37.2499 2.96228 3
      vertex 71.5 1 3
    endloop
  endfacet
  facet normal -0 0 1
    outer loop
      vertex 37 2.95 3
      vertex 71.5 1 3
      vertex 37.2499 2.96228 3
    endloop
  endfacet
  facet normal 0 0 1
    outer loop
      vertex 2.5 1 3
      vertex 37 2.95 3
      vertex 36.7501 2.96228 3
    endloop
  endfacet
  facet normal -0 0 1
    outer loop
      vertex 24.75 5.5 3
      vertex 34.4623 5.25006 3
      vertex 34.45 5.5 3
    endloop
  endfacet
  facet normal 0 0 1
    outer loop
      vertex 24.7377 5.25006 3
      vertex 34.4623 5.25006 3
      vertex 24.75 5.5 3
    endloop
  endfacet
  facet normal 0 0 1
    outer loop
      vertex 34.4623 5.25006 3
      vertex 24.7377 5.25006 3
      vertex 34.499 5.00252 3
    endloop
  endfacet
  facet normal 0 0 1
    outer loop
      vertex 24.701 5.00252 3
      vertex 34.499 5.00252 3
      vertex 24.7377 5.25006 3
    endloop
  endfacet
  facet normal 0 0 1
    outer loop
      vertex 34.499 5.00252 3
      vertex 24.701 5.00252 3
      vertex 34.5598 4.75977 3
    endloop
  endfacet
  facet normal 0 0 1
    outer loop
      vertex 24.6402 4.75977 3
      vertex 34.5598 4.75977 3
      vertex 24.701 5.00252 3
    endloop
  endfacet
  facet normal 0 0 1
    outer loop
      vertex 34.5598 4.75977 3
      vertex 24.6402 4.75977 3
      vertex 34.6441 4.52416 3
    endloop
  endfacet
  facet normal 0 0 1
    outer loop
      vertex 24.5559 4.52416 3
      vertex 34.6441 4.52416 3
      vertex 24.6402 4.75977 3
    endloop
  endfacet
  facet normal 0 0 1
    outer loop
      vertex 34.6441 4.52416 3
      vertex 24.5559 4.52416 3
      vertex 34.7511 4.29794 3
    endloop
  endfacet
  facet normal 0 0 1
    outer loop
      vertex 24.4489 4.29794 3
      vertex 34.7511 4.29794 3
      vertex 24.5559 4.52416 3
    endloop
  endfacet
  facet normal 0 0 1
    outer loop
      vertex 34.7511 4.29794 3
      vertex 24.4489 4.29794 3
      vertex 34.8798 4.0833 3
    endloop
  endfacet
  facet normal 0 0 1
    outer loop
      vertex 24.3202 4.0833 3
      vertex 34.8798 4.0833 3
      vertex 24.4489 4.29794 3
    endloop
  endfacet
  facet normal 0 0 1
    outer loop
      vertex 34.8798 4.0833 3
      vertex 24.3202 4.0833 3
      vertex 35.0288 3.8823 3
    endloop
  endfacet
  facet normal 0 0 1
    outer loop
      vertex 24.1712 3.8823 3
      vertex 35.0288 3.8823 3
      vertex 24.3202 4.0833 3
    endloop
  endfacet
  facet normal 0 0 1
    outer loop
      vertex 35.0288 3.8823 3
      vertex 24.1712 3.8823 3
      vertex 35.1969 3.69688 3
    endloop
  endfacet
  facet normal 0 0 1
    outer loop
      vertex 24.0031 3.69688 3
      vertex 35.1969 3.69688 3
      vertex 24.1712 3.8823 3
    endloop
  endfacet
  facet normal 0 0 1
    outer loop
      vertex 35.1969 3.69688 3
      vertex 24.0031 3.69688 3
      vertex 35.3823 3.52882 3
    endloop
  endfacet
  facet normal 0 0 1
    outer loop
      vertex 23.8177 3.52882 3
      vertex 35.3823 3.52882 3
      vertex 24.0031 3.69688 3
    endloop
  endfacet
  facet normal 0 0 1
    outer loop
      vertex 35.3823 3.52882 3
      vertex 23.8177 3.52882 3
      vertex 35.5833 3.37975 3
    endloop
  endfacet
  facet normal 0 0 1
    outer loop
      vertex 23.6167 3.37975 3
      vertex 35.5833 3.37975 3
      vertex 23.8177 3.52882 3
    endloop
  endfacet
  facet normal 0 0 1
    outer loop
      vertex 35.5833 3.37975 3
      vertex 23.6167 3.37975 3
      vertex 35.7979 3.2511 3
    endloop
  endfacet
  facet normal 0 0 1
    outer loop
      vertex 23.4021 3.2511 3
      vertex 35.7979 3.2511 3
      vertex 23.6167 3.37975 3
    endloop
  endfacet
  facet normal 0 0 1
    outer loop
      vertex 35.7979 3.2511 3
      vertex 23.4021 3.2511 3
      vertex 36.0242 3.14411 3
    endloop
  endfacet
  facet normal 0 0 1
    outer loop
      vertex 23.1758 3.14411 3
      vertex 36.0242 3.14411 3
      vertex 23.4021 3.2511 3
    endloop
  endfacet
  facet normal 0 0 1
    outer loop
      vertex 36.0242 3.14411 3
      vertex 23.1758 3.14411 3
      vertex 36.2598 3.0598 3
    endloop
  endfacet
  facet normal 0 0 1
    outer loop
      vertex 22.9402 3.0598 3
      vertex 36.2598 3.0598 3
      vertex 23.1758 3.14411 3
    endloop
  endfacet
  facet normal 0 0 1
    outer loop
      vertex 36.2598 3.0598 3
      vertex 22.9402 3.0598 3
      vertex 36.5025 2.999 3
    endloop
  endfacet
  facet normal 0 0 1
    outer loop
      vertex 22.6975 2.999 3
      vertex 36.5025 2.999 3
      vertex 22.9402 3.0598 3
    endloop
  endfacet
  facet normal 0 0 1
    outer loop
      vertex 36.5025 2.999 3
      vertex 22.6975 2.999 3
      vertex 36.7501 2.96228 3
    endloop
  endfacet
  facet normal 0 0 1
    outer loop
      vertex 22.4499 2.96228 3
      vertex 36.7501 2.96228 3
      vertex 22.6975 2.999 3
    endloop
  endfacet
  facet normal 0 0 1
    outer loop
      vertex 22.2 2.95 3
      vertex 36.7501 2.96228 3
      vertex 22.4499 2.96228 3
    endloop
  endfacet
  facet normal 0 0 1
    outer loop
      vertex 2.5 1 3
      vertex 36.7501 2.96228 3
      vertex 22.2 2.95 3
    endloop
  endfacet
  facet normal -0 0 1
    outer loop
      vertex 9.95 5.5 3
      vertex 19.6623 5.25006 3
      vertex 19.65 5.5 3
    endloop
  endfacet
  facet normal 0 0 1
    outer loop
      vertex 9.93772 5.25006 3
      vertex 19.6623 5.25006 3
      vertex 9.95 5.5 3
    endloop
  endfacet
  facet normal 0 0 1
    outer loop
      vertex 19.6623 5.25006 3
      vertex 9.93772 5.25006 3
      vertex 19.699 5.00252 3
    endloop
  endfacet
  facet normal 0 0 1
    outer loop
      vertex 9.901 5.00252 3
      vertex 19.699 5.00252 3
      vertex 9.93772 5.25006 3
    endloop
  endfacet
  facet normal 0 0 1
    outer loop
      vertex 19.699 5.00252 3
      vertex 9.901 5.00252 3
      vertex 19.7598 4.75977 3
    endloop
  endfacet
  facet normal 0 0 1
    outer loop
      vertex 9.8402 4.75977 3
      vertex 19.7598 4.75977 3
      vertex 9.901 5.00252 3
    endloop
  endfacet
  facet normal 0 0 1
    outer loop
      vertex 19.7598 4.75977 3
      vertex 9.8402 4.75977 3
      vertex 19.8441 4.52416 3
    endloop
  endfacet
  facet normal 0 0 1
    outer loop
      vertex 9.75589 4.52416 3
      vertex 19.8441 4.52416 3
      vertex 9.8402 4.75977 3
    endloop
  endfacet
  facet normal 0 0 1
    outer loop
      vertex 19.8441 4.52416 3
      vertex 9.75589 4.52416 3
      vertex 19.9511 4.29794 3
    endloop
  endfacet
  facet normal 0 0 1
    outer loop
      vertex 9.6489 4.29794 3
      vertex 19.9511 4.29794 3
      vertex 9.75589 4.52416 3
    endloop
  endfacet
  facet normal 0 0 1
    outer loop
      vertex 19.9511 4.29794 3
      vertex 9.6489 4.29794 3
      vertex 20.0798 4.0833 3
    endloop
  endfacet
  facet normal 0 0 1
    outer loop
      vertex 9.52025 4.0833 3
      vertex 20.0798 4.0833 3
      vertex 9.6489 4.29794 3
    endloop
  endfacet
  facet normal 0 0 1
    outer loop
      vertex 20.0798 4.0833 3
      vertex 9.52025 4.0833 3
      vertex 20.2288 3.8823 3
    endloop
  endfacet
  facet normal 0 0 1
    outer loop
      vertex 9.37118 3.8823 3
      vertex 20.2288 3.8823 3
      vertex 9.52025 4.0833 3
    endloop
  endfacet
  facet normal 0 0 1
    outer loop
      vertex 20.2288 3.8823 3
      vertex 9.37118 3.8823 3
      vertex 20.3969 3.69688 3
    endloop
  endfacet
  facet normal 0 0 1
    outer loop
      vertex 9.20312 3.69688 3
      vertex 20.3969 3.69688 3
      vertex 9.37118 3.8823 3
    endloop
  endfacet
  facet normal 0 0 1
    outer loop
      vertex 20.3969 3.69688 3
      vertex 9.20312 3.69688 3
      vertex 20.5823 3.52882 3
    endloop
  endfacet
  facet normal 0 0 1
    outer loop
      vertex 9.0177 3.52882 3
      vertex 20.5823 3.52882 3
      vertex 9.20312 3.69688 3
    endloop
  endfacet
  facet normal 0 0 1
    outer loop
      vertex 20.5823 3.52882 3
      vertex 9.0177 3.52882 3
      vertex 20.7833 3.37975 3
    endloop
  endfacet
  facet normal 0 0 1
    outer loop
      vertex 8.8167 3.37975 3
      vertex 20.7833 3.37975 3
      vertex 9.0177 3.52882 3
    endloop
  endfacet
  facet normal 0 0 1
    outer loop
      vertex 20.7833 3.37975 3
      vertex 8.8167 3.37975 3
      vertex 20.9979 3.2511 3
    endloop
  endfacet
  facet normal 0 0 1
    outer loop
      vertex 8.60206 3.2511 3
      vertex 20.9979 3.2511 3
      vertex 8.8167 3.37975 3
    endloop
  endfacet
  facet normal 0 0 1
    outer loop
      vertex 20.9979 3.2511 3
      vertex 8.60206 3.2511 3
      vertex 21.2242 3.14411 3
    endloop
  endfacet
  facet normal 0 0 1
    outer loop
      vertex 8.37584 3.14411 3
      vertex 21.2242 3.14411 3
      vertex 8.60206 3.2511 3
    endloop
  endfacet
  facet normal 0 0 1
    outer loop
      vertex 21.2242 3.14411 3
      vertex 8.37584 3.14411 3
      vertex 21.4598 3.0598 3
    endloop
  endfacet
  facet normal 0 0 1
    outer loop
      vertex 8.14023 3.0598 3
      vertex 21.4598 3.0598 3
      vertex 8.37584 3.14411 3
    endloop
  endfacet
  facet normal 0 0 1
    outer loop
      vertex 21.4598 3.0598 3
      vertex 8.14023 3.0598 3
      vertex 21.7025 2.999 3
    endloop
  endfacet
  facet normal 0 0 1
    outer loop
      vertex 2.5 1 3
      vertex 21.7025 2.999 3
      vertex 8.14023 3.0598 3
    endloop
  endfacet
  facet normal 0 0 1
    outer loop
      vertex 21.7025 2.999 3
      vertex 2.5 1 3
      vertex 21.9501 2.96228 3
    endloop
  endfacet
  facet normal 0 0 1
    outer loop
      vertex 21.9501 2.96228 3
      vertex 2.5 1 3
      vertex 22.2 2.95 3
    endloop
  endfacet
  facet normal 0 0 1
    outer loop
      vertex 2.5 1 3
      vertex 8.14023 3.0598 3
      vertex 7.89748 2.999 3
    endloop
  endfacet
  facet normal 0 0 1
    outer loop
      vertex 2.5 1 3
      vertex 7.89748 2.999 3
      vertex 7.64994 2.96228 3
    endloop
  endfacet
  facet normal 0 0 1
    outer loop
      vertex 2.5 1 3
      vertex 7.64994 2.96228 3
      vertex 7.4 2.95 3
    endloop
  endfacet
  facet normal 0 0 1
    outer loop
      vertex 37 2.95 3
      vertex 2.5 1 3
      vertex 71.5 1 3
    endloop
  endfacet
  facet normal 0 0 1
    outer loop
      vertex 7.15006 2.96228 3
      vertex 2.5 1 3
      vertex 7.4 2.95 3
    endloop
  endfacet
  facet normal 0 0 1
    outer loop
      vertex 6.90252 2.999 3
      vertex 2.5 1 3
      vertex 7.15006 2.96228 3
    endloop
  endfacet
  facet normal 0 0 1
    outer loop
      vertex 6.65977 3.0598 3
      vertex 2.5 1 3
      vertex 6.90252 2.999 3
    endloop
  endfacet
  facet normal 0 0 1
    outer loop
      vertex 6.42416 3.14411 3
      vertex 2.5 1 3
      vertex 6.65977 3.0598 3
    endloop
  endfacet
  facet normal 0 0 1
    outer loop
      vertex 6.19794 3.2511 3
      vertex 2.5 1 3
      vertex 6.42416 3.14411 3
    endloop
  endfacet
  facet normal 0 0 1
    outer loop
      vertex 5.9833 3.37975 3
      vertex 2.5 1 3
      vertex 6.19794 3.2511 3
    endloop
  endfacet
  facet normal 0 0 1
    outer loop
      vertex 5.7823 3.52882 3
      vertex 2.5 1 3
      vertex 5.9833 3.37975 3
    endloop
  endfacet
  facet normal 0 0 1
    outer loop
      vertex 5.59688 3.69688 3
      vertex 2.5 1 3
      vertex 5.7823 3.52882 3
    endloop
  endfacet
  facet normal 0 0 1
    outer loop
      vertex 5.42882 3.8823 3
      vertex 2.5 1 3
      vertex 5.59688 3.69688 3
    endloop
  endfacet
  facet normal 0 0 1
    outer loop
      vertex 5.27975 4.0833 3
      vertex 2.5 1 3
      vertex 5.42882 3.8823 3
    endloop
  endfacet
  facet normal 0 0 1
    outer loop
      vertex 5.1511 4.29794 3
      vertex 2.5 1 3
      vertex 5.27975 4.0833 3
    endloop
  endfacet
  facet normal 0 0 1
    outer loop
      vertex 5.04411 4.52416 3
      vertex 2.5 1 3
      vertex 5.1511 4.29794 3
    endloop
  endfacet
  facet normal 0 0 1
    outer loop
      vertex 4.9598 4.75977 3
      vertex 2.5 1 3
      vertex 5.04411 4.52416 3
    endloop
  endfacet
  facet normal 0 0 1
    outer loop
      vertex 4.899 5.00252 3
      vertex 2.5 1 3
      vertex 4.9598 4.75977 3
    endloop
  endfacet
  facet normal 0 0 1
    outer loop
      vertex 4.86228 5.25006 3
      vertex 2.5 1 3
      vertex 4.899 5.00252 3
    endloop
  endfacet
  facet normal 0 0 1
    outer loop
      vertex 2.5 1 3
      vertex 4.86228 5.25006 3
      vertex 4.85 5.5 3
    endloop
  endfacet
  facet normal -0.146692 -0.989182 0
    outer loop
      vertex 2.01227 1.04803 0
      vertex 2.25496 1.01204 3
      vertex 2.01227 1.04803 3
    endloop
  endfacet
  facet normal -0.146692 -0.989182 -0
    outer loop
      vertex 2.25496 1.01204 3
      vertex 2.01227 1.04803 0
      vertex 2.25496 1.01204 0
    endloop
  endfacet
  facet normal 0.514166 -0.857691 0
    outer loop
      vertex 72.6785 1.2952 0
      vertex 72.8889 1.42133 3
      vertex 72.6785 1.2952 3
    endloop
  endfacet
  facet normal 0.514166 -0.857691 0
    outer loop
      vertex 72.8889 1.42133 3
      vertex 72.6785 1.2952 0
      vertex 72.8889 1.42133 0
    endloop
  endfacet
  facet normal 0.336915 -0.941535 0
    outer loop
      vertex 72.2257 1.10765 0
      vertex 72.4567 1.19031 3
      vertex 72.2257 1.10765 3
    endloop
  endfacet
  facet normal 0.336915 -0.941535 0
    outer loop
      vertex 72.4567 1.19031 3
      vertex 72.2257 1.10765 0
      vertex 72.4567 1.19031 0
    endloop
  endfacet
  facet normal 0.803095 -0.595851 0
    outer loop
      vertex 73.4325 1.91402 3
      vertex 73.5787 2.11107 0
      vertex 73.5787 2.11107 3
    endloop
  endfacet
  facet normal 0.803095 -0.595851 0
    outer loop
      vertex 73.5787 2.11107 0
      vertex 73.4325 1.91402 3
      vertex 73.4325 1.91402 0
    endloop
  endfacet
  facet normal 0 0 -1
    outer loop
      vertex 74 3.5 0
      vertex 69.1377 5.25006 0
      vertex 69.15 5.5 0
    endloop
  endfacet
  facet normal 0 0 -1
    outer loop
      vertex 74 3.5 0
      vertex 69.101 5.00252 0
      vertex 69.1377 5.25006 0
    endloop
  endfacet
  facet normal 0 0 -1
    outer loop
      vertex 74 3.5 0
      vertex 69.0402 4.75977 0
      vertex 69.101 5.00252 0
    endloop
  endfacet
  facet normal 0 0 -1
    outer loop
      vertex 74 3.5 0
      vertex 68.9559 4.52416 0
      vertex 69.0402 4.75977 0
    endloop
  endfacet
  facet normal 0 0 -1
    outer loop
      vertex 71.5 1 0
      vertex 68.8489 4.29794 0
      vertex 68.9559 4.52416 0
    endloop
  endfacet
  facet normal 0 0 -1
    outer loop
      vertex 71.5 1 0
      vertex 68.7202 4.0833 0
      vertex 68.8489 4.29794 0
    endloop
  endfacet
  facet normal 0 0 -1
    outer loop
      vertex 71.5 1 0
      vertex 68.5712 3.8823 0
      vertex 68.7202 4.0833 0
    endloop
  endfacet
  facet normal 0 0 -1
    outer loop
      vertex 71.5 1 0
      vertex 68.4031 3.69688 0
      vertex 68.5712 3.8823 0
    endloop
  endfacet
  facet normal 0 0 -1
    outer loop
      vertex 71.5 1 0
      vertex 68.2177 3.52882 0
      vertex 68.4031 3.69688 0
    endloop
  endfacet
  facet normal 0 0 -1
    outer loop
      vertex 71.5 1 0
      vertex 68.0167 3.37975 0
      vertex 68.2177 3.52882 0
    endloop
  endfacet
  facet normal 0 0 -1
    outer loop
      vertex 71.5 1 0
      vertex 67.8021 3.2511 0
      vertex 68.0167 3.37975 0
    endloop
  endfacet
  facet normal 0 0 -1
    outer loop
      vertex 71.5 1 0
      vertex 67.5758 3.14411 0
      vertex 67.8021 3.2511 0
    endloop
  endfacet
  facet normal 0 0 -1
    outer loop
      vertex 71.5 1 0
      vertex 67.3402 3.0598 0
      vertex 67.5758 3.14411 0
    endloop
  endfacet
  facet normal 0 0 -1
    outer loop
      vertex 71.5 1 0
      vertex 67.0975 2.999 0
      vertex 67.3402 3.0598 0
    endloop
  endfacet
  facet normal 0 0 -1
    outer loop
      vertex 71.5 1 0
      vertex 66.8499 2.96228 0
      vertex 67.0975 2.999 0
    endloop
  endfacet
  facet normal 0 0 -1
    outer loop
      vertex 71.5 1 0
      vertex 66.6 2.95 0
      vertex 66.8499 2.96228 0
    endloop
  endfacet
  facet normal 0 0 -1
    outer loop
      vertex 71.5 1 0
      vertex 66.3501 2.96228 0
      vertex 66.6 2.95 0
    endloop
  endfacet
  facet normal 0 0 -1
    outer loop
      vertex 71.5 1 0
      vertex 66.1025 2.999 0
      vertex 66.3501 2.96228 0
    endloop
  endfacet
  facet normal 0 0 -1
    outer loop
      vertex 71.5 1 0
      vertex 65.8598 3.0598 0
      vertex 66.1025 2.999 0
    endloop
  endfacet
  facet normal 0 0 -1
    outer loop
      vertex 52.5402 3.0598 0
      vertex 65.8598 3.0598 0
      vertex 71.5 1 0
    endloop
  endfacet
  facet normal 0 0 -1
    outer loop
      vertex 64.0623 5.25006 0
      vertex 54.35 5.5 0
      vertex 64.05 5.5 0
    endloop
  endfacet
  facet normal 0 0 -1
    outer loop
      vertex 54.3377 5.25006 0
      vertex 64.0623 5.25006 0
      vertex 64.099 5.00252 0
    endloop
  endfacet
  facet normal 0 0 -1
    outer loop
      vertex 54.301 5.00252 0
      vertex 64.099 5.00252 0
      vertex 64.1598 4.75977 0
    endloop
  endfacet
  facet normal 0 0 -1
    outer loop
      vertex 54.2402 4.75977 0
      vertex 64.1598 4.75977 0
      vertex 64.2441 4.52416 0
    endloop
  endfacet
  facet normal 0 0 -1
    outer loop
      vertex 54.1559 4.52416 0
      vertex 64.2441 4.52416 0
      vertex 64.3511 4.29794 0
    endloop
  endfacet
  facet normal 0 0 -1
    outer loop
      vertex 54.0489 4.29794 0
      vertex 64.3511 4.29794 0
      vertex 64.4798 4.0833 0
    endloop
  endfacet
  facet normal 0 0 -1
    outer loop
      vertex 53.9202 4.0833 0
      vertex 64.4798 4.0833 0
      vertex 64.6288 3.8823 0
    endloop
  endfacet
  facet normal 0 0 -1
    outer loop
      vertex 53.7712 3.8823 0
      vertex 64.6288 3.8823 0
      vertex 64.7969 3.69688 0
    endloop
  endfacet
  facet normal 0 0 -1
    outer loop
      vertex 53.6031 3.69688 0
      vertex 64.7969 3.69688 0
      vertex 64.9823 3.52882 0
    endloop
  endfacet
  facet normal 0 0 -1
    outer loop
      vertex 53.4177 3.52882 0
      vertex 64.9823 3.52882 0
      vertex 65.1833 3.37975 0
    endloop
  endfacet
  facet normal 0 0 -1
    outer loop
      vertex 53.2167 3.37975 0
      vertex 65.1833 3.37975 0
      vertex 65.3979 3.2511 0
    endloop
  endfacet
  facet normal 0 0 -1
    outer loop
      vertex 53.0021 3.2511 0
      vertex 65.3979 3.2511 0
      vertex 65.6242 3.14411 0
    endloop
  endfacet
  facet normal 0 0 -1
    outer loop
      vertex 65.8598 3.0598 0
      vertex 52.5402 3.0598 0
      vertex 65.6242 3.14411 0
    endloop
  endfacet
  facet normal 0 0 -1
    outer loop
      vertex 64.0623 5.25006 0
      vertex 54.3377 5.25006 0
      vertex 54.35 5.5 0
    endloop
  endfacet
  facet normal 0 0 -1
    outer loop
      vertex 64.099 5.00252 0
      vertex 54.301 5.00252 0
      vertex 54.3377 5.25006 0
    endloop
  endfacet
  facet normal 0 0 -1
    outer loop
      vertex 64.1598 4.75977 0
      vertex 54.2402 4.75977 0
      vertex 54.301 5.00252 0
    endloop
  endfacet
  facet normal 0 0 -1
    outer loop
      vertex 64.2441 4.52416 0
      vertex 54.1559 4.52416 0
      vertex 54.2402 4.75977 0
    endloop
  endfacet
  facet normal 0 0 -1
    outer loop
      vertex 64.3511 4.29794 0
      vertex 54.0489 4.29794 0
      vertex 54.1559 4.52416 0
    endloop
  endfacet
  facet normal 0 0 -1
    outer loop
      vertex 64.4798 4.0833 0
      vertex 53.9202 4.0833 0
      vertex 54.0489 4.29794 0
    endloop
  endfacet
  facet normal 0 0 -1
    outer loop
      vertex 64.6288 3.8823 0
      vertex 53.7712 3.8823 0
      vertex 53.9202 4.0833 0
    endloop
  endfacet
  facet normal 0 0 -1
    outer loop
      vertex 64.7969 3.69688 0
      vertex 53.6031 3.69688 0
      vertex 53.7712 3.8823 0
    endloop
  endfacet
  facet normal 0 0 -1
    outer loop
      vertex 64.9823 3.52882 0
      vertex 53.4177 3.52882 0
      vertex 53.6031 3.69688 0
    endloop
  endfacet
  facet normal 0 0 -1
    outer loop
      vertex 65.1833 3.37975 0
      vertex 53.2167 3.37975 0
      vertex 53.4177 3.52882 0
    endloop
  endfacet
  facet normal 0 0 -1
    outer loop
      vertex 65.3979 3.2511 0
      vertex 53.0021 3.2511 0
      vertex 53.2167 3.37975 0
    endloop
  endfacet
  facet normal 0 0 -1
    outer loop
      vertex 65.6242 3.14411 0
      vertex 52.7758 3.14411 0
      vertex 53.0021 3.2511 0
    endloop
  endfacet
  facet normal -0 0 -1
    outer loop
      vertex 65.6242 3.14411 0
      vertex 52.5402 3.0598 0
      vertex 52.7758 3.14411 0
    endloop
  endfacet
  facet normal 0 0 -1
    outer loop
      vertex 71.5 1 0
      vertex 52.2975 2.999 0
      vertex 52.5402 3.0598 0
    endloop
  endfacet
  facet normal 0 0 -1
    outer loop
      vertex 71.5 1 0
      vertex 52.0499 2.96228 0
      vertex 52.2975 2.999 0
    endloop
  endfacet
  facet normal 0 0 -1
    outer loop
      vertex 71.5 1 0
      vertex 51.8 2.95 0
      vertex 52.0499 2.96228 0
    endloop
  endfacet
  facet normal 0 0 -1
    outer loop
      vertex 71.5 1 0
      vertex 51.5501 2.96228 0
      vertex 51.8 2.95 0
    endloop
  endfacet
  facet normal 0 0 -1
    outer loop
      vertex 49.2623 5.25006 0
      vertex 39.55 5.5 0
      vertex 49.25 5.5 0
    endloop
  endfacet
  facet normal 0 0 -1
    outer loop
      vertex 39.5377 5.25006 0
      vertex 49.2623 5.25006 0
      vertex 49.299 5.00252 0
    endloop
  endfacet
  facet normal 0 0 -1
    outer loop
      vertex 39.501 5.00252 0
      vertex 49.299 5.00252 0
      vertex 49.3598 4.75977 0
    endloop
  endfacet
  facet normal 0 0 -1
    outer loop
      vertex 39.4402 4.75977 0
      vertex 49.3598 4.75977 0
      vertex 49.4441 4.52416 0
    endloop
  endfacet
  facet normal 0 0 -1
    outer loop
      vertex 39.3559 4.52416 0
      vertex 49.4441 4.52416 0
      vertex 49.5511 4.29794 0
    endloop
  endfacet
  facet normal 0 0 -1
    outer loop
      vertex 39.2489 4.29794 0
      vertex 49.5511 4.29794 0
      vertex 49.6798 4.0833 0
    endloop
  endfacet
  facet normal 0 0 -1
    outer loop
      vertex 39.1202 4.0833 0
      vertex 49.6798 4.0833 0
      vertex 49.8288 3.8823 0
    endloop
  endfacet
  facet normal 0 0 -1
    outer loop
      vertex 38.9712 3.8823 0
      vertex 49.8288 3.8823 0
      vertex 49.9969 3.69688 0
    endloop
  endfacet
  facet normal 0 0 -1
    outer loop
      vertex 38.8031 3.69688 0
      vertex 49.9969 3.69688 0
      vertex 50.1823 3.52882 0
    endloop
  endfacet
  facet normal 0 0 -1
    outer loop
      vertex 38.6177 3.52882 0
      vertex 50.1823 3.52882 0
      vertex 50.3833 3.37975 0
    endloop
  endfacet
  facet normal 0 0 -1
    outer loop
      vertex 38.4167 3.37975 0
      vertex 50.3833 3.37975 0
      vertex 50.5979 3.2511 0
    endloop
  endfacet
  facet normal 0 0 -1
    outer loop
      vertex 38.2021 3.2511 0
      vertex 50.5979 3.2511 0
      vertex 50.8242 3.14411 0
    endloop
  endfacet
  facet normal 0 0 -1
    outer loop
      vertex 37.9758 3.14411 0
      vertex 50.8242 3.14411 0
      vertex 51.0598 3.0598 0
    endloop
  endfacet
  facet normal 0 0 -1
    outer loop
      vertex 37.7402 3.0598 0
      vertex 51.0598 3.0598 0
      vertex 51.3025 2.999 0
    endloop
  endfacet
  facet normal 0 0 -1
    outer loop
      vertex 49.2623 5.25006 0
      vertex 39.5377 5.25006 0
      vertex 39.55 5.5 0
    endloop
  endfacet
  facet normal 0 0 -1
    outer loop
      vertex 49.299 5.00252 0
      vertex 39.501 5.00252 0
      vertex 39.5377 5.25006 0
    endloop
  endfacet
  facet normal 0 0 -1
    outer loop
      vertex 49.3598 4.75977 0
      vertex 39.4402 4.75977 0
      vertex 39.501 5.00252 0
    endloop
  endfacet
  facet normal 0 0 -1
    outer loop
      vertex 49.4441 4.52416 0
      vertex 39.3559 4.52416 0
      vertex 39.4402 4.75977 0
    endloop
  endfacet
  facet normal 0 0 -1
    outer loop
      vertex 37.4975 2.999 0
      vertex 51.3025 2.999 0
      vertex 51.5501 2.96228 0
    endloop
  endfacet
  facet normal 0 0 -1
    outer loop
      vertex 49.5511 4.29794 0
      vertex 39.2489 4.29794 0
      vertex 39.3559 4.52416 0
    endloop
  endfacet
  facet normal 0 0 -1
    outer loop
      vertex 49.6798 4.0833 0
      vertex 39.1202 4.0833 0
      vertex 39.2489 4.29794 0
    endloop
  endfacet
  facet normal 0 0 -1
    outer loop
      vertex 37.2499 2.96228 0
      vertex 51.5501 2.96228 0
      vertex 71.5 1 0
    endloop
  endfacet
  facet normal 0 0 -1
    outer loop
      vertex 49.8288 3.8823 0
      vertex 38.9712 3.8823 0
      vertex 39.1202 4.0833 0
    endloop
  endfacet
  facet normal 0 0 -1
    outer loop
      vertex 49.9969 3.69688 0
      vertex 38.8031 3.69688 0
      vertex 38.9712 3.8823 0
    endloop
  endfacet
  facet normal 0 0 -1
    outer loop
      vertex 50.1823 3.52882 0
      vertex 38.6177 3.52882 0
      vertex 38.8031 3.69688 0
    endloop
  endfacet
  facet normal 0 0 -1
    outer loop
      vertex 50.3833 3.37975 0
      vertex 38.4167 3.37975 0
      vertex 38.6177 3.52882 0
    endloop
  endfacet
  facet normal 0 0 -1
    outer loop
      vertex 50.5979 3.2511 0
      vertex 38.2021 3.2511 0
      vertex 38.4167 3.37975 0
    endloop
  endfacet
  facet normal 0 0 -1
    outer loop
      vertex 50.8242 3.14411 0
      vertex 37.9758 3.14411 0
      vertex 38.2021 3.2511 0
    endloop
  endfacet
  facet normal 0 0 -1
    outer loop
      vertex 51.0598 3.0598 0
      vertex 37.7402 3.0598 0
      vertex 37.9758 3.14411 0
    endloop
  endfacet
  facet normal 0 0 -1
    outer loop
      vertex 51.3025 2.999 0
      vertex 37.4975 2.999 0
      vertex 37.7402 3.0598 0
    endloop
  endfacet
  facet normal 0 0 -1
    outer loop
      vertex 51.5501 2.96228 0
      vertex 37.2499 2.96228 0
      vertex 37.4975 2.999 0
    endloop
  endfacet
  facet normal 0 0 -1
    outer loop
      vertex 71.5 1 0
      vertex 37 2.95 0
      vertex 37.2499 2.96228 0
    endloop
  endfacet
  facet normal 0 0 -1
    outer loop
      vertex 2.5 1 0
      vertex 37 2.95 0
      vertex 71.5 1 0
    endloop
  endfacet
  facet normal 0 0 -1
    outer loop
      vertex 34.4623 5.25006 0
      vertex 24.75 5.5 0
      vertex 34.45 5.5 0
    endloop
  endfacet
  facet normal 0 0 -1
    outer loop
      vertex 24.7377 5.25006 0
      vertex 34.4623 5.25006 0
      vertex 34.499 5.00252 0
    endloop
  endfacet
  facet normal 0 0 -1
    outer loop
      vertex 24.701 5.00252 0
      vertex 34.499 5.00252 0
      vertex 34.5598 4.75977 0
    endloop
  endfacet
  facet normal 0 0 -1
    outer loop
      vertex 24.6402 4.75977 0
      vertex 34.5598 4.75977 0
      vertex 34.6441 4.52416 0
    endloop
  endfacet
  facet normal 0 0 -1
    outer loop
      vertex 24.5559 4.52416 0
      vertex 34.6441 4.52416 0
      vertex 34.7511 4.29794 0
    endloop
  endfacet
  facet normal 0 0 -1
    outer loop
      vertex 24.4489 4.29794 0
      vertex 34.7511 4.29794 0
      vertex 34.8798 4.0833 0
    endloop
  endfacet
  facet normal 0 0 -1
    outer loop
      vertex 24.3202 4.0833 0
      vertex 34.8798 4.0833 0
      vertex 35.0288 3.8823 0
    endloop
  endfacet
  facet normal 0 0 -1
    outer loop
      vertex 24.1712 3.8823 0
      vertex 35.0288 3.8823 0
      vertex 35.1969 3.69688 0
    endloop
  endfacet
  facet normal 0 0 -1
    outer loop
      vertex 24.0031 3.69688 0
      vertex 35.1969 3.69688 0
      vertex 35.3823 3.52882 0
    endloop
  endfacet
  facet normal 0 0 -1
    outer loop
      vertex 23.8177 3.52882 0
      vertex 35.3823 3.52882 0
      vertex 35.5833 3.37975 0
    endloop
  endfacet
  facet normal 0 0 -1
    outer loop
      vertex 23.6167 3.37975 0
      vertex 35.5833 3.37975 0
      vertex 35.7979 3.2511 0
    endloop
  endfacet
  facet normal 0 0 -1
    outer loop
      vertex 23.4021 3.2511 0
      vertex 35.7979 3.2511 0
      vertex 36.0242 3.14411 0
    endloop
  endfacet
  facet normal 0 0 -1
    outer loop
      vertex 23.1758 3.14411 0
      vertex 36.0242 3.14411 0
      vertex 36.2598 3.0598 0
    endloop
  endfacet
  facet normal 0 0 -1
    outer loop
      vertex 22.9402 3.0598 0
      vertex 36.2598 3.0598 0
      vertex 36.5025 2.999 0
    endloop
  endfacet
  facet normal 0 0 -1
    outer loop
      vertex 34.4623 5.25006 0
      vertex 24.7377 5.25006 0
      vertex 24.75 5.5 0
    endloop
  endfacet
  facet normal 0 0 -1
    outer loop
      vertex 34.499 5.00252 0
      vertex 24.701 5.00252 0
      vertex 24.7377 5.25006 0
    endloop
  endfacet
  facet normal 0 0 -1
    outer loop
      vertex 34.5598 4.75977 0
      vertex 24.6402 4.75977 0
      vertex 24.701 5.00252 0
    endloop
  endfacet
  facet normal 0 0 -1
    outer loop
      vertex 34.6441 4.52416 0
      vertex 24.5559 4.52416 0
      vertex 24.6402 4.75977 0
    endloop
  endfacet
  facet normal 0 0 -1
    outer loop
      vertex 22.6975 2.999 0
      vertex 36.5025 2.999 0
      vertex 36.7501 2.96228 0
    endloop
  endfacet
  facet normal 0 0 -1
    outer loop
      vertex 34.7511 4.29794 0
      vertex 24.4489 4.29794 0
      vertex 24.5559 4.52416 0
    endloop
  endfacet
  facet normal 0 0 -1
    outer loop
      vertex 34.8798 4.0833 0
      vertex 24.3202 4.0833 0
      vertex 24.4489 4.29794 0
    endloop
  endfacet
  facet normal 0 0 -1
    outer loop
      vertex 35.0288 3.8823 0
      vertex 24.1712 3.8823 0
      vertex 24.3202 4.0833 0
    endloop
  endfacet
  facet normal 0 0 -1
    outer loop
      vertex 35.1969 3.69688 0
      vertex 24.0031 3.69688 0
      vertex 24.1712 3.8823 0
    endloop
  endfacet
  facet normal 0 0 -1
    outer loop
      vertex 35.3823 3.52882 0
      vertex 23.8177 3.52882 0
      vertex 24.0031 3.69688 0
    endloop
  endfacet
  facet normal -0 0 -1
    outer loop
      vertex 37 2.95 0
      vertex 2.5 1 0
      vertex 36.7501 2.96228 0
    endloop
  endfacet
  facet normal 0 0 -1
    outer loop
      vertex 35.5833 3.37975 0
      vertex 23.6167 3.37975 0
      vertex 23.8177 3.52882 0
    endloop
  endfacet
  facet normal 0 0 -1
    outer loop
      vertex 35.7979 3.2511 0
      vertex 23.4021 3.2511 0
      vertex 23.6167 3.37975 0
    endloop
  endfacet
  facet normal 0 0 -1
    outer loop
      vertex 36.0242 3.14411 0
      vertex 23.1758 3.14411 0
      vertex 23.4021 3.2511 0
    endloop
  endfacet
  facet normal 0 0 -1
    outer loop
      vertex 36.2598 3.0598 0
      vertex 22.9402 3.0598 0
      vertex 23.1758 3.14411 0
    endloop
  endfacet
  facet normal 0 0 -1
    outer loop
      vertex 36.5025 2.999 0
      vertex 22.6975 2.999 0
      vertex 22.9402 3.0598 0
    endloop
  endfacet
  facet normal 0 0 -1
    outer loop
      vertex 36.7501 2.96228 0
      vertex 22.4499 2.96228 0
      vertex 22.6975 2.999 0
    endloop
  endfacet
  facet normal -0 0 -1
    outer loop
      vertex 36.7501 2.96228 0
      vertex 22.2 2.95 0
      vertex 22.4499 2.96228 0
    endloop
  endfacet
  facet normal 0 0 -1
    outer loop
      vertex 19.6623 5.25006 0
      vertex 9.95 5.5 0
      vertex 19.65 5.5 0
    endloop
  endfacet
  facet normal 0 0 -1
    outer loop
      vertex 9.93772 5.25006 0
      vertex 19.6623 5.25006 0
      vertex 19.699 5.00252 0
    endloop
  endfacet
  facet normal 0 0 -1
    outer loop
      vertex 9.901 5.00252 0
      vertex 19.699 5.00252 0
      vertex 19.7598 4.75977 0
    endloop
  endfacet
  facet normal 0 0 -1
    outer loop
      vertex 9.8402 4.75977 0
      vertex 19.7598 4.75977 0
      vertex 19.8441 4.52416 0
    endloop
  endfacet
  facet normal 0 0 -1
    outer loop
      vertex 9.75589 4.52416 0
      vertex 19.8441 4.52416 0
      vertex 19.9511 4.29794 0
    endloop
  endfacet
  facet normal 0 0 -1
    outer loop
      vertex 9.6489 4.29794 0
      vertex 19.9511 4.29794 0
      vertex 20.0798 4.0833 0
    endloop
  endfacet
  facet normal 0 0 -1
    outer loop
      vertex 9.52025 4.0833 0
      vertex 20.0798 4.0833 0
      vertex 20.2288 3.8823 0
    endloop
  endfacet
  facet normal 0 0 -1
    outer loop
      vertex 9.37118 3.8823 0
      vertex 20.2288 3.8823 0
      vertex 20.3969 3.69688 0
    endloop
  endfacet
  facet normal 0 0 -1
    outer loop
      vertex 9.20312 3.69688 0
      vertex 20.3969 3.69688 0
      vertex 20.5823 3.52882 0
    endloop
  endfacet
  facet normal 0 0 -1
    outer loop
      vertex 9.0177 3.52882 0
      vertex 20.5823 3.52882 0
      vertex 20.7833 3.37975 0
    endloop
  endfacet
  facet normal 0 0 -1
    outer loop
      vertex 8.8167 3.37975 0
      vertex 20.7833 3.37975 0
      vertex 20.9979 3.2511 0
    endloop
  endfacet
  facet normal 0 0 -1
    outer loop
      vertex 8.60206 3.2511 0
      vertex 20.9979 3.2511 0
      vertex 21.2242 3.14411 0
    endloop
  endfacet
  facet normal 0 0 -1
    outer loop
      vertex 8.37584 3.14411 0
      vertex 21.2242 3.14411 0
      vertex 21.4598 3.0598 0
    endloop
  endfacet
  facet normal 0 0 -1
    outer loop
      vertex 8.14023 3.0598 0
      vertex 21.4598 3.0598 0
      vertex 21.7025 2.999 0
    endloop
  endfacet
  facet normal 0 0 -1
    outer loop
      vertex 19.6623 5.25006 0
      vertex 9.93772 5.25006 0
      vertex 9.95 5.5 0
    endloop
  endfacet
  facet normal 0 0 -1
    outer loop
      vertex 19.699 5.00252 0
      vertex 9.901 5.00252 0
      vertex 9.93772 5.25006 0
    endloop
  endfacet
  facet normal 0 0 -1
    outer loop
      vertex 19.7598 4.75977 0
      vertex 9.8402 4.75977 0
      vertex 9.901 5.00252 0
    endloop
  endfacet
  facet normal 0 0 -1
    outer loop
      vertex 19.8441 4.52416 0
      vertex 9.75589 4.52416 0
      vertex 9.8402 4.75977 0
    endloop
  endfacet
  facet normal 0 0 -1
    outer loop
      vertex 2.5 1 0
      vertex 21.7025 2.999 0
      vertex 21.9501 2.96228 0
    endloop
  endfacet
  facet normal 0 0 -1
    outer loop
      vertex 19.9511 4.29794 0
      vertex 9.6489 4.29794 0
      vertex 9.75589 4.52416 0
    endloop
  endfacet
  facet normal 0 0 -1
    outer loop
      vertex 20.0798 4.0833 0
      vertex 9.52025 4.0833 0
      vertex 9.6489 4.29794 0
    endloop
  endfacet
  facet normal 0 0 -1
    outer loop
      vertex 20.2288 3.8823 0
      vertex 9.37118 3.8823 0
      vertex 9.52025 4.0833 0
    endloop
  endfacet
  facet normal 0 0 -1
    outer loop
      vertex 20.3969 3.69688 0
      vertex 9.20312 3.69688 0
      vertex 9.37118 3.8823 0
    endloop
  endfacet
  facet normal 0 0 -1
    outer loop
      vertex 20.5823 3.52882 0
      vertex 9.0177 3.52882 0
      vertex 9.20312 3.69688 0
    endloop
  endfacet
  facet normal 0 0 -1
    outer loop
      vertex 2.5 1 0
      vertex 21.9501 2.96228 0
      vertex 22.2 2.95 0
    endloop
  endfacet
  facet normal 0 0 -1
    outer loop
      vertex 20.7833 3.37975 0
      vertex 8.8167 3.37975 0
      vertex 9.0177 3.52882 0
    endloop
  endfacet
  facet normal 0 0 -1
    outer loop
      vertex 36.7501 2.96228 0
      vertex 2.5 1 0
      vertex 22.2 2.95 0
    endloop
  endfacet
  facet normal 0 0 -1
    outer loop
      vertex 20.9979 3.2511 0
      vertex 8.60206 3.2511 0
      vertex 8.8167 3.37975 0
    endloop
  endfacet
  facet normal 0 0 -1
    outer loop
      vertex 21.2242 3.14411 0
      vertex 8.37584 3.14411 0
      vertex 8.60206 3.2511 0
    endloop
  endfacet
  facet normal 0 0 -1
    outer loop
      vertex 21.4598 3.0598 0
      vertex 8.14023 3.0598 0
      vertex 8.37584 3.14411 0
    endloop
  endfacet
  facet normal -0 0 -1
    outer loop
      vertex 21.7025 2.999 0
      vertex 2.5 1 0
      vertex 8.14023 3.0598 0
    endloop
  endfacet
  facet normal 0 0 -1
    outer loop
      vertex 8.14023 3.0598 0
      vertex 2.5 1 0
      vertex 7.89748 2.999 0
    endloop
  endfacet
  facet normal 0 0 -1
    outer loop
      vertex 7.89748 2.999 0
      vertex 2.5 1 0
      vertex 7.64994 2.96228 0
    endloop
  endfacet
  facet normal -0 0 -1
    outer loop
      vertex 4.899 5.00252 0
      vertex 0 3.5 0
      vertex 4.86228 5.25006 0
    endloop
  endfacet
  facet normal -0 0 -1
    outer loop
      vertex 4.9598 4.75977 0
      vertex 0 3.5 0
      vertex 4.899 5.00252 0
    endloop
  endfacet
  facet normal -0 0 -1
    outer loop
      vertex 5.04411 4.52416 0
      vertex 0 3.5 0
      vertex 4.9598 4.75977 0
    endloop
  endfacet
  facet normal 0 0 -1
    outer loop
      vertex 0 3.5 0
      vertex 5.04411 4.52416 0
      vertex 2.5 1 0
    endloop
  endfacet
  facet normal -0 0 -1
    outer loop
      vertex 5.1511 4.29794 0
      vertex 2.5 1 0
      vertex 5.04411 4.52416 0
    endloop
  endfacet
  facet normal -0 0 -1
    outer loop
      vertex 5.27975 4.0833 0
      vertex 2.5 1 0
      vertex 5.1511 4.29794 0
    endloop
  endfacet
  facet normal -0 0 -1
    outer loop
      vertex 5.42882 3.8823 0
      vertex 2.5 1 0
      vertex 5.27975 4.0833 0
    endloop
  endfacet
  facet normal -0 0 -1
    outer loop
      vertex 5.59688 3.69688 0
      vertex 2.5 1 0
      vertex 5.42882 3.8823 0
    endloop
  endfacet
  facet normal -0 0 -1
    outer loop
      vertex 5.7823 3.52882 0
      vertex 2.5 1 0
      vertex 5.59688 3.69688 0
    endloop
  endfacet
  facet normal -0 0 -1
    outer loop
      vertex 5.9833 3.37975 0
      vertex 2.5 1 0
      vertex 5.7823 3.52882 0
    endloop
  endfacet
  facet normal -0 0 -1
    outer loop
      vertex 6.19794 3.2511 0
      vertex 2.5 1 0
      vertex 5.9833 3.37975 0
    endloop
  endfacet
  facet normal -0 0 -1
    outer loop
      vertex 6.42416 3.14411 0
      vertex 2.5 1 0
      vertex 6.19794 3.2511 0
    endloop
  endfacet
  facet normal -0 0 -1
    outer loop
      vertex 6.65977 3.0598 0
      vertex 2.5 1 0
      vertex 6.42416 3.14411 0
    endloop
  endfacet
  facet normal -0 0 -1
    outer loop
      vertex 6.90252 2.999 0
      vertex 2.5 1 0
      vertex 6.65977 3.0598 0
    endloop
  endfacet
  facet normal -0 0 -1
    outer loop
      vertex 7.15006 2.96228 0
      vertex 2.5 1 0
      vertex 6.90252 2.999 0
    endloop
  endfacet
  facet normal -0 0 -1
    outer loop
      vertex 7.4 2.95 0
      vertex 2.5 1 0
      vertex 7.15006 2.96228 0
    endloop
  endfacet
  facet normal 0 0 -1
    outer loop
      vertex 7.64994 2.96228 0
      vertex 2.5 1 0
      vertex 7.4 2.95 0
    endloop
  endfacet
  facet normal 0 0 -1
    outer loop
      vertex 71.5 1 0
      vertex 74 3.5 0
      vertex 73.988 3.25496 0
    endloop
  endfacet
  facet normal 0 0 -1
    outer loop
      vertex 71.5 1 0
      vertex 73.988 3.25496 0
      vertex 73.952 3.01227 0
    endloop
  endfacet
  facet normal 0 0 -1
    outer loop
      vertex 71.5 1 0
      vertex 73.952 3.01227 0
      vertex 73.8923 2.77429 0
    endloop
  endfacet
  facet normal 0 0 -1
    outer loop
      vertex 71.5 1 0
      vertex 73.8923 2.77429 0
      vertex 73.8097 2.54329 0
    endloop
  endfacet
  facet normal 0 0 -1
    outer loop
      vertex 71.5 1 0
      vertex 73.8097 2.54329 0
      vertex 73.7048 2.3215 0
    endloop
  endfacet
  facet normal 0 0 -1
    outer loop
      vertex 71.5 1 0
      vertex 73.7048 2.3215 0
      vertex 73.5787 2.11107 0
    endloop
  endfacet
  facet normal 0 0 -1
    outer loop
      vertex 71.5 1 0
      vertex 73.5787 2.11107 0
      vertex 73.4325 1.91402 0
    endloop
  endfacet
  facet normal 0 0 -1
    outer loop
      vertex 71.5 1 0
      vertex 73.4325 1.91402 0
      vertex 73.2678 1.73224 0
    endloop
  endfacet
  facet normal 0 0 -1
    outer loop
      vertex 71.5 1 0
      vertex 73.2678 1.73224 0
      vertex 73.086 1.56747 0
    endloop
  endfacet
  facet normal 0 0 -1
    outer loop
      vertex 71.5 1 0
      vertex 73.086 1.56747 0
      vertex 72.8889 1.42133 0
    endloop
  endfacet
  facet normal 0 0 -1
    outer loop
      vertex 71.5 1 0
      vertex 72.8889 1.42133 0
      vertex 72.6785 1.2952 0
    endloop
  endfacet
  facet normal 0 0 -1
    outer loop
      vertex 71.5 1 0
      vertex 72.6785 1.2952 0
      vertex 72.4567 1.19031 0
    endloop
  endfacet
  facet normal 0 0 -1
    outer loop
      vertex 71.5 1 0
      vertex 72.4567 1.19031 0
      vertex 72.2257 1.10765 0
    endloop
  endfacet
  facet normal 0 0 -1
    outer loop
      vertex 71.5 1 0
      vertex 72.2257 1.10765 0
      vertex 71.9877 1.04803 0
    endloop
  endfacet
  facet normal 0 0 -1
    outer loop
      vertex 71.5 1 0
      vertex 71.9877 1.04803 0
      vertex 71.745 1.01204 0
    endloop
  endfacet
  facet normal 0 0 -1
    outer loop
      vertex 68.9559 4.52416 0
      vertex 74 3.5 0
      vertex 71.5 1 0
    endloop
  endfacet
  facet normal 0 0 -1
    outer loop
      vertex 74 3.5 0
      vertex 69.15 5.5 0
      vertex 69.1377 5.74994 0
    endloop
  endfacet
  facet normal 0 0 -1
    outer loop
      vertex 74 3.5 0
      vertex 69.1377 5.74994 0
      vertex 69.101 5.99748 0
    endloop
  endfacet
  facet normal 0 0 -1
    outer loop
      vertex 74 3.5 0
      vertex 69.101 5.99748 0
      vertex 74 10 0
    endloop
  endfacet
  facet normal 0 0 -1
    outer loop
      vertex 69.0402 6.24023 0
      vertex 74 10 0
      vertex 69.101 5.99748 0
    endloop
  endfacet
  facet normal 0 0 -1
    outer loop
      vertex 68.9559 6.47584 0
      vertex 74 10 0
      vertex 69.0402 6.24023 0
    endloop
  endfacet
  facet normal 0 0 -1
    outer loop
      vertex 68.8489 6.70206 0
      vertex 74 10 0
      vertex 68.9559 6.47584 0
    endloop
  endfacet
  facet normal 0 0 -1
    outer loop
      vertex 68.7202 6.9167 0
      vertex 74 10 0
      vertex 68.8489 6.70206 0
    endloop
  endfacet
  facet normal 0 0 -1
    outer loop
      vertex 68.5712 7.1177 0
      vertex 74 10 0
      vertex 68.7202 6.9167 0
    endloop
  endfacet
  facet normal 0 0 -1
    outer loop
      vertex 68.4031 7.30312 0
      vertex 74 10 0
      vertex 68.5712 7.1177 0
    endloop
  endfacet
  facet normal 0 0 -1
    outer loop
      vertex 68.2177 7.47118 0
      vertex 74 10 0
      vertex 68.4031 7.30312 0
    endloop
  endfacet
  facet normal 0 0 -1
    outer loop
      vertex 68.0167 7.62025 0
      vertex 74 10 0
      vertex 68.2177 7.47118 0
    endloop
  endfacet
  facet normal 0 0 -1
    outer loop
      vertex 67.8021 7.7489 0
      vertex 74 10 0
      vertex 68.0167 7.62025 0
    endloop
  endfacet
  facet normal 0 0 -1
    outer loop
      vertex 67.5758 7.85589 0
      vertex 74 10 0
      vertex 67.8021 7.7489 0
    endloop
  endfacet
  facet normal 0 0 -1
    outer loop
      vertex 67.3402 7.9402 0
      vertex 74 10 0
      vertex 67.5758 7.85589 0
    endloop
  endfacet
  facet normal 0 0 -1
    outer loop
      vertex 67.0975 8.001 0
      vertex 74 10 0
      vertex 67.3402 7.9402 0
    endloop
  endfacet
  facet normal 0 0 -1
    outer loop
      vertex 66.8499 8.03772 0
      vertex 74 10 0
      vertex 67.0975 8.001 0
    endloop
  endfacet
  facet normal 0 0 -1
    outer loop
      vertex 66.6 8.05 0
      vertex 74 10 0
      vertex 66.8499 8.03772 0
    endloop
  endfacet
  facet normal 0 0 -1
    outer loop
      vertex 66.3501 8.03772 0
      vertex 74 10 0
      vertex 66.6 8.05 0
    endloop
  endfacet
  facet normal 0 0 -1
    outer loop
      vertex 66.1025 8.001 0
      vertex 74 10 0
      vertex 66.3501 8.03772 0
    endloop
  endfacet
  facet normal 0 0 -1
    outer loop
      vertex 52.2975 8.001 0
      vertex 66.1025 8.001 0
      vertex 65.8598 7.9402 0
    endloop
  endfacet
  facet normal 0 0 -1
    outer loop
      vertex 54.35 5.5 0
      vertex 64.0623 5.74994 0
      vertex 64.05 5.5 0
    endloop
  endfacet
  facet normal 0 0 -1
    outer loop
      vertex 54.3377 5.74994 0
      vertex 64.0623 5.74994 0
      vertex 54.35 5.5 0
    endloop
  endfacet
  facet normal 0 0 -1
    outer loop
      vertex 64.0623 5.74994 0
      vertex 54.3377 5.74994 0
      vertex 64.099 5.99748 0
    endloop
  endfacet
  facet normal 0 0 -1
    outer loop
      vertex 54.301 5.99748 0
      vertex 64.099 5.99748 0
      vertex 54.3377 5.74994 0
    endloop
  endfacet
  facet normal 0 0 -1
    outer loop
      vertex 64.099 5.99748 0
      vertex 54.301 5.99748 0
      vertex 64.1598 6.24023 0
    endloop
  endfacet
  facet normal 0 0 -1
    outer loop
      vertex 54.2402 6.24023 0
      vertex 64.1598 6.24023 0
      vertex 54.301 5.99748 0
    endloop
  endfacet
  facet normal 0 0 -1
    outer loop
      vertex 64.1598 6.24023 0
      vertex 54.2402 6.24023 0
      vertex 64.2441 6.47584 0
    endloop
  endfacet
  facet normal 0 0 -1
    outer loop
      vertex 54.1559 6.47584 0
      vertex 64.2441 6.47584 0
      vertex 54.2402 6.24023 0
    endloop
  endfacet
  facet normal 0 0 -1
    outer loop
      vertex 64.2441 6.47584 0
      vertex 54.1559 6.47584 0
      vertex 64.3511 6.70206 0
    endloop
  endfacet
  facet normal 0 0 -1
    outer loop
      vertex 54.0489 6.70206 0
      vertex 64.3511 6.70206 0
      vertex 54.1559 6.47584 0
    endloop
  endfacet
  facet normal 0 0 -1
    outer loop
      vertex 64.3511 6.70206 0
      vertex 54.0489 6.70206 0
      vertex 64.4798 6.9167 0
    endloop
  endfacet
  facet normal 0 0 -1
    outer loop
      vertex 53.9202 6.9167 0
      vertex 64.4798 6.9167 0
      vertex 54.0489 6.70206 0
    endloop
  endfacet
  facet normal 0 0 -1
    outer loop
      vertex 64.4798 6.9167 0
      vertex 53.9202 6.9167 0
      vertex 64.6288 7.1177 0
    endloop
  endfacet
  facet normal 0 0 -1
    outer loop
      vertex 53.7712 7.1177 0
      vertex 64.6288 7.1177 0
      vertex 53.9202 6.9167 0
    endloop
  endfacet
  facet normal 0 0 -1
    outer loop
      vertex 64.6288 7.1177 0
      vertex 53.7712 7.1177 0
      vertex 64.7969 7.30312 0
    endloop
  endfacet
  facet normal 0 0 -1
    outer loop
      vertex 53.6031 7.30312 0
      vertex 64.7969 7.30312 0
      vertex 53.7712 7.1177 0
    endloop
  endfacet
  facet normal 0 0 -1
    outer loop
      vertex 64.7969 7.30312 0
      vertex 53.6031 7.30312 0
      vertex 64.9823 7.47118 0
    endloop
  endfacet
  facet normal 0 0 -1
    outer loop
      vertex 53.4177 7.47118 0
      vertex 64.9823 7.47118 0
      vertex 53.6031 7.30312 0
    endloop
  endfacet
  facet normal 0 0 -1
    outer loop
      vertex 64.9823 7.47118 0
      vertex 53.4177 7.47118 0
      vertex 65.1833 7.62025 0
    endloop
  endfacet
  facet normal 0 0 -1
    outer loop
      vertex 53.2167 7.62025 0
      vertex 65.1833 7.62025 0
      vertex 53.4177 7.47118 0
    endloop
  endfacet
  facet normal 0 0 -1
    outer loop
      vertex 65.1833 7.62025 0
      vertex 53.2167 7.62025 0
      vertex 65.3979 7.7489 0
    endloop
  endfacet
  facet normal 0 0 -1
    outer loop
      vertex 53.0021 7.7489 0
      vertex 65.3979 7.7489 0
      vertex 53.2167 7.62025 0
    endloop
  endfacet
  facet normal 0 0 -1
    outer loop
      vertex 65.3979 7.7489 0
      vertex 53.0021 7.7489 0
      vertex 65.6242 7.85589 0
    endloop
  endfacet
  facet normal 0 0 -1
    outer loop
      vertex 52.7758 7.85589 0
      vertex 65.6242 7.85589 0
      vertex 53.0021 7.7489 0
    endloop
  endfacet
  facet normal 0 0 -1
    outer loop
      vertex 65.6242 7.85589 0
      vertex 52.7758 7.85589 0
      vertex 65.8598 7.9402 0
    endloop
  endfacet
  facet normal 0 0 -1
    outer loop
      vertex 52.5402 7.9402 0
      vertex 65.8598 7.9402 0
      vertex 52.7758 7.85589 0
    endloop
  endfacet
  facet normal 0 0 -1
    outer loop
      vertex 52.2975 8.001 0
      vertex 65.8598 7.9402 0
      vertex 52.5402 7.9402 0
    endloop
  endfacet
  facet normal 0 0 -1
    outer loop
      vertex 66.1025 8.001 0
      vertex 52.2975 8.001 0
      vertex 74 10 0
    endloop
  endfacet
  facet normal 0 0 -1
    outer loop
      vertex 52.0499 8.03772 0
      vertex 74 10 0
      vertex 52.2975 8.001 0
    endloop
  endfacet
  facet normal 0 0 -1
    outer loop
      vertex 51.8 8.05 0
      vertex 74 10 0
      vertex 52.0499 8.03772 0
    endloop
  endfacet
  facet normal 0 0 -1
    outer loop
      vertex 37 8.05 0
      vertex 51.8 8.05 0
      vertex 51.5501 8.03772 0
    endloop
  endfacet
  facet normal 0 0 -1
    outer loop
      vertex 39.55 5.5 0
      vertex 49.2623 5.74994 0
      vertex 49.25 5.5 0
    endloop
  endfacet
  facet normal 0 0 -1
    outer loop
      vertex 39.5377 5.74994 0
      vertex 49.2623 5.74994 0
      vertex 39.55 5.5 0
    endloop
  endfacet
  facet normal 0 0 -1
    outer loop
      vertex 49.2623 5.74994 0
      vertex 39.5377 5.74994 0
      vertex 49.299 5.99748 0
    endloop
  endfacet
  facet normal 0 0 -1
    outer loop
      vertex 39.501 5.99748 0
      vertex 49.299 5.99748 0
      vertex 39.5377 5.74994 0
    endloop
  endfacet
  facet normal 0 0 -1
    outer loop
      vertex 49.299 5.99748 0
      vertex 39.501 5.99748 0
      vertex 49.3598 6.24023 0
    endloop
  endfacet
  facet normal 0 0 -1
    outer loop
      vertex 39.4402 6.24023 0
      vertex 49.3598 6.24023 0
      vertex 39.501 5.99748 0
    endloop
  endfacet
  facet normal 0 0 -1
    outer loop
      vertex 49.3598 6.24023 0
      vertex 39.4402 6.24023 0
      vertex 49.4441 6.47584 0
    endloop
  endfacet
  facet normal 0 0 -1
    outer loop
      vertex 39.3559 6.47584 0
      vertex 49.4441 6.47584 0
      vertex 39.4402 6.24023 0
    endloop
  endfacet
  facet normal 0 0 -1
    outer loop
      vertex 49.4441 6.47584 0
      vertex 39.3559 6.47584 0
      vertex 49.5511 6.70206 0
    endloop
  endfacet
  facet normal 0 0 -1
    outer loop
      vertex 39.2489 6.70206 0
      vertex 49.5511 6.70206 0
      vertex 39.3559 6.47584 0
    endloop
  endfacet
  facet normal 0 0 -1
    outer loop
      vertex 49.5511 6.70206 0
      vertex 39.2489 6.70206 0
      vertex 49.6798 6.9167 0
    endloop
  endfacet
  facet normal 0 0 -1
    outer loop
      vertex 39.1202 6.9167 0
      vertex 49.6798 6.9167 0
      vertex 39.2489 6.70206 0
    endloop
  endfacet
  facet normal 0 0 -1
    outer loop
      vertex 49.6798 6.9167 0
      vertex 39.1202 6.9167 0
      vertex 49.8288 7.1177 0
    endloop
  endfacet
  facet normal 0 0 -1
    outer loop
      vertex 38.9712 7.1177 0
      vertex 49.8288 7.1177 0
      vertex 39.1202 6.9167 0
    endloop
  endfacet
  facet normal 0 0 -1
    outer loop
      vertex 49.8288 7.1177 0
      vertex 38.9712 7.1177 0
      vertex 49.9969 7.30312 0
    endloop
  endfacet
  facet normal 0 0 -1
    outer loop
      vertex 38.8031 7.30312 0
      vertex 49.9969 7.30312 0
      vertex 38.9712 7.1177 0
    endloop
  endfacet
  facet normal 0 0 -1
    outer loop
      vertex 49.9969 7.30312 0
      vertex 38.8031 7.30312 0
      vertex 50.1823 7.47118 0
    endloop
  endfacet
  facet normal 0 0 -1
    outer loop
      vertex 38.6177 7.47118 0
      vertex 50.1823 7.47118 0
      vertex 38.8031 7.30312 0
    endloop
  endfacet
  facet normal 0 0 -1
    outer loop
      vertex 50.1823 7.47118 0
      vertex 38.6177 7.47118 0
      vertex 50.3833 7.62025 0
    endloop
  endfacet
  facet normal 0 0 -1
    outer loop
      vertex 38.4167 7.62025 0
      vertex 50.3833 7.62025 0
      vertex 38.6177 7.47118 0
    endloop
  endfacet
  facet normal 0 0 -1
    outer loop
      vertex 50.3833 7.62025 0
      vertex 38.4167 7.62025 0
      vertex 50.5979 7.7489 0
    endloop
  endfacet
  facet normal 0 0 -1
    outer loop
      vertex 38.2021 7.7489 0
      vertex 50.5979 7.7489 0
      vertex 38.4167 7.62025 0
    endloop
  endfacet
  facet normal 0 0 -1
    outer loop
      vertex 50.5979 7.7489 0
      vertex 38.2021 7.7489 0
      vertex 50.8242 7.85589 0
    endloop
  endfacet
  facet normal 0 0 -1
    outer loop
      vertex 37.9758 7.85589 0
      vertex 50.8242 7.85589 0
      vertex 38.2021 7.7489 0
    endloop
  endfacet
  facet normal 0 0 -1
    outer loop
      vertex 50.8242 7.85589 0
      vertex 37.9758 7.85589 0
      vertex 51.0598 7.9402 0
    endloop
  endfacet
  facet normal 0 0 -1
    outer loop
      vertex 37.7402 7.9402 0
      vertex 51.0598 7.9402 0
      vertex 37.9758 7.85589 0
    endloop
  endfacet
  facet normal 0 0 -1
    outer loop
      vertex 51.0598 7.9402 0
      vertex 37.7402 7.9402 0
      vertex 51.3025 8.001 0
    endloop
  endfacet
  facet normal 0 0 -1
    outer loop
      vertex 37.4975 8.001 0
      vertex 51.3025 8.001 0
      vertex 37.7402 7.9402 0
    endloop
  endfacet
  facet normal 0 0 -1
    outer loop
      vertex 51.3025 8.001 0
      vertex 37.4975 8.001 0
      vertex 51.5501 8.03772 0
    endloop
  endfacet
  facet normal 0 0 -1
    outer loop
      vertex 37.2499 8.03772 0
      vertex 51.5501 8.03772 0
      vertex 37.4975 8.001 0
    endloop
  endfacet
  facet normal 0 0 -1
    outer loop
      vertex 37 8.05 0
      vertex 51.5501 8.03772 0
      vertex 37.2499 8.03772 0
    endloop
  endfacet
  facet normal 0 0 -1
    outer loop
      vertex 51.8 8.05 0
      vertex 37 8.05 0
      vertex 74 10 0
    endloop
  endfacet
  facet normal 0 0 -1
    outer loop
      vertex 22.2 8.05 0
      vertex 37 8.05 0
      vertex 36.7501 8.03772 0
    endloop
  endfacet
  facet normal 0 0 -1
    outer loop
      vertex 24.75 5.5 0
      vertex 34.4623 5.74994 0
      vertex 34.45 5.5 0
    endloop
  endfacet
  facet normal 0 0 -1
    outer loop
      vertex 24.7377 5.74994 0
      vertex 34.4623 5.74994 0
      vertex 24.75 5.5 0
    endloop
  endfacet
  facet normal 0 0 -1
    outer loop
      vertex 34.4623 5.74994 0
      vertex 24.7377 5.74994 0
      vertex 34.499 5.99748 0
    endloop
  endfacet
  facet normal 0 0 -1
    outer loop
      vertex 24.701 5.99748 0
      vertex 34.499 5.99748 0
      vertex 24.7377 5.74994 0
    endloop
  endfacet
  facet normal 0 0 -1
    outer loop
      vertex 34.499 5.99748 0
      vertex 24.701 5.99748 0
      vertex 34.5598 6.24023 0
    endloop
  endfacet
  facet normal 0 0 -1
    outer loop
      vertex 24.6402 6.24023 0
      vertex 34.5598 6.24023 0
      vertex 24.701 5.99748 0
    endloop
  endfacet
  facet normal 0 0 -1
    outer loop
      vertex 34.5598 6.24023 0
      vertex 24.6402 6.24023 0
      vertex 34.6441 6.47584 0
    endloop
  endfacet
  facet normal 0 0 -1
    outer loop
      vertex 24.5559 6.47584 0
      vertex 34.6441 6.47584 0
      vertex 24.6402 6.24023 0
    endloop
  endfacet
  facet normal 0 0 -1
    outer loop
      vertex 34.6441 6.47584 0
      vertex 24.5559 6.47584 0
      vertex 34.7511 6.70206 0
    endloop
  endfacet
  facet normal 0 0 -1
    outer loop
      vertex 24.4489 6.70206 0
      vertex 34.7511 6.70206 0
      vertex 24.5559 6.47584 0
    endloop
  endfacet
  facet normal 0 0 -1
    outer loop
      vertex 34.7511 6.70206 0
      vertex 24.4489 6.70206 0
      vertex 34.8798 6.9167 0
    endloop
  endfacet
  facet normal 0 0 -1
    outer loop
      vertex 24.3202 6.9167 0
      vertex 34.8798 6.9167 0
      vertex 24.4489 6.70206 0
    endloop
  endfacet
  facet normal 0 0 -1
    outer loop
      vertex 34.8798 6.9167 0
      vertex 24.3202 6.9167 0
      vertex 35.0288 7.1177 0
    endloop
  endfacet
  facet normal 0 0 -1
    outer loop
      vertex 24.1712 7.1177 0
      vertex 35.0288 7.1177 0
      vertex 24.3202 6.9167 0
    endloop
  endfacet
  facet normal 0 0 -1
    outer loop
      vertex 35.0288 7.1177 0
      vertex 24.1712 7.1177 0
      vertex 35.1969 7.30312 0
    endloop
  endfacet
  facet normal 0 0 -1
    outer loop
      vertex 24.0031 7.30312 0
      vertex 35.1969 7.30312 0
      vertex 24.1712 7.1177 0
    endloop
  endfacet
  facet normal 0 0 -1
    outer loop
      vertex 35.1969 7.30312 0
      vertex 24.0031 7.30312 0
      vertex 35.3823 7.47118 0
    endloop
  endfacet
  facet normal 0 0 -1
    outer loop
      vertex 23.8177 7.47118 0
      vertex 35.3823 7.47118 0
      vertex 24.0031 7.30312 0
    endloop
  endfacet
  facet normal 0 0 -1
    outer loop
      vertex 35.3823 7.47118 0
      vertex 23.8177 7.47118 0
      vertex 35.5833 7.62025 0
    endloop
  endfacet
  facet normal 0 0 -1
    outer loop
      vertex 23.6167 7.62025 0
      vertex 35.5833 7.62025 0
      vertex 23.8177 7.47118 0
    endloop
  endfacet
  facet normal 0 0 -1
    outer loop
      vertex 35.5833 7.62025 0
      vertex 23.6167 7.62025 0
      vertex 35.7979 7.7489 0
    endloop
  endfacet
  facet normal 0 0 -1
    outer loop
      vertex 23.4021 7.7489 0
      vertex 35.7979 7.7489 0
      vertex 23.6167 7.62025 0
    endloop
  endfacet
  facet normal 0 0 -1
    outer loop
      vertex 35.7979 7.7489 0
      vertex 23.4021 7.7489 0
      vertex 36.0242 7.85589 0
    endloop
  endfacet
  facet normal 0 0 -1
    outer loop
      vertex 23.1758 7.85589 0
      vertex 36.0242 7.85589 0
      vertex 23.4021 7.7489 0
    endloop
  endfacet
  facet normal 0 0 -1
    outer loop
      vertex 36.0242 7.85589 0
      vertex 23.1758 7.85589 0
      vertex 36.2598 7.9402 0
    endloop
  endfacet
  facet normal 0 0 -1
    outer loop
      vertex 22.9402 7.9402 0
      vertex 36.2598 7.9402 0
      vertex 23.1758 7.85589 0
    endloop
  endfacet
  facet normal 0 0 -1
    outer loop
      vertex 36.2598 7.9402 0
      vertex 22.9402 7.9402 0
      vertex 36.5025 8.001 0
    endloop
  endfacet
  facet normal 0 0 -1
    outer loop
      vertex 22.6975 8.001 0
      vertex 36.5025 8.001 0
      vertex 22.9402 7.9402 0
    endloop
  endfacet
  facet normal 0 0 -1
    outer loop
      vertex 36.5025 8.001 0
      vertex 22.6975 8.001 0
      vertex 36.7501 8.03772 0
    endloop
  endfacet
  facet normal 0 0 -1
    outer loop
      vertex 22.4499 8.03772 0
      vertex 36.7501 8.03772 0
      vertex 22.6975 8.001 0
    endloop
  endfacet
  facet normal 0 0 -1
    outer loop
      vertex 22.2 8.05 0
      vertex 36.7501 8.03772 0
      vertex 22.4499 8.03772 0
    endloop
  endfacet
  facet normal 0 0 -1
    outer loop
      vertex 37 8.05 0
      vertex 22.2 8.05 0
      vertex 0 10 0
    endloop
  endfacet
  facet normal 0 0 -1
    outer loop
      vertex 9.95 5.5 0
      vertex 19.6623 5.74994 0
      vertex 19.65 5.5 0
    endloop
  endfacet
  facet normal 0 0 -1
    outer loop
      vertex 9.93772 5.74994 0
      vertex 19.6623 5.74994 0
      vertex 9.95 5.5 0
    endloop
  endfacet
  facet normal 0 0 -1
    outer loop
      vertex 19.6623 5.74994 0
      vertex 9.93772 5.74994 0
      vertex 19.699 5.99748 0
    endloop
  endfacet
  facet normal 0 0 -1
    outer loop
      vertex 9.901 5.99748 0
      vertex 19.699 5.99748 0
      vertex 9.93772 5.74994 0
    endloop
  endfacet
  facet normal 0 0 -1
    outer loop
      vertex 19.699 5.99748 0
      vertex 9.901 5.99748 0
      vertex 19.7598 6.24023 0
    endloop
  endfacet
  facet normal 0 0 -1
    outer loop
      vertex 9.8402 6.24023 0
      vertex 19.7598 6.24023 0
      vertex 9.901 5.99748 0
    endloop
  endfacet
  facet normal 0 0 -1
    outer loop
      vertex 19.7598 6.24023 0
      vertex 9.8402 6.24023 0
      vertex 19.8441 6.47584 0
    endloop
  endfacet
  facet normal 0 0 -1
    outer loop
      vertex 9.75589 6.47584 0
      vertex 19.8441 6.47584 0
      vertex 9.8402 6.24023 0
    endloop
  endfacet
  facet normal 0 0 -1
    outer loop
      vertex 19.8441 6.47584 0
      vertex 9.75589 6.47584 0
      vertex 19.9511 6.70206 0
    endloop
  endfacet
  facet normal 0 0 -1
    outer loop
      vertex 9.6489 6.70206 0
      vertex 19.9511 6.70206 0
      vertex 9.75589 6.47584 0
    endloop
  endfacet
  facet normal 0 0 -1
    outer loop
      vertex 19.9511 6.70206 0
      vertex 9.6489 6.70206 0
      vertex 20.0798 6.9167 0
    endloop
  endfacet
  facet normal 0 0 -1
    outer loop
      vertex 9.52025 6.9167 0
      vertex 20.0798 6.9167 0
      vertex 9.6489 6.70206 0
    endloop
  endfacet
  facet normal 0 0 -1
    outer loop
      vertex 20.0798 6.9167 0
      vertex 9.52025 6.9167 0
      vertex 20.2288 7.1177 0
    endloop
  endfacet
  facet normal 0 0 -1
    outer loop
      vertex 9.37118 7.1177 0
      vertex 20.2288 7.1177 0
      vertex 9.52025 6.9167 0
    endloop
  endfacet
  facet normal 0 0 -1
    outer loop
      vertex 20.2288 7.1177 0
      vertex 9.37118 7.1177 0
      vertex 20.3969 7.30312 0
    endloop
  endfacet
  facet normal 0 0 -1
    outer loop
      vertex 9.20312 7.30312 0
      vertex 20.3969 7.30312 0
      vertex 9.37118 7.1177 0
    endloop
  endfacet
  facet normal 0 0 -1
    outer loop
      vertex 20.3969 7.30312 0
      vertex 9.20312 7.30312 0
      vertex 20.5823 7.47118 0
    endloop
  endfacet
  facet normal 0 0 -1
    outer loop
      vertex 9.0177 7.47118 0
      vertex 20.5823 7.47118 0
      vertex 9.20312 7.30312 0
    endloop
  endfacet
  facet normal 0 0 -1
    outer loop
      vertex 20.5823 7.47118 0
      vertex 9.0177 7.47118 0
      vertex 20.7833 7.62025 0
    endloop
  endfacet
  facet normal 0 0 -1
    outer loop
      vertex 8.8167 7.62025 0
      vertex 20.7833 7.62025 0
      vertex 9.0177 7.47118 0
    endloop
  endfacet
  facet normal 0 0 -1
    outer loop
      vertex 20.7833 7.62025 0
      vertex 8.8167 7.62025 0
      vertex 20.9979 7.7489 0
    endloop
  endfacet
  facet normal 0 0 -1
    outer loop
      vertex 8.60206 7.7489 0
      vertex 20.9979 7.7489 0
      vertex 8.8167 7.62025 0
    endloop
  endfacet
  facet normal 0 0 -1
    outer loop
      vertex 20.9979 7.7489 0
      vertex 8.60206 7.7489 0
      vertex 21.2242 7.85589 0
    endloop
  endfacet
  facet normal 0 0 -1
    outer loop
      vertex 8.37584 7.85589 0
      vertex 21.2242 7.85589 0
      vertex 8.60206 7.7489 0
    endloop
  endfacet
  facet normal 0 0 -1
    outer loop
      vertex 21.2242 7.85589 0
      vertex 8.37584 7.85589 0
      vertex 21.4598 7.9402 0
    endloop
  endfacet
  facet normal 0 0 -1
    outer loop
      vertex 8.14023 7.9402 0
      vertex 21.4598 7.9402 0
      vertex 8.37584 7.85589 0
    endloop
  endfacet
  facet normal 0 0 -1
    outer loop
      vertex 21.4598 7.9402 0
      vertex 8.14023 7.9402 0
      vertex 21.7025 8.001 0
    endloop
  endfacet
  facet normal 0 0 -1
    outer loop
      vertex 7.89748 8.001 0
      vertex 21.7025 8.001 0
      vertex 8.14023 7.9402 0
    endloop
  endfacet
  facet normal 0 0 -1
    outer loop
      vertex 0 10 0
      vertex 21.7025 8.001 0
      vertex 7.89748 8.001 0
    endloop
  endfacet
  facet normal 0 0 -1
    outer loop
      vertex 21.7025 8.001 0
      vertex 0 10 0
      vertex 21.9501 8.03772 0
    endloop
  endfacet
  facet normal 0 0 -1
    outer loop
      vertex 21.9501 8.03772 0
      vertex 0 10 0
      vertex 22.2 8.05 0
    endloop
  endfacet
  facet normal 0 0 -1
    outer loop
      vertex 0 10 0
      vertex 7.89748 8.001 0
      vertex 7.64994 8.03772 0
    endloop
  endfacet
  facet normal 0 0 -1
    outer loop
      vertex 0 10 0
      vertex 7.64994 8.03772 0
      vertex 7.4 8.05 0
    endloop
  endfacet
  facet normal -0 0 -1
    outer loop
      vertex 4.86228 5.25006 0
      vertex 0 3.5 0
      vertex 4.85 5.5 0
    endloop
  endfacet
  facet normal -0 0 -1
    outer loop
      vertex 4.85 5.5 0
      vertex 0 3.5 0
      vertex 4.86228 5.74994 0
    endloop
  endfacet
  facet normal -0 0 -1
    outer loop
      vertex 4.86228 5.74994 0
      vertex 0 3.5 0
      vertex 4.899 5.99748 0
    endloop
  endfacet
  facet normal 0 0 -1
    outer loop
      vertex 0 10 0
      vertex 4.899 5.99748 0
      vertex 0 3.5 0
    endloop
  endfacet
  facet normal 0 0 -1
    outer loop
      vertex 0 3.5 0
      vertex 2.5 1 0
      vertex 2.25496 1.01204 0
    endloop
  endfacet
  facet normal 0 0 -1
    outer loop
      vertex 4.899 5.99748 0
      vertex 0 10 0
      vertex 4.9598 6.24023 0
    endloop
  endfacet
  facet normal 0 0 -1
    outer loop
      vertex 0 3.5 0
      vertex 2.25496 1.01204 0
      vertex 2.01227 1.04803 0
    endloop
  endfacet
  facet normal 0 0 -1
    outer loop
      vertex 0 3.5 0
      vertex 2.01227 1.04803 0
      vertex 1.77429 1.10765 0
    endloop
  endfacet
  facet normal 0 0 -1
    outer loop
      vertex 4.9598 6.24023 0
      vertex 0 10 0
      vertex 5.04411 6.47584 0
    endloop
  endfacet
  facet normal 0 0 -1
    outer loop
      vertex 0 3.5 0
      vertex 1.77429 1.10765 0
      vertex 1.54329 1.19031 0
    endloop
  endfacet
  facet normal 0 0 -1
    outer loop
      vertex 0 3.5 0
      vertex 1.54329 1.19031 0
      vertex 1.3215 1.2952 0
    endloop
  endfacet
  facet normal 0 0 -1
    outer loop
      vertex 0 3.5 0
      vertex 1.3215 1.2952 0
      vertex 1.11107 1.42133 0
    endloop
  endfacet
  facet normal 0 0 -1
    outer loop
      vertex 5.04411 6.47584 0
      vertex 0 10 0
      vertex 5.1511 6.70206 0
    endloop
  endfacet
  facet normal 0 0 -1
    outer loop
      vertex 0 3.5 0
      vertex 1.11107 1.42133 0
      vertex 0.914017 1.56747 0
    endloop
  endfacet
  facet normal 0 0 -1
    outer loop
      vertex 0 3.5 0
      vertex 0.914017 1.56747 0
      vertex 0.732239 1.73224 0
    endloop
  endfacet
  facet normal 0 0 -1
    outer loop
      vertex 0 3.5 0
      vertex 0.732239 1.73224 0
      vertex 0.567474 1.91402 0
    endloop
  endfacet
  facet normal 0 0 -1
    outer loop
      vertex 5.1511 6.70206 0
      vertex 0 10 0
      vertex 5.27975 6.9167 0
    endloop
  endfacet
  facet normal 0 0 -1
    outer loop
      vertex 0 3.5 0
      vertex 0.567474 1.91402 0
      vertex 0.421326 2.11107 0
    endloop
  endfacet
  facet normal 0 0 -1
    outer loop
      vertex 0 3.5 0
      vertex 0.421326 2.11107 0
      vertex 0.295197 2.3215 0
    endloop
  endfacet
  facet normal 0 0 -1
    outer loop
      vertex 0 3.5 0
      vertex 0.295197 2.3215 0
      vertex 0.190308 2.54329 0
    endloop
  endfacet
  facet normal 0 0 -1
    outer loop
      vertex 5.27975 6.9167 0
      vertex 0 10 0
      vertex 5.42882 7.1177 0
    endloop
  endfacet
  facet normal 0 0 -1
    outer loop
      vertex 0 3.5 0
      vertex 0.190308 2.54329 0
      vertex 0.107651 2.77429 0
    endloop
  endfacet
  facet normal 0 0 -1
    outer loop
      vertex 0 3.5 0
      vertex 0.107651 2.77429 0
      vertex 0.0480347 3.01227 0
    endloop
  endfacet
  facet normal 0 0 -1
    outer loop
      vertex 0 3.5 0
      vertex 0.0480347 3.01227 0
      vertex 0.0120392 3.25496 0
    endloop
  endfacet
  facet normal 0 0 -1
    outer loop
      vertex 5.42882 7.1177 0
      vertex 0 10 0
      vertex 5.59688 7.30312 0
    endloop
  endfacet
  facet normal 0 0 -1
    outer loop
      vertex 5.59688 7.30312 0
      vertex 0 10 0
      vertex 5.7823 7.47118 0
    endloop
  endfacet
  facet normal 0 0 -1
    outer loop
      vertex 37 8.05 0
      vertex 0 10 0
      vertex 74 10 0
    endloop
  endfacet
  facet normal 0 0 -1
    outer loop
      vertex 7.15006 8.03772 0
      vertex 0 10 0
      vertex 7.4 8.05 0
    endloop
  endfacet
  facet normal 0 0 -1
    outer loop
      vertex 6.90252 8.001 0
      vertex 0 10 0
      vertex 7.15006 8.03772 0
    endloop
  endfacet
  facet normal 0 0 -1
    outer loop
      vertex 6.65977 7.9402 0
      vertex 0 10 0
      vertex 6.90252 8.001 0
    endloop
  endfacet
  facet normal 0 0 -1
    outer loop
      vertex 6.42416 7.85589 0
      vertex 0 10 0
      vertex 6.65977 7.9402 0
    endloop
  endfacet
  facet normal 0 0 -1
    outer loop
      vertex 6.19794 7.7489 0
      vertex 0 10 0
      vertex 6.42416 7.85589 0
    endloop
  endfacet
  facet normal 0 0 -1
    outer loop
      vertex 5.9833 7.62025 0
      vertex 0 10 0
      vertex 6.19794 7.7489 0
    endloop
  endfacet
  facet normal 0 0 -1
    outer loop
      vertex 5.7823 7.47118 0
      vertex 0 10 0
      vertex 5.9833 7.62025 0
    endloop
  endfacet
  facet normal -0.427526 -0.904003 0
    outer loop
      vertex 1.3215 1.2952 0
      vertex 1.54329 1.19031 3
      vertex 1.3215 1.2952 3
    endloop
  endfacet
  facet normal -0.427526 -0.904003 -0
    outer loop
      vertex 1.54329 1.19031 3
      vertex 1.3215 1.2952 0
      vertex 1.54329 1.19031 0
    endloop
  endfacet
  facet normal -0.904005 -0.427522 0
    outer loop
      vertex 0.295197 2.3215 0
      vertex 0.190308 2.54329 3
      vertex 0.190308 2.54329 0
    endloop
  endfacet
  facet normal -0.904005 -0.427522 0
    outer loop
      vertex 0.190308 2.54329 3
      vertex 0.295197 2.3215 0
      vertex 0.295197 2.3215 3
    endloop
  endfacet
  facet normal -0.941539 -0.336904 0
    outer loop
      vertex 0.190308 2.54329 0
      vertex 0.107651 2.77429 3
      vertex 0.107651 2.77429 0
    endloop
  endfacet
  facet normal -0.941539 -0.336904 0
    outer loop
      vertex 0.107651 2.77429 3
      vertex 0.190308 2.54329 0
      vertex 0.190308 2.54329 3
    endloop
  endfacet
  facet normal 0.42751 -0.904011 0
    outer loop
      vertex 72.4567 1.19031 0
      vertex 72.6785 1.2952 3
      vertex 72.4567 1.19031 3
    endloop
  endfacet
  facet normal 0.42751 -0.904011 0
    outer loop
      vertex 72.6785 1.2952 3
      vertex 72.4567 1.19031 0
      vertex 72.6785 1.2952 0
    endloop
  endfacet
  facet normal -0.740932 -0.67158 0
    outer loop
      vertex 0.732239 1.73224 0
      vertex 0.567474 1.91402 3
      vertex 0.567474 1.91402 0
    endloop
  endfacet
  facet normal -0.740932 -0.67158 0
    outer loop
      vertex 0.567474 1.91402 3
      vertex 0.732239 1.73224 0
      vertex 0.732239 1.73224 3
    endloop
  endfacet
endsolid OpenSCAD_Model
