solid OpenSCAD_Model
  facet normal 0 0 -1
    outer loop
      vertex 9.7 -14.026 0
      vertex 1.99916 -0.0999908 0
      vertex 2 0 0
    endloop
  endfacet
  facet normal 0 0 -1
    outer loop
      vertex 9.7 -14.026 0
      vertex 1.99666 -0.199951 0
      vertex 1.99916 -0.0999908 0
    endloop
  endfacet
  facet normal 0 0 -1
    outer loop
      vertex 9.7 -14.026 0
      vertex 1.99249 -0.299866 0
      vertex 1.99666 -0.199951 0
    endloop
  endfacet
  facet normal 0 0 -1
    outer loop
      vertex 9.7 -14.026 0
      vertex 1.98666 -0.399689 0
      vertex 1.99249 -0.299866 0
    endloop
  endfacet
  facet normal 0 0 -1
    outer loop
      vertex 9.7 -14.026 0
      vertex 1.97917 -0.499405 0
      vertex 1.98666 -0.399689 0
    endloop
  endfacet
  facet normal 0 0 -1
    outer loop
      vertex 9.7 -14.026 0
      vertex 1.97002 -0.598984 0
      vertex 1.97917 -0.499405 0
    endloop
  endfacet
  facet normal 0 0 -1
    outer loop
      vertex 9.7 -14.026 0
      vertex 1.95921 -0.698395 0
      vertex 1.97002 -0.598984 0
    endloop
  endfacet
  facet normal 0 0 -1
    outer loop
      vertex 9.7 -14.026 0
      vertex 1.94675 -0.797607 0
      vertex 1.95921 -0.698395 0
    endloop
  endfacet
  facet normal 0 0 -1
    outer loop
      vertex 9.7 -14.026 0
      vertex 1.93262 -0.896606 0
      vertex 1.94675 -0.797607 0
    endloop
  endfacet
  facet normal 0 0 -1
    outer loop
      vertex 9.7 -14.026 0
      vertex 1.91685 -0.995346 0
      vertex 1.93262 -0.896606 0
    endloop
  endfacet
  facet normal 0 0 -1
    outer loop
      vertex 9.7 -14.026 0
      vertex 1.89944 -1.09381 0
      vertex 1.91685 -0.995346 0
    endloop
  endfacet
  facet normal 0 0 -1
    outer loop
      vertex 9.7 -14.026 0
      vertex 1.8804 -1.19199 0
      vertex 1.89944 -1.09381 0
    endloop
  endfacet
  facet normal 0 0 -1
    outer loop
      vertex 9.7 -14.026 0
      vertex 1.85971 -1.28981 0
      vertex 1.8804 -1.19199 0
    endloop
  endfacet
  facet normal 0 0 -1
    outer loop
      vertex 9.7 -14.026 0
      vertex 1.8374 -1.3873 0
      vertex 1.85971 -1.28981 0
    endloop
  endfacet
  facet normal 0 0 -1
    outer loop
      vertex 9.7 -14.026 0
      vertex 1.81348 -1.48438 0
      vertex 1.8374 -1.3873 0
    endloop
  endfacet
  facet normal 0 0 -1
    outer loop
      vertex 9.7 -14.026 0
      vertex 1.78793 -1.58105 0
      vertex 1.81348 -1.48438 0
    endloop
  endfacet
  facet normal 0 0 -1
    outer loop
      vertex 9.7 -14.026 0
      vertex 1.76077 -1.67731 0
      vertex 1.78793 -1.58105 0
    endloop
  endfacet
  facet normal 0 0 -1
    outer loop
      vertex 9.7 -14.026 0
      vertex 1.73203 -1.77307 0
      vertex 1.76077 -1.67731 0
    endloop
  endfacet
  facet normal 0 0 -1
    outer loop
      vertex 9.7 -14.026 0
      vertex 1.70168 -1.86835 0
      vertex 1.73203 -1.77307 0
    endloop
  endfacet
  facet normal 0 0 -1
    outer loop
      vertex 9.7 -14.026 0
      vertex 1.66975 -1.96312 0
      vertex 1.70168 -1.86835 0
    endloop
  endfacet
  facet normal 0 0 -1
    outer loop
      vertex 9.7 -14.026 0
      vertex 1.63625 -2.05733 0
      vertex 1.66975 -1.96312 0
    endloop
  endfacet
  facet normal 0 0 -1
    outer loop
      vertex 9.7 -14.026 0
      vertex 1.60118 -2.15097 0
      vertex 1.63625 -2.05733 0
    endloop
  endfacet
  facet normal 0 0 -1
    outer loop
      vertex 9.7 -14.026 0
      vertex 1.56454 -2.24402 0
      vertex 1.60118 -2.15097 0
    endloop
  endfacet
  facet normal 0 0 -1
    outer loop
      vertex 9.7 -14.026 0
      vertex 1.52638 -2.33646 0
      vertex 1.56454 -2.24402 0
    endloop
  endfacet
  facet normal 0 0 -1
    outer loop
      vertex 9.7 -14.026 0
      vertex 1.48668 -2.42822 0
      vertex 1.52638 -2.33646 0
    endloop
  endfacet
  facet normal 0 0 -1
    outer loop
      vertex 9.7 -14.026 0
      vertex 1.44545 -2.51933 0
      vertex 1.48668 -2.42822 0
    endloop
  endfacet
  facet normal 0 0 -1
    outer loop
      vertex 9.7 -14.026 0
      vertex 1.40271 -2.60973 0
      vertex 1.44545 -2.51933 0
    endloop
  endfacet
  facet normal 0 0 -1
    outer loop
      vertex 9.7 -14.026 0
      vertex 1.35846 -2.6994 0
      vertex 1.40271 -2.60973 0
    endloop
  endfacet
  facet normal 0 0 -1
    outer loop
      vertex 9.7 -14.026 0
      vertex 1.31273 -2.78833 0
      vertex 1.35846 -2.6994 0
    endloop
  endfacet
  facet normal 0 0 -1
    outer loop
      vertex 9.7 -14.026 0
      vertex 1.26552 -2.87648 0
      vertex 1.31273 -2.78833 0
    endloop
  endfacet
  facet normal 0 0 -1
    outer loop
      vertex 9.7 -14.026 0
      vertex 1.21686 -2.96384 0
      vertex 1.26552 -2.87648 0
    endloop
  endfacet
  facet normal 0 0 -1
    outer loop
      vertex 9.7 -14.026 0
      vertex 1.16673 -3.05037 0
      vertex 1.21686 -2.96384 0
    endloop
  endfacet
  facet normal 0 0 -1
    outer loop
      vertex 9.7 -14.026 0
      vertex 1.11517 -3.13605 0
      vertex 1.16673 -3.05037 0
    endloop
  endfacet
  facet normal 0 0 -1
    outer loop
      vertex 9.7 -14.026 0
      vertex 1.06221 -3.22086 0
      vertex 1.11517 -3.13605 0
    endloop
  endfacet
  facet normal 0 0 -1
    outer loop
      vertex 9.7 -14.026 0
      vertex 1.00783 -3.30478 0
      vertex 1.06221 -3.22086 0
    endloop
  endfacet
  facet normal 0 0 -1
    outer loop
      vertex 9.7 -14.026 0
      vertex 0.952057 -3.38777 0
      vertex 1.00783 -3.30478 0
    endloop
  endfacet
  facet normal 0 0 -1
    outer loop
      vertex 9.7 -14.026 0
      vertex 0.894913 -3.46983 0
      vertex 0.952057 -3.38777 0
    endloop
  endfacet
  facet normal 0 0 -1
    outer loop
      vertex 9.7 -14.026 0
      vertex 0.836395 -3.55093 0
      vertex 0.894913 -3.46983 0
    endloop
  endfacet
  facet normal 0 0 -1
    outer loop
      vertex 9.7 -14.026 0
      vertex 0.77655 -3.63104 0
      vertex 0.836395 -3.55093 0
    endloop
  endfacet
  facet normal 0 0 -1
    outer loop
      vertex 9.7 -14.026 0
      vertex 0.715378 -3.71014 0
      vertex 0.77655 -3.63104 0
    endloop
  endfacet
  facet normal 0 0 -1
    outer loop
      vertex 9.7 -14.026 0
      vertex 0.652893 -3.78821 0
      vertex 0.715378 -3.71014 0
    endloop
  endfacet
  facet normal 0 0 -1
    outer loop
      vertex 9.7 -14.026 0
      vertex 0.589111 -3.86522 0
      vertex 0.652893 -3.78821 0
    endloop
  endfacet
  facet normal 0 0 -1
    outer loop
      vertex 9.7 -14.026 0
      vertex 0.524063 -3.94116 0
      vertex 0.589111 -3.86522 0
    endloop
  endfacet
  facet normal 0 0 -1
    outer loop
      vertex 9.7 -14.026 0
      vertex 0.457748 -4.01602 0
      vertex 0.524063 -3.94116 0
    endloop
  endfacet
  facet normal 0 0 -1
    outer loop
      vertex 9.7 -14.026 0
      vertex 0.390198 -4.08975 0
      vertex 0.457748 -4.01602 0
    endloop
  endfacet
  facet normal 0 0 -1
    outer loop
      vertex 9.7 -14.026 0
      vertex 0.321426 -4.16234 0
      vertex 0.390198 -4.08975 0
    endloop
  endfacet
  facet normal 0 0 -1
    outer loop
      vertex 9.7 -14.026 0
      vertex 0.251465 -4.23378 0
      vertex 0.321426 -4.16234 0
    endloop
  endfacet
  facet normal 0 0 -1
    outer loop
      vertex 9.7 -14.026 0
      vertex 0.180313 -4.30405 0
      vertex 0.251465 -4.23378 0
    endloop
  endfacet
  facet normal 0 0 -1
    outer loop
      vertex 9.7 -14.026 0
      vertex 0.108002 -4.37312 0
      vertex 0.180313 -4.30405 0
    endloop
  endfacet
  facet normal 0 0 -1
    outer loop
      vertex 9.7 -14.026 0
      vertex 0.0345459 -4.44098 0
      vertex 0.108002 -4.37312 0
    endloop
  endfacet
  facet normal 0 0 -1
    outer loop
      vertex 9.7 -14.026 0
      vertex -0.0400085 -4.5076 0
      vertex 0.0345459 -4.44098 0
    endloop
  endfacet
  facet normal 0 0 -1
    outer loop
      vertex 9.7 -14.026 0
      vertex -0.115677 -4.57297 0
      vertex -0.0400085 -4.5076 0
    endloop
  endfacet
  facet normal 0 0 -1
    outer loop
      vertex 9.7 -14.026 0
      vertex -0.192429 -4.63707 0
      vertex -0.115677 -4.57297 0
    endloop
  endfacet
  facet normal 0 0 -1
    outer loop
      vertex 9.7 -14.026 0
      vertex -0.270233 -4.69987 0
      vertex -0.192429 -4.63707 0
    endloop
  endfacet
  facet normal 0 0 -1
    outer loop
      vertex 9.7 -14.026 0
      vertex -0.349075 -4.76138 0
      vertex -0.270233 -4.69987 0
    endloop
  endfacet
  facet normal 0 0 -1
    outer loop
      vertex 9.7 -14.026 0
      vertex -0.42894 -4.82156 0
      vertex -0.349075 -4.76138 0
    endloop
  endfacet
  facet normal 0 0 -1
    outer loop
      vertex 9.7 -14.026 0
      vertex -0.509781 -4.8804 0
      vertex -0.42894 -4.82156 0
    endloop
  endfacet
  facet normal 0 0 -1
    outer loop
      vertex 9.7 -14.026 0
      vertex -0.591599 -4.9379 0
      vertex -0.509781 -4.8804 0
    endloop
  endfacet
  facet normal 0 0 -1
    outer loop
      vertex 9.7 -14.026 0
      vertex -0.674377 -4.99402 0
      vertex -0.591599 -4.9379 0
    endloop
  endfacet
  facet normal 0 0 -1
    outer loop
      vertex 9.7 -14.026 0
      vertex -0.758057 -5.04874 0
      vertex -0.674377 -4.99402 0
    endloop
  endfacet
  facet normal 0 0 -1
    outer loop
      vertex 9.7 -14.026 0
      vertex -0.842651 -5.10207 0
      vertex -0.758057 -5.04874 0
    endloop
  endfacet
  facet normal 0 0 -1
    outer loop
      vertex 9.7 -14.026 0
      vertex -0.928116 -5.15398 0
      vertex -0.842651 -5.10207 0
    endloop
  endfacet
  facet normal 0 0 -1
    outer loop
      vertex 9.7 -14.026 0
      vertex -1.01443 -5.20445 0
      vertex -0.928116 -5.15398 0
    endloop
  endfacet
  facet normal 0 0 -1
    outer loop
      vertex 9.7 -14.026 0
      vertex -1.10159 -5.25349 0
      vertex -1.01443 -5.20445 0
    endloop
  endfacet
  facet normal 0 0 -1
    outer loop
      vertex 9.7 -14.026 0
      vertex -1.18954 -5.30107 0
      vertex -1.10159 -5.25349 0
    endloop
  endfacet
  facet normal 0 0 -1
    outer loop
      vertex 4.22084 -19.5 0
      vertex -1.27827 -5.34717 0
      vertex -1.18954 -5.30107 0
    endloop
  endfacet
  facet normal 0 0 -1
    outer loop
      vertex 4.22084 -19.5 0
      vertex -1.36777 -5.39178 0
      vertex -1.27827 -5.34717 0
    endloop
  endfacet
  facet normal 0 0 -1
    outer loop
      vertex 4.22084 -19.5 0
      vertex -1.45799 -5.43491 0
      vertex -1.36777 -5.39178 0
    endloop
  endfacet
  facet normal 0 0 -1
    outer loop
      vertex 4.22084 -19.5 0
      vertex -1.54892 -5.47652 0
      vertex -1.45799 -5.43491 0
    endloop
  endfacet
  facet normal 0 0 -1
    outer loop
      vertex 4.22084 -19.5 0
      vertex -1.64053 -5.5166 0
      vertex -1.54892 -5.47652 0
    endloop
  endfacet
  facet normal 0 0 -1
    outer loop
      vertex 4.22084 -19.5 0
      vertex -1.73279 -5.55516 0
      vertex -1.64053 -5.5166 0
    endloop
  endfacet
  facet normal 0 0 -1
    outer loop
      vertex 4.22084 -19.5 0
      vertex -1.82568 -5.59216 0
      vertex -1.73279 -5.55516 0
    endloop
  endfacet
  facet normal 0 0 -1
    outer loop
      vertex 4.22084 -19.5 0
      vertex -1.91919 -5.62762 0
      vertex -1.82568 -5.59216 0
    endloop
  endfacet
  facet normal 0 0 -1
    outer loop
      vertex 4.22084 -19.5 0
      vertex -2.01326 -5.66151 0
      vertex -1.91919 -5.62762 0
    endloop
  endfacet
  facet normal 0 0 -1
    outer loop
      vertex 4.22084 -19.5 0
      vertex -2.10789 -5.69385 0
      vertex -2.01326 -5.66151 0
    endloop
  endfacet
  facet normal 0 0 -1
    outer loop
      vertex 4.22084 -19.5 0
      vertex -2.20305 -5.72458 0
      vertex -2.10789 -5.69385 0
    endloop
  endfacet
  facet normal 0 0 -1
    outer loop
      vertex 4.22084 -19.5 0
      vertex -2.29869 -5.75374 0
      vertex -2.20305 -5.72458 0
    endloop
  endfacet
  facet normal 0 0 -1
    outer loop
      vertex -4.22601 -19.5 0
      vertex -2.29869 -5.75374 0
      vertex 4.22084 -19.5 0
    endloop
  endfacet
  facet normal 0 0 -1
    outer loop
      vertex -2.29869 -5.75374 0
      vertex -4.22601 -19.5 0
      vertex -2.39482 -5.7813 0
    endloop
  endfacet
  facet normal 0 0 -1
    outer loop
      vertex -2.39482 -5.7813 0
      vertex -4.22601 -19.5 0
      vertex -2.49139 -5.80724 0
    endloop
  endfacet
  facet normal 0 0 -1
    outer loop
      vertex -2.49139 -5.80724 0
      vertex -4.22601 -19.5 0
      vertex -2.58838 -5.83157 0
    endloop
  endfacet
  facet normal 0 0 -1
    outer loop
      vertex -2.58838 -5.83157 0
      vertex -4.22601 -19.5 0
      vertex -2.68576 -5.85429 0
    endloop
  endfacet
  facet normal 0 0 -1
    outer loop
      vertex -2.68576 -5.85429 0
      vertex -4.22601 -19.5 0
      vertex -2.78351 -5.87538 0
    endloop
  endfacet
  facet normal 0 0 -1
    outer loop
      vertex -2.78351 -5.87538 0
      vertex -4.22601 -19.5 0
      vertex -2.88159 -5.89484 0
    endloop
  endfacet
  facet normal 0 0 -1
    outer loop
      vertex -2.88159 -5.89484 0
      vertex -4.22601 -19.5 0
      vertex -2.98 -5.91266 0
    endloop
  endfacet
  facet normal 0 0 -1
    outer loop
      vertex -2.98 -5.91266 0
      vertex -4.22601 -19.5 0
      vertex -3.07867 -5.92883 0
    endloop
  endfacet
  facet normal 0 0 -1
    outer loop
      vertex -3.07867 -5.92883 0
      vertex -4.22601 -19.5 0
      vertex -3.17761 -5.94336 0
    endloop
  endfacet
  facet normal 0 0 -1
    outer loop
      vertex -3.17761 -5.94336 0
      vertex -4.22601 -19.5 0
      vertex -3.27678 -5.95625 0
    endloop
  endfacet
  facet normal 0 0 -1
    outer loop
      vertex -3.27678 -5.95625 0
      vertex -4.22601 -19.5 0
      vertex -3.37613 -5.96747 0
    endloop
  endfacet
  facet normal 0 0 -1
    outer loop
      vertex -3.37613 -5.96747 0
      vertex -4.22601 -19.5 0
      vertex -3.47568 -5.97704 0
    endloop
  endfacet
  facet normal 0 0 -1
    outer loop
      vertex -3.47568 -5.97704 0
      vertex -4.22601 -19.5 0
      vertex -3.57536 -5.98495 0
    endloop
  endfacet
  facet normal 0 0 -1
    outer loop
      vertex -9.7 -14.0208 0
      vertex -3.57536 -5.98495 0
      vertex -4.22601 -19.5 0
    endloop
  endfacet
  facet normal 0 0 -1
    outer loop
      vertex -3.57536 -5.98495 0
      vertex -9.7 -14.0208 0
      vertex -3.67516 -5.9912 0
    endloop
  endfacet
  facet normal 0 0 -1
    outer loop
      vertex -3.67516 -5.9912 0
      vertex -9.7 -14.0208 0
      vertex -3.77505 -5.99577 0
    endloop
  endfacet
  facet normal 0 0 -1
    outer loop
      vertex -3.77505 -5.99577 0
      vertex -9.7 -14.0208 0
      vertex -3.875 -5.99869 0
    endloop
  endfacet
  facet normal 0 0 -1
    outer loop
      vertex -9.7 -14.0208 0
      vertex -4.22601 -19.5 0
      vertex -4.42336 -19.4959 0
    endloop
  endfacet
  facet normal 0 0 -1
    outer loop
      vertex -9.7 -14.0208 0
      vertex -4.42336 -19.4959 0
      vertex -4.61092 -19.485 0
    endloop
  endfacet
  facet normal 0 0 -1
    outer loop
      vertex -9.7 -14.0208 0
      vertex -4.61092 -19.485 0
      vertex -4.79306 -19.4683 0
    endloop
  endfacet
  facet normal 0 0 -1
    outer loop
      vertex -9.7 -14.0208 0
      vertex -4.79306 -19.4683 0
      vertex -4.97464 -19.4455 0
    endloop
  endfacet
  facet normal 0 0 -1
    outer loop
      vertex -9.7 -14.0208 0
      vertex -4.97464 -19.4455 0
      vertex -5.15523 -19.4168 0
    endloop
  endfacet
  facet normal 0 0 -1
    outer loop
      vertex -9.7 -14.0208 0
      vertex -5.15523 -19.4168 0
      vertex -5.33464 -19.382 0
    endloop
  endfacet
  facet normal 0 0 -1
    outer loop
      vertex -9.7 -14.0208 0
      vertex -5.33464 -19.382 0
      vertex -5.51277 -19.3414 0
    endloop
  endfacet
  facet normal 0 0 -1
    outer loop
      vertex -9.7 -14.0208 0
      vertex -5.51277 -19.3414 0
      vertex -5.6897 -19.2948 0
    endloop
  endfacet
  facet normal 0 0 -1
    outer loop
      vertex -9.7 -14.0208 0
      vertex -5.6897 -19.2948 0
      vertex -5.86487 -19.2423 0
    endloop
  endfacet
  facet normal 0 0 -1
    outer loop
      vertex -9.7 -14.0208 0
      vertex -5.86487 -19.2423 0
      vertex -6.03824 -19.1841 0
    endloop
  endfacet
  facet normal 0 0 -1
    outer loop
      vertex -9.7 -14.0208 0
      vertex -6.03824 -19.1841 0
      vertex -6.20953 -19.1201 0
    endloop
  endfacet
  facet normal 0 0 -1
    outer loop
      vertex -9.7 -14.0208 0
      vertex -6.20953 -19.1201 0
      vertex -6.37845 -19.0506 0
    endloop
  endfacet
  facet normal 0 0 -1
    outer loop
      vertex -9.7 -14.0208 0
      vertex -6.37845 -19.0506 0
      vertex -6.54523 -18.9753 0
    endloop
  endfacet
  facet normal 0 0 -1
    outer loop
      vertex -9.7 -14.0208 0
      vertex -6.54523 -18.9753 0
      vertex -6.70941 -18.8945 0
    endloop
  endfacet
  facet normal 0 0 -1
    outer loop
      vertex -9.7 -14.0208 0
      vertex -6.70941 -18.8945 0
      vertex -6.87061 -18.8085 0
    endloop
  endfacet
  facet normal 0 0 -1
    outer loop
      vertex -9.7 -14.0208 0
      vertex -6.87061 -18.8085 0
      vertex -7.02893 -18.7171 0
    endloop
  endfacet
  facet normal 0 0 -1
    outer loop
      vertex -9.7 -14.0208 0
      vertex -7.02893 -18.7171 0
      vertex -7.18428 -18.6204 0
    endloop
  endfacet
  facet normal 0 0 -1
    outer loop
      vertex -9.7 -14.0208 0
      vertex -7.18428 -18.6204 0
      vertex -7.33612 -18.5187 0
    endloop
  endfacet
  facet normal 0 0 -1
    outer loop
      vertex -9.7 -14.0208 0
      vertex -7.33612 -18.5187 0
      vertex -7.48457 -18.412 0
    endloop
  endfacet
  facet normal 0 0 -1
    outer loop
      vertex -9.7 -14.0208 0
      vertex -7.48457 -18.412 0
      vertex -7.62936 -18.3004 0
    endloop
  endfacet
  facet normal 0 0 -1
    outer loop
      vertex -9.7 -14.0208 0
      vertex -7.62936 -18.3004 0
      vertex -7.77045 -18.184 0
    endloop
  endfacet
  facet normal 0 0 -1
    outer loop
      vertex -9.7 -14.0208 0
      vertex -7.77045 -18.184 0
      vertex -7.90761 -18.0629 0
    endloop
  endfacet
  facet normal 0 0 -1
    outer loop
      vertex -9.7 -14.0208 0
      vertex -7.90761 -18.0629 0
      vertex -8.04059 -17.9375 0
    endloop
  endfacet
  facet normal 0 0 -1
    outer loop
      vertex -9.7 -14.0208 0
      vertex -8.04059 -17.9375 0
      vertex -8.16928 -17.8077 0
    endloop
  endfacet
  facet normal 0 0 -1
    outer loop
      vertex -9.7 -14.0208 0
      vertex -8.16928 -17.8077 0
      vertex -8.29367 -17.6736 0
    endloop
  endfacet
  facet normal 0 0 -1
    outer loop
      vertex -9.7 -14.0208 0
      vertex -8.29367 -17.6736 0
      vertex -8.4135 -17.5355 0
    endloop
  endfacet
  facet normal 0 0 -1
    outer loop
      vertex -9.7 -14.0208 0
      vertex -8.4135 -17.5355 0
      vertex -8.52869 -17.3936 0
    endloop
  endfacet
  facet normal 0 0 -1
    outer loop
      vertex -9.7 -14.0208 0
      vertex -8.52869 -17.3936 0
      vertex -8.63911 -17.2478 0
    endloop
  endfacet
  facet normal 0 0 -1
    outer loop
      vertex -9.7 -14.0208 0
      vertex -8.63911 -17.2478 0
      vertex -8.74449 -17.0986 0
    endloop
  endfacet
  facet normal 0 0 -1
    outer loop
      vertex -9.7 -14.0208 0
      vertex -8.74449 -17.0986 0
      vertex -8.845 -16.9458 0
    endloop
  endfacet
  facet normal 0 0 -1
    outer loop
      vertex -9.7 -14.0208 0
      vertex -8.845 -16.9458 0
      vertex -8.94048 -16.7896 0
    endloop
  endfacet
  facet normal 0 0 -1
    outer loop
      vertex -9.7 -14.0208 0
      vertex -8.94048 -16.7896 0
      vertex -9.03056 -16.6305 0
    endloop
  endfacet
  facet normal 0 0 -1
    outer loop
      vertex -9.7 -14.0208 0
      vertex -9.03056 -16.6305 0
      vertex -9.11528 -16.4686 0
    endloop
  endfacet
  facet normal 0 0 -1
    outer loop
      vertex -9.7 -14.0208 0
      vertex -9.11528 -16.4686 0
      vertex -9.1946 -16.3039 0
    endloop
  endfacet
  facet normal 0 0 -1
    outer loop
      vertex -9.7 -14.0208 0
      vertex -9.1946 -16.3039 0
      vertex -9.26845 -16.1365 0
    endloop
  endfacet
  facet normal 0 0 -1
    outer loop
      vertex -9.7 -14.0208 0
      vertex -9.26845 -16.1365 0
      vertex -9.33669 -15.9668 0
    endloop
  endfacet
  facet normal 0 0 -1
    outer loop
      vertex -9.7 -14.0208 0
      vertex -9.33669 -15.9668 0
      vertex -9.3992 -15.795 0
    endloop
  endfacet
  facet normal 0 0 -1
    outer loop
      vertex -9.7 -14.0208 0
      vertex -9.3992 -15.795 0
      vertex -9.45593 -15.6214 0
    endloop
  endfacet
  facet normal 0 0 -1
    outer loop
      vertex -9.7 -14.0208 0
      vertex -9.45593 -15.6214 0
      vertex -9.50697 -15.4457 0
    endloop
  endfacet
  facet normal 0 0 -1
    outer loop
      vertex -9.7 -14.0208 0
      vertex -9.50697 -15.4457 0
      vertex -9.55208 -15.2684 0
    endloop
  endfacet
  facet normal 0 0 -1
    outer loop
      vertex -9.7 -14.0208 0
      vertex -9.55208 -15.2684 0
      vertex -9.59128 -15.0899 0
    endloop
  endfacet
  facet normal 0 0 -1
    outer loop
      vertex -9.7 -14.0208 0
      vertex -9.59128 -15.0899 0
      vertex -9.62454 -14.91 0
    endloop
  endfacet
  facet normal 0 0 -1
    outer loop
      vertex -9.7 -14.0208 0
      vertex -9.62454 -14.91 0
      vertex -9.65178 -14.7293 0
    endloop
  endfacet
  facet normal 0 0 -1
    outer loop
      vertex -9.7 -14.0208 0
      vertex -9.65178 -14.7293 0
      vertex -9.67299 -14.5478 0
    endloop
  endfacet
  facet normal 0 0 -1
    outer loop
      vertex -9.7 -14.0208 0
      vertex -9.67299 -14.5478 0
      vertex -9.6882 -14.3654 0
    endloop
  endfacet
  facet normal 0 0 -1
    outer loop
      vertex -9.7 -14.0208 0
      vertex -9.6882 -14.3654 0
      vertex -9.6973 -14.1827 0
    endloop
  endfacet
  facet normal 0 0 -1
    outer loop
      vertex -3.875 -5.99869 0
      vertex -9.7 -14.0208 0
      vertex -3.97499 -5.99994 0
    endloop
  endfacet
  facet normal -0 0 -1
    outer loop
      vertex -3.97499 -5.99994 0
      vertex -9.7 -14.0208 0
      vertex -9.7 -5.99994 0
    endloop
  endfacet
  facet normal 0 0 -1
    outer loop
      vertex 2 0 0
      vertex 9.7 14.0208 0
      vertex 9.7 -14.026 0
    endloop
  endfacet
  facet normal 0 0 -1
    outer loop
      vertex 4.22084 -19.5 0
      vertex 9.7 -14.026 0
      vertex 9.69589 -14.2234 0
    endloop
  endfacet
  facet normal 0 0 -1
    outer loop
      vertex 1.99916 0.0999908 0
      vertex 9.7 14.0208 0
      vertex 2 0 0
    endloop
  endfacet
  facet normal 0 0 -1
    outer loop
      vertex 4.22084 -19.5 0
      vertex 9.69589 -14.2234 0
      vertex 9.68497 -14.4109 0
    endloop
  endfacet
  facet normal 0 0 -1
    outer loop
      vertex 1.99666 0.199951 0
      vertex 9.7 14.0208 0
      vertex 1.99916 0.0999908 0
    endloop
  endfacet
  facet normal 0 0 -1
    outer loop
      vertex 4.22084 -19.5 0
      vertex 9.68497 -14.4109 0
      vertex 9.66829 -14.5931 0
    endloop
  endfacet
  facet normal 0 0 -1
    outer loop
      vertex 1.99249 0.299866 0
      vertex 9.7 14.0208 0
      vertex 1.99666 0.199951 0
    endloop
  endfacet
  facet normal 0 0 -1
    outer loop
      vertex 4.22084 -19.5 0
      vertex 9.66829 -14.5931 0
      vertex 9.64552 -14.7746 0
    endloop
  endfacet
  facet normal 0 0 -1
    outer loop
      vertex 1.98666 0.399689 0
      vertex 9.7 14.0208 0
      vertex 1.99249 0.299866 0
    endloop
  endfacet
  facet normal 0 0 -1
    outer loop
      vertex 4.22084 -19.5 0
      vertex 9.64552 -14.7746 0
      vertex 9.61676 -14.9552 0
    endloop
  endfacet
  facet normal 0 0 -1
    outer loop
      vertex 1.97917 0.499405 0
      vertex 9.7 14.0208 0
      vertex 1.98666 0.399689 0
    endloop
  endfacet
  facet normal 0 0 -1
    outer loop
      vertex 4.22084 -19.5 0
      vertex 9.61676 -14.9552 0
      vertex 9.58203 -15.1346 0
    endloop
  endfacet
  facet normal 0 0 -1
    outer loop
      vertex 1.97002 0.598984 0
      vertex 9.7 14.0208 0
      vertex 1.97917 0.499405 0
    endloop
  endfacet
  facet normal 0 0 -1
    outer loop
      vertex 4.22084 -19.5 0
      vertex 9.58203 -15.1346 0
      vertex 9.54138 -15.3128 0
    endloop
  endfacet
  facet normal 0 0 -1
    outer loop
      vertex 1.95921 0.698395 0
      vertex 9.7 14.0208 0
      vertex 1.97002 0.598984 0
    endloop
  endfacet
  facet normal 0 0 -1
    outer loop
      vertex 4.22084 -19.5 0
      vertex 9.54138 -15.3128 0
      vertex 9.49477 -15.4897 0
    endloop
  endfacet
  facet normal 0 0 -1
    outer loop
      vertex 1.94675 0.797607 0
      vertex 9.7 14.0208 0
      vertex 1.95921 0.698395 0
    endloop
  endfacet
  facet normal 0 0 -1
    outer loop
      vertex 4.22084 -19.5 0
      vertex 9.49477 -15.4897 0
      vertex 9.44232 -15.6649 0
    endloop
  endfacet
  facet normal 0 0 -1
    outer loop
      vertex 1.93262 0.896606 0
      vertex 9.7 14.0208 0
      vertex 1.94675 0.797607 0
    endloop
  endfacet
  facet normal 0 0 -1
    outer loop
      vertex 4.22084 -19.5 0
      vertex 9.44232 -15.6649 0
      vertex 9.38408 -15.8382 0
    endloop
  endfacet
  facet normal 0 0 -1
    outer loop
      vertex 1.91685 0.995346 0
      vertex 9.7 14.0208 0
      vertex 1.93262 0.896606 0
    endloop
  endfacet
  facet normal 0 0 -1
    outer loop
      vertex 4.22084 -19.5 0
      vertex 9.38408 -15.8382 0
      vertex 9.3201 -16.0095 0
    endloop
  endfacet
  facet normal 0 0 -1
    outer loop
      vertex 1.89944 1.09381 0
      vertex 9.7 14.0208 0
      vertex 1.91685 0.995346 0
    endloop
  endfacet
  facet normal 0 0 -1
    outer loop
      vertex 4.22084 -19.5 0
      vertex 9.3201 -16.0095 0
      vertex 9.25056 -16.1785 0
    endloop
  endfacet
  facet normal 0 0 -1
    outer loop
      vertex 1.8804 1.19199 0
      vertex 9.7 14.0208 0
      vertex 1.89944 1.09381 0
    endloop
  endfacet
  facet normal 0 0 -1
    outer loop
      vertex 4.22084 -19.5 0
      vertex 9.25056 -16.1785 0
      vertex 9.17531 -16.3452 0
    endloop
  endfacet
  facet normal 0 0 -1
    outer loop
      vertex 1.85971 1.28981 0
      vertex 9.7 14.0208 0
      vertex 1.8804 1.19199 0
    endloop
  endfacet
  facet normal 0 0 -1
    outer loop
      vertex 4.22084 -19.5 0
      vertex 9.17531 -16.3452 0
      vertex 9.09454 -16.5094 0
    endloop
  endfacet
  facet normal 0 0 -1
    outer loop
      vertex 1.8374 1.3873 0
      vertex 9.7 14.0208 0
      vertex 1.85971 1.28981 0
    endloop
  endfacet
  facet normal 0 0 -1
    outer loop
      vertex 4.22084 -19.5 0
      vertex 9.09454 -16.5094 0
      vertex 9.00848 -16.6706 0
    endloop
  endfacet
  facet normal 0 0 -1
    outer loop
      vertex 1.81348 1.48438 0
      vertex 9.7 14.0208 0
      vertex 1.8374 1.3873 0
    endloop
  endfacet
  facet normal 0 0 -1
    outer loop
      vertex 4.22084 -19.5 0
      vertex 9.00848 -16.6706 0
      vertex 8.9171 -16.8289 0
    endloop
  endfacet
  facet normal 0 0 -1
    outer loop
      vertex 1.78793 1.58105 0
      vertex 9.7 14.0208 0
      vertex 1.81348 1.48438 0
    endloop
  endfacet
  facet normal 0 0 -1
    outer loop
      vertex 4.22084 -19.5 0
      vertex 8.9171 -16.8289 0
      vertex 8.82037 -16.9843 0
    endloop
  endfacet
  facet normal 0 0 -1
    outer loop
      vertex 1.76077 1.67731 0
      vertex 9.7 14.0208 0
      vertex 1.78793 1.58105 0
    endloop
  endfacet
  facet normal 0 0 -1
    outer loop
      vertex 4.22084 -19.5 0
      vertex 8.82037 -16.9843 0
      vertex 8.71867 -17.1361 0
    endloop
  endfacet
  facet normal 0 0 -1
    outer loop
      vertex 1.73203 1.77307 0
      vertex 9.7 14.0208 0
      vertex 1.76077 1.67731 0
    endloop
  endfacet
  facet normal 0 0 -1
    outer loop
      vertex 4.22084 -19.5 0
      vertex 8.71867 -17.1361 0
      vertex 8.61195 -17.2846 0
    endloop
  endfacet
  facet normal 0 0 -1
    outer loop
      vertex 1.70168 1.86835 0
      vertex 9.7 14.0208 0
      vertex 1.73203 1.77307 0
    endloop
  endfacet
  facet normal 0 0 -1
    outer loop
      vertex 4.22084 -19.5 0
      vertex 8.61195 -17.2846 0
      vertex 8.50037 -17.4294 0
    endloop
  endfacet
  facet normal 0 0 -1
    outer loop
      vertex 1.66975 1.96312 0
      vertex 9.7 14.0208 0
      vertex 1.70168 1.86835 0
    endloop
  endfacet
  facet normal 0 0 -1
    outer loop
      vertex 4.22084 -19.5 0
      vertex 8.50037 -17.4294 0
      vertex 8.38399 -17.5704 0
    endloop
  endfacet
  facet normal 0 0 -1
    outer loop
      vertex 1.63625 2.05733 0
      vertex 9.7 14.0208 0
      vertex 1.66975 1.96312 0
    endloop
  endfacet
  facet normal 0 0 -1
    outer loop
      vertex 4.22084 -19.5 0
      vertex 8.38399 -17.5704 0
      vertex 8.26292 -17.7076 0
    endloop
  endfacet
  facet normal 0 0 -1
    outer loop
      vertex 1.60118 2.15097 0
      vertex 9.7 14.0208 0
      vertex 1.63625 2.05733 0
    endloop
  endfacet
  facet normal 0 0 -1
    outer loop
      vertex 4.22084 -19.5 0
      vertex 8.26292 -17.7076 0
      vertex 8.13747 -17.8406 0
    endloop
  endfacet
  facet normal 0 0 -1
    outer loop
      vertex 1.56454 2.24402 0
      vertex 9.7 14.0208 0
      vertex 1.60118 2.15097 0
    endloop
  endfacet
  facet normal 0 0 -1
    outer loop
      vertex 4.22084 -19.5 0
      vertex 8.13747 -17.8406 0
      vertex 8.00768 -17.9693 0
    endloop
  endfacet
  facet normal 0 0 -1
    outer loop
      vertex 1.52638 2.33646 0
      vertex 9.7 14.0208 0
      vertex 1.56454 2.24402 0
    endloop
  endfacet
  facet normal 0 0 -1
    outer loop
      vertex 4.22084 -19.5 0
      vertex 8.00768 -17.9693 0
      vertex 7.87364 -18.0937 0
    endloop
  endfacet
  facet normal 0 0 -1
    outer loop
      vertex 1.48668 2.42822 0
      vertex 9.7 14.0208 0
      vertex 1.52638 2.33646 0
    endloop
  endfacet
  facet normal 0 0 -1
    outer loop
      vertex 4.22084 -19.5 0
      vertex 7.87364 -18.0937 0
      vertex 7.73553 -18.2135 0
    endloop
  endfacet
  facet normal 0 0 -1
    outer loop
      vertex 1.44545 2.51933 0
      vertex 9.7 14.0208 0
      vertex 1.48668 2.42822 0
    endloop
  endfacet
  facet normal 0 0 -1
    outer loop
      vertex 4.22084 -19.5 0
      vertex 7.73553 -18.2135 0
      vertex 7.59355 -18.3287 0
    endloop
  endfacet
  facet normal 0 0 -1
    outer loop
      vertex 1.40271 2.60973 0
      vertex 9.7 14.0208 0
      vertex 1.44545 2.51933 0
    endloop
  endfacet
  facet normal 0 0 -1
    outer loop
      vertex 4.22084 -19.5 0
      vertex 7.59355 -18.3287 0
      vertex 7.44775 -18.4391 0
    endloop
  endfacet
  facet normal 0 0 -1
    outer loop
      vertex 1.35846 2.6994 0
      vertex 9.7 14.0208 0
      vertex 1.40271 2.60973 0
    endloop
  endfacet
  facet normal 0 0 -1
    outer loop
      vertex 4.22084 -19.5 0
      vertex 7.44775 -18.4391 0
      vertex 7.29858 -18.5445 0
    endloop
  endfacet
  facet normal 0 0 -1
    outer loop
      vertex 1.31273 2.78833 0
      vertex 9.7 14.0208 0
      vertex 1.35846 2.6994 0
    endloop
  endfacet
  facet normal 0 0 -1
    outer loop
      vertex 4.22084 -19.5 0
      vertex 7.29858 -18.5445 0
      vertex 7.14581 -18.645 0
    endloop
  endfacet
  facet normal 0 0 -1
    outer loop
      vertex 1.26552 2.87648 0
      vertex 9.7 14.0208 0
      vertex 1.31273 2.78833 0
    endloop
  endfacet
  facet normal 0 0 -1
    outer loop
      vertex 4.22084 -19.5 0
      vertex 7.14581 -18.645 0
      vertex 6.98956 -18.7405 0
    endloop
  endfacet
  facet normal 0 0 -1
    outer loop
      vertex 1.21686 2.96384 0
      vertex 9.7 14.0208 0
      vertex 1.26552 2.87648 0
    endloop
  endfacet
  facet normal 0 0 -1
    outer loop
      vertex 4.22084 -19.5 0
      vertex 6.98956 -18.7405 0
      vertex 6.83047 -18.8306 0
    endloop
  endfacet
  facet normal 0 0 -1
    outer loop
      vertex 1.16673 3.05037 0
      vertex 9.7 14.0208 0
      vertex 1.21686 2.96384 0
    endloop
  endfacet
  facet normal 0 0 -1
    outer loop
      vertex 4.22084 -19.5 0
      vertex 6.83047 -18.8306 0
      vertex 6.66856 -18.9153 0
    endloop
  endfacet
  facet normal 0 0 -1
    outer loop
      vertex 1.11517 3.13605 0
      vertex 9.7 14.0208 0
      vertex 1.16673 3.05037 0
    endloop
  endfacet
  facet normal 0 0 -1
    outer loop
      vertex 4.22084 -19.5 0
      vertex 6.66856 -18.9153 0
      vertex 6.50386 -18.9946 0
    endloop
  endfacet
  facet normal 0 0 -1
    outer loop
      vertex 1.06221 3.22086 0
      vertex 9.7 14.0208 0
      vertex 1.11517 3.13605 0
    endloop
  endfacet
  facet normal 0 0 -1
    outer loop
      vertex 4.22084 -19.5 0
      vertex 6.50386 -18.9946 0
      vertex 6.33652 -19.0685 0
    endloop
  endfacet
  facet normal 0 0 -1
    outer loop
      vertex 1.00783 3.30478 0
      vertex 9.7 14.0208 0
      vertex 1.06221 3.22086 0
    endloop
  endfacet
  facet normal 0 0 -1
    outer loop
      vertex 4.22084 -19.5 0
      vertex 6.33652 -19.0685 0
      vertex 6.16679 -19.1367 0
    endloop
  endfacet
  facet normal 0 0 -1
    outer loop
      vertex 0.952057 3.38777 0
      vertex 9.7 14.0208 0
      vertex 1.00783 3.30478 0
    endloop
  endfacet
  facet normal 0 0 -1
    outer loop
      vertex 4.22084 -19.5 0
      vertex 6.16679 -19.1367 0
      vertex 5.99501 -19.1992 0
    endloop
  endfacet
  facet normal 0 0 -1
    outer loop
      vertex 0.894913 3.46983 0
      vertex 9.7 14.0208 0
      vertex 0.952057 3.38777 0
    endloop
  endfacet
  facet normal 0 0 -1
    outer loop
      vertex 4.22084 -19.5 0
      vertex 5.99501 -19.1992 0
      vertex 5.82137 -19.2559 0
    endloop
  endfacet
  facet normal 0 0 -1
    outer loop
      vertex 0.836395 3.55093 0
      vertex 9.7 14.0208 0
      vertex 0.894913 3.46983 0
    endloop
  endfacet
  facet normal 0 0 -1
    outer loop
      vertex 4.22084 -19.5 0
      vertex 5.82137 -19.2559 0
      vertex 5.64566 -19.307 0
    endloop
  endfacet
  facet normal 0 0 -1
    outer loop
      vertex 0.77655 3.63104 0
      vertex 9.7 14.0208 0
      vertex 0.836395 3.55093 0
    endloop
  endfacet
  facet normal 0 0 -1
    outer loop
      vertex 4.22084 -19.5 0
      vertex 5.64566 -19.307 0
      vertex 5.46843 -19.3521 0
    endloop
  endfacet
  facet normal 0 0 -1
    outer loop
      vertex 0.715378 3.71014 0
      vertex 9.7 14.0208 0
      vertex 0.77655 3.63104 0
    endloop
  endfacet
  facet normal 0 0 -1
    outer loop
      vertex 4.22084 -19.5 0
      vertex 5.46843 -19.3521 0
      vertex 5.2899 -19.3913 0
    endloop
  endfacet
  facet normal 0 0 -1
    outer loop
      vertex 0.652893 3.78821 0
      vertex 9.7 14.0208 0
      vertex 0.715378 3.71014 0
    endloop
  endfacet
  facet normal 0 0 -1
    outer loop
      vertex 4.22084 -19.5 0
      vertex 5.2899 -19.3913 0
      vertex 5.10997 -19.4245 0
    endloop
  endfacet
  facet normal 0 0 -1
    outer loop
      vertex 0.589111 3.86522 0
      vertex 9.7 14.0208 0
      vertex 0.652893 3.78821 0
    endloop
  endfacet
  facet normal 0 0 -1
    outer loop
      vertex 4.22084 -19.5 0
      vertex 5.10997 -19.4245 0
      vertex 4.92929 -19.4518 0
    endloop
  endfacet
  facet normal 0 0 -1
    outer loop
      vertex 0.524063 3.94116 0
      vertex 9.7 14.0208 0
      vertex 0.589111 3.86522 0
    endloop
  endfacet
  facet normal 0 0 -1
    outer loop
      vertex 4.22084 -19.5 0
      vertex 4.92929 -19.4518 0
      vertex 4.7478 -19.473 0
    endloop
  endfacet
  facet normal 0 0 -1
    outer loop
      vertex 0.457748 4.01602 0
      vertex 9.7 14.0208 0
      vertex 0.524063 3.94116 0
    endloop
  endfacet
  facet normal 0 0 -1
    outer loop
      vertex 4.22084 -19.5 0
      vertex 4.7478 -19.473 0
      vertex 4.56538 -19.4882 0
    endloop
  endfacet
  facet normal 0 0 -1
    outer loop
      vertex 0.390198 4.08975 0
      vertex 9.7 14.0208 0
      vertex 0.457748 4.01602 0
    endloop
  endfacet
  facet normal 0 0 -1
    outer loop
      vertex 4.22084 -19.5 0
      vertex 4.56538 -19.4882 0
      vertex 4.38274 -19.4973 0
    endloop
  endfacet
  facet normal 0 0 -1
    outer loop
      vertex 0.321426 4.16234 0
      vertex 9.7 14.0208 0
      vertex 0.390198 4.08975 0
    endloop
  endfacet
  facet normal 0 0 -1
    outer loop
      vertex -1.18954 -5.30107 0
      vertex 9.7 -14.026 0
      vertex 4.22084 -19.5 0
    endloop
  endfacet
  facet normal 0 0 -1
    outer loop
      vertex 0.251465 4.23378 0
      vertex 9.7 14.0208 0
      vertex 0.321426 4.16234 0
    endloop
  endfacet
  facet normal 0 0 -1
    outer loop
      vertex 0.180313 4.30405 0
      vertex 9.7 14.0208 0
      vertex 0.251465 4.23378 0
    endloop
  endfacet
  facet normal 0 0 -1
    outer loop
      vertex 0.108002 4.37312 0
      vertex 9.7 14.0208 0
      vertex 0.180313 4.30405 0
    endloop
  endfacet
  facet normal 0 0 -1
    outer loop
      vertex 0.0345459 4.44098 0
      vertex 9.7 14.0208 0
      vertex 0.108002 4.37312 0
    endloop
  endfacet
  facet normal 0 0 -1
    outer loop
      vertex -0.0400085 4.5076 0
      vertex 9.7 14.0208 0
      vertex 0.0345459 4.44098 0
    endloop
  endfacet
  facet normal 0 0 -1
    outer loop
      vertex -0.115677 4.57297 0
      vertex 9.7 14.0208 0
      vertex -0.0400085 4.5076 0
    endloop
  endfacet
  facet normal 0 0 -1
    outer loop
      vertex -0.192429 4.63707 0
      vertex 9.7 14.0208 0
      vertex -0.115677 4.57297 0
    endloop
  endfacet
  facet normal 0 0 -1
    outer loop
      vertex -0.270233 4.69987 0
      vertex 9.7 14.0208 0
      vertex -0.192429 4.63707 0
    endloop
  endfacet
  facet normal 0 0 -1
    outer loop
      vertex -0.349075 4.76138 0
      vertex 9.7 14.0208 0
      vertex -0.270233 4.69987 0
    endloop
  endfacet
  facet normal 0 0 -1
    outer loop
      vertex -0.42894 4.82156 0
      vertex 9.7 14.0208 0
      vertex -0.349075 4.76138 0
    endloop
  endfacet
  facet normal 0 0 -1
    outer loop
      vertex -0.509781 4.8804 0
      vertex 9.7 14.0208 0
      vertex -0.42894 4.82156 0
    endloop
  endfacet
  facet normal 0 0 -1
    outer loop
      vertex -0.591599 4.9379 0
      vertex 9.7 14.0208 0
      vertex -0.509781 4.8804 0
    endloop
  endfacet
  facet normal 0 0 -1
    outer loop
      vertex -0.674377 4.99402 0
      vertex 9.7 14.0208 0
      vertex -0.591599 4.9379 0
    endloop
  endfacet
  facet normal 0 0 -1
    outer loop
      vertex -0.758057 5.04874 0
      vertex 9.7 14.0208 0
      vertex -0.674377 4.99402 0
    endloop
  endfacet
  facet normal 0 0 -1
    outer loop
      vertex -0.842651 5.10207 0
      vertex 9.7 14.0208 0
      vertex -0.758057 5.04874 0
    endloop
  endfacet
  facet normal 0 0 -1
    outer loop
      vertex -0.928116 5.15398 0
      vertex 9.7 14.0208 0
      vertex -0.842651 5.10207 0
    endloop
  endfacet
  facet normal 0 0 -1
    outer loop
      vertex -1.01443 5.20445 0
      vertex 9.7 14.0208 0
      vertex -0.928116 5.15398 0
    endloop
  endfacet
  facet normal 0 0 -1
    outer loop
      vertex -1.10159 5.25349 0
      vertex 9.7 14.0208 0
      vertex -1.01443 5.20445 0
    endloop
  endfacet
  facet normal 0 0 -1
    outer loop
      vertex -1.18954 5.30107 0
      vertex 9.7 14.0208 0
      vertex -1.10159 5.25349 0
    endloop
  endfacet
  facet normal 0 -0 -1
    outer loop
      vertex 4.22601 19.5 0
      vertex 9.7 14.0208 0
      vertex -1.18954 5.30107 0
    endloop
  endfacet
  facet normal 0 0 -1
    outer loop
      vertex 9.7 14.0208 0
      vertex 4.22601 19.5 0
      vertex 9.6973 14.1827 0
    endloop
  endfacet
  facet normal 0 0 -1
    outer loop
      vertex 9.6973 14.1827 0
      vertex 4.22601 19.5 0
      vertex 9.6882 14.3654 0
    endloop
  endfacet
  facet normal 0 0 -1
    outer loop
      vertex 9.67299 14.5478 0
      vertex 4.22601 19.5 0
      vertex 9.65178 14.7293 0
    endloop
  endfacet
  facet normal 0 0 -1
    outer loop
      vertex 9.65178 14.7293 0
      vertex 4.22601 19.5 0
      vertex 9.62454 14.91 0
    endloop
  endfacet
  facet normal 0 0 -1
    outer loop
      vertex 9.62454 14.91 0
      vertex 4.22601 19.5 0
      vertex 9.59128 15.0899 0
    endloop
  endfacet
  facet normal 0 0 -1
    outer loop
      vertex 9.59128 15.0899 0
      vertex 4.22601 19.5 0
      vertex 9.55208 15.2684 0
    endloop
  endfacet
  facet normal 0 0 -1
    outer loop
      vertex 9.50697 15.4457 0
      vertex 4.22601 19.5 0
      vertex 9.45593 15.6214 0
    endloop
  endfacet
  facet normal 0 0 -1
    outer loop
      vertex 9.45593 15.6214 0
      vertex 4.22601 19.5 0
      vertex 9.3992 15.795 0
    endloop
  endfacet
  facet normal 0 0 -1
    outer loop
      vertex 9.3992 15.795 0
      vertex 4.22601 19.5 0
      vertex 9.33669 15.9668 0
    endloop
  endfacet
  facet normal 0 0 -1
    outer loop
      vertex 9.33669 15.9668 0
      vertex 4.22601 19.5 0
      vertex 9.26845 16.1365 0
    endloop
  endfacet
  facet normal 0 0 -1
    outer loop
      vertex 9.1946 16.3039 0
      vertex 4.22601 19.5 0
      vertex 9.11528 16.4686 0
    endloop
  endfacet
  facet normal 0 0 -1
    outer loop
      vertex 9.11528 16.4686 0
      vertex 4.22601 19.5 0
      vertex 9.03056 16.6305 0
    endloop
  endfacet
  facet normal 0 0 -1
    outer loop
      vertex 9.03056 16.6305 0
      vertex 4.22601 19.5 0
      vertex 8.94048 16.7896 0
    endloop
  endfacet
  facet normal 0 0 -1
    outer loop
      vertex 8.94048 16.7896 0
      vertex 4.22601 19.5 0
      vertex 8.845 16.9458 0
    endloop
  endfacet
  facet normal 0 0 -1
    outer loop
      vertex 8.74449 17.0986 0
      vertex 4.22601 19.5 0
      vertex 8.63911 17.2478 0
    endloop
  endfacet
  facet normal 0 0 -1
    outer loop
      vertex 8.63911 17.2478 0
      vertex 4.22601 19.5 0
      vertex 8.52869 17.3936 0
    endloop
  endfacet
  facet normal 0 0 -1
    outer loop
      vertex 8.52869 17.3936 0
      vertex 4.22601 19.5 0
      vertex 8.4135 17.5355 0
    endloop
  endfacet
  facet normal 0 0 -1
    outer loop
      vertex 8.4135 17.5355 0
      vertex 4.22601 19.5 0
      vertex 8.29367 17.6736 0
    endloop
  endfacet
  facet normal 0 0 -1
    outer loop
      vertex 8.29367 17.6736 0
      vertex 4.22601 19.5 0
      vertex 8.16928 17.8077 0
    endloop
  endfacet
  facet normal 0 0 -1
    outer loop
      vertex 8.04059 17.9375 0
      vertex 4.22601 19.5 0
      vertex 7.90761 18.0629 0
    endloop
  endfacet
  facet normal 0 0 -1
    outer loop
      vertex 7.90761 18.0629 0
      vertex 4.22601 19.5 0
      vertex 7.77045 18.184 0
    endloop
  endfacet
  facet normal 0 0 -1
    outer loop
      vertex 7.77045 18.184 0
      vertex 4.22601 19.5 0
      vertex 7.62936 18.3004 0
    endloop
  endfacet
  facet normal 0 0 -1
    outer loop
      vertex 7.62936 18.3004 0
      vertex 4.22601 19.5 0
      vertex 7.48457 18.412 0
    endloop
  endfacet
  facet normal 0 0 -1
    outer loop
      vertex 7.48457 18.412 0
      vertex 4.22601 19.5 0
      vertex 7.33612 18.5187 0
    endloop
  endfacet
  facet normal 0 0 -1
    outer loop
      vertex 7.18428 18.6204 0
      vertex 4.22601 19.5 0
      vertex 7.02893 18.7171 0
    endloop
  endfacet
  facet normal 0 0 -1
    outer loop
      vertex 7.02893 18.7171 0
      vertex 4.22601 19.5 0
      vertex 6.87061 18.8085 0
    endloop
  endfacet
  facet normal 0 0 -1
    outer loop
      vertex 6.87061 18.8085 0
      vertex 4.22601 19.5 0
      vertex 6.70941 18.8945 0
    endloop
  endfacet
  facet normal 0 0 -1
    outer loop
      vertex 6.70941 18.8945 0
      vertex 4.22601 19.5 0
      vertex 6.54523 18.9753 0
    endloop
  endfacet
  facet normal 0 0 -1
    outer loop
      vertex 6.54523 18.9753 0
      vertex 4.22601 19.5 0
      vertex 6.37845 19.0506 0
    endloop
  endfacet
  facet normal 0 0 -1
    outer loop
      vertex 6.20953 19.1201 0
      vertex 4.22601 19.5 0
      vertex 6.03824 19.1841 0
    endloop
  endfacet
  facet normal 0 0 -1
    outer loop
      vertex 6.03824 19.1841 0
      vertex 4.22601 19.5 0
      vertex 5.86487 19.2423 0
    endloop
  endfacet
  facet normal 0 0 -1
    outer loop
      vertex 5.86487 19.2423 0
      vertex 4.22601 19.5 0
      vertex 5.6897 19.2948 0
    endloop
  endfacet
  facet normal 0 0 -1
    outer loop
      vertex 5.6897 19.2948 0
      vertex 4.22601 19.5 0
      vertex 5.51277 19.3414 0
    endloop
  endfacet
  facet normal 0 0 -1
    outer loop
      vertex 5.51277 19.3414 0
      vertex 4.22601 19.5 0
      vertex 5.33464 19.382 0
    endloop
  endfacet
  facet normal 0 0 -1
    outer loop
      vertex 5.15523 19.4168 0
      vertex 4.22601 19.5 0
      vertex 4.97464 19.4455 0
    endloop
  endfacet
  facet normal 0 0 -1
    outer loop
      vertex 4.97464 19.4455 0
      vertex 4.22601 19.5 0
      vertex 4.79306 19.4683 0
    endloop
  endfacet
  facet normal 0 0 -1
    outer loop
      vertex 4.79306 19.4683 0
      vertex 4.22601 19.5 0
      vertex 4.61092 19.485 0
    endloop
  endfacet
  facet normal 0 0 -1
    outer loop
      vertex 4.61092 19.485 0
      vertex 4.22601 19.5 0
      vertex 4.42336 19.4959 0
    endloop
  endfacet
  facet normal 0 0 -1
    outer loop
      vertex 5.33464 19.382 0
      vertex 4.22601 19.5 0
      vertex 5.15523 19.4168 0
    endloop
  endfacet
  facet normal 0 0 -1
    outer loop
      vertex 6.37845 19.0506 0
      vertex 4.22601 19.5 0
      vertex 6.20953 19.1201 0
    endloop
  endfacet
  facet normal 0 0 -1
    outer loop
      vertex 7.33612 18.5187 0
      vertex 4.22601 19.5 0
      vertex 7.18428 18.6204 0
    endloop
  endfacet
  facet normal 0 0 -1
    outer loop
      vertex 8.16928 17.8077 0
      vertex 4.22601 19.5 0
      vertex 8.04059 17.9375 0
    endloop
  endfacet
  facet normal 0 0 -1
    outer loop
      vertex 8.845 16.9458 0
      vertex 4.22601 19.5 0
      vertex 8.74449 17.0986 0
    endloop
  endfacet
  facet normal 0 0 -1
    outer loop
      vertex 9.26845 16.1365 0
      vertex 4.22601 19.5 0
      vertex 9.1946 16.3039 0
    endloop
  endfacet
  facet normal 0 0 -1
    outer loop
      vertex 9.55208 15.2684 0
      vertex 4.22601 19.5 0
      vertex 9.50697 15.4457 0
    endloop
  endfacet
  facet normal 0 0 -1
    outer loop
      vertex 9.6882 14.3654 0
      vertex 4.22601 19.5 0
      vertex 9.67299 14.5478 0
    endloop
  endfacet
  facet normal 0 0 -1
    outer loop
      vertex -1.27827 5.34717 0
      vertex 4.22601 19.5 0
      vertex -1.18954 5.30107 0
    endloop
  endfacet
  facet normal 0 0 -1
    outer loop
      vertex -1.36777 5.39178 0
      vertex 4.22601 19.5 0
      vertex -1.27827 5.34717 0
    endloop
  endfacet
  facet normal 0 0 -1
    outer loop
      vertex -1.45799 5.43491 0
      vertex 4.22601 19.5 0
      vertex -1.36777 5.39178 0
    endloop
  endfacet
  facet normal 0 0 -1
    outer loop
      vertex -1.54892 5.47652 0
      vertex 4.22601 19.5 0
      vertex -1.45799 5.43491 0
    endloop
  endfacet
  facet normal 0 0 -1
    outer loop
      vertex -1.64053 5.5166 0
      vertex 4.22601 19.5 0
      vertex -1.54892 5.47652 0
    endloop
  endfacet
  facet normal 0 0 -1
    outer loop
      vertex -1.73279 5.55516 0
      vertex 4.22601 19.5 0
      vertex -1.64053 5.5166 0
    endloop
  endfacet
  facet normal 0 0 -1
    outer loop
      vertex -1.82568 5.59216 0
      vertex 4.22601 19.5 0
      vertex -1.73279 5.55516 0
    endloop
  endfacet
  facet normal 0 0 -1
    outer loop
      vertex -1.91919 5.62762 0
      vertex 4.22601 19.5 0
      vertex -1.82568 5.59216 0
    endloop
  endfacet
  facet normal 0 0 -1
    outer loop
      vertex -2.01326 5.66151 0
      vertex 4.22601 19.5 0
      vertex -1.91919 5.62762 0
    endloop
  endfacet
  facet normal 0 0 -1
    outer loop
      vertex -2.10789 5.69385 0
      vertex 4.22601 19.5 0
      vertex -2.01326 5.66151 0
    endloop
  endfacet
  facet normal 0 0 -1
    outer loop
      vertex -2.20305 5.72458 0
      vertex 4.22601 19.5 0
      vertex -2.10789 5.69385 0
    endloop
  endfacet
  facet normal 0 0 -1
    outer loop
      vertex -2.29869 5.75374 0
      vertex 4.22601 19.5 0
      vertex -2.20305 5.72458 0
    endloop
  endfacet
  facet normal 0 0 -1
    outer loop
      vertex -4.22084 19.5 0
      vertex -2.29869 5.75374 0
      vertex -2.39482 5.7813 0
    endloop
  endfacet
  facet normal 0 0 -1
    outer loop
      vertex -4.22084 19.5 0
      vertex -2.39482 5.7813 0
      vertex -2.49139 5.80724 0
    endloop
  endfacet
  facet normal 0 0 -1
    outer loop
      vertex -4.22084 19.5 0
      vertex -2.49139 5.80724 0
      vertex -2.58838 5.83157 0
    endloop
  endfacet
  facet normal 0 0 -1
    outer loop
      vertex -4.22084 19.5 0
      vertex -2.58838 5.83157 0
      vertex -2.68576 5.85429 0
    endloop
  endfacet
  facet normal 0 0 -1
    outer loop
      vertex -4.22084 19.5 0
      vertex -2.68576 5.85429 0
      vertex -2.78351 5.87538 0
    endloop
  endfacet
  facet normal 0 0 -1
    outer loop
      vertex -4.22084 19.5 0
      vertex -2.78351 5.87538 0
      vertex -2.88159 5.89484 0
    endloop
  endfacet
  facet normal 0 0 -1
    outer loop
      vertex -4.22084 19.5 0
      vertex -2.88159 5.89484 0
      vertex -2.98 5.91266 0
    endloop
  endfacet
  facet normal 0 0 -1
    outer loop
      vertex -4.22084 19.5 0
      vertex -2.98 5.91266 0
      vertex -3.07867 5.92883 0
    endloop
  endfacet
  facet normal 0 0 -1
    outer loop
      vertex -4.22084 19.5 0
      vertex -3.07867 5.92883 0
      vertex -3.17761 5.94336 0
    endloop
  endfacet
  facet normal 0 0 -1
    outer loop
      vertex -4.22084 19.5 0
      vertex -3.17761 5.94336 0
      vertex -3.27678 5.95625 0
    endloop
  endfacet
  facet normal 0 0 -1
    outer loop
      vertex -4.22084 19.5 0
      vertex -3.27678 5.95625 0
      vertex -3.37613 5.96747 0
    endloop
  endfacet
  facet normal 0 0 -1
    outer loop
      vertex -4.22084 19.5 0
      vertex -3.37613 5.96747 0
      vertex -3.47568 5.97704 0
    endloop
  endfacet
  facet normal 0 0 -1
    outer loop
      vertex -4.22084 19.5 0
      vertex -3.47568 5.97704 0
      vertex -3.57536 5.98495 0
    endloop
  endfacet
  facet normal 0 0 -1
    outer loop
      vertex -9.7 14.026 0
      vertex -3.57536 5.98495 0
      vertex -3.67516 5.9912 0
    endloop
  endfacet
  facet normal 0 0 -1
    outer loop
      vertex -9.7 14.026 0
      vertex -3.67516 5.9912 0
      vertex -3.77505 5.99577 0
    endloop
  endfacet
  facet normal 0 0 -1
    outer loop
      vertex -9.7 14.026 0
      vertex -3.77505 5.99577 0
      vertex -3.875 5.99869 0
    endloop
  endfacet
  facet normal 0 0 -1
    outer loop
      vertex -9.7 14.026 0
      vertex -3.875 5.99869 0
      vertex -3.97499 5.99994 0
    endloop
  endfacet
  facet normal 0 0 -1
    outer loop
      vertex -2.29869 5.75374 0
      vertex -4.22084 19.5 0
      vertex 4.22601 19.5 0
    endloop
  endfacet
  facet normal 0 0 -1
    outer loop
      vertex -3.57536 5.98495 0
      vertex -9.7 14.026 0
      vertex -4.22084 19.5 0
    endloop
  endfacet
  facet normal 0 0 -1
    outer loop
      vertex -4.22084 19.5 0
      vertex -9.7 14.026 0
      vertex -4.38274 19.4973 0
    endloop
  endfacet
  facet normal 0 0 -1
    outer loop
      vertex -4.38274 19.4973 0
      vertex -9.7 14.026 0
      vertex -4.56538 19.4882 0
    endloop
  endfacet
  facet normal 0 0 -1
    outer loop
      vertex -4.56538 19.4882 0
      vertex -9.7 14.026 0
      vertex -4.7478 19.473 0
    endloop
  endfacet
  facet normal 0 0 -1
    outer loop
      vertex -4.7478 19.473 0
      vertex -9.7 14.026 0
      vertex -4.92929 19.4518 0
    endloop
  endfacet
  facet normal 0 0 -1
    outer loop
      vertex -4.92929 19.4518 0
      vertex -9.7 14.026 0
      vertex -5.10997 19.4245 0
    endloop
  endfacet
  facet normal 0 0 -1
    outer loop
      vertex -5.10997 19.4245 0
      vertex -9.7 14.026 0
      vertex -5.2899 19.3913 0
    endloop
  endfacet
  facet normal 0 0 -1
    outer loop
      vertex -5.2899 19.3913 0
      vertex -9.7 14.026 0
      vertex -5.46843 19.3521 0
    endloop
  endfacet
  facet normal 0 0 -1
    outer loop
      vertex -5.46843 19.3521 0
      vertex -9.7 14.026 0
      vertex -5.64566 19.307 0
    endloop
  endfacet
  facet normal 0 0 -1
    outer loop
      vertex -5.64566 19.307 0
      vertex -9.7 14.026 0
      vertex -5.82137 19.2559 0
    endloop
  endfacet
  facet normal 0 0 -1
    outer loop
      vertex -5.82137 19.2559 0
      vertex -9.7 14.026 0
      vertex -5.99501 19.1992 0
    endloop
  endfacet
  facet normal 0 0 -1
    outer loop
      vertex -5.99501 19.1992 0
      vertex -9.7 14.026 0
      vertex -6.16679 19.1367 0
    endloop
  endfacet
  facet normal 0 0 -1
    outer loop
      vertex -6.16679 19.1367 0
      vertex -9.7 14.026 0
      vertex -6.33652 19.0685 0
    endloop
  endfacet
  facet normal 0 0 -1
    outer loop
      vertex -6.33652 19.0685 0
      vertex -9.7 14.026 0
      vertex -6.50386 18.9946 0
    endloop
  endfacet
  facet normal 0 0 -1
    outer loop
      vertex -6.50386 18.9946 0
      vertex -9.7 14.026 0
      vertex -6.66856 18.9153 0
    endloop
  endfacet
  facet normal 0 0 -1
    outer loop
      vertex -6.66856 18.9153 0
      vertex -9.7 14.026 0
      vertex -6.83047 18.8306 0
    endloop
  endfacet
  facet normal 0 0 -1
    outer loop
      vertex -6.83047 18.8306 0
      vertex -9.7 14.026 0
      vertex -6.98956 18.7405 0
    endloop
  endfacet
  facet normal 0 0 -1
    outer loop
      vertex -6.98956 18.7405 0
      vertex -9.7 14.026 0
      vertex -7.14581 18.645 0
    endloop
  endfacet
  facet normal 0 0 -1
    outer loop
      vertex -7.14581 18.645 0
      vertex -9.7 14.026 0
      vertex -7.29858 18.5445 0
    endloop
  endfacet
  facet normal 0 0 -1
    outer loop
      vertex -7.29858 18.5445 0
      vertex -9.7 14.026 0
      vertex -7.44775 18.4391 0
    endloop
  endfacet
  facet normal 0 0 -1
    outer loop
      vertex -7.44775 18.4391 0
      vertex -9.7 14.026 0
      vertex -7.59355 18.3287 0
    endloop
  endfacet
  facet normal 0 0 -1
    outer loop
      vertex -7.59355 18.3287 0
      vertex -9.7 14.026 0
      vertex -7.73553 18.2135 0
    endloop
  endfacet
  facet normal 0 0 -1
    outer loop
      vertex -7.73553 18.2135 0
      vertex -9.7 14.026 0
      vertex -7.87364 18.0937 0
    endloop
  endfacet
  facet normal 0 0 -1
    outer loop
      vertex -7.87364 18.0937 0
      vertex -9.7 14.026 0
      vertex -8.00768 17.9693 0
    endloop
  endfacet
  facet normal 0 0 -1
    outer loop
      vertex -8.00768 17.9693 0
      vertex -9.7 14.026 0
      vertex -8.13747 17.8406 0
    endloop
  endfacet
  facet normal 0 0 -1
    outer loop
      vertex -8.13747 17.8406 0
      vertex -9.7 14.026 0
      vertex -8.26292 17.7076 0
    endloop
  endfacet
  facet normal 0 0 -1
    outer loop
      vertex -8.26292 17.7076 0
      vertex -9.7 14.026 0
      vertex -8.38399 17.5704 0
    endloop
  endfacet
  facet normal 0 0 -1
    outer loop
      vertex -8.38399 17.5704 0
      vertex -9.7 14.026 0
      vertex -8.50037 17.4294 0
    endloop
  endfacet
  facet normal 0 0 -1
    outer loop
      vertex -8.50037 17.4294 0
      vertex -9.7 14.026 0
      vertex -8.61195 17.2846 0
    endloop
  endfacet
  facet normal 0 0 -1
    outer loop
      vertex -8.61195 17.2846 0
      vertex -9.7 14.026 0
      vertex -8.71867 17.1361 0
    endloop
  endfacet
  facet normal 0 0 -1
    outer loop
      vertex -8.71867 17.1361 0
      vertex -9.7 14.026 0
      vertex -8.82037 16.9843 0
    endloop
  endfacet
  facet normal 0 0 -1
    outer loop
      vertex -8.82037 16.9843 0
      vertex -9.7 14.026 0
      vertex -8.9171 16.8289 0
    endloop
  endfacet
  facet normal 0 0 -1
    outer loop
      vertex -8.9171 16.8289 0
      vertex -9.7 14.026 0
      vertex -9.00848 16.6706 0
    endloop
  endfacet
  facet normal 0 0 -1
    outer loop
      vertex -9.00848 16.6706 0
      vertex -9.7 14.026 0
      vertex -9.09454 16.5094 0
    endloop
  endfacet
  facet normal 0 0 -1
    outer loop
      vertex -9.09454 16.5094 0
      vertex -9.7 14.026 0
      vertex -9.17531 16.3452 0
    endloop
  endfacet
  facet normal 0 0 -1
    outer loop
      vertex -9.17531 16.3452 0
      vertex -9.7 14.026 0
      vertex -9.25056 16.1785 0
    endloop
  endfacet
  facet normal 0 0 -1
    outer loop
      vertex -9.25056 16.1785 0
      vertex -9.7 14.026 0
      vertex -9.3201 16.0095 0
    endloop
  endfacet
  facet normal 0 0 -1
    outer loop
      vertex -9.3201 16.0095 0
      vertex -9.7 14.026 0
      vertex -9.38408 15.8382 0
    endloop
  endfacet
  facet normal 0 0 -1
    outer loop
      vertex -9.38408 15.8382 0
      vertex -9.7 14.026 0
      vertex -9.44232 15.6649 0
    endloop
  endfacet
  facet normal 0 0 -1
    outer loop
      vertex -9.44232 15.6649 0
      vertex -9.7 14.026 0
      vertex -9.49477 15.4897 0
    endloop
  endfacet
  facet normal 0 0 -1
    outer loop
      vertex -9.49477 15.4897 0
      vertex -9.7 14.026 0
      vertex -9.54138 15.3128 0
    endloop
  endfacet
  facet normal 0 0 -1
    outer loop
      vertex -9.54138 15.3128 0
      vertex -9.7 14.026 0
      vertex -9.58203 15.1346 0
    endloop
  endfacet
  facet normal 0 0 -1
    outer loop
      vertex -9.58203 15.1346 0
      vertex -9.7 14.026 0
      vertex -9.61676 14.9552 0
    endloop
  endfacet
  facet normal 0 0 -1
    outer loop
      vertex -9.61676 14.9552 0
      vertex -9.7 14.026 0
      vertex -9.64552 14.7746 0
    endloop
  endfacet
  facet normal 0 0 -1
    outer loop
      vertex -9.64552 14.7746 0
      vertex -9.7 14.026 0
      vertex -9.66829 14.5931 0
    endloop
  endfacet
  facet normal 0 0 -1
    outer loop
      vertex -9.66829 14.5931 0
      vertex -9.7 14.026 0
      vertex -9.68497 14.4109 0
    endloop
  endfacet
  facet normal 0 0 -1
    outer loop
      vertex -9.7 14.026 0
      vertex -3.97499 5.99994 0
      vertex -9.7 5.99994 0
    endloop
  endfacet
  facet normal 0 0 -1
    outer loop
      vertex -9.68497 14.4109 0
      vertex -9.7 14.026 0
      vertex -9.69589 14.2234 0
    endloop
  endfacet
  facet normal 0 0 1
    outer loop
      vertex 5.28 13.9835 2
      vertex 3.9191 0.116104 2
      vertex 3.91994 0.0161133 2
    endloop
  endfacet
  facet normal 0 0 1
    outer loop
      vertex 5.28 13.9835 2
      vertex 3.91856 0.148041 2
      vertex 3.9191 0.116104 2
    endloop
  endfacet
  facet normal 0 0 1
    outer loop
      vertex 5.28 13.9835 2
      vertex 3.91606 0.248001 2
      vertex 3.91856 0.148041 2
    endloop
  endfacet
  facet normal 0 0 1
    outer loop
      vertex 5.28 13.9835 2
      vertex 3.91499 0.279938 2
      vertex 3.91606 0.248001 2
    endloop
  endfacet
  facet normal 0 0 1
    outer loop
      vertex 5.28 13.9835 2
      vertex 3.91083 0.379852 2
      vertex 3.91499 0.279938 2
    endloop
  endfacet
  facet normal 0 0 1
    outer loop
      vertex 5.28 13.9835 2
      vertex 3.90923 0.411789 2
      vertex 3.91083 0.379852 2
    endloop
  endfacet
  facet normal 0 0 1
    outer loop
      vertex 5.28 13.9835 2
      vertex 3.9034 0.511612 2
      vertex 3.90923 0.411789 2
    endloop
  endfacet
  facet normal 0 0 1
    outer loop
      vertex 5.28 13.9835 2
      vertex 3.90126 0.543533 2
      vertex 3.9034 0.511612 2
    endloop
  endfacet
  facet normal 0 0 1
    outer loop
      vertex 5.28 13.9835 2
      vertex 3.89377 0.64325 2
      vertex 3.90126 0.543533 2
    endloop
  endfacet
  facet normal 0 0 1
    outer loop
      vertex 5.28 13.9835 2
      vertex 3.89111 0.675186 2
      vertex 3.89377 0.64325 2
    endloop
  endfacet
  facet normal 0 0 1
    outer loop
      vertex 5.28 13.9835 2
      vertex 3.88196 0.774765 2
      vertex 3.89111 0.675186 2
    endloop
  endfacet
  facet normal 0 0 1
    outer loop
      vertex 5.28 13.9835 2
      vertex 3.87878 0.806412 2
      vertex 3.88196 0.774765 2
    endloop
  endfacet
  facet normal 0 0 1
    outer loop
      vertex 5.28 13.9835 2
      vertex 3.86798 0.905823 2
      vertex 3.87878 0.806412 2
    endloop
  endfacet
  facet normal 0 0 1
    outer loop
      vertex 5.28 13.9835 2
      vertex 3.86423 0.937775 2
      vertex 3.86798 0.905823 2
    endloop
  endfacet
  facet normal 0 0 1
    outer loop
      vertex 5.28 13.9835 2
      vertex 3.85176 1.03699 2
      vertex 3.86423 0.937775 2
    endloop
  endfacet
  facet normal 0 0 1
    outer loop
      vertex 5.28 13.9835 2
      vertex 3.84749 1.06889 2
      vertex 3.85176 1.03699 2
    endloop
  endfacet
  facet normal 0 0 1
    outer loop
      vertex 5.28 13.9835 2
      vertex 3.83336 1.16789 2
      vertex 3.84749 1.06889 2
    endloop
  endfacet
  facet normal 0 0 1
    outer loop
      vertex 5.28 13.9835 2
      vertex 3.82861 1.19928 2
      vertex 3.83336 1.16789 2
    endloop
  endfacet
  facet normal 0 0 1
    outer loop
      vertex 5.28 13.9835 2
      vertex 3.81285 1.29802 2
      vertex 3.82861 1.19928 2
    endloop
  endfacet
  facet normal 0 0 1
    outer loop
      vertex 5.28 13.9835 2
      vertex 3.80753 1.32965 2
      vertex 3.81285 1.29802 2
    endloop
  endfacet
  facet normal 0 0 1
    outer loop
      vertex 5.28 13.9835 2
      vertex 3.79012 1.42812 2
      vertex 3.80753 1.32965 2
    endloop
  endfacet
  facet normal 0 0 1
    outer loop
      vertex 5.28 13.9835 2
      vertex 3.78432 1.45941 2
      vertex 3.79012 1.42812 2
    endloop
  endfacet
  facet normal 0 0 1
    outer loop
      vertex 5.28 13.9835 2
      vertex 3.76527 1.55759 2
      vertex 3.78432 1.45941 2
    endloop
  endfacet
  facet normal 0 0 1
    outer loop
      vertex 5.28 13.9835 2
      vertex 3.75885 1.58929 2
      vertex 3.76527 1.55759 2
    endloop
  endfacet
  facet normal 0 0 1
    outer loop
      vertex 5.28 13.9835 2
      vertex 3.73816 1.68712 2
      vertex 3.75885 1.58929 2
    endloop
  endfacet
  facet normal 0 0 1
    outer loop
      vertex 5.28 13.9835 2
      vertex 3.73134 1.71809 2
      vertex 3.73816 1.68712 2
    endloop
  endfacet
  facet normal 0 0 1
    outer loop
      vertex 5.28 13.9835 2
      vertex 3.70903 1.81558 2
      vertex 3.73134 1.71809 2
    endloop
  endfacet
  facet normal 0 0 1
    outer loop
      vertex 5.28 13.9835 2
      vertex 3.70161 1.84676 2
      vertex 3.70903 1.81558 2
    endloop
  endfacet
  facet normal 0 0 1
    outer loop
      vertex 5.28 13.9835 2
      vertex 3.67769 1.94383 2
      vertex 3.70161 1.84676 2
    endloop
  endfacet
  facet normal 0 0 1
    outer loop
      vertex 5.28 13.9835 2
      vertex 3.66978 1.97482 2
      vertex 3.67769 1.94383 2
    endloop
  endfacet
  facet normal 0 0 1
    outer loop
      vertex 5.28 13.9835 2
      vertex 3.64424 2.0715 2
      vertex 3.66978 1.97482 2
    endloop
  endfacet
  facet normal 0 0 1
    outer loop
      vertex 5.28 13.9835 2
      vertex 3.63577 2.10248 2
      vertex 3.64424 2.0715 2
    endloop
  endfacet
  facet normal 0 0 1
    outer loop
      vertex 5.28 13.9835 2
      vertex 3.60861 2.19873 2
      vertex 3.63577 2.10248 2
    endloop
  endfacet
  facet normal 0 0 1
    outer loop
      vertex 5.28 13.9835 2
      vertex 3.5997 2.22934 2
      vertex 3.60861 2.19873 2
    endloop
  endfacet
  facet normal 0 0 1
    outer loop
      vertex 5.28 13.9835 2
      vertex 3.57095 2.3251 2
      vertex 3.5997 2.22934 2
    endloop
  endfacet
  facet normal 0 0 1
    outer loop
      vertex 5.28 13.9835 2
      vertex 3.56145 2.35582 2
      vertex 3.57095 2.3251 2
    endloop
  endfacet
  facet normal 0 0 1
    outer loop
      vertex 5.28 13.9835 2
      vertex 3.5311 2.4511 2
      vertex 3.56145 2.35582 2
    endloop
  endfacet
  facet normal 0 0 1
    outer loop
      vertex 5.28 13.9835 2
      vertex 3.52124 2.48122 2
      vertex 3.5311 2.4511 2
    endloop
  endfacet
  facet normal 0 0 1
    outer loop
      vertex 5.28 13.9835 2
      vertex 3.48932 2.57599 2
      vertex 3.52124 2.48122 2
    endloop
  endfacet
  facet normal 0 0 1
    outer loop
      vertex 5.28 13.9835 2
      vertex 3.47873 2.60655 2
      vertex 3.48932 2.57599 2
    endloop
  endfacet
  facet normal 0 0 1
    outer loop
      vertex 5.28 13.9835 2
      vertex 3.44522 2.70076 2
      vertex 3.47873 2.60655 2
    endloop
  endfacet
  facet normal 0 0 1
    outer loop
      vertex 5.28 13.9835 2
      vertex 3.43433 2.73062 2
      vertex 3.44522 2.70076 2
    endloop
  endfacet
  facet normal 0 0 1
    outer loop
      vertex 5.28 13.9835 2
      vertex 3.39926 2.82426 2
      vertex 3.43433 2.73062 2
    endloop
  endfacet
  facet normal 0 0 1
    outer loop
      vertex 5.28 13.9835 2
      vertex 3.3877 2.85439 2
      vertex 3.39926 2.82426 2
    endloop
  endfacet
  facet normal 0 0 1
    outer loop
      vertex 5.28 13.9835 2
      vertex 3.35106 2.94743 2
      vertex 3.3877 2.85439 2
    endloop
  endfacet
  facet normal 0 0 1
    outer loop
      vertex 5.28 13.9835 2
      vertex 3.33925 2.9767 2
      vertex 3.35106 2.94743 2
    endloop
  endfacet
  facet normal 0 0 1
    outer loop
      vertex 5.28 13.9835 2
      vertex 3.30109 3.06914 2
      vertex 3.33925 2.9767 2
    endloop
  endfacet
  facet normal 0 0 1
    outer loop
      vertex 5.28 13.9835 2
      vertex 3.28853 3.09886 2
      vertex 3.30109 3.06914 2
    endloop
  endfacet
  facet normal 0 0 1
    outer loop
      vertex 5.28 13.9835 2
      vertex 3.24883 3.19063 2
      vertex 3.28853 3.09886 2
    endloop
  endfacet
  facet normal 0 0 1
    outer loop
      vertex 5.28 13.9835 2
      vertex 3.23592 3.21979 2
      vertex 3.24883 3.19063 2
    endloop
  endfacet
  facet normal 0 0 1
    outer loop
      vertex 5.28 13.9835 2
      vertex 3.19469 3.3109 2
      vertex 3.23592 3.21979 2
    endloop
  endfacet
  facet normal 0 0 1
    outer loop
      vertex 5.28 13.9835 2
      vertex 3.1812 3.34004 2
      vertex 3.19469 3.3109 2
    endloop
  endfacet
  facet normal 0 0 1
    outer loop
      vertex 5.28 13.9835 2
      vertex 3.13846 3.43044 2
      vertex 3.1812 3.34004 2
    endloop
  endfacet
  facet normal 0 0 1
    outer loop
      vertex 5.28 13.9835 2
      vertex 3.1245 3.45934 2
      vertex 3.13846 3.43044 2
    endloop
  endfacet
  facet normal 0 0 1
    outer loop
      vertex 5.28 13.9835 2
      vertex 3.08025 3.54901 2
      vertex 3.1245 3.45934 2
    endloop
  endfacet
  facet normal 0 0 1
    outer loop
      vertex 5.28 13.9835 2
      vertex 3.06592 3.57745 2
      vertex 3.08025 3.54901 2
    endloop
  endfacet
  facet normal 0 0 1
    outer loop
      vertex 5.28 13.9835 2
      vertex 3.02019 3.66638 2
      vertex 3.06592 3.57745 2
    endloop
  endfacet
  facet normal 0 0 1
    outer loop
      vertex 5.28 13.9835 2
      vertex 3.00526 3.69481 2
      vertex 3.02019 3.66638 2
    endloop
  endfacet
  facet normal 0 0 1
    outer loop
      vertex 5.28 13.9835 2
      vertex 2.95805 3.78296 2
      vertex 3.00526 3.69481 2
    endloop
  endfacet
  facet normal 0 0 1
    outer loop
      vertex 5.28 13.9835 2
      vertex 2.94286 3.81081 2
      vertex 2.95805 3.78296 2
    endloop
  endfacet
  facet normal 0 0 1
    outer loop
      vertex 5.28 13.9835 2
      vertex 2.8942 3.89816 2
      vertex 2.94286 3.81081 2
    endloop
  endfacet
  facet normal 0 0 1
    outer loop
      vertex 5.28 13.9835 2
      vertex 2.87825 3.92622 2
      vertex 2.8942 3.89816 2
    endloop
  endfacet
  facet normal 0 0 1
    outer loop
      vertex 5.28 13.9835 2
      vertex 2.82812 4.01276 2
      vertex 2.87825 3.92622 2
    endloop
  endfacet
  facet normal 0 0 1
    outer loop
      vertex 5.28 13.9835 2
      vertex 2.81183 4.04036 2
      vertex 2.82812 4.01276 2
    endloop
  endfacet
  facet normal 0 0 1
    outer loop
      vertex 5.28 13.9835 2
      vertex 2.76027 4.12604 2
      vertex 2.81183 4.04036 2
    endloop
  endfacet
  facet normal 0 0 1
    outer loop
      vertex 5.28 13.9835 2
      vertex 2.7437 4.15306 2
      vertex 2.76027 4.12604 2
    endloop
  endfacet
  facet normal 0 0 1
    outer loop
      vertex 5.28 13.9835 2
      vertex 2.69073 4.23787 2
      vertex 2.7437 4.15306 2
    endloop
  endfacet
  facet normal 0 0 1
    outer loop
      vertex 5.28 13.9835 2
      vertex 2.67349 4.26497 2
      vertex 2.69073 4.23787 2
    endloop
  endfacet
  facet normal 0 0 1
    outer loop
      vertex 5.28 13.9835 2
      vertex 2.61911 4.34889 2
      vertex 2.67349 4.26497 2
    endloop
  endfacet
  facet normal 0 0 1
    outer loop
      vertex 5.28 13.9835 2
      vertex 2.60143 4.37567 2
      vertex 2.61911 4.34889 2
    endloop
  endfacet
  facet normal 0 0 1
    outer loop
      vertex 5.28 13.9835 2
      vertex 2.54565 4.45866 2
      vertex 2.60143 4.37567 2
    endloop
  endfacet
  facet normal 0 0 1
    outer loop
      vertex 5.28 13.9835 2
      vertex 2.52768 4.48495 2
      vertex 2.54565 4.45866 2
    endloop
  endfacet
  facet normal 0 0 1
    outer loop
      vertex 5.28 13.9835 2
      vertex 2.47054 4.56702 2
      vertex 2.52768 4.48495 2
    endloop
  endfacet
  facet normal 0 0 1
    outer loop
      vertex 5.28 13.9835 2
      vertex 2.45192 4.59328 2
      vertex 2.47054 4.56702 2
    endloop
  endfacet
  facet normal 0 0 1
    outer loop
      vertex 5.28 13.9835 2
      vertex 2.3934 4.67438 2
      vertex 2.45192 4.59328 2
    endloop
  endfacet
  facet normal 0 0 1
    outer loop
      vertex 5.28 13.9835 2
      vertex 2.37457 4.70003 2
      vertex 2.3934 4.67438 2
    endloop
  endfacet
  facet normal 0 0 1
    outer loop
      vertex 5.28 13.9835 2
      vertex 2.31473 4.78014 2
      vertex 2.37457 4.70003 2
    endloop
  endfacet
  facet normal 0 0 1
    outer loop
      vertex 5.28 13.9835 2
      vertex 2.29536 4.8056 2
      vertex 2.31473 4.78014 2
    endloop
  endfacet
  facet normal 0 0 1
    outer loop
      vertex 5.28 13.9835 2
      vertex 2.23419 4.8847 2
      vertex 2.29536 4.8056 2
    endloop
  endfacet
  facet normal 0 0 1
    outer loop
      vertex 5.28 13.9835 2
      vertex 2.21432 4.90996 2
      vertex 2.23419 4.8847 2
    endloop
  endfacet
  facet normal 0 0 1
    outer loop
      vertex 5.28 13.9835 2
      vertex 2.15184 4.98802 2
      vertex 2.21432 4.90996 2
    endloop
  endfacet
  facet normal 0 0 1
    outer loop
      vertex 5.28 13.9835 2
      vertex 2.13159 5.01289 2
      vertex 2.15184 4.98802 2
    endloop
  endfacet
  facet normal 0 0 1
    outer loop
      vertex 5.28 13.9835 2
      vertex 2.06781 5.0899 2
      vertex 2.13159 5.01289 2
    endloop
  endfacet
  facet normal 0 0 1
    outer loop
      vertex 5.28 13.9835 2
      vertex 2.04732 5.11423 2
      vertex 2.06781 5.0899 2
    endloop
  endfacet
  facet normal 0 0 1
    outer loop
      vertex 5.28 13.9835 2
      vertex 1.98227 5.19017 2
      vertex 2.04732 5.11423 2
    endloop
  endfacet
  facet normal 0 0 1
    outer loop
      vertex 5.28 13.9835 2
      vertex 1.96126 5.21431 2
      vertex 1.98227 5.19017 2
    endloop
  endfacet
  facet normal 0 0 1
    outer loop
      vertex 5.28 13.9835 2
      vertex 1.89494 5.28917 2
      vertex 1.96126 5.21431 2
    endloop
  endfacet
  facet normal 0 0 1
    outer loop
      vertex 5.28 13.9835 2
      vertex 1.87343 5.31303 2
      vertex 1.89494 5.28917 2
    endloop
  endfacet
  facet normal 0 0 1
    outer loop
      vertex 5.28 13.9835 2
      vertex 1.80588 5.38676 2
      vertex 1.87343 5.31303 2
    endloop
  endfacet
  facet normal 0 0 1
    outer loop
      vertex 5.28 13.9835 2
      vertex 1.78397 5.41028 2
      vertex 1.80588 5.38676 2
    endloop
  endfacet
  facet normal 0 0 1
    outer loop
      vertex 5.28 13.9835 2
      vertex 1.71519 5.48286 2
      vertex 1.78397 5.41028 2
    endloop
  endfacet
  facet normal 0 0 1
    outer loop
      vertex 5.28 13.9835 2
      vertex 1.69321 5.50569 2
      vertex 1.71519 5.48286 2
    endloop
  endfacet
  facet normal 0 0 1
    outer loop
      vertex 5.28 13.9835 2
      vertex 1.62325 5.57713 2
      vertex 1.69321 5.50569 2
    endloop
  endfacet
  facet normal 0 0 1
    outer loop
      vertex 5.28 13.9835 2
      vertex 1.60059 5.5999 2
      vertex 1.62325 5.57713 2
    endloop
  endfacet
  facet normal 0 0 1
    outer loop
      vertex 5.28 13.9835 2
      vertex 1.52943 5.67017 2
      vertex 1.60059 5.5999 2
    endloop
  endfacet
  facet normal 0 0 1
    outer loop
      vertex 5.28 13.9835 2
      vertex 1.50655 5.69238 2
      vertex 1.52943 5.67017 2
    endloop
  endfacet
  facet normal 0 0 1
    outer loop
      vertex 5.28 13.9835 2
      vertex 1.43423 5.76146 2
      vertex 1.50655 5.69238 2
    endloop
  endfacet
  facet normal 0 0 1
    outer loop
      vertex 5.28 13.9835 2
      vertex 1.41083 5.78346 2
      vertex 1.43423 5.76146 2
    endloop
  endfacet
  facet normal 0 0 1
    outer loop
      vertex 5.28 13.9835 2
      vertex 1.33737 5.85132 2
      vertex 1.41083 5.78346 2
    endloop
  endfacet
  facet normal 0 0 1
    outer loop
      vertex 5.28 13.9835 2
      vertex 1.31387 5.87267 2
      vertex 1.33737 5.85132 2
    endloop
  endfacet
  facet normal 0 0 1
    outer loop
      vertex 5.28 13.9835 2
      vertex 1.23932 5.93929 2
      vertex 1.31387 5.87267 2
    endloop
  endfacet
  facet normal 0 0 1
    outer loop
      vertex 5.28 13.9835 2
      vertex 1.21515 5.96053 2
      vertex 1.23932 5.93929 2
    endloop
  endfacet
  facet normal 0 0 1
    outer loop
      vertex 5.28 13.9835 2
      vertex 1.13948 6.02589 2
      vertex 1.21515 5.96053 2
    endloop
  endfacet
  facet normal 0 0 1
    outer loop
      vertex 5.28 13.9835 2
      vertex 1.1151 6.0466 2
      vertex 1.13948 6.02589 2
    endloop
  endfacet
  facet normal 0 0 1
    outer loop
      vertex 5.28 13.9835 2
      vertex 1.03835 6.1107 2
      vertex 1.1151 6.0466 2
    endloop
  endfacet
  facet normal 0 0 1
    outer loop
      vertex 5.28 13.9835 2
      vertex 1.01355 6.13106 2
      vertex 1.03835 6.1107 2
    endloop
  endfacet
  facet normal 0 0 1
    outer loop
      vertex 5.28 13.9835 2
      vertex 0.935745 6.19386 2
      vertex 1.01355 6.13106 2
    endloop
  endfacet
  facet normal 0 0 1
    outer loop
      vertex 5.28 13.9835 2
      vertex 0.910767 6.2137 2
      vertex 0.935745 6.19386 2
    endloop
  endfacet
  facet normal 0 0 1
    outer loop
      vertex 5.28 13.9835 2
      vertex 0.831924 6.27521 2
      vertex 0.910767 6.2137 2
    endloop
  endfacet
  facet normal 0 0 1
    outer loop
      vertex 5.28 13.9835 2
      vertex 0.806396 6.29478 2
      vertex 0.831924 6.27521 2
    endloop
  endfacet
  facet normal 0 0 1
    outer loop
      vertex 5.28 13.9835 2
      vertex 0.726532 6.35497 2
      vertex 0.806396 6.29478 2
    endloop
  endfacet
  facet normal 0 0 1
    outer loop
      vertex 5.28 13.9835 2
      vertex 0.700912 6.37393 2
      vertex 0.726532 6.35497 2
    endloop
  endfacet
  facet normal 0 0 1
    outer loop
      vertex 5.28 13.9835 2
      vertex 0.620071 6.43277 2
      vertex 0.700912 6.37393 2
    endloop
  endfacet
  facet normal 0 0 1
    outer loop
      vertex 5.28 13.9835 2
      vertex 0.594131 6.45131 2
      vertex 0.620071 6.43277 2
    endloop
  endfacet
  facet normal 0 0 1
    outer loop
      vertex 5.28 13.9835 2
      vertex 0.512314 6.5088 2
      vertex 0.594131 6.45131 2
    endloop
  endfacet
  facet normal 0 0 1
    outer loop
      vertex 5.28 13.9835 2
      vertex 0.48584 6.5271 2
      vertex 0.512314 6.5088 2
    endloop
  endfacet
  facet normal 0 0 1
    outer loop
      vertex 5.28 13.9835 2
      vertex 0.403061 6.58322 2
      vertex 0.48584 6.5271 2
    endloop
  endfacet
  facet normal 0 0 1
    outer loop
      vertex 5.28 13.9835 2
      vertex 0.376404 6.60095 2
      vertex 0.403061 6.58322 2
    endloop
  endfacet
  facet normal 0 0 1
    outer loop
      vertex 5.28 13.9835 2
      vertex 0.292725 6.65567 2
      vertex 0.376404 6.60095 2
    endloop
  endfacet
  facet normal 0 0 1
    outer loop
      vertex 5.28 13.9835 2
      vertex 0.265854 6.67293 2
      vertex 0.292725 6.65567 2
    endloop
  endfacet
  facet normal 0 0 1
    outer loop
      vertex 5.28 13.9835 2
      vertex 0.181259 6.72626 2
      vertex 0.265854 6.67293 2
    endloop
  endfacet
  facet normal 0 0 1
    outer loop
      vertex 5.28 13.9835 2
      vertex 0.154083 6.74307 2
      vertex 0.181259 6.72626 2
    endloop
  endfacet
  facet normal 0 0 1
    outer loop
      vertex 5.28 13.9835 2
      vertex 0.0686188 6.79498 2
      vertex 0.154083 6.74307 2
    endloop
  endfacet
  facet normal 0 0 1
    outer loop
      vertex 5.28 13.9835 2
      vertex 0.0410767 6.8114 2
      vertex 0.0686188 6.79498 2
    endloop
  endfacet
  facet normal 0 0 1
    outer loop
      vertex 5.28 13.9835 2
      vertex -0.0452423 6.86188 2
      vertex 0.0410767 6.8114 2
    endloop
  endfacet
  facet normal 0 0 1
    outer loop
      vertex 5.28 13.9835 2
      vertex -0.0729065 6.87775 2
      vertex -0.0452423 6.86188 2
    endloop
  endfacet
  facet normal 0 0 1
    outer loop
      vertex 5.28 13.9835 2
      vertex -0.160065 6.92679 2
      vertex -0.0729065 6.87775 2
    endloop
  endfacet
  facet normal 0 0 1
    outer loop
      vertex 5.28 13.9835 2
      vertex -0.18808 6.94225 2
      vertex -0.160065 6.92679 2
    endloop
  endfacet
  facet normal 0 0 1
    outer loop
      vertex 5.28 13.9835 2
      vertex -0.276031 6.98982 2
      vertex -0.18808 6.94225 2
    endloop
  endfacet
  facet normal 0 0 1
    outer loop
      vertex 5.28 13.9835 2
      vertex -0.304398 7.00487 2
      vertex -0.276031 6.98982 2
    endloop
  endfacet
  facet normal 0 0 1
    outer loop
      vertex 5.28 13.9835 2
      vertex -0.393127 7.05096 2
      vertex -0.304398 7.00487 2
    endloop
  endfacet
  facet normal 0 0 1
    outer loop
      vertex 5.28 13.9835 2
      vertex -0.421616 7.06546 2
      vertex -0.393127 7.05096 2
    endloop
  endfacet
  facet normal 0 0 1
    outer loop
      vertex 5.28 13.9835 2
      vertex -0.511108 7.11008 2
      vertex -0.421616 7.06546 2
    endloop
  endfacet
  facet normal 0 0 1
    outer loop
      vertex 4.17984 15.08 2
      vertex -0.539841 7.1241 2
      vertex -0.511108 7.11008 2
    endloop
  endfacet
  facet normal 0 0 1
    outer loop
      vertex 4.17984 15.08 2
      vertex -0.630066 7.16722 2
      vertex -0.539841 7.1241 2
    endloop
  endfacet
  facet normal 0 0 1
    outer loop
      vertex 4.17984 15.08 2
      vertex -0.659027 7.18077 2
      vertex -0.630066 7.16722 2
    endloop
  endfacet
  facet normal 0 0 1
    outer loop
      vertex 4.17984 15.08 2
      vertex -0.749954 7.22238 2
      vertex -0.659027 7.18077 2
    endloop
  endfacet
  facet normal 0 0 1
    outer loop
      vertex 4.17984 15.08 2
      vertex -0.779282 7.23552 2
      vertex -0.749954 7.22238 2
    endloop
  endfacet
  facet normal 0 0 1
    outer loop
      vertex 4.17984 15.08 2
      vertex -0.870895 7.2756 2
      vertex -0.779282 7.23552 2
    endloop
  endfacet
  facet normal 0 0 1
    outer loop
      vertex 4.17984 15.08 2
      vertex -0.900116 7.28809 2
      vertex -0.870895 7.2756 2
    endloop
  endfacet
  facet normal 0 0 1
    outer loop
      vertex 4.17984 15.08 2
      vertex -0.992371 7.32664 2
      vertex -0.900116 7.28809 2
    endloop
  endfacet
  facet normal 0 0 1
    outer loop
      vertex 4.17984 15.08 2
      vertex -1.02229 7.33887 2
      vertex -0.992371 7.32664 2
    endloop
  endfacet
  facet normal 0 0 1
    outer loop
      vertex 4.17984 15.08 2
      vertex -1.11519 7.37587 2
      vertex -1.02229 7.33887 2
    endloop
  endfacet
  facet normal 0 0 1
    outer loop
      vertex 4.17984 15.08 2
      vertex -1.14485 7.38741 2
      vertex -1.11519 7.37587 2
    endloop
  endfacet
  facet normal 0 0 1
    outer loop
      vertex 4.17984 15.08 2
      vertex -1.23836 7.42287 2
      vertex -1.14485 7.38741 2
    endloop
  endfacet
  facet normal 0 0 1
    outer loop
      vertex 4.17984 15.08 2
      vertex -1.26843 7.43398 2
      vertex -1.23836 7.42287 2
    endloop
  endfacet
  facet normal 0 0 1
    outer loop
      vertex 4.17984 15.08 2
      vertex -1.3625 7.46786 2
      vertex -1.26843 7.43398 2
    endloop
  endfacet
  facet normal 0 0 1
    outer loop
      vertex 4.17984 15.08 2
      vertex -1.3925 7.47839 2
      vertex -1.3625 7.46786 2
    endloop
  endfacet
  facet normal 0 0 1
    outer loop
      vertex 4.17984 15.08 2
      vertex -1.48714 7.51073 2
      vertex -1.3925 7.47839 2
    endloop
  endfacet
  facet normal 0 0 1
    outer loop
      vertex 4.17984 15.08 2
      vertex -1.51782 7.52092 2
      vertex -1.48714 7.51073 2
    endloop
  endfacet
  facet normal 0 0 1
    outer loop
      vertex 4.17984 15.08 2
      vertex -1.61298 7.55165 2
      vertex -1.51782 7.52092 2
    endloop
  endfacet
  facet normal -0 0 1
    outer loop
      vertex -4.18353 15.08 2
      vertex -1.61298 7.55165 2
      vertex 4.17984 15.08 2
    endloop
  endfacet
  facet normal 0 0 1
    outer loop
      vertex -1.61298 7.55165 2
      vertex -4.18353 15.08 2
      vertex -1.64313 7.56113 2
    endloop
  endfacet
  facet normal 0 0 1
    outer loop
      vertex -1.64313 7.56113 2
      vertex -4.18353 15.08 2
      vertex -1.73877 7.59029 2
    endloop
  endfacet
  facet normal 0 0 1
    outer loop
      vertex -1.73877 7.59029 2
      vertex -4.18353 15.08 2
      vertex -1.76961 7.5994 2
    endloop
  endfacet
  facet normal 0 0 1
    outer loop
      vertex -1.76961 7.5994 2
      vertex -4.18353 15.08 2
      vertex -1.86574 7.62695 2
    endloop
  endfacet
  facet normal 0 0 1
    outer loop
      vertex -1.86574 7.62695 2
      vertex -4.18353 15.08 2
      vertex -1.89676 7.63557 2
    endloop
  endfacet
  facet normal 0 0 1
    outer loop
      vertex -1.89676 7.63557 2
      vertex -4.18353 15.08 2
      vertex -1.99333 7.66151 2
    endloop
  endfacet
  facet normal 0 0 1
    outer loop
      vertex -1.99333 7.66151 2
      vertex -4.18353 15.08 2
      vertex -2.02408 7.66949 2
    endloop
  endfacet
  facet normal 0 0 1
    outer loop
      vertex -2.02408 7.66949 2
      vertex -4.18353 15.08 2
      vertex -2.12106 7.69383 2
    endloop
  endfacet
  facet normal 0 0 1
    outer loop
      vertex -2.12106 7.69383 2
      vertex -4.18353 15.08 2
      vertex -2.15213 7.70135 2
    endloop
  endfacet
  facet normal 0 0 1
    outer loop
      vertex -2.15213 7.70135 2
      vertex -4.18353 15.08 2
      vertex -2.24951 7.72408 2
    endloop
  endfacet
  facet normal 0 0 1
    outer loop
      vertex -2.24951 7.72408 2
      vertex -4.18353 15.08 2
      vertex -2.28087 7.73111 2
    endloop
  endfacet
  facet normal 0 0 1
    outer loop
      vertex -2.28087 7.73111 2
      vertex -4.18353 15.08 2
      vertex -2.37862 7.7522 2
    endloop
  endfacet
  facet normal 0 0 1
    outer loop
      vertex -2.37862 7.7522 2
      vertex -4.18353 15.08 2
      vertex -2.40996 7.7587 2
    endloop
  endfacet
  facet normal 0 0 1
    outer loop
      vertex -2.40996 7.7587 2
      vertex -4.18353 15.08 2
      vertex -2.50804 7.77815 2
    endloop
  endfacet
  facet normal 0 0 1
    outer loop
      vertex -2.50804 7.77815 2
      vertex -4.18353 15.08 2
      vertex -2.53941 7.7841 2
    endloop
  endfacet
  facet normal 0 0 1
    outer loop
      vertex -2.53941 7.7841 2
      vertex -4.18353 15.08 2
      vertex -2.63782 7.80193 2
    endloop
  endfacet
  facet normal 0 0 1
    outer loop
      vertex -2.63782 7.80193 2
      vertex -4.18353 15.08 2
      vertex -2.66943 7.80737 2
    endloop
  endfacet
  facet normal -0 0 1
    outer loop
      vertex -5.28 13.9798 2
      vertex -2.66943 7.80737 2
      vertex -4.18353 15.08 2
    endloop
  endfacet
  facet normal 0 0 1
    outer loop
      vertex -2.66943 7.80737 2
      vertex -5.28 13.9798 2
      vertex -2.76811 7.82355 2
    endloop
  endfacet
  facet normal 0 0 1
    outer loop
      vertex -2.76811 7.82355 2
      vertex -5.28 13.9798 2
      vertex -2.79976 7.82846 2
    endloop
  endfacet
  facet normal 0 0 1
    outer loop
      vertex -2.79976 7.82846 2
      vertex -5.28 13.9798 2
      vertex -2.8987 7.84299 2
    endloop
  endfacet
  facet normal 0 0 1
    outer loop
      vertex -2.8987 7.84299 2
      vertex -5.28 13.9798 2
      vertex -2.93005 7.84734 2
    endloop
  endfacet
  facet normal 0 0 1
    outer loop
      vertex -2.93005 7.84734 2
      vertex -5.28 13.9798 2
      vertex -3.02922 7.86023 2
    endloop
  endfacet
  facet normal 0 0 1
    outer loop
      vertex -3.02922 7.86023 2
      vertex -5.28 13.9798 2
      vertex -3.0614 7.86414 2
    endloop
  endfacet
  facet normal 0 0 1
    outer loop
      vertex -3.0614 7.86414 2
      vertex -5.28 13.9798 2
      vertex -3.16075 7.87535 2
    endloop
  endfacet
  facet normal 0 0 1
    outer loop
      vertex -3.16075 7.87535 2
      vertex -5.28 13.9798 2
      vertex -3.19244 7.87866 2
    endloop
  endfacet
  facet normal 0 0 1
    outer loop
      vertex -3.19244 7.87866 2
      vertex -5.28 13.9798 2
      vertex -3.29199 7.88823 2
    endloop
  endfacet
  facet normal 0 0 1
    outer loop
      vertex -3.29199 7.88823 2
      vertex -5.28 13.9798 2
      vertex -3.32362 7.89101 2
    endloop
  endfacet
  facet normal 0 0 1
    outer loop
      vertex -3.32362 7.89101 2
      vertex -5.28 13.9798 2
      vertex -3.42331 7.89893 2
    endloop
  endfacet
  facet normal 0 0 1
    outer loop
      vertex -3.42331 7.89893 2
      vertex -5.28 13.9798 2
      vertex -3.45552 7.90121 2
    endloop
  endfacet
  facet normal 0 0 1
    outer loop
      vertex -3.45552 7.90121 2
      vertex -5.28 13.9798 2
      vertex -3.55531 7.90746 2
    endloop
  endfacet
  facet normal 0 0 1
    outer loop
      vertex -3.55531 7.90746 2
      vertex -5.28 13.9798 2
      vertex -3.58727 7.90918 2
    endloop
  endfacet
  facet normal 0 0 1
    outer loop
      vertex -3.58727 7.90918 2
      vertex -5.28 13.9798 2
      vertex -3.68716 7.91376 2
    endloop
  endfacet
  facet normal 0 0 1
    outer loop
      vertex -3.68716 7.91376 2
      vertex -5.28 13.9798 2
      vertex -3.71909 7.91496 2
    endloop
  endfacet
  facet normal 0 0 1
    outer loop
      vertex -3.71909 7.91496 2
      vertex -5.28 13.9798 2
      vertex -3.81903 7.91788 2
    endloop
  endfacet
  facet normal 0 0 1
    outer loop
      vertex -3.81903 7.91788 2
      vertex -5.28 13.9798 2
      vertex -3.85098 7.91853 2
    endloop
  endfacet
  facet normal 0 0 1
    outer loop
      vertex -3.85098 7.91853 2
      vertex -5.28 13.9798 2
      vertex -3.95097 7.91978 2
    endloop
  endfacet
  facet normal 0 0 1
    outer loop
      vertex -5.28 13.9798 2
      vertex -4.18353 15.08 2
      vertex -4.23633 15.0791 2
    endloop
  endfacet
  facet normal 0 0 1
    outer loop
      vertex -5.28 13.9798 2
      vertex -4.23633 15.0791 2
      vertex -4.27164 15.0774 2
    endloop
  endfacet
  facet normal 0 0 1
    outer loop
      vertex -5.28 13.9798 2
      vertex -4.27164 15.0774 2
      vertex -4.30716 15.0744 2
    endloop
  endfacet
  facet normal 0 0 1
    outer loop
      vertex -5.28 13.9798 2
      vertex -4.30716 15.0744 2
      vertex -4.34337 15.0702 2
    endloop
  endfacet
  facet normal 0 0 1
    outer loop
      vertex -5.28 13.9798 2
      vertex -4.34337 15.0702 2
      vertex -4.37871 15.0648 2
    endloop
  endfacet
  facet normal 0 0 1
    outer loop
      vertex -5.28 13.9798 2
      vertex -4.37871 15.0648 2
      vertex -4.41403 15.0583 2
    endloop
  endfacet
  facet normal 0 0 1
    outer loop
      vertex -5.28 13.9798 2
      vertex -4.41403 15.0583 2
      vertex -4.44887 15.0507 2
    endloop
  endfacet
  facet normal 0 0 1
    outer loop
      vertex -5.28 13.9798 2
      vertex -4.44887 15.0507 2
      vertex -4.48366 15.0418 2
    endloop
  endfacet
  facet normal 0 0 1
    outer loop
      vertex -5.28 13.9798 2
      vertex -4.48366 15.0418 2
      vertex -4.51808 15.0318 2
    endloop
  endfacet
  facet normal 0 0 1
    outer loop
      vertex -5.28 13.9798 2
      vertex -4.51808 15.0318 2
      vertex -4.55238 15.0206 2
    endloop
  endfacet
  facet normal 0 0 1
    outer loop
      vertex -5.28 13.9798 2
      vertex -4.55238 15.0206 2
      vertex -4.58641 15.0082 2
    endloop
  endfacet
  facet normal 0 0 1
    outer loop
      vertex -5.28 13.9798 2
      vertex -4.58641 15.0082 2
      vertex -4.61931 14.995 2
    endloop
  endfacet
  facet normal 0 0 1
    outer loop
      vertex -5.28 13.9798 2
      vertex -4.61931 14.995 2
      vertex -4.65233 14.9804 2
    endloop
  endfacet
  facet normal 0 0 1
    outer loop
      vertex -5.28 13.9798 2
      vertex -4.65233 14.9804 2
      vertex -4.68445 14.965 2
    endloop
  endfacet
  facet normal 0 0 1
    outer loop
      vertex -5.28 13.9798 2
      vertex -4.68445 14.965 2
      vertex -4.71645 14.9482 2
    endloop
  endfacet
  facet normal 0 0 1
    outer loop
      vertex -5.28 13.9798 2
      vertex -4.71645 14.9482 2
      vertex -4.74785 14.9304 2
    endloop
  endfacet
  facet normal 0 0 1
    outer loop
      vertex -5.28 13.9798 2
      vertex -4.74785 14.9304 2
      vertex -4.77805 14.912 2
    endloop
  endfacet
  facet normal 0 0 1
    outer loop
      vertex -5.28 13.9798 2
      vertex -4.77805 14.912 2
      vertex -4.8082 14.8921 2
    endloop
  endfacet
  facet normal 0 0 1
    outer loop
      vertex -5.28 13.9798 2
      vertex -4.8082 14.8921 2
      vertex -4.83763 14.8713 2
    endloop
  endfacet
  facet normal 0 0 1
    outer loop
      vertex -5.28 13.9798 2
      vertex -4.83763 14.8713 2
      vertex -4.86601 14.8499 2
    endloop
  endfacet
  facet normal 0 0 1
    outer loop
      vertex -5.28 13.9798 2
      vertex -4.86601 14.8499 2
      vertex -4.89394 14.8272 2
    endloop
  endfacet
  facet normal 0 0 1
    outer loop
      vertex -5.28 13.9798 2
      vertex -4.89394 14.8272 2
      vertex -4.92133 14.8034 2
    endloop
  endfacet
  facet normal 0 0 1
    outer loop
      vertex -5.28 13.9798 2
      vertex -4.92133 14.8034 2
      vertex -4.94754 14.7791 2
    endloop
  endfacet
  facet normal 0 0 1
    outer loop
      vertex -5.28 13.9798 2
      vertex -4.94754 14.7791 2
      vertex -4.97302 14.7538 2
    endloop
  endfacet
  facet normal 0 0 1
    outer loop
      vertex -5.28 13.9798 2
      vertex -4.97302 14.7538 2
      vertex -4.99756 14.7278 2
    endloop
  endfacet
  facet normal 0 0 1
    outer loop
      vertex -5.28 13.9798 2
      vertex -4.99756 14.7278 2
      vertex -5.02129 14.7009 2
    endloop
  endfacet
  facet normal 0 0 1
    outer loop
      vertex -5.28 13.9798 2
      vertex -5.02129 14.7009 2
      vertex -5.04402 14.6734 2
    endloop
  endfacet
  facet normal 0 0 1
    outer loop
      vertex -5.28 13.9798 2
      vertex -5.04402 14.6734 2
      vertex -5.06604 14.6448 2
    endloop
  endfacet
  facet normal 0 0 1
    outer loop
      vertex -5.28 13.9798 2
      vertex -5.06604 14.6448 2
      vertex -5.08705 14.6156 2
    endloop
  endfacet
  facet normal 0 0 1
    outer loop
      vertex -5.28 13.9798 2
      vertex -5.08705 14.6156 2
      vertex -5.10704 14.5858 2
    endloop
  endfacet
  facet normal 0 0 1
    outer loop
      vertex -5.28 13.9798 2
      vertex -5.10704 14.5858 2
      vertex -5.1261 14.5551 2
    endloop
  endfacet
  facet normal 0 0 1
    outer loop
      vertex -5.28 13.9798 2
      vertex -5.1261 14.5551 2
      vertex -5.14381 14.5244 2
    endloop
  endfacet
  facet normal 0 0 1
    outer loop
      vertex -5.28 13.9798 2
      vertex -5.14381 14.5244 2
      vertex -5.16093 14.4924 2
    endloop
  endfacet
  facet normal 0 0 1
    outer loop
      vertex -5.28 13.9798 2
      vertex -5.16093 14.4924 2
      vertex -5.17656 14.4606 2
    endloop
  endfacet
  facet normal 0 0 1
    outer loop
      vertex -5.28 13.9798 2
      vertex -5.17656 14.4606 2
      vertex -5.1915 14.4275 2
    endloop
  endfacet
  facet normal 0 0 1
    outer loop
      vertex -5.28 13.9798 2
      vertex -5.1915 14.4275 2
      vertex -5.20506 14.3946 2
    endloop
  endfacet
  facet normal 0 0 1
    outer loop
      vertex -5.28 13.9798 2
      vertex -5.20506 14.3946 2
      vertex -5.2177 14.3607 2
    endloop
  endfacet
  facet normal 0 0 1
    outer loop
      vertex -5.28 13.9798 2
      vertex -5.2177 14.3607 2
      vertex -5.22913 14.3267 2
    endloop
  endfacet
  facet normal 0 0 1
    outer loop
      vertex -5.28 13.9798 2
      vertex -5.22913 14.3267 2
      vertex -5.23936 14.2925 2
    endloop
  endfacet
  facet normal 0 0 1
    outer loop
      vertex -5.28 13.9798 2
      vertex -5.23936 14.2925 2
      vertex -5.24844 14.258 2
    endloop
  endfacet
  facet normal 0 0 1
    outer loop
      vertex -5.28 13.9798 2
      vertex -5.24844 14.258 2
      vertex -5.2565 14.2227 2
    endloop
  endfacet
  facet normal 0 0 1
    outer loop
      vertex -5.28 13.9798 2
      vertex -5.2565 14.2227 2
      vertex -5.26337 14.1873 2
    endloop
  endfacet
  facet normal 0 0 1
    outer loop
      vertex -5.28 13.9798 2
      vertex -5.26337 14.1873 2
      vertex -5.26897 14.1521 2
    endloop
  endfacet
  facet normal 0 0 1
    outer loop
      vertex -5.28 13.9798 2
      vertex -5.26897 14.1521 2
      vertex -5.27344 14.1165 2
    endloop
  endfacet
  facet normal 0 0 1
    outer loop
      vertex -5.28 13.9798 2
      vertex -5.27344 14.1165 2
      vertex -5.27672 14.0806 2
    endloop
  endfacet
  facet normal 0 0 1
    outer loop
      vertex -5.28 13.9798 2
      vertex -5.27672 14.0806 2
      vertex -5.27856 14.049 2
    endloop
  endfacet
  facet normal 0 0 1
    outer loop
      vertex -3.95097 7.91978 2
      vertex -5.28 13.9798 2
      vertex -3.97499 7.91994 2
    endloop
  endfacet
  facet normal 0 0 1
    outer loop
      vertex -3.97499 7.91994 2
      vertex -5.28 13.9798 2
      vertex -5.28 7.91994 2
    endloop
  endfacet
  facet normal 0 0 1
    outer loop
      vertex 4.17984 15.08 2
      vertex 5.28 13.9835 2
      vertex 5.27911 14.0363 2
    endloop
  endfacet
  facet normal 0 0 1
    outer loop
      vertex 5.28 13.9835 2
      vertex 3.91994 0.0161133 2
      vertex 5.28 -13.9798 2
    endloop
  endfacet
  facet normal 0 0 1
    outer loop
      vertex 4.17984 15.08 2
      vertex 5.27911 14.0363 2
      vertex 5.27736 14.0716 2
    endloop
  endfacet
  facet normal -0 0 1
    outer loop
      vertex 3.91994 -0.0161133 2
      vertex 5.28 -13.9798 2
      vertex 3.91994 0.0161133 2
    endloop
  endfacet
  facet normal 0 0 1
    outer loop
      vertex 4.17984 15.08 2
      vertex 5.27736 14.0716 2
      vertex 5.2744 14.1072 2
    endloop
  endfacet
  facet normal -0 0 1
    outer loop
      vertex 3.9191 -0.116104 2
      vertex 5.28 -13.9798 2
      vertex 3.91994 -0.0161133 2
    endloop
  endfacet
  facet normal 0 0 1
    outer loop
      vertex 4.17984 15.08 2
      vertex 5.2744 14.1072 2
      vertex 5.27016 14.1434 2
    endloop
  endfacet
  facet normal -0 0 1
    outer loop
      vertex 3.91856 -0.148041 2
      vertex 5.28 -13.9798 2
      vertex 3.9191 -0.116104 2
    endloop
  endfacet
  facet normal 0 0 1
    outer loop
      vertex 4.17984 15.08 2
      vertex 5.27016 14.1434 2
      vertex 5.26483 14.1787 2
    endloop
  endfacet
  facet normal -0 0 1
    outer loop
      vertex 3.91606 -0.248001 2
      vertex 5.28 -13.9798 2
      vertex 3.91856 -0.148041 2
    endloop
  endfacet
  facet normal 0 0 1
    outer loop
      vertex 4.17984 15.08 2
      vertex 5.26483 14.1787 2
      vertex 5.25832 14.214 2
    endloop
  endfacet
  facet normal -0 0 1
    outer loop
      vertex 3.91499 -0.279938 2
      vertex 5.28 -13.9798 2
      vertex 3.91606 -0.248001 2
    endloop
  endfacet
  facet normal 0 0 1
    outer loop
      vertex 4.17984 15.08 2
      vertex 5.25832 14.214 2
      vertex 5.25066 14.2489 2
    endloop
  endfacet
  facet normal -0 0 1
    outer loop
      vertex 3.91083 -0.379852 2
      vertex 5.28 -13.9798 2
      vertex 3.91499 -0.279938 2
    endloop
  endfacet
  facet normal 0 0 1
    outer loop
      vertex 4.17984 15.08 2
      vertex 5.25066 14.2489 2
      vertex 5.24181 14.2837 2
    endloop
  endfacet
  facet normal -0 0 1
    outer loop
      vertex 3.90923 -0.411789 2
      vertex 5.28 -13.9798 2
      vertex 3.91083 -0.379852 2
    endloop
  endfacet
  facet normal 0 0 1
    outer loop
      vertex 4.17984 15.08 2
      vertex 5.24181 14.2837 2
      vertex 5.23181 14.3181 2
    endloop
  endfacet
  facet normal -0 0 1
    outer loop
      vertex 3.9034 -0.511612 2
      vertex 5.28 -13.9798 2
      vertex 3.90923 -0.411789 2
    endloop
  endfacet
  facet normal 0 0 1
    outer loop
      vertex 4.17984 15.08 2
      vertex 5.23181 14.3181 2
      vertex 5.2206 14.3524 2
    endloop
  endfacet
  facet normal -0 0 1
    outer loop
      vertex 3.90126 -0.543533 2
      vertex 5.28 -13.9798 2
      vertex 3.9034 -0.511612 2
    endloop
  endfacet
  facet normal 0 0 1
    outer loop
      vertex 4.17984 15.08 2
      vertex 5.2206 14.3524 2
      vertex 5.20822 14.3864 2
    endloop
  endfacet
  facet normal -0 0 1
    outer loop
      vertex 3.89377 -0.64325 2
      vertex 5.28 -13.9798 2
      vertex 3.90126 -0.543533 2
    endloop
  endfacet
  facet normal 0 0 1
    outer loop
      vertex 4.17984 15.08 2
      vertex 5.20822 14.3864 2
      vertex 5.19499 14.4193 2
    endloop
  endfacet
  facet normal -0 0 1
    outer loop
      vertex 3.89111 -0.675186 2
      vertex 5.28 -13.9798 2
      vertex 3.89377 -0.64325 2
    endloop
  endfacet
  facet normal 0 0 1
    outer loop
      vertex 4.17984 15.08 2
      vertex 5.19499 14.4193 2
      vertex 5.18042 14.4523 2
    endloop
  endfacet
  facet normal -0 0 1
    outer loop
      vertex 3.88196 -0.774765 2
      vertex 5.28 -13.9798 2
      vertex 3.89111 -0.675186 2
    endloop
  endfacet
  facet normal 0 0 1
    outer loop
      vertex 4.17984 15.08 2
      vertex 5.18042 14.4523 2
      vertex 5.16495 14.4845 2
    endloop
  endfacet
  facet normal -0 0 1
    outer loop
      vertex 3.87878 -0.806412 2
      vertex 5.28 -13.9798 2
      vertex 3.88196 -0.774765 2
    endloop
  endfacet
  facet normal 0 0 1
    outer loop
      vertex 4.17984 15.08 2
      vertex 5.16495 14.4845 2
      vertex 5.14821 14.5164 2
    endloop
  endfacet
  facet normal -0 0 1
    outer loop
      vertex 3.86798 -0.905823 2
      vertex 5.28 -13.9798 2
      vertex 3.87878 -0.806412 2
    endloop
  endfacet
  facet normal 0 0 1
    outer loop
      vertex 4.17984 15.08 2
      vertex 5.14821 14.5164 2
      vertex 5.13043 14.5479 2
    endloop
  endfacet
  facet normal -0 0 1
    outer loop
      vertex 3.86423 -0.937775 2
      vertex 5.28 -13.9798 2
      vertex 3.86798 -0.905823 2
    endloop
  endfacet
  facet normal 0 0 1
    outer loop
      vertex 4.17984 15.08 2
      vertex 5.13043 14.5479 2
      vertex 5.11197 14.578 2
    endloop
  endfacet
  facet normal -0 0 1
    outer loop
      vertex 3.85176 -1.03699 2
      vertex 5.28 -13.9798 2
      vertex 3.86423 -0.937775 2
    endloop
  endfacet
  facet normal 0 0 1
    outer loop
      vertex 4.17984 15.08 2
      vertex 5.11197 14.578 2
      vertex 5.09213 14.6082 2
    endloop
  endfacet
  facet normal -0 0 1
    outer loop
      vertex 3.84749 -1.06889 2
      vertex 5.28 -13.9798 2
      vertex 3.85176 -1.03699 2
    endloop
  endfacet
  facet normal 0 0 1
    outer loop
      vertex 4.17984 15.08 2
      vertex 5.09213 14.6082 2
      vertex 5.07133 14.6376 2
    endloop
  endfacet
  facet normal -0 0 1
    outer loop
      vertex 3.83336 -1.16789 2
      vertex 5.28 -13.9798 2
      vertex 3.84749 -1.06889 2
    endloop
  endfacet
  facet normal 0 0 1
    outer loop
      vertex 4.17984 15.08 2
      vertex 5.07133 14.6376 2
      vertex 5.04985 14.666 2
    endloop
  endfacet
  facet normal -0 0 1
    outer loop
      vertex 3.82861 -1.19928 2
      vertex 5.28 -13.9798 2
      vertex 3.83336 -1.16789 2
    endloop
  endfacet
  facet normal 0 0 1
    outer loop
      vertex 4.17984 15.08 2
      vertex 5.04985 14.666 2
      vertex 5.02719 14.6939 2
    endloop
  endfacet
  facet normal -0 0 1
    outer loop
      vertex 3.81285 -1.29802 2
      vertex 5.28 -13.9798 2
      vertex 3.82861 -1.19928 2
    endloop
  endfacet
  facet normal 0 0 1
    outer loop
      vertex 4.17984 15.08 2
      vertex 5.02719 14.6939 2
      vertex 5.00343 14.7213 2
    endloop
  endfacet
  facet normal -0 0 1
    outer loop
      vertex 3.80753 -1.32965 2
      vertex 5.28 -13.9798 2
      vertex 3.81285 -1.29802 2
    endloop
  endfacet
  facet normal 0 0 1
    outer loop
      vertex 4.17984 15.08 2
      vertex 5.00343 14.7213 2
      vertex 4.9791 14.7475 2
    endloop
  endfacet
  facet normal -0 0 1
    outer loop
      vertex 3.79012 -1.42812 2
      vertex 5.28 -13.9798 2
      vertex 3.80753 -1.32965 2
    endloop
  endfacet
  facet normal 0 0 1
    outer loop
      vertex 4.17984 15.08 2
      vertex 4.9791 14.7475 2
      vertex 4.95384 14.773 2
    endloop
  endfacet
  facet normal -0 0 1
    outer loop
      vertex 3.78432 -1.45941 2
      vertex 5.28 -13.9798 2
      vertex 3.79012 -1.42812 2
    endloop
  endfacet
  facet normal 0 0 1
    outer loop
      vertex 4.17984 15.08 2
      vertex 4.95384 14.773 2
      vertex 4.92783 14.7976 2
    endloop
  endfacet
  facet normal -0 0 1
    outer loop
      vertex 3.76527 -1.55759 2
      vertex 5.28 -13.9798 2
      vertex 3.78432 -1.45941 2
    endloop
  endfacet
  facet normal 0 0 1
    outer loop
      vertex 4.17984 15.08 2
      vertex 4.92783 14.7976 2
      vertex 4.90094 14.8213 2
    endloop
  endfacet
  facet normal -0 0 1
    outer loop
      vertex 3.75885 -1.58929 2
      vertex 5.28 -13.9798 2
      vertex 3.76527 -1.55759 2
    endloop
  endfacet
  facet normal 0 0 1
    outer loop
      vertex 4.17984 15.08 2
      vertex 4.90094 14.8213 2
      vertex 4.8734 14.844 2
    endloop
  endfacet
  facet normal -0 0 1
    outer loop
      vertex 3.73816 -1.68712 2
      vertex 5.28 -13.9798 2
      vertex 3.75885 -1.58929 2
    endloop
  endfacet
  facet normal 0 0 1
    outer loop
      vertex 4.17984 15.08 2
      vertex 4.8734 14.844 2
      vertex 4.8448 14.866 2
    endloop
  endfacet
  facet normal -0 0 1
    outer loop
      vertex 3.73134 -1.71809 2
      vertex 5.28 -13.9798 2
      vertex 3.73816 -1.68712 2
    endloop
  endfacet
  facet normal 0 0 1
    outer loop
      vertex 4.17984 15.08 2
      vertex 4.8448 14.866 2
      vertex 4.8156 14.8871 2
    endloop
  endfacet
  facet normal -0 0 1
    outer loop
      vertex 3.70903 -1.81558 2
      vertex 5.28 -13.9798 2
      vertex 3.73134 -1.71809 2
    endloop
  endfacet
  facet normal 0 0 1
    outer loop
      vertex 4.17984 15.08 2
      vertex 4.8156 14.8871 2
      vertex 4.78575 14.907 2
    endloop
  endfacet
  facet normal -0 0 1
    outer loop
      vertex 3.70161 -1.84676 2
      vertex 5.28 -13.9798 2
      vertex 3.70903 -1.81558 2
    endloop
  endfacet
  facet normal 0 0 1
    outer loop
      vertex 4.17984 15.08 2
      vertex 4.78575 14.907 2
      vertex 4.75514 14.9261 2
    endloop
  endfacet
  facet normal -0 0 1
    outer loop
      vertex 3.67769 -1.94383 2
      vertex 5.28 -13.9798 2
      vertex 3.70161 -1.84676 2
    endloop
  endfacet
  facet normal 0 0 1
    outer loop
      vertex 4.17984 15.08 2
      vertex 4.75514 14.9261 2
      vertex 4.72444 14.9438 2
    endloop
  endfacet
  facet normal -0 0 1
    outer loop
      vertex 3.66978 -1.97482 2
      vertex 5.28 -13.9798 2
      vertex 3.67769 -1.94383 2
    endloop
  endfacet
  facet normal 0 0 1
    outer loop
      vertex 4.17984 15.08 2
      vertex 4.72444 14.9438 2
      vertex 4.69237 14.9609 2
    endloop
  endfacet
  facet normal -0 0 1
    outer loop
      vertex 3.64424 -2.0715 2
      vertex 5.28 -13.9798 2
      vertex 3.66978 -1.97482 2
    endloop
  endfacet
  facet normal 0 0 1
    outer loop
      vertex 4.17984 15.08 2
      vertex 4.69237 14.9609 2
      vertex 4.66061 14.9766 2
    endloop
  endfacet
  facet normal -0 0 1
    outer loop
      vertex 3.63577 -2.10248 2
      vertex 5.28 -13.9798 2
      vertex 3.64424 -2.0715 2
    endloop
  endfacet
  facet normal 0 0 1
    outer loop
      vertex 4.17984 15.08 2
      vertex 4.66061 14.9766 2
      vertex 4.6275 14.9915 2
    endloop
  endfacet
  facet normal -0 0 1
    outer loop
      vertex 3.60861 -2.19873 2
      vertex 5.28 -13.9798 2
      vertex 3.63577 -2.10248 2
    endloop
  endfacet
  facet normal 0 0 1
    outer loop
      vertex 4.17984 15.08 2
      vertex 4.6275 14.9915 2
      vertex 4.59456 15.0051 2
    endloop
  endfacet
  facet normal -0 0 1
    outer loop
      vertex 3.5997 -2.22934 2
      vertex 5.28 -13.9798 2
      vertex 3.60861 -2.19873 2
    endloop
  endfacet
  facet normal 0 0 1
    outer loop
      vertex 4.17984 15.08 2
      vertex 4.59456 15.0051 2
      vertex 4.56071 15.0177 2
    endloop
  endfacet
  facet normal -0 0 1
    outer loop
      vertex 3.57095 -2.3251 2
      vertex 5.28 -13.9798 2
      vertex 3.5997 -2.22934 2
    endloop
  endfacet
  facet normal 0 0 1
    outer loop
      vertex 4.17984 15.08 2
      vertex 4.56071 15.0177 2
      vertex 4.52669 15.0291 2
    endloop
  endfacet
  facet normal -0 0 1
    outer loop
      vertex 3.56145 -2.35582 2
      vertex 5.28 -13.9798 2
      vertex 3.57095 -2.3251 2
    endloop
  endfacet
  facet normal 0 0 1
    outer loop
      vertex 4.17984 15.08 2
      vertex 4.52669 15.0291 2
      vertex 4.49251 15.0394 2
    endloop
  endfacet
  facet normal -0 0 1
    outer loop
      vertex 3.5311 -2.4511 2
      vertex 5.28 -13.9798 2
      vertex 3.56145 -2.35582 2
    endloop
  endfacet
  facet normal 0 0 1
    outer loop
      vertex 4.17984 15.08 2
      vertex 4.49251 15.0394 2
      vertex 4.45804 15.0484 2
    endloop
  endfacet
  facet normal -0 0 1
    outer loop
      vertex 3.52124 -2.48122 2
      vertex 5.28 -13.9798 2
      vertex 3.5311 -2.4511 2
    endloop
  endfacet
  facet normal 0 0 1
    outer loop
      vertex 4.17984 15.08 2
      vertex 4.45804 15.0484 2
      vertex 4.42274 15.0565 2
    endloop
  endfacet
  facet normal -0 0 1
    outer loop
      vertex 3.48932 -2.57599 2
      vertex 5.28 -13.9798 2
      vertex 3.52124 -2.48122 2
    endloop
  endfacet
  facet normal 0 0 1
    outer loop
      vertex 4.17984 15.08 2
      vertex 4.42274 15.0565 2
      vertex 4.38727 15.0634 2
    endloop
  endfacet
  facet normal -0 0 1
    outer loop
      vertex 3.47873 -2.60655 2
      vertex 5.28 -13.9798 2
      vertex 3.48932 -2.57599 2
    endloop
  endfacet
  facet normal 0 0 1
    outer loop
      vertex 4.17984 15.08 2
      vertex 4.38727 15.0634 2
      vertex 4.3521 15.069 2
    endloop
  endfacet
  facet normal -0 0 1
    outer loop
      vertex 3.44522 -2.70076 2
      vertex 5.28 -13.9798 2
      vertex 3.47873 -2.60655 2
    endloop
  endfacet
  facet normal 0 0 1
    outer loop
      vertex 4.17984 15.08 2
      vertex 4.3521 15.069 2
      vertex 4.3165 15.0734 2
    endloop
  endfacet
  facet normal -0 0 1
    outer loop
      vertex 3.43433 -2.73062 2
      vertex 5.28 -13.9798 2
      vertex 3.44522 -2.70076 2
    endloop
  endfacet
  facet normal 0 0 1
    outer loop
      vertex 4.17984 15.08 2
      vertex 4.3165 15.0734 2
      vertex 4.28058 15.0767 2
    endloop
  endfacet
  facet normal -0 0 1
    outer loop
      vertex 3.39926 -2.82426 2
      vertex 5.28 -13.9798 2
      vertex 3.43433 -2.73062 2
    endloop
  endfacet
  facet normal 0 0 1
    outer loop
      vertex 4.17984 15.08 2
      vertex 4.28058 15.0767 2
      vertex 4.24896 15.0786 2
    endloop
  endfacet
  facet normal -0 0 1
    outer loop
      vertex 3.3877 -2.85439 2
      vertex 5.28 -13.9798 2
      vertex 3.39926 -2.82426 2
    endloop
  endfacet
  facet normal -0 0 1
    outer loop
      vertex 3.35106 -2.94743 2
      vertex 5.28 -13.9798 2
      vertex 3.3877 -2.85439 2
    endloop
  endfacet
  facet normal 0 0 1
    outer loop
      vertex -0.511108 7.11008 2
      vertex 5.28 13.9835 2
      vertex 4.17984 15.08 2
    endloop
  endfacet
  facet normal -0 0 1
    outer loop
      vertex 3.33925 -2.9767 2
      vertex 5.28 -13.9798 2
      vertex 3.35106 -2.94743 2
    endloop
  endfacet
  facet normal -0 0 1
    outer loop
      vertex 3.30109 -3.06914 2
      vertex 5.28 -13.9798 2
      vertex 3.33925 -2.9767 2
    endloop
  endfacet
  facet normal -0 0 1
    outer loop
      vertex 3.28853 -3.09886 2
      vertex 5.28 -13.9798 2
      vertex 3.30109 -3.06914 2
    endloop
  endfacet
  facet normal -0 0 1
    outer loop
      vertex 3.24883 -3.19063 2
      vertex 5.28 -13.9798 2
      vertex 3.28853 -3.09886 2
    endloop
  endfacet
  facet normal -0 0 1
    outer loop
      vertex 3.23592 -3.21979 2
      vertex 5.28 -13.9798 2
      vertex 3.24883 -3.19063 2
    endloop
  endfacet
  facet normal -0 0 1
    outer loop
      vertex 3.19469 -3.3109 2
      vertex 5.28 -13.9798 2
      vertex 3.23592 -3.21979 2
    endloop
  endfacet
  facet normal -0 0 1
    outer loop
      vertex 3.1812 -3.34004 2
      vertex 5.28 -13.9798 2
      vertex 3.19469 -3.3109 2
    endloop
  endfacet
  facet normal -0 0 1
    outer loop
      vertex 3.13846 -3.43044 2
      vertex 5.28 -13.9798 2
      vertex 3.1812 -3.34004 2
    endloop
  endfacet
  facet normal -0 0 1
    outer loop
      vertex 3.1245 -3.45934 2
      vertex 5.28 -13.9798 2
      vertex 3.13846 -3.43044 2
    endloop
  endfacet
  facet normal -0 0 1
    outer loop
      vertex 3.08025 -3.54901 2
      vertex 5.28 -13.9798 2
      vertex 3.1245 -3.45934 2
    endloop
  endfacet
  facet normal -0 0 1
    outer loop
      vertex 3.06592 -3.57745 2
      vertex 5.28 -13.9798 2
      vertex 3.08025 -3.54901 2
    endloop
  endfacet
  facet normal -0 0 1
    outer loop
      vertex 3.02019 -3.66638 2
      vertex 5.28 -13.9798 2
      vertex 3.06592 -3.57745 2
    endloop
  endfacet
  facet normal -0 0 1
    outer loop
      vertex 3.00526 -3.69481 2
      vertex 5.28 -13.9798 2
      vertex 3.02019 -3.66638 2
    endloop
  endfacet
  facet normal -0 0 1
    outer loop
      vertex 2.95805 -3.78296 2
      vertex 5.28 -13.9798 2
      vertex 3.00526 -3.69481 2
    endloop
  endfacet
  facet normal -0 0 1
    outer loop
      vertex 2.94286 -3.81081 2
      vertex 5.28 -13.9798 2
      vertex 2.95805 -3.78296 2
    endloop
  endfacet
  facet normal -0 0 1
    outer loop
      vertex 2.8942 -3.89816 2
      vertex 5.28 -13.9798 2
      vertex 2.94286 -3.81081 2
    endloop
  endfacet
  facet normal -0 0 1
    outer loop
      vertex 2.87825 -3.92622 2
      vertex 5.28 -13.9798 2
      vertex 2.8942 -3.89816 2
    endloop
  endfacet
  facet normal -0 0 1
    outer loop
      vertex 2.82812 -4.01276 2
      vertex 5.28 -13.9798 2
      vertex 2.87825 -3.92622 2
    endloop
  endfacet
  facet normal -0 0 1
    outer loop
      vertex 2.81183 -4.04036 2
      vertex 5.28 -13.9798 2
      vertex 2.82812 -4.01276 2
    endloop
  endfacet
  facet normal -0 0 1
    outer loop
      vertex 2.76027 -4.12604 2
      vertex 5.28 -13.9798 2
      vertex 2.81183 -4.04036 2
    endloop
  endfacet
  facet normal -0 0 1
    outer loop
      vertex 2.7437 -4.15306 2
      vertex 5.28 -13.9798 2
      vertex 2.76027 -4.12604 2
    endloop
  endfacet
  facet normal -0 0 1
    outer loop
      vertex 2.69073 -4.23787 2
      vertex 5.28 -13.9798 2
      vertex 2.7437 -4.15306 2
    endloop
  endfacet
  facet normal -0 0 1
    outer loop
      vertex 2.67349 -4.26497 2
      vertex 5.28 -13.9798 2
      vertex 2.69073 -4.23787 2
    endloop
  endfacet
  facet normal -0 0 1
    outer loop
      vertex 2.61911 -4.34889 2
      vertex 5.28 -13.9798 2
      vertex 2.67349 -4.26497 2
    endloop
  endfacet
  facet normal -0 0 1
    outer loop
      vertex 2.60143 -4.37567 2
      vertex 5.28 -13.9798 2
      vertex 2.61911 -4.34889 2
    endloop
  endfacet
  facet normal -0 0 1
    outer loop
      vertex 2.54565 -4.45866 2
      vertex 5.28 -13.9798 2
      vertex 2.60143 -4.37567 2
    endloop
  endfacet
  facet normal -0 0 1
    outer loop
      vertex 2.52768 -4.48495 2
      vertex 5.28 -13.9798 2
      vertex 2.54565 -4.45866 2
    endloop
  endfacet
  facet normal -0 0 1
    outer loop
      vertex 2.47054 -4.56702 2
      vertex 5.28 -13.9798 2
      vertex 2.52768 -4.48495 2
    endloop
  endfacet
  facet normal -0 0 1
    outer loop
      vertex 2.45192 -4.59328 2
      vertex 5.28 -13.9798 2
      vertex 2.47054 -4.56702 2
    endloop
  endfacet
  facet normal -0 0 1
    outer loop
      vertex 2.3934 -4.67438 2
      vertex 5.28 -13.9798 2
      vertex 2.45192 -4.59328 2
    endloop
  endfacet
  facet normal -0 0 1
    outer loop
      vertex 2.37457 -4.70003 2
      vertex 5.28 -13.9798 2
      vertex 2.3934 -4.67438 2
    endloop
  endfacet
  facet normal -0 0 1
    outer loop
      vertex 2.31473 -4.78014 2
      vertex 5.28 -13.9798 2
      vertex 2.37457 -4.70003 2
    endloop
  endfacet
  facet normal -0 0 1
    outer loop
      vertex 2.29536 -4.8056 2
      vertex 5.28 -13.9798 2
      vertex 2.31473 -4.78014 2
    endloop
  endfacet
  facet normal -0 0 1
    outer loop
      vertex 2.23419 -4.8847 2
      vertex 5.28 -13.9798 2
      vertex 2.29536 -4.8056 2
    endloop
  endfacet
  facet normal -0 0 1
    outer loop
      vertex 2.21432 -4.90996 2
      vertex 5.28 -13.9798 2
      vertex 2.23419 -4.8847 2
    endloop
  endfacet
  facet normal -0 0 1
    outer loop
      vertex 2.15184 -4.98802 2
      vertex 5.28 -13.9798 2
      vertex 2.21432 -4.90996 2
    endloop
  endfacet
  facet normal -0 0 1
    outer loop
      vertex 2.13159 -5.01289 2
      vertex 5.28 -13.9798 2
      vertex 2.15184 -4.98802 2
    endloop
  endfacet
  facet normal -0 0 1
    outer loop
      vertex 2.06781 -5.0899 2
      vertex 5.28 -13.9798 2
      vertex 2.13159 -5.01289 2
    endloop
  endfacet
  facet normal -0 0 1
    outer loop
      vertex 2.04732 -5.11423 2
      vertex 5.28 -13.9798 2
      vertex 2.06781 -5.0899 2
    endloop
  endfacet
  facet normal -0 0 1
    outer loop
      vertex 1.98227 -5.19017 2
      vertex 5.28 -13.9798 2
      vertex 2.04732 -5.11423 2
    endloop
  endfacet
  facet normal -0 0 1
    outer loop
      vertex 1.96126 -5.21431 2
      vertex 5.28 -13.9798 2
      vertex 1.98227 -5.19017 2
    endloop
  endfacet
  facet normal -0 0 1
    outer loop
      vertex 1.89494 -5.28917 2
      vertex 5.28 -13.9798 2
      vertex 1.96126 -5.21431 2
    endloop
  endfacet
  facet normal -0 0 1
    outer loop
      vertex 1.87343 -5.31303 2
      vertex 5.28 -13.9798 2
      vertex 1.89494 -5.28917 2
    endloop
  endfacet
  facet normal -0 0 1
    outer loop
      vertex 1.80588 -5.38676 2
      vertex 5.28 -13.9798 2
      vertex 1.87343 -5.31303 2
    endloop
  endfacet
  facet normal -0 0 1
    outer loop
      vertex 1.78397 -5.41028 2
      vertex 5.28 -13.9798 2
      vertex 1.80588 -5.38676 2
    endloop
  endfacet
  facet normal -0 0 1
    outer loop
      vertex 1.71519 -5.48286 2
      vertex 5.28 -13.9798 2
      vertex 1.78397 -5.41028 2
    endloop
  endfacet
  facet normal -0 0 1
    outer loop
      vertex 1.69321 -5.50569 2
      vertex 5.28 -13.9798 2
      vertex 1.71519 -5.48286 2
    endloop
  endfacet
  facet normal -0 0 1
    outer loop
      vertex 1.62325 -5.57713 2
      vertex 5.28 -13.9798 2
      vertex 1.69321 -5.50569 2
    endloop
  endfacet
  facet normal -0 0 1
    outer loop
      vertex 1.60059 -5.5999 2
      vertex 5.28 -13.9798 2
      vertex 1.62325 -5.57713 2
    endloop
  endfacet
  facet normal -0 0 1
    outer loop
      vertex 1.52943 -5.67017 2
      vertex 5.28 -13.9798 2
      vertex 1.60059 -5.5999 2
    endloop
  endfacet
  facet normal -0 0 1
    outer loop
      vertex 1.50655 -5.69238 2
      vertex 5.28 -13.9798 2
      vertex 1.52943 -5.67017 2
    endloop
  endfacet
  facet normal -0 0 1
    outer loop
      vertex 1.43423 -5.76146 2
      vertex 5.28 -13.9798 2
      vertex 1.50655 -5.69238 2
    endloop
  endfacet
  facet normal -0 0 1
    outer loop
      vertex 1.41083 -5.78346 2
      vertex 5.28 -13.9798 2
      vertex 1.43423 -5.76146 2
    endloop
  endfacet
  facet normal -0 0 1
    outer loop
      vertex 1.33737 -5.85132 2
      vertex 5.28 -13.9798 2
      vertex 1.41083 -5.78346 2
    endloop
  endfacet
  facet normal -0 0 1
    outer loop
      vertex 1.31387 -5.87267 2
      vertex 5.28 -13.9798 2
      vertex 1.33737 -5.85132 2
    endloop
  endfacet
  facet normal -0 0 1
    outer loop
      vertex 1.23932 -5.93929 2
      vertex 5.28 -13.9798 2
      vertex 1.31387 -5.87267 2
    endloop
  endfacet
  facet normal -0 0 1
    outer loop
      vertex 1.21515 -5.96053 2
      vertex 5.28 -13.9798 2
      vertex 1.23932 -5.93929 2
    endloop
  endfacet
  facet normal -0 0 1
    outer loop
      vertex 1.13948 -6.02589 2
      vertex 5.28 -13.9798 2
      vertex 1.21515 -5.96053 2
    endloop
  endfacet
  facet normal -0 0 1
    outer loop
      vertex 1.1151 -6.0466 2
      vertex 5.28 -13.9798 2
      vertex 1.13948 -6.02589 2
    endloop
  endfacet
  facet normal -0 0 1
    outer loop
      vertex 1.03835 -6.1107 2
      vertex 5.28 -13.9798 2
      vertex 1.1151 -6.0466 2
    endloop
  endfacet
  facet normal -0 0 1
    outer loop
      vertex 1.01355 -6.13106 2
      vertex 5.28 -13.9798 2
      vertex 1.03835 -6.1107 2
    endloop
  endfacet
  facet normal -0 0 1
    outer loop
      vertex 0.935745 -6.19386 2
      vertex 5.28 -13.9798 2
      vertex 1.01355 -6.13106 2
    endloop
  endfacet
  facet normal -0 0 1
    outer loop
      vertex 0.910767 -6.2137 2
      vertex 5.28 -13.9798 2
      vertex 0.935745 -6.19386 2
    endloop
  endfacet
  facet normal -0 0 1
    outer loop
      vertex 0.831924 -6.27521 2
      vertex 5.28 -13.9798 2
      vertex 0.910767 -6.2137 2
    endloop
  endfacet
  facet normal -0 0 1
    outer loop
      vertex 0.806396 -6.29478 2
      vertex 5.28 -13.9798 2
      vertex 0.831924 -6.27521 2
    endloop
  endfacet
  facet normal -0 0 1
    outer loop
      vertex 0.726532 -6.35497 2
      vertex 5.28 -13.9798 2
      vertex 0.806396 -6.29478 2
    endloop
  endfacet
  facet normal -0 0 1
    outer loop
      vertex 0.700912 -6.37393 2
      vertex 5.28 -13.9798 2
      vertex 0.726532 -6.35497 2
    endloop
  endfacet
  facet normal -0 0 1
    outer loop
      vertex 0.620071 -6.43277 2
      vertex 5.28 -13.9798 2
      vertex 0.700912 -6.37393 2
    endloop
  endfacet
  facet normal -0 0 1
    outer loop
      vertex 0.594131 -6.45131 2
      vertex 5.28 -13.9798 2
      vertex 0.620071 -6.43277 2
    endloop
  endfacet
  facet normal -0 0 1
    outer loop
      vertex 0.512314 -6.5088 2
      vertex 5.28 -13.9798 2
      vertex 0.594131 -6.45131 2
    endloop
  endfacet
  facet normal -0 0 1
    outer loop
      vertex 0.48584 -6.5271 2
      vertex 5.28 -13.9798 2
      vertex 0.512314 -6.5088 2
    endloop
  endfacet
  facet normal -0 0 1
    outer loop
      vertex 0.403061 -6.58322 2
      vertex 5.28 -13.9798 2
      vertex 0.48584 -6.5271 2
    endloop
  endfacet
  facet normal -0 0 1
    outer loop
      vertex 0.376404 -6.60095 2
      vertex 5.28 -13.9798 2
      vertex 0.403061 -6.58322 2
    endloop
  endfacet
  facet normal -0 0 1
    outer loop
      vertex 0.292725 -6.65567 2
      vertex 5.28 -13.9798 2
      vertex 0.376404 -6.60095 2
    endloop
  endfacet
  facet normal -0 0 1
    outer loop
      vertex 0.265854 -6.67293 2
      vertex 5.28 -13.9798 2
      vertex 0.292725 -6.65567 2
    endloop
  endfacet
  facet normal -0 0 1
    outer loop
      vertex 0.181259 -6.72626 2
      vertex 5.28 -13.9798 2
      vertex 0.265854 -6.67293 2
    endloop
  endfacet
  facet normal -0 0 1
    outer loop
      vertex 0.154083 -6.74307 2
      vertex 5.28 -13.9798 2
      vertex 0.181259 -6.72626 2
    endloop
  endfacet
  facet normal -0 0 1
    outer loop
      vertex 0.0686188 -6.79498 2
      vertex 5.28 -13.9798 2
      vertex 0.154083 -6.74307 2
    endloop
  endfacet
  facet normal -0 0 1
    outer loop
      vertex 0.0410767 -6.8114 2
      vertex 5.28 -13.9798 2
      vertex 0.0686188 -6.79498 2
    endloop
  endfacet
  facet normal -0 0 1
    outer loop
      vertex -0.0452423 -6.86188 2
      vertex 5.28 -13.9798 2
      vertex 0.0410767 -6.8114 2
    endloop
  endfacet
  facet normal -0 0 1
    outer loop
      vertex -0.0729065 -6.87775 2
      vertex 5.28 -13.9798 2
      vertex -0.0452423 -6.86188 2
    endloop
  endfacet
  facet normal -0 0 1
    outer loop
      vertex -0.160065 -6.92679 2
      vertex 5.28 -13.9798 2
      vertex -0.0729065 -6.87775 2
    endloop
  endfacet
  facet normal -0 0 1
    outer loop
      vertex -0.18808 -6.94225 2
      vertex 5.28 -13.9798 2
      vertex -0.160065 -6.92679 2
    endloop
  endfacet
  facet normal -0 0 1
    outer loop
      vertex -0.276031 -6.98982 2
      vertex 5.28 -13.9798 2
      vertex -0.18808 -6.94225 2
    endloop
  endfacet
  facet normal -0 0 1
    outer loop
      vertex -0.304398 -7.00487 2
      vertex 5.28 -13.9798 2
      vertex -0.276031 -6.98982 2
    endloop
  endfacet
  facet normal -0 0 1
    outer loop
      vertex -0.393127 -7.05096 2
      vertex 5.28 -13.9798 2
      vertex -0.304398 -7.00487 2
    endloop
  endfacet
  facet normal -0 0 1
    outer loop
      vertex -0.421616 -7.06546 2
      vertex 5.28 -13.9798 2
      vertex -0.393127 -7.05096 2
    endloop
  endfacet
  facet normal -0 0 1
    outer loop
      vertex -0.511108 -7.11008 2
      vertex 5.28 -13.9798 2
      vertex -0.421616 -7.06546 2
    endloop
  endfacet
  facet normal 0 0 1
    outer loop
      vertex 5.28 -13.9798 2
      vertex 4.18353 -15.08 2
      vertex 5.27856 -14.049 2
    endloop
  endfacet
  facet normal 0 0 1
    outer loop
      vertex 5.27344 -14.1165 2
      vertex 4.18353 -15.08 2
      vertex 5.26897 -14.1521 2
    endloop
  endfacet
  facet normal 0 0 1
    outer loop
      vertex 5.26337 -14.1873 2
      vertex 4.18353 -15.08 2
      vertex 5.2565 -14.2227 2
    endloop
  endfacet
  facet normal 0 0 1
    outer loop
      vertex 5.23936 -14.2925 2
      vertex 4.18353 -15.08 2
      vertex 5.22913 -14.3267 2
    endloop
  endfacet
  facet normal 0 0 1
    outer loop
      vertex 5.2177 -14.3607 2
      vertex 4.18353 -15.08 2
      vertex 5.20506 -14.3946 2
    endloop
  endfacet
  facet normal 0 0 1
    outer loop
      vertex 5.17656 -14.4606 2
      vertex 4.18353 -15.08 2
      vertex 5.16093 -14.4924 2
    endloop
  endfacet
  facet normal 0 0 1
    outer loop
      vertex 5.14381 -14.5244 2
      vertex 4.18353 -15.08 2
      vertex 5.1261 -14.5551 2
    endloop
  endfacet
  facet normal 0 0 1
    outer loop
      vertex 5.08705 -14.6156 2
      vertex 4.18353 -15.08 2
      vertex 5.06604 -14.6448 2
    endloop
  endfacet
  facet normal 0 0 1
    outer loop
      vertex 5.04402 -14.6734 2
      vertex 4.18353 -15.08 2
      vertex 5.02129 -14.7009 2
    endloop
  endfacet
  facet normal 0 0 1
    outer loop
      vertex 4.99756 -14.7278 2
      vertex 4.18353 -15.08 2
      vertex 4.97302 -14.7538 2
    endloop
  endfacet
  facet normal 0 0 1
    outer loop
      vertex 4.92133 -14.8034 2
      vertex 4.18353 -15.08 2
      vertex 4.89394 -14.8272 2
    endloop
  endfacet
  facet normal 0 0 1
    outer loop
      vertex 4.86601 -14.8499 2
      vertex 4.18353 -15.08 2
      vertex 4.83763 -14.8713 2
    endloop
  endfacet
  facet normal 0 0 1
    outer loop
      vertex 4.8082 -14.8921 2
      vertex 4.18353 -15.08 2
      vertex 4.77805 -14.912 2
    endloop
  endfacet
  facet normal 0 0 1
    outer loop
      vertex 4.71645 -14.9482 2
      vertex 4.18353 -15.08 2
      vertex 4.68445 -14.965 2
    endloop
  endfacet
  facet normal 0 0 1
    outer loop
      vertex 4.65233 -14.9804 2
      vertex 4.18353 -15.08 2
      vertex 4.61931 -14.995 2
    endloop
  endfacet
  facet normal 0 0 1
    outer loop
      vertex 4.55238 -15.0206 2
      vertex 4.18353 -15.08 2
      vertex 4.51808 -15.0318 2
    endloop
  endfacet
  facet normal 0 0 1
    outer loop
      vertex 4.48366 -15.0418 2
      vertex 4.18353 -15.08 2
      vertex 4.44887 -15.0507 2
    endloop
  endfacet
  facet normal 0 0 1
    outer loop
      vertex 4.41403 -15.0583 2
      vertex 4.18353 -15.08 2
      vertex 4.37871 -15.0648 2
    endloop
  endfacet
  facet normal 0 0 1
    outer loop
      vertex 4.30716 -15.0744 2
      vertex 4.18353 -15.08 2
      vertex 4.27164 -15.0774 2
    endloop
  endfacet
  facet normal 0 0 1
    outer loop
      vertex 4.27164 -15.0774 2
      vertex 4.18353 -15.08 2
      vertex 4.23633 -15.0791 2
    endloop
  endfacet
  facet normal 0 0 1
    outer loop
      vertex 4.34337 -15.0702 2
      vertex 4.18353 -15.08 2
      vertex 4.30716 -15.0744 2
    endloop
  endfacet
  facet normal 0 0 1
    outer loop
      vertex 4.37871 -15.0648 2
      vertex 4.18353 -15.08 2
      vertex 4.34337 -15.0702 2
    endloop
  endfacet
  facet normal 0 0 1
    outer loop
      vertex 4.44887 -15.0507 2
      vertex 4.18353 -15.08 2
      vertex 4.41403 -15.0583 2
    endloop
  endfacet
  facet normal 0 0 1
    outer loop
      vertex 4.51808 -15.0318 2
      vertex 4.18353 -15.08 2
      vertex 4.48366 -15.0418 2
    endloop
  endfacet
  facet normal 0 0 1
    outer loop
      vertex 4.58641 -15.0082 2
      vertex 4.18353 -15.08 2
      vertex 4.55238 -15.0206 2
    endloop
  endfacet
  facet normal 0 0 1
    outer loop
      vertex 4.61931 -14.995 2
      vertex 4.18353 -15.08 2
      vertex 4.58641 -15.0082 2
    endloop
  endfacet
  facet normal 0 0 1
    outer loop
      vertex 4.68445 -14.965 2
      vertex 4.18353 -15.08 2
      vertex 4.65233 -14.9804 2
    endloop
  endfacet
  facet normal 0 0 1
    outer loop
      vertex 4.74785 -14.9304 2
      vertex 4.18353 -15.08 2
      vertex 4.71645 -14.9482 2
    endloop
  endfacet
  facet normal 0 0 1
    outer loop
      vertex 4.77805 -14.912 2
      vertex 4.18353 -15.08 2
      vertex 4.74785 -14.9304 2
    endloop
  endfacet
  facet normal 0 0 1
    outer loop
      vertex 4.83763 -14.8713 2
      vertex 4.18353 -15.08 2
      vertex 4.8082 -14.8921 2
    endloop
  endfacet
  facet normal 0 0 1
    outer loop
      vertex 4.89394 -14.8272 2
      vertex 4.18353 -15.08 2
      vertex 4.86601 -14.8499 2
    endloop
  endfacet
  facet normal 0 0 1
    outer loop
      vertex 4.94754 -14.7791 2
      vertex 4.18353 -15.08 2
      vertex 4.92133 -14.8034 2
    endloop
  endfacet
  facet normal 0 0 1
    outer loop
      vertex 4.97302 -14.7538 2
      vertex 4.18353 -15.08 2
      vertex 4.94754 -14.7791 2
    endloop
  endfacet
  facet normal 0 0 1
    outer loop
      vertex 5.02129 -14.7009 2
      vertex 4.18353 -15.08 2
      vertex 4.99756 -14.7278 2
    endloop
  endfacet
  facet normal 0 0 1
    outer loop
      vertex 5.06604 -14.6448 2
      vertex 4.18353 -15.08 2
      vertex 5.04402 -14.6734 2
    endloop
  endfacet
  facet normal 0 0 1
    outer loop
      vertex 5.10704 -14.5858 2
      vertex 4.18353 -15.08 2
      vertex 5.08705 -14.6156 2
    endloop
  endfacet
  facet normal 0 0 1
    outer loop
      vertex 5.1261 -14.5551 2
      vertex 4.18353 -15.08 2
      vertex 5.10704 -14.5858 2
    endloop
  endfacet
  facet normal 0 0 1
    outer loop
      vertex 5.16093 -14.4924 2
      vertex 4.18353 -15.08 2
      vertex 5.14381 -14.5244 2
    endloop
  endfacet
  facet normal 0 0 1
    outer loop
      vertex 5.1915 -14.4275 2
      vertex 4.18353 -15.08 2
      vertex 5.17656 -14.4606 2
    endloop
  endfacet
  facet normal 0 0 1
    outer loop
      vertex 5.20506 -14.3946 2
      vertex 4.18353 -15.08 2
      vertex 5.1915 -14.4275 2
    endloop
  endfacet
  facet normal 0 0 1
    outer loop
      vertex 5.22913 -14.3267 2
      vertex 4.18353 -15.08 2
      vertex 5.2177 -14.3607 2
    endloop
  endfacet
  facet normal 0 0 1
    outer loop
      vertex 5.24844 -14.258 2
      vertex 4.18353 -15.08 2
      vertex 5.23936 -14.2925 2
    endloop
  endfacet
  facet normal 0 0 1
    outer loop
      vertex 5.2565 -14.2227 2
      vertex 4.18353 -15.08 2
      vertex 5.24844 -14.258 2
    endloop
  endfacet
  facet normal 0 0 1
    outer loop
      vertex 5.26897 -14.1521 2
      vertex 4.18353 -15.08 2
      vertex 5.26337 -14.1873 2
    endloop
  endfacet
  facet normal 0 0 1
    outer loop
      vertex 5.27672 -14.0806 2
      vertex 4.18353 -15.08 2
      vertex 5.27344 -14.1165 2
    endloop
  endfacet
  facet normal 0 0 1
    outer loop
      vertex 5.27856 -14.049 2
      vertex 4.18353 -15.08 2
      vertex 5.27672 -14.0806 2
    endloop
  endfacet
  facet normal 0 0 1
    outer loop
      vertex 5.28 -13.9798 2
      vertex -0.511108 -7.11008 2
      vertex 4.18353 -15.08 2
    endloop
  endfacet
  facet normal -0 0 1
    outer loop
      vertex -0.539841 -7.1241 2
      vertex 4.18353 -15.08 2
      vertex -0.511108 -7.11008 2
    endloop
  endfacet
  facet normal -0 0 1
    outer loop
      vertex -0.630066 -7.16722 2
      vertex 4.18353 -15.08 2
      vertex -0.539841 -7.1241 2
    endloop
  endfacet
  facet normal -0 0 1
    outer loop
      vertex -0.659027 -7.18077 2
      vertex 4.18353 -15.08 2
      vertex -0.630066 -7.16722 2
    endloop
  endfacet
  facet normal -0 0 1
    outer loop
      vertex -0.749954 -7.22238 2
      vertex 4.18353 -15.08 2
      vertex -0.659027 -7.18077 2
    endloop
  endfacet
  facet normal -0 0 1
    outer loop
      vertex -0.779282 -7.23552 2
      vertex 4.18353 -15.08 2
      vertex -0.749954 -7.22238 2
    endloop
  endfacet
  facet normal -0 0 1
    outer loop
      vertex -0.870895 -7.2756 2
      vertex 4.18353 -15.08 2
      vertex -0.779282 -7.23552 2
    endloop
  endfacet
  facet normal -0 0 1
    outer loop
      vertex -0.900116 -7.28809 2
      vertex 4.18353 -15.08 2
      vertex -0.870895 -7.2756 2
    endloop
  endfacet
  facet normal -0 0 1
    outer loop
      vertex -0.992371 -7.32664 2
      vertex 4.18353 -15.08 2
      vertex -0.900116 -7.28809 2
    endloop
  endfacet
  facet normal -0 0 1
    outer loop
      vertex -1.02229 -7.33887 2
      vertex 4.18353 -15.08 2
      vertex -0.992371 -7.32664 2
    endloop
  endfacet
  facet normal -0 0 1
    outer loop
      vertex -1.11519 -7.37587 2
      vertex 4.18353 -15.08 2
      vertex -1.02229 -7.33887 2
    endloop
  endfacet
  facet normal -0 0 1
    outer loop
      vertex -1.14485 -7.38741 2
      vertex 4.18353 -15.08 2
      vertex -1.11519 -7.37587 2
    endloop
  endfacet
  facet normal -0 0 1
    outer loop
      vertex -1.23836 -7.42287 2
      vertex 4.18353 -15.08 2
      vertex -1.14485 -7.38741 2
    endloop
  endfacet
  facet normal -0 0 1
    outer loop
      vertex -1.26843 -7.43398 2
      vertex 4.18353 -15.08 2
      vertex -1.23836 -7.42287 2
    endloop
  endfacet
  facet normal -0 0 1
    outer loop
      vertex -1.3625 -7.46786 2
      vertex 4.18353 -15.08 2
      vertex -1.26843 -7.43398 2
    endloop
  endfacet
  facet normal -0 0 1
    outer loop
      vertex -1.3925 -7.47839 2
      vertex 4.18353 -15.08 2
      vertex -1.3625 -7.46786 2
    endloop
  endfacet
  facet normal -0 0 1
    outer loop
      vertex -1.48714 -7.51073 2
      vertex 4.18353 -15.08 2
      vertex -1.3925 -7.47839 2
    endloop
  endfacet
  facet normal -0 0 1
    outer loop
      vertex -1.51782 -7.52092 2
      vertex 4.18353 -15.08 2
      vertex -1.48714 -7.51073 2
    endloop
  endfacet
  facet normal -0 0 1
    outer loop
      vertex -1.61298 -7.55165 2
      vertex 4.18353 -15.08 2
      vertex -1.51782 -7.52092 2
    endloop
  endfacet
  facet normal 0 0 1
    outer loop
      vertex -4.17984 -15.08 2
      vertex -1.61298 -7.55165 2
      vertex -1.64313 -7.56113 2
    endloop
  endfacet
  facet normal 0 0 1
    outer loop
      vertex -4.17984 -15.08 2
      vertex -1.64313 -7.56113 2
      vertex -1.73877 -7.59029 2
    endloop
  endfacet
  facet normal 0 0 1
    outer loop
      vertex -4.17984 -15.08 2
      vertex -1.73877 -7.59029 2
      vertex -1.76961 -7.5994 2
    endloop
  endfacet
  facet normal 0 0 1
    outer loop
      vertex -4.17984 -15.08 2
      vertex -1.76961 -7.5994 2
      vertex -1.86574 -7.62695 2
    endloop
  endfacet
  facet normal 0 0 1
    outer loop
      vertex -4.17984 -15.08 2
      vertex -1.86574 -7.62695 2
      vertex -1.89676 -7.63557 2
    endloop
  endfacet
  facet normal 0 0 1
    outer loop
      vertex -4.17984 -15.08 2
      vertex -1.89676 -7.63557 2
      vertex -1.99333 -7.66151 2
    endloop
  endfacet
  facet normal 0 0 1
    outer loop
      vertex -4.17984 -15.08 2
      vertex -1.99333 -7.66151 2
      vertex -2.02408 -7.66949 2
    endloop
  endfacet
  facet normal 0 0 1
    outer loop
      vertex -4.17984 -15.08 2
      vertex -2.02408 -7.66949 2
      vertex -2.12106 -7.69383 2
    endloop
  endfacet
  facet normal 0 0 1
    outer loop
      vertex -4.17984 -15.08 2
      vertex -2.12106 -7.69383 2
      vertex -2.15213 -7.70135 2
    endloop
  endfacet
  facet normal 0 0 1
    outer loop
      vertex -4.17984 -15.08 2
      vertex -2.15213 -7.70135 2
      vertex -2.24951 -7.72408 2
    endloop
  endfacet
  facet normal 0 0 1
    outer loop
      vertex -4.17984 -15.08 2
      vertex -2.24951 -7.72408 2
      vertex -2.28087 -7.73111 2
    endloop
  endfacet
  facet normal 0 0 1
    outer loop
      vertex -4.17984 -15.08 2
      vertex -2.28087 -7.73111 2
      vertex -2.37862 -7.7522 2
    endloop
  endfacet
  facet normal 0 0 1
    outer loop
      vertex -4.17984 -15.08 2
      vertex -2.37862 -7.7522 2
      vertex -2.40996 -7.7587 2
    endloop
  endfacet
  facet normal 0 0 1
    outer loop
      vertex -4.17984 -15.08 2
      vertex -2.40996 -7.7587 2
      vertex -2.50804 -7.77815 2
    endloop
  endfacet
  facet normal 0 0 1
    outer loop
      vertex -4.17984 -15.08 2
      vertex -2.50804 -7.77815 2
      vertex -2.53941 -7.7841 2
    endloop
  endfacet
  facet normal 0 0 1
    outer loop
      vertex -4.17984 -15.08 2
      vertex -2.53941 -7.7841 2
      vertex -2.63782 -7.80193 2
    endloop
  endfacet
  facet normal 0 0 1
    outer loop
      vertex -4.17984 -15.08 2
      vertex -2.63782 -7.80193 2
      vertex -2.66943 -7.80737 2
    endloop
  endfacet
  facet normal 0 0 1
    outer loop
      vertex -5.28 -13.9835 2
      vertex -2.66943 -7.80737 2
      vertex -2.76811 -7.82355 2
    endloop
  endfacet
  facet normal 0 0 1
    outer loop
      vertex -5.28 -13.9835 2
      vertex -2.76811 -7.82355 2
      vertex -2.79976 -7.82846 2
    endloop
  endfacet
  facet normal 0 0 1
    outer loop
      vertex -5.28 -13.9835 2
      vertex -2.79976 -7.82846 2
      vertex -2.8987 -7.84299 2
    endloop
  endfacet
  facet normal 0 0 1
    outer loop
      vertex -5.28 -13.9835 2
      vertex -2.8987 -7.84299 2
      vertex -2.93005 -7.84734 2
    endloop
  endfacet
  facet normal 0 0 1
    outer loop
      vertex -5.28 -13.9835 2
      vertex -2.93005 -7.84734 2
      vertex -3.02922 -7.86023 2
    endloop
  endfacet
  facet normal 0 0 1
    outer loop
      vertex -5.28 -13.9835 2
      vertex -3.02922 -7.86023 2
      vertex -3.0614 -7.86414 2
    endloop
  endfacet
  facet normal 0 0 1
    outer loop
      vertex -5.28 -13.9835 2
      vertex -3.0614 -7.86414 2
      vertex -3.16075 -7.87535 2
    endloop
  endfacet
  facet normal 0 0 1
    outer loop
      vertex -5.28 -13.9835 2
      vertex -3.16075 -7.87535 2
      vertex -3.19244 -7.87866 2
    endloop
  endfacet
  facet normal 0 0 1
    outer loop
      vertex -5.28 -13.9835 2
      vertex -3.19244 -7.87866 2
      vertex -3.29199 -7.88823 2
    endloop
  endfacet
  facet normal 0 0 1
    outer loop
      vertex -5.28 -13.9835 2
      vertex -3.29199 -7.88823 2
      vertex -3.32362 -7.89101 2
    endloop
  endfacet
  facet normal 0 0 1
    outer loop
      vertex -5.28 -13.9835 2
      vertex -3.32362 -7.89101 2
      vertex -3.42331 -7.89893 2
    endloop
  endfacet
  facet normal 0 0 1
    outer loop
      vertex -5.28 -13.9835 2
      vertex -3.42331 -7.89893 2
      vertex -3.45552 -7.90121 2
    endloop
  endfacet
  facet normal 0 0 1
    outer loop
      vertex -5.28 -13.9835 2
      vertex -3.45552 -7.90121 2
      vertex -3.55531 -7.90746 2
    endloop
  endfacet
  facet normal 0 0 1
    outer loop
      vertex -5.28 -13.9835 2
      vertex -3.55531 -7.90746 2
      vertex -3.58727 -7.90918 2
    endloop
  endfacet
  facet normal 0 0 1
    outer loop
      vertex -5.28 -13.9835 2
      vertex -3.58727 -7.90918 2
      vertex -3.68716 -7.91376 2
    endloop
  endfacet
  facet normal 0 0 1
    outer loop
      vertex -5.28 -13.9835 2
      vertex -3.68716 -7.91376 2
      vertex -3.71909 -7.91496 2
    endloop
  endfacet
  facet normal 0 0 1
    outer loop
      vertex -5.28 -13.9835 2
      vertex -3.71909 -7.91496 2
      vertex -3.81903 -7.91788 2
    endloop
  endfacet
  facet normal 0 0 1
    outer loop
      vertex -5.28 -13.9835 2
      vertex -3.81903 -7.91788 2
      vertex -3.85098 -7.91853 2
    endloop
  endfacet
  facet normal 0 0 1
    outer loop
      vertex -5.28 -13.9835 2
      vertex -3.85098 -7.91853 2
      vertex -3.95097 -7.91978 2
    endloop
  endfacet
  facet normal 0 0 1
    outer loop
      vertex -5.28 -13.9835 2
      vertex -3.95097 -7.91978 2
      vertex -3.97499 -7.91994 2
    endloop
  endfacet
  facet normal 0 0 1
    outer loop
      vertex -1.61298 -7.55165 2
      vertex -4.17984 -15.08 2
      vertex 4.18353 -15.08 2
    endloop
  endfacet
  facet normal 0 0 1
    outer loop
      vertex -2.66943 -7.80737 2
      vertex -5.28 -13.9835 2
      vertex -4.17984 -15.08 2
    endloop
  endfacet
  facet normal 0 0 1
    outer loop
      vertex -4.17984 -15.08 2
      vertex -5.28 -13.9835 2
      vertex -4.24896 -15.0786 2
    endloop
  endfacet
  facet normal 0 0 1
    outer loop
      vertex -4.24896 -15.0786 2
      vertex -5.28 -13.9835 2
      vertex -4.28058 -15.0767 2
    endloop
  endfacet
  facet normal 0 0 1
    outer loop
      vertex -4.28058 -15.0767 2
      vertex -5.28 -13.9835 2
      vertex -4.3165 -15.0734 2
    endloop
  endfacet
  facet normal 0 0 1
    outer loop
      vertex -4.3165 -15.0734 2
      vertex -5.28 -13.9835 2
      vertex -4.3521 -15.069 2
    endloop
  endfacet
  facet normal 0 0 1
    outer loop
      vertex -4.3521 -15.069 2
      vertex -5.28 -13.9835 2
      vertex -4.38727 -15.0634 2
    endloop
  endfacet
  facet normal 0 0 1
    outer loop
      vertex -4.38727 -15.0634 2
      vertex -5.28 -13.9835 2
      vertex -4.42274 -15.0565 2
    endloop
  endfacet
  facet normal 0 0 1
    outer loop
      vertex -4.42274 -15.0565 2
      vertex -5.28 -13.9835 2
      vertex -4.45804 -15.0484 2
    endloop
  endfacet
  facet normal 0 0 1
    outer loop
      vertex -4.45804 -15.0484 2
      vertex -5.28 -13.9835 2
      vertex -4.49251 -15.0394 2
    endloop
  endfacet
  facet normal 0 0 1
    outer loop
      vertex -4.49251 -15.0394 2
      vertex -5.28 -13.9835 2
      vertex -4.52669 -15.0291 2
    endloop
  endfacet
  facet normal 0 0 1
    outer loop
      vertex -4.52669 -15.0291 2
      vertex -5.28 -13.9835 2
      vertex -4.56071 -15.0177 2
    endloop
  endfacet
  facet normal 0 0 1
    outer loop
      vertex -4.56071 -15.0177 2
      vertex -5.28 -13.9835 2
      vertex -4.59456 -15.0051 2
    endloop
  endfacet
  facet normal 0 0 1
    outer loop
      vertex -4.59456 -15.0051 2
      vertex -5.28 -13.9835 2
      vertex -4.6275 -14.9915 2
    endloop
  endfacet
  facet normal 0 0 1
    outer loop
      vertex -4.6275 -14.9915 2
      vertex -5.28 -13.9835 2
      vertex -4.66061 -14.9766 2
    endloop
  endfacet
  facet normal 0 0 1
    outer loop
      vertex -4.66061 -14.9766 2
      vertex -5.28 -13.9835 2
      vertex -4.69237 -14.9609 2
    endloop
  endfacet
  facet normal 0 0 1
    outer loop
      vertex -4.69237 -14.9609 2
      vertex -5.28 -13.9835 2
      vertex -4.72444 -14.9438 2
    endloop
  endfacet
  facet normal 0 0 1
    outer loop
      vertex -4.72444 -14.9438 2
      vertex -5.28 -13.9835 2
      vertex -4.75514 -14.9261 2
    endloop
  endfacet
  facet normal 0 0 1
    outer loop
      vertex -4.75514 -14.9261 2
      vertex -5.28 -13.9835 2
      vertex -4.78575 -14.907 2
    endloop
  endfacet
  facet normal 0 0 1
    outer loop
      vertex -4.78575 -14.907 2
      vertex -5.28 -13.9835 2
      vertex -4.8156 -14.8871 2
    endloop
  endfacet
  facet normal 0 0 1
    outer loop
      vertex -4.8156 -14.8871 2
      vertex -5.28 -13.9835 2
      vertex -4.8448 -14.866 2
    endloop
  endfacet
  facet normal 0 0 1
    outer loop
      vertex -4.8448 -14.866 2
      vertex -5.28 -13.9835 2
      vertex -4.8734 -14.844 2
    endloop
  endfacet
  facet normal 0 0 1
    outer loop
      vertex -4.8734 -14.844 2
      vertex -5.28 -13.9835 2
      vertex -4.90094 -14.8213 2
    endloop
  endfacet
  facet normal 0 0 1
    outer loop
      vertex -4.90094 -14.8213 2
      vertex -5.28 -13.9835 2
      vertex -4.92783 -14.7976 2
    endloop
  endfacet
  facet normal 0 0 1
    outer loop
      vertex -4.92783 -14.7976 2
      vertex -5.28 -13.9835 2
      vertex -4.95384 -14.773 2
    endloop
  endfacet
  facet normal 0 0 1
    outer loop
      vertex -4.95384 -14.773 2
      vertex -5.28 -13.9835 2
      vertex -4.9791 -14.7475 2
    endloop
  endfacet
  facet normal 0 0 1
    outer loop
      vertex -4.9791 -14.7475 2
      vertex -5.28 -13.9835 2
      vertex -5.00343 -14.7213 2
    endloop
  endfacet
  facet normal 0 0 1
    outer loop
      vertex -5.00343 -14.7213 2
      vertex -5.28 -13.9835 2
      vertex -5.02719 -14.6939 2
    endloop
  endfacet
  facet normal 0 0 1
    outer loop
      vertex -5.02719 -14.6939 2
      vertex -5.28 -13.9835 2
      vertex -5.04985 -14.666 2
    endloop
  endfacet
  facet normal 0 0 1
    outer loop
      vertex -5.04985 -14.666 2
      vertex -5.28 -13.9835 2
      vertex -5.07133 -14.6376 2
    endloop
  endfacet
  facet normal 0 0 1
    outer loop
      vertex -5.07133 -14.6376 2
      vertex -5.28 -13.9835 2
      vertex -5.09213 -14.6082 2
    endloop
  endfacet
  facet normal 0 0 1
    outer loop
      vertex -5.09213 -14.6082 2
      vertex -5.28 -13.9835 2
      vertex -5.11197 -14.578 2
    endloop
  endfacet
  facet normal 0 0 1
    outer loop
      vertex -5.11197 -14.578 2
      vertex -5.28 -13.9835 2
      vertex -5.13043 -14.5479 2
    endloop
  endfacet
  facet normal 0 0 1
    outer loop
      vertex -5.13043 -14.5479 2
      vertex -5.28 -13.9835 2
      vertex -5.14821 -14.5164 2
    endloop
  endfacet
  facet normal 0 0 1
    outer loop
      vertex -5.14821 -14.5164 2
      vertex -5.28 -13.9835 2
      vertex -5.16495 -14.4845 2
    endloop
  endfacet
  facet normal 0 0 1
    outer loop
      vertex -5.16495 -14.4845 2
      vertex -5.28 -13.9835 2
      vertex -5.18042 -14.4523 2
    endloop
  endfacet
  facet normal 0 0 1
    outer loop
      vertex -5.18042 -14.4523 2
      vertex -5.28 -13.9835 2
      vertex -5.19499 -14.4193 2
    endloop
  endfacet
  facet normal 0 0 1
    outer loop
      vertex -5.19499 -14.4193 2
      vertex -5.28 -13.9835 2
      vertex -5.20822 -14.3864 2
    endloop
  endfacet
  facet normal 0 0 1
    outer loop
      vertex -5.20822 -14.3864 2
      vertex -5.28 -13.9835 2
      vertex -5.2206 -14.3524 2
    endloop
  endfacet
  facet normal 0 0 1
    outer loop
      vertex -5.2206 -14.3524 2
      vertex -5.28 -13.9835 2
      vertex -5.23181 -14.3181 2
    endloop
  endfacet
  facet normal 0 0 1
    outer loop
      vertex -5.23181 -14.3181 2
      vertex -5.28 -13.9835 2
      vertex -5.24181 -14.2837 2
    endloop
  endfacet
  facet normal 0 0 1
    outer loop
      vertex -5.24181 -14.2837 2
      vertex -5.28 -13.9835 2
      vertex -5.25066 -14.2489 2
    endloop
  endfacet
  facet normal 0 0 1
    outer loop
      vertex -5.25066 -14.2489 2
      vertex -5.28 -13.9835 2
      vertex -5.25832 -14.214 2
    endloop
  endfacet
  facet normal 0 0 1
    outer loop
      vertex -5.25832 -14.214 2
      vertex -5.28 -13.9835 2
      vertex -5.26483 -14.1787 2
    endloop
  endfacet
  facet normal 0 0 1
    outer loop
      vertex -5.26483 -14.1787 2
      vertex -5.28 -13.9835 2
      vertex -5.27016 -14.1434 2
    endloop
  endfacet
  facet normal 0 0 1
    outer loop
      vertex -5.27016 -14.1434 2
      vertex -5.28 -13.9835 2
      vertex -5.2744 -14.1072 2
    endloop
  endfacet
  facet normal 0 0 1
    outer loop
      vertex -5.2744 -14.1072 2
      vertex -5.28 -13.9835 2
      vertex -5.27736 -14.0716 2
    endloop
  endfacet
  facet normal 0 0 1
    outer loop
      vertex -5.28 -13.9835 2
      vertex -3.97499 -7.91994 2
      vertex -5.28 -7.91994 2
    endloop
  endfacet
  facet normal 0 0 1
    outer loop
      vertex -5.27736 -14.0716 2
      vertex -5.28 -13.9835 2
      vertex -5.27911 -14.0363 2
    endloop
  endfacet
  facet normal 0 0 1
    outer loop
      vertex -9.7 -14.0208 2
      vertex -7.2 -14 2
      vertex -7.2 -5.99994 2
    endloop
  endfacet
  facet normal 0 -0 1
    outer loop
      vertex -9.6973 -14.1827 2
      vertex -7.2 -14 2
      vertex -9.7 -14.0208 2
    endloop
  endfacet
  facet normal 0 0 1
    outer loop
      vertex -7.2 -14 2
      vertex -7.48457 -18.412 2
      vertex -7.33612 -18.5187 2
    endloop
  endfacet
  facet normal 0 0 1
    outer loop
      vertex -7.2 -14 2
      vertex -7.62936 -18.3004 2
      vertex -7.48457 -18.412 2
    endloop
  endfacet
  facet normal 0 0 1
    outer loop
      vertex -7.2 -14 2
      vertex -7.77045 -18.184 2
      vertex -7.62936 -18.3004 2
    endloop
  endfacet
  facet normal 0 0 1
    outer loop
      vertex -7.2 -14 2
      vertex -7.90761 -18.0629 2
      vertex -7.77045 -18.184 2
    endloop
  endfacet
  facet normal 0 0 1
    outer loop
      vertex -7.2 -14 2
      vertex -8.04059 -17.9375 2
      vertex -7.90761 -18.0629 2
    endloop
  endfacet
  facet normal 0 0 1
    outer loop
      vertex -7.2 -14 2
      vertex -8.16928 -17.8077 2
      vertex -8.04059 -17.9375 2
    endloop
  endfacet
  facet normal 0 0 1
    outer loop
      vertex -7.2 -14 2
      vertex -8.29367 -17.6736 2
      vertex -8.16928 -17.8077 2
    endloop
  endfacet
  facet normal 0 0 1
    outer loop
      vertex -7.2 -14 2
      vertex -8.4135 -17.5355 2
      vertex -8.29367 -17.6736 2
    endloop
  endfacet
  facet normal 0 0 1
    outer loop
      vertex -7.2 -14 2
      vertex -8.52869 -17.3936 2
      vertex -8.4135 -17.5355 2
    endloop
  endfacet
  facet normal 0 0 1
    outer loop
      vertex -7.2 -14 2
      vertex -8.63911 -17.2478 2
      vertex -8.52869 -17.3936 2
    endloop
  endfacet
  facet normal 0 0 1
    outer loop
      vertex -7.2 -14 2
      vertex -8.74449 -17.0986 2
      vertex -8.63911 -17.2478 2
    endloop
  endfacet
  facet normal 0 0 1
    outer loop
      vertex -7.2 -14 2
      vertex -8.845 -16.9458 2
      vertex -8.74449 -17.0986 2
    endloop
  endfacet
  facet normal 0 0 1
    outer loop
      vertex -7.2 -14 2
      vertex -8.94048 -16.7896 2
      vertex -8.845 -16.9458 2
    endloop
  endfacet
  facet normal 0 0 1
    outer loop
      vertex -7.2 -14 2
      vertex -9.03056 -16.6305 2
      vertex -8.94048 -16.7896 2
    endloop
  endfacet
  facet normal 0 0 1
    outer loop
      vertex -7.2 -14 2
      vertex -9.11528 -16.4686 2
      vertex -9.03056 -16.6305 2
    endloop
  endfacet
  facet normal 0 0 1
    outer loop
      vertex -7.2 -14 2
      vertex -9.1946 -16.3039 2
      vertex -9.11528 -16.4686 2
    endloop
  endfacet
  facet normal 0 0 1
    outer loop
      vertex -7.2 -14 2
      vertex -9.26845 -16.1365 2
      vertex -9.1946 -16.3039 2
    endloop
  endfacet
  facet normal 0 0 1
    outer loop
      vertex -7.2 -14 2
      vertex -9.33669 -15.9668 2
      vertex -9.26845 -16.1365 2
    endloop
  endfacet
  facet normal 0 0 1
    outer loop
      vertex -7.2 -14 2
      vertex -9.3992 -15.795 2
      vertex -9.33669 -15.9668 2
    endloop
  endfacet
  facet normal 0 0 1
    outer loop
      vertex -7.2 -14 2
      vertex -9.45593 -15.6214 2
      vertex -9.3992 -15.795 2
    endloop
  endfacet
  facet normal 0 0 1
    outer loop
      vertex -7.2 -14 2
      vertex -9.50697 -15.4457 2
      vertex -9.45593 -15.6214 2
    endloop
  endfacet
  facet normal 0 0 1
    outer loop
      vertex -7.2 -14 2
      vertex -9.55208 -15.2684 2
      vertex -9.50697 -15.4457 2
    endloop
  endfacet
  facet normal 0 0 1
    outer loop
      vertex -7.2 -14 2
      vertex -9.59128 -15.0899 2
      vertex -9.55208 -15.2684 2
    endloop
  endfacet
  facet normal 0 0 1
    outer loop
      vertex -7.2 -14 2
      vertex -9.62454 -14.91 2
      vertex -9.59128 -15.0899 2
    endloop
  endfacet
  facet normal 0 0 1
    outer loop
      vertex -7.2 -14 2
      vertex -9.65178 -14.7293 2
      vertex -9.62454 -14.91 2
    endloop
  endfacet
  facet normal 0 0 1
    outer loop
      vertex -7.2 -14 2
      vertex -9.67299 -14.5478 2
      vertex -9.65178 -14.7293 2
    endloop
  endfacet
  facet normal 0 0 1
    outer loop
      vertex -7.2 -14 2
      vertex -9.6882 -14.3654 2
      vertex -9.67299 -14.5478 2
    endloop
  endfacet
  facet normal 0 0 1
    outer loop
      vertex -9.7 -14.0208 2
      vertex -7.2 -5.99994 2
      vertex -9.7 -5.99994 2
    endloop
  endfacet
  facet normal 0 0 1
    outer loop
      vertex -7.2 -14 2
      vertex -9.6973 -14.1827 2
      vertex -9.6882 -14.3654 2
    endloop
  endfacet
  facet normal 0 0 1
    outer loop
      vertex 7.2 14 2
      vertex 9.7 14.0208 2
      vertex 9.6973 14.1827 2
    endloop
  endfacet
  facet normal 0 0 1
    outer loop
      vertex 9.7 14.0208 2
      vertex 7.2 14 2
      vertex 9.7 -14.026 2
    endloop
  endfacet
  facet normal 0 0 1
    outer loop
      vertex 7.19833 14.0997 2
      vertex 9.6973 14.1827 2
      vertex 9.6882 14.3654 2
    endloop
  endfacet
  facet normal 0 0 1
    outer loop
      vertex 9.7 -14.026 2
      vertex 7.2 14 2
      vertex 7.2 -14 2
    endloop
  endfacet
  facet normal 0 0 1
    outer loop
      vertex 7.19337 14.1993 2
      vertex 9.6882 14.3654 2
      vertex 9.67299 14.5478 2
    endloop
  endfacet
  facet normal 0 0 1
    outer loop
      vertex 9.7 -14.026 2
      vertex 7.2 -14 2
      vertex 9.69589 -14.2234 2
    endloop
  endfacet
  facet normal 0 0 1
    outer loop
      vertex 7.18509 14.2987 2
      vertex 9.67299 14.5478 2
      vertex 9.65178 14.7293 2
    endloop
  endfacet
  facet normal -0 0 1
    outer loop
      vertex 7.1974 -14.1246 2
      vertex 9.69589 -14.2234 2
      vertex 7.2 -14 2
    endloop
  endfacet
  facet normal 0 0 1
    outer loop
      vertex 7.17351 14.3978 2
      vertex 9.65178 14.7293 2
      vertex 9.62454 14.91 2
    endloop
  endfacet
  facet normal 0 0 1
    outer loop
      vertex 9.69589 -14.2234 2
      vertex 7.1974 -14.1246 2
      vertex 9.68497 -14.4109 2
    endloop
  endfacet
  facet normal 0 0 1
    outer loop
      vertex 7.15865 14.4964 2
      vertex 9.62454 14.91 2
      vertex 9.59128 15.0899 2
    endloop
  endfacet
  facet normal -0 0 1
    outer loop
      vertex 7.1916 -14.2242 2
      vertex 9.68497 -14.4109 2
      vertex 7.1974 -14.1246 2
    endloop
  endfacet
  facet normal 0 0 1
    outer loop
      vertex 7.14052 14.5944 2
      vertex 9.59128 15.0899 2
      vertex 9.55208 15.2684 2
    endloop
  endfacet
  facet normal 0 0 1
    outer loop
      vertex 9.68497 -14.4109 2
      vertex 7.1916 -14.2242 2
      vertex 9.66829 -14.5931 2
    endloop
  endfacet
  facet normal 0 0 1
    outer loop
      vertex 7.11913 14.6918 2
      vertex 9.55208 15.2684 2
      vertex 9.50697 15.4457 2
    endloop
  endfacet
  facet normal -0 0 1
    outer loop
      vertex 7.18251 -14.3235 2
      vertex 9.66829 -14.5931 2
      vertex 7.1916 -14.2242 2
    endloop
  endfacet
  facet normal 0 0 1
    outer loop
      vertex 7.09453 14.7885 2
      vertex 9.50697 15.4457 2
      vertex 9.45593 15.6214 2
    endloop
  endfacet
  facet normal 0 0 1
    outer loop
      vertex 9.66829 -14.5931 2
      vertex 7.18251 -14.3235 2
      vertex 9.64552 -14.7746 2
    endloop
  endfacet
  facet normal 0 0 1
    outer loop
      vertex 7.06671 14.8843 2
      vertex 9.45593 15.6214 2
      vertex 9.3992 15.795 2
    endloop
  endfacet
  facet normal -0 0 1
    outer loop
      vertex 7.1701 -14.4225 2
      vertex 9.64552 -14.7746 2
      vertex 7.18251 -14.3235 2
    endloop
  endfacet
  facet normal 0 0 1
    outer loop
      vertex 7.03574 14.9791 2
      vertex 9.3992 15.795 2
      vertex 9.33669 15.9668 2
    endloop
  endfacet
  facet normal 0 0 1
    outer loop
      vertex 9.64552 -14.7746 2
      vertex 7.1701 -14.4225 2
      vertex 9.61676 -14.9552 2
    endloop
  endfacet
  facet normal 0 0 1
    outer loop
      vertex 7.00163 15.0728 2
      vertex 9.33669 15.9668 2
      vertex 9.26845 16.1365 2
    endloop
  endfacet
  facet normal -0 0 1
    outer loop
      vertex 7.15442 -14.521 2
      vertex 9.61676 -14.9552 2
      vertex 7.1701 -14.4225 2
    endloop
  endfacet
  facet normal 0 0 1
    outer loop
      vertex 6.96443 15.1653 2
      vertex 9.26845 16.1365 2
      vertex 9.1946 16.3039 2
    endloop
  endfacet
  facet normal 0 0 1
    outer loop
      vertex 9.61676 -14.9552 2
      vertex 7.15442 -14.521 2
      vertex 9.58203 -15.1346 2
    endloop
  endfacet
  facet normal 0 0 1
    outer loop
      vertex 6.92416 15.2565 2
      vertex 9.1946 16.3039 2
      vertex 9.11528 16.4686 2
    endloop
  endfacet
  facet normal -0 0 1
    outer loop
      vertex 7.13547 -14.6189 2
      vertex 9.58203 -15.1346 2
      vertex 7.15442 -14.521 2
    endloop
  endfacet
  facet normal 0 0 1
    outer loop
      vertex 6.88089 15.3464 2
      vertex 9.11528 16.4686 2
      vertex 9.03056 16.6305 2
    endloop
  endfacet
  facet normal 0 0 1
    outer loop
      vertex 9.58203 -15.1346 2
      vertex 7.13547 -14.6189 2
      vertex 9.54138 -15.3128 2
    endloop
  endfacet
  facet normal 0 0 1
    outer loop
      vertex 6.83466 15.4348 2
      vertex 9.03056 16.6305 2
      vertex 8.94048 16.7896 2
    endloop
  endfacet
  facet normal -0 0 1
    outer loop
      vertex 7.11328 -14.7161 2
      vertex 9.54138 -15.3128 2
      vertex 7.13547 -14.6189 2
    endloop
  endfacet
  facet normal 0 0 1
    outer loop
      vertex 6.78552 15.5215 2
      vertex 8.94048 16.7896 2
      vertex 8.845 16.9458 2
    endloop
  endfacet
  facet normal 0 0 1
    outer loop
      vertex 9.54138 -15.3128 2
      vertex 7.11328 -14.7161 2
      vertex 9.49477 -15.4897 2
    endloop
  endfacet
  facet normal 0 0 1
    outer loop
      vertex 6.73352 15.6066 2
      vertex 8.845 16.9458 2
      vertex 8.74449 17.0986 2
    endloop
  endfacet
  facet normal -0 0 1
    outer loop
      vertex 7.08788 -14.8125 2
      vertex 9.49477 -15.4897 2
      vertex 7.11328 -14.7161 2
    endloop
  endfacet
  facet normal 0 0 1
    outer loop
      vertex 6.67871 15.69 2
      vertex 8.74449 17.0986 2
      vertex 8.63911 17.2478 2
    endloop
  endfacet
  facet normal 0 0 1
    outer loop
      vertex 9.49477 -15.4897 2
      vertex 7.08788 -14.8125 2
      vertex 9.44232 -15.6649 2
    endloop
  endfacet
  facet normal 0 0 1
    outer loop
      vertex 6.62117 15.7714 2
      vertex 8.63911 17.2478 2
      vertex 8.52869 17.3936 2
    endloop
  endfacet
  facet normal -0 0 1
    outer loop
      vertex 7.05927 -14.9081 2
      vertex 9.44232 -15.6649 2
      vertex 7.08788 -14.8125 2
    endloop
  endfacet
  facet normal 0 0 1
    outer loop
      vertex 6.56096 15.8509 2
      vertex 8.52869 17.3936 2
      vertex 8.4135 17.5355 2
    endloop
  endfacet
  facet normal 0 0 1
    outer loop
      vertex 9.44232 -15.6649 2
      vertex 7.05927 -14.9081 2
      vertex 9.38408 -15.8382 2
    endloop
  endfacet
  facet normal 0 0 1
    outer loop
      vertex 6.49812 15.9284 2
      vertex 8.4135 17.5355 2
      vertex 8.29367 17.6736 2
    endloop
  endfacet
  facet normal -0 0 1
    outer loop
      vertex 7.02751 -15.0026 2
      vertex 9.38408 -15.8382 2
      vertex 7.05927 -14.9081 2
    endloop
  endfacet
  facet normal 0 0 1
    outer loop
      vertex 6.43277 16.0037 2
      vertex 8.29367 17.6736 2
      vertex 8.16928 17.8077 2
    endloop
  endfacet
  facet normal 0 0 1
    outer loop
      vertex 9.38408 -15.8382 2
      vertex 7.02751 -15.0026 2
      vertex 9.3201 -16.0095 2
    endloop
  endfacet
  facet normal 0 0 1
    outer loop
      vertex 6.36493 16.0768 2
      vertex 8.16928 17.8077 2
      vertex 8.04059 17.9375 2
    endloop
  endfacet
  facet normal -0 0 1
    outer loop
      vertex 6.99261 -15.096 2
      vertex 9.3201 -16.0095 2
      vertex 7.02751 -15.0026 2
    endloop
  endfacet
  facet normal 0 0 1
    outer loop
      vertex 6.29471 16.1476 2
      vertex 8.04059 17.9375 2
      vertex 7.90761 18.0629 2
    endloop
  endfacet
  facet normal 0 0 1
    outer loop
      vertex 9.3201 -16.0095 2
      vertex 6.99261 -15.096 2
      vertex 9.25056 -16.1785 2
    endloop
  endfacet
  facet normal 0 0 1
    outer loop
      vertex 6.22217 16.216 2
      vertex 7.90761 18.0629 2
      vertex 7.77045 18.184 2
    endloop
  endfacet
  facet normal -0 0 1
    outer loop
      vertex 6.95465 -15.1882 2
      vertex 9.25056 -16.1785 2
      vertex 6.99261 -15.096 2
    endloop
  endfacet
  facet normal 0 0 1
    outer loop
      vertex 6.1474 16.282 2
      vertex 7.77045 18.184 2
      vertex 7.62936 18.3004 2
    endloop
  endfacet
  facet normal 0 0 1
    outer loop
      vertex 9.25056 -16.1785 2
      vertex 6.95465 -15.1882 2
      vertex 9.17531 -16.3452 2
    endloop
  endfacet
  facet normal 0 0 1
    outer loop
      vertex 6.07047 16.3455 2
      vertex 7.62936 18.3004 2
      vertex 7.48457 18.412 2
    endloop
  endfacet
  facet normal -0 0 1
    outer loop
      vertex 6.91364 -15.2791 2
      vertex 9.17531 -16.3452 2
      vertex 6.95465 -15.1882 2
    endloop
  endfacet
  facet normal 0 0 1
    outer loop
      vertex 5.99147 16.4064 2
      vertex 7.48457 18.412 2
      vertex 7.33612 18.5187 2
    endloop
  endfacet
  facet normal 0 0 1
    outer loop
      vertex 9.17531 -16.3452 2
      vertex 6.91364 -15.2791 2
      vertex 9.09454 -16.5094 2
    endloop
  endfacet
  facet normal -0 0 1
    outer loop
      vertex 6.86961 -15.3686 2
      vertex 9.09454 -16.5094 2
      vertex 6.91364 -15.2791 2
    endloop
  endfacet
  facet normal 0 0 1
    outer loop
      vertex 9.6973 14.1827 2
      vertex 7.19833 14.0997 2
      vertex 7.2 14 2
    endloop
  endfacet
  facet normal 0 0 1
    outer loop
      vertex 9.6882 14.3654 2
      vertex 7.19337 14.1993 2
      vertex 7.19833 14.0997 2
    endloop
  endfacet
  facet normal 0 0 1
    outer loop
      vertex 9.67299 14.5478 2
      vertex 7.18509 14.2987 2
      vertex 7.19337 14.1993 2
    endloop
  endfacet
  facet normal 0 0 1
    outer loop
      vertex 5.91049 16.4646 2
      vertex 7.33612 18.5187 2
      vertex 7.18428 18.6204 2
    endloop
  endfacet
  facet normal 0 0 1
    outer loop
      vertex 9.65178 14.7293 2
      vertex 7.17351 14.3978 2
      vertex 7.18509 14.2987 2
    endloop
  endfacet
  facet normal 0 0 1
    outer loop
      vertex 9.62454 14.91 2
      vertex 7.15865 14.4964 2
      vertex 7.17351 14.3978 2
    endloop
  endfacet
  facet normal 0 0 1
    outer loop
      vertex 9.59128 15.0899 2
      vertex 7.14052 14.5944 2
      vertex 7.15865 14.4964 2
    endloop
  endfacet
  facet normal 0 0 1
    outer loop
      vertex 9.55208 15.2684 2
      vertex 7.11913 14.6918 2
      vertex 7.14052 14.5944 2
    endloop
  endfacet
  facet normal 0 0 1
    outer loop
      vertex 9.50697 15.4457 2
      vertex 7.09453 14.7885 2
      vertex 7.11913 14.6918 2
    endloop
  endfacet
  facet normal 0 0 1
    outer loop
      vertex 9.45593 15.6214 2
      vertex 7.06671 14.8843 2
      vertex 7.09453 14.7885 2
    endloop
  endfacet
  facet normal 0 0 1
    outer loop
      vertex 9.3992 15.795 2
      vertex 7.03574 14.9791 2
      vertex 7.06671 14.8843 2
    endloop
  endfacet
  facet normal 0 0 1
    outer loop
      vertex 5.82764 16.5201 2
      vertex 7.18428 18.6204 2
      vertex 7.02893 18.7171 2
    endloop
  endfacet
  facet normal 0 0 1
    outer loop
      vertex 9.33669 15.9668 2
      vertex 7.00163 15.0728 2
      vertex 7.03574 14.9791 2
    endloop
  endfacet
  facet normal 0 0 1
    outer loop
      vertex 9.26845 16.1365 2
      vertex 6.96443 15.1653 2
      vertex 7.00163 15.0728 2
    endloop
  endfacet
  facet normal 0 0 1
    outer loop
      vertex 9.1946 16.3039 2
      vertex 6.92416 15.2565 2
      vertex 6.96443 15.1653 2
    endloop
  endfacet
  facet normal 0 0 1
    outer loop
      vertex 9.11528 16.4686 2
      vertex 6.88089 15.3464 2
      vertex 6.92416 15.2565 2
    endloop
  endfacet
  facet normal 0 0 1
    outer loop
      vertex 5.74298 16.5728 2
      vertex 7.02893 18.7171 2
      vertex 6.87061 18.8085 2
    endloop
  endfacet
  facet normal 0 0 1
    outer loop
      vertex 9.03056 16.6305 2
      vertex 6.83466 15.4348 2
      vertex 6.88089 15.3464 2
    endloop
  endfacet
  facet normal 0 0 1
    outer loop
      vertex 8.94048 16.7896 2
      vertex 6.78552 15.5215 2
      vertex 6.83466 15.4348 2
    endloop
  endfacet
  facet normal 0 0 1
    outer loop
      vertex 8.845 16.9458 2
      vertex 6.73352 15.6066 2
      vertex 6.78552 15.5215 2
    endloop
  endfacet
  facet normal 0 0 1
    outer loop
      vertex 5.6566 16.6227 2
      vertex 6.87061 18.8085 2
      vertex 6.70941 18.8945 2
    endloop
  endfacet
  facet normal 0 0 1
    outer loop
      vertex 8.74449 17.0986 2
      vertex 6.67871 15.69 2
      vertex 6.73352 15.6066 2
    endloop
  endfacet
  facet normal 0 0 1
    outer loop
      vertex 8.63911 17.2478 2
      vertex 6.62117 15.7714 2
      vertex 6.67871 15.69 2
    endloop
  endfacet
  facet normal 0 0 1
    outer loop
      vertex 8.52869 17.3936 2
      vertex 6.56096 15.8509 2
      vertex 6.62117 15.7714 2
    endloop
  endfacet
  facet normal 0 0 1
    outer loop
      vertex 5.56863 16.6696 2
      vertex 6.70941 18.8945 2
      vertex 6.54523 18.9753 2
    endloop
  endfacet
  facet normal 0 0 1
    outer loop
      vertex 8.4135 17.5355 2
      vertex 6.49812 15.9284 2
      vertex 6.56096 15.8509 2
    endloop
  endfacet
  facet normal 0 0 1
    outer loop
      vertex 8.29367 17.6736 2
      vertex 6.43277 16.0037 2
      vertex 6.49812 15.9284 2
    endloop
  endfacet
  facet normal 0 0 1
    outer loop
      vertex 5.47914 16.7136 2
      vertex 6.54523 18.9753 2
      vertex 6.37845 19.0506 2
    endloop
  endfacet
  facet normal 0 0 1
    outer loop
      vertex 8.16928 17.8077 2
      vertex 6.36493 16.0768 2
      vertex 6.43277 16.0037 2
    endloop
  endfacet
  facet normal 0 0 1
    outer loop
      vertex 8.04059 17.9375 2
      vertex 6.29471 16.1476 2
      vertex 6.36493 16.0768 2
    endloop
  endfacet
  facet normal 0 0 1
    outer loop
      vertex 7.90761 18.0629 2
      vertex 6.22217 16.216 2
      vertex 6.29471 16.1476 2
    endloop
  endfacet
  facet normal 0 0 1
    outer loop
      vertex 5.38823 16.7547 2
      vertex 6.37845 19.0506 2
      vertex 6.20953 19.1201 2
    endloop
  endfacet
  facet normal 0 0 1
    outer loop
      vertex 7.77045 18.184 2
      vertex 6.1474 16.282 2
      vertex 6.22217 16.216 2
    endloop
  endfacet
  facet normal 0 0 1
    outer loop
      vertex 7.62936 18.3004 2
      vertex 6.07047 16.3455 2
      vertex 6.1474 16.282 2
    endloop
  endfacet
  facet normal 0 0 1
    outer loop
      vertex 5.29602 16.7926 2
      vertex 6.20953 19.1201 2
      vertex 6.03824 19.1841 2
    endloop
  endfacet
  facet normal 0 0 1
    outer loop
      vertex 7.48457 18.412 2
      vertex 5.99147 16.4064 2
      vertex 6.07047 16.3455 2
    endloop
  endfacet
  facet normal 0 0 1
    outer loop
      vertex 7.33612 18.5187 2
      vertex 5.91049 16.4646 2
      vertex 5.99147 16.4064 2
    endloop
  endfacet
  facet normal 0 0 1
    outer loop
      vertex 5.20259 16.8275 2
      vertex 6.03824 19.1841 2
      vertex 5.86487 19.2423 2
    endloop
  endfacet
  facet normal 0 0 1
    outer loop
      vertex 7.18428 18.6204 2
      vertex 5.82764 16.5201 2
      vertex 5.91049 16.4646 2
    endloop
  endfacet
  facet normal 0 0 1
    outer loop
      vertex 7.02893 18.7171 2
      vertex 5.74298 16.5728 2
      vertex 5.82764 16.5201 2
    endloop
  endfacet
  facet normal 0 0 1
    outer loop
      vertex 5.10806 16.8593 2
      vertex 5.86487 19.2423 2
      vertex 5.6897 19.2948 2
    endloop
  endfacet
  facet normal 0 0 1
    outer loop
      vertex 6.87061 18.8085 2
      vertex 5.6566 16.6227 2
      vertex 5.74298 16.5728 2
    endloop
  endfacet
  facet normal 0 0 1
    outer loop
      vertex 6.70941 18.8945 2
      vertex 5.56863 16.6696 2
      vertex 5.6566 16.6227 2
    endloop
  endfacet
  facet normal 0 0 1
    outer loop
      vertex 5.01251 16.8879 2
      vertex 5.6897 19.2948 2
      vertex 5.51277 19.3414 2
    endloop
  endfacet
  facet normal 0 0 1
    outer loop
      vertex 6.54523 18.9753 2
      vertex 5.47914 16.7136 2
      vertex 5.56863 16.6696 2
    endloop
  endfacet
  facet normal 0 0 1
    outer loop
      vertex 6.37845 19.0506 2
      vertex 5.38823 16.7547 2
      vertex 5.47914 16.7136 2
    endloop
  endfacet
  facet normal 0 0 1
    outer loop
      vertex 4.91608 16.9133 2
      vertex 5.51277 19.3414 2
      vertex 5.33464 19.382 2
    endloop
  endfacet
  facet normal 0 0 1
    outer loop
      vertex 6.20953 19.1201 2
      vertex 5.29602 16.7926 2
      vertex 5.38823 16.7547 2
    endloop
  endfacet
  facet normal 0 0 1
    outer loop
      vertex 6.03824 19.1841 2
      vertex 5.20259 16.8275 2
      vertex 5.29602 16.7926 2
    endloop
  endfacet
  facet normal 0 0 1
    outer loop
      vertex 4.81885 16.9355 2
      vertex 5.33464 19.382 2
      vertex 5.15523 19.4168 2
    endloop
  endfacet
  facet normal 0 0 1
    outer loop
      vertex 5.86487 19.2423 2
      vertex 5.10806 16.8593 2
      vertex 5.20259 16.8275 2
    endloop
  endfacet
  facet normal 0 0 1
    outer loop
      vertex 5.6897 19.2948 2
      vertex 5.01251 16.8879 2
      vertex 5.10806 16.8593 2
    endloop
  endfacet
  facet normal 0 0 1
    outer loop
      vertex 4.72095 16.9544 2
      vertex 5.15523 19.4168 2
      vertex 4.97464 19.4455 2
    endloop
  endfacet
  facet normal 0 0 1
    outer loop
      vertex 5.51277 19.3414 2
      vertex 4.91608 16.9133 2
      vertex 5.01251 16.8879 2
    endloop
  endfacet
  facet normal 0 0 1
    outer loop
      vertex 5.33464 19.382 2
      vertex 4.81885 16.9355 2
      vertex 4.91608 16.9133 2
    endloop
  endfacet
  facet normal 0 0 1
    outer loop
      vertex 4.62245 16.9701 2
      vertex 4.97464 19.4455 2
      vertex 4.79306 19.4683 2
    endloop
  endfacet
  facet normal 0 0 1
    outer loop
      vertex 5.15523 19.4168 2
      vertex 4.72095 16.9544 2
      vertex 4.81885 16.9355 2
    endloop
  endfacet
  facet normal 0 0 1
    outer loop
      vertex 4.97464 19.4455 2
      vertex 4.62245 16.9701 2
      vertex 4.72095 16.9544 2
    endloop
  endfacet
  facet normal 0 0 1
    outer loop
      vertex 4.5235 16.9825 2
      vertex 4.79306 19.4683 2
      vertex 4.61092 19.485 2
    endloop
  endfacet
  facet normal 0 0 1
    outer loop
      vertex 4.79306 19.4683 2
      vertex 4.5235 16.9825 2
      vertex 4.62245 16.9701 2
    endloop
  endfacet
  facet normal 0 0 1
    outer loop
      vertex 4.61092 19.485 2
      vertex 4.42419 16.9916 2
      vertex 4.5235 16.9825 2
    endloop
  endfacet
  facet normal 0 0 1
    outer loop
      vertex 4.42336 19.4959 2
      vertex 4.42419 16.9916 2
      vertex 4.61092 19.485 2
    endloop
  endfacet
  facet normal 0 0 1
    outer loop
      vertex 4.42336 19.4959 2
      vertex 4.32463 16.9974 2
      vertex 4.42419 16.9916 2
    endloop
  endfacet
  facet normal 0 0 1
    outer loop
      vertex 4.22601 19.5 2
      vertex 4.32463 16.9974 2
      vertex 4.42336 19.4959 2
    endloop
  endfacet
  facet normal 0 0 1
    outer loop
      vertex 4.22601 19.5 2
      vertex 4.2 17 2
      vertex 4.32463 16.9974 2
    endloop
  endfacet
  facet normal 0 0 1
    outer loop
      vertex 4.22601 19.5 2
      vertex -4.2 17 2
      vertex 4.2 17 2
    endloop
  endfacet
  facet normal -0 0 1
    outer loop
      vertex -4.22084 19.5 2
      vertex -4.2 17 2
      vertex 4.22601 19.5 2
    endloop
  endfacet
  facet normal 0 0 1
    outer loop
      vertex -4.22084 19.5 2
      vertex -4.29971 16.9983 2
      vertex -4.2 17 2
    endloop
  endfacet
  facet normal -0 0 1
    outer loop
      vertex -4.38274 19.4973 2
      vertex -4.29971 16.9983 2
      vertex -4.22084 19.5 2
    endloop
  endfacet
  facet normal 0 0 1
    outer loop
      vertex -4.38274 19.4973 2
      vertex -4.39932 16.9934 2
      vertex -4.29971 16.9983 2
    endloop
  endfacet
  facet normal -0 0 1
    outer loop
      vertex -4.56538 19.4882 2
      vertex -4.39932 16.9934 2
      vertex -4.38274 19.4973 2
    endloop
  endfacet
  facet normal 0 0 1
    outer loop
      vertex -4.39932 16.9934 2
      vertex -4.56538 19.4882 2
      vertex -4.4987 16.9851 2
    endloop
  endfacet
  facet normal -0 0 1
    outer loop
      vertex -4.7478 19.473 2
      vertex -4.4987 16.9851 2
      vertex -4.56538 19.4882 2
    endloop
  endfacet
  facet normal 0 0 1
    outer loop
      vertex -4.4987 16.9851 2
      vertex -4.7478 19.473 2
      vertex -4.59775 16.9735 2
    endloop
  endfacet
  facet normal -0 0 1
    outer loop
      vertex -4.92929 19.4518 2
      vertex -4.59775 16.9735 2
      vertex -4.7478 19.473 2
    endloop
  endfacet
  facet normal 0 0 1
    outer loop
      vertex -4.59775 16.9735 2
      vertex -4.92929 19.4518 2
      vertex -4.69637 16.9586 2
    endloop
  endfacet
  facet normal -0 0 1
    outer loop
      vertex -5.10997 19.4245 2
      vertex -4.69637 16.9586 2
      vertex -4.92929 19.4518 2
    endloop
  endfacet
  facet normal 0 0 1
    outer loop
      vertex -4.69637 16.9586 2
      vertex -5.10997 19.4245 2
      vertex -4.79443 16.9405 2
    endloop
  endfacet
  facet normal -0 0 1
    outer loop
      vertex -5.2899 19.3913 2
      vertex -4.79443 16.9405 2
      vertex -5.10997 19.4245 2
    endloop
  endfacet
  facet normal 0 0 1
    outer loop
      vertex -4.79443 16.9405 2
      vertex -5.2899 19.3913 2
      vertex -4.89185 16.9191 2
    endloop
  endfacet
  facet normal -0 0 1
    outer loop
      vertex -5.46843 19.3521 2
      vertex -4.89185 16.9191 2
      vertex -5.2899 19.3913 2
    endloop
  endfacet
  facet normal 0 0 1
    outer loop
      vertex -4.89185 16.9191 2
      vertex -5.46843 19.3521 2
      vertex -4.98849 16.8945 2
    endloop
  endfacet
  facet normal -0 0 1
    outer loop
      vertex -5.64566 19.307 2
      vertex -4.98849 16.8945 2
      vertex -5.46843 19.3521 2
    endloop
  endfacet
  facet normal 0 0 1
    outer loop
      vertex -4.98849 16.8945 2
      vertex -5.64566 19.307 2
      vertex -5.08426 16.8667 2
    endloop
  endfacet
  facet normal -0 0 1
    outer loop
      vertex -5.82137 19.2559 2
      vertex -5.08426 16.8667 2
      vertex -5.64566 19.307 2
    endloop
  endfacet
  facet normal 0 0 1
    outer loop
      vertex -5.08426 16.8667 2
      vertex -5.82137 19.2559 2
      vertex -5.17906 16.8357 2
    endloop
  endfacet
  facet normal -0 0 1
    outer loop
      vertex -5.99501 19.1992 2
      vertex -5.17906 16.8357 2
      vertex -5.82137 19.2559 2
    endloop
  endfacet
  facet normal 0 0 1
    outer loop
      vertex -5.17906 16.8357 2
      vertex -5.99501 19.1992 2
      vertex -5.27277 16.8016 2
    endloop
  endfacet
  facet normal -0 0 1
    outer loop
      vertex -6.16679 19.1367 2
      vertex -5.27277 16.8016 2
      vertex -5.99501 19.1992 2
    endloop
  endfacet
  facet normal 0 0 1
    outer loop
      vertex -5.27277 16.8016 2
      vertex -6.16679 19.1367 2
      vertex -5.3653 16.7644 2
    endloop
  endfacet
  facet normal -0 0 1
    outer loop
      vertex -6.33652 19.0685 2
      vertex -5.3653 16.7644 2
      vertex -6.16679 19.1367 2
    endloop
  endfacet
  facet normal 0 0 1
    outer loop
      vertex -5.3653 16.7644 2
      vertex -6.33652 19.0685 2
      vertex -5.45654 16.7242 2
    endloop
  endfacet
  facet normal -0 0 1
    outer loop
      vertex -6.50386 18.9946 2
      vertex -5.45654 16.7242 2
      vertex -6.33652 19.0685 2
    endloop
  endfacet
  facet normal 0 0 1
    outer loop
      vertex -5.45654 16.7242 2
      vertex -6.50386 18.9946 2
      vertex -5.5464 16.6809 2
    endloop
  endfacet
  facet normal -0 0 1
    outer loop
      vertex -6.66856 18.9153 2
      vertex -5.5464 16.6809 2
      vertex -6.50386 18.9946 2
    endloop
  endfacet
  facet normal 0 0 1
    outer loop
      vertex -5.5464 16.6809 2
      vertex -6.66856 18.9153 2
      vertex -5.63477 16.6347 2
    endloop
  endfacet
  facet normal -0 0 1
    outer loop
      vertex -6.83047 18.8306 2
      vertex -5.63477 16.6347 2
      vertex -6.66856 18.9153 2
    endloop
  endfacet
  facet normal 0 0 1
    outer loop
      vertex -5.63477 16.6347 2
      vertex -6.83047 18.8306 2
      vertex -5.72154 16.5855 2
    endloop
  endfacet
  facet normal -0 0 1
    outer loop
      vertex -6.98956 18.7405 2
      vertex -5.72154 16.5855 2
      vertex -6.83047 18.8306 2
    endloop
  endfacet
  facet normal 0 0 1
    outer loop
      vertex -5.72154 16.5855 2
      vertex -6.98956 18.7405 2
      vertex -5.80664 16.5335 2
    endloop
  endfacet
  facet normal -0 0 1
    outer loop
      vertex -7.14581 18.645 2
      vertex -5.80664 16.5335 2
      vertex -6.98956 18.7405 2
    endloop
  endfacet
  facet normal 0 0 1
    outer loop
      vertex -5.80664 16.5335 2
      vertex -7.14581 18.645 2
      vertex -5.88995 16.4787 2
    endloop
  endfacet
  facet normal -0 0 1
    outer loop
      vertex -7.29858 18.5445 2
      vertex -5.88995 16.4787 2
      vertex -7.14581 18.645 2
    endloop
  endfacet
  facet normal 0 0 1
    outer loop
      vertex -5.88995 16.4787 2
      vertex -7.29858 18.5445 2
      vertex -5.97141 16.4212 2
    endloop
  endfacet
  facet normal -0 0 1
    outer loop
      vertex -7.44775 18.4391 2
      vertex -5.97141 16.4212 2
      vertex -7.29858 18.5445 2
    endloop
  endfacet
  facet normal 0 0 1
    outer loop
      vertex -5.97141 16.4212 2
      vertex -7.44775 18.4391 2
      vertex -6.0509 16.361 2
    endloop
  endfacet
  facet normal -0 0 1
    outer loop
      vertex -7.59355 18.3287 2
      vertex -6.0509 16.361 2
      vertex -7.44775 18.4391 2
    endloop
  endfacet
  facet normal 0 0 1
    outer loop
      vertex -6.0509 16.361 2
      vertex -7.59355 18.3287 2
      vertex -6.12836 16.2981 2
    endloop
  endfacet
  facet normal -0 0 1
    outer loop
      vertex -7.73553 18.2135 2
      vertex -6.12836 16.2981 2
      vertex -7.59355 18.3287 2
    endloop
  endfacet
  facet normal 0 0 1
    outer loop
      vertex -6.12836 16.2981 2
      vertex -7.73553 18.2135 2
      vertex -6.20367 16.2328 2
    endloop
  endfacet
  facet normal -0 0 1
    outer loop
      vertex -7.87364 18.0937 2
      vertex -6.20367 16.2328 2
      vertex -7.73553 18.2135 2
    endloop
  endfacet
  facet normal 0 0 1
    outer loop
      vertex -6.20367 16.2328 2
      vertex -7.87364 18.0937 2
      vertex -6.27678 16.1649 2
    endloop
  endfacet
  facet normal -0 0 1
    outer loop
      vertex -8.00768 17.9693 2
      vertex -6.27678 16.1649 2
      vertex -7.87364 18.0937 2
    endloop
  endfacet
  facet normal 0 0 1
    outer loop
      vertex -6.27678 16.1649 2
      vertex -8.00768 17.9693 2
      vertex -6.3476 16.0947 2
    endloop
  endfacet
  facet normal -0 0 1
    outer loop
      vertex -8.13747 17.8406 2
      vertex -6.3476 16.0947 2
      vertex -8.00768 17.9693 2
    endloop
  endfacet
  facet normal 0 0 1
    outer loop
      vertex -6.3476 16.0947 2
      vertex -8.13747 17.8406 2
      vertex -6.41603 16.0222 2
    endloop
  endfacet
  facet normal -0 0 1
    outer loop
      vertex -8.26292 17.7076 2
      vertex -6.41603 16.0222 2
      vertex -8.13747 17.8406 2
    endloop
  endfacet
  facet normal 0 0 1
    outer loop
      vertex -6.41603 16.0222 2
      vertex -8.26292 17.7076 2
      vertex -6.48203 15.9474 2
    endloop
  endfacet
  facet normal -0 0 1
    outer loop
      vertex -8.38399 17.5704 2
      vertex -6.48203 15.9474 2
      vertex -8.26292 17.7076 2
    endloop
  endfacet
  facet normal 0 0 1
    outer loop
      vertex -6.48203 15.9474 2
      vertex -8.38399 17.5704 2
      vertex -6.54549 15.8705 2
    endloop
  endfacet
  facet normal -0 0 1
    outer loop
      vertex -8.50037 17.4294 2
      vertex -6.54549 15.8705 2
      vertex -8.38399 17.5704 2
    endloop
  endfacet
  facet normal 0 0 1
    outer loop
      vertex -6.54549 15.8705 2
      vertex -8.50037 17.4294 2
      vertex -6.60637 15.7915 2
    endloop
  endfacet
  facet normal -0 0 1
    outer loop
      vertex -8.61195 17.2846 2
      vertex -6.60637 15.7915 2
      vertex -8.50037 17.4294 2
    endloop
  endfacet
  facet normal 0 0 1
    outer loop
      vertex -6.60637 15.7915 2
      vertex -8.61195 17.2846 2
      vertex -6.66458 15.7105 2
    endloop
  endfacet
  facet normal -0 0 1
    outer loop
      vertex -8.71867 17.1361 2
      vertex -6.66458 15.7105 2
      vertex -8.61195 17.2846 2
    endloop
  endfacet
  facet normal 0 0 1
    outer loop
      vertex -6.66458 15.7105 2
      vertex -8.71867 17.1361 2
      vertex -6.72008 15.6276 2
    endloop
  endfacet
  facet normal -0 0 1
    outer loop
      vertex -8.82037 16.9843 2
      vertex -6.72008 15.6276 2
      vertex -8.71867 17.1361 2
    endloop
  endfacet
  facet normal 0 0 1
    outer loop
      vertex -6.72008 15.6276 2
      vertex -8.82037 16.9843 2
      vertex -6.77278 15.543 2
    endloop
  endfacet
  facet normal -0 0 1
    outer loop
      vertex -8.9171 16.8289 2
      vertex -6.77278 15.543 2
      vertex -8.82037 16.9843 2
    endloop
  endfacet
  facet normal 0 0 1
    outer loop
      vertex -6.77278 15.543 2
      vertex -8.9171 16.8289 2
      vertex -6.82265 15.4566 2
    endloop
  endfacet
  facet normal -0 0 1
    outer loop
      vertex -9.00848 16.6706 2
      vertex -6.82265 15.4566 2
      vertex -8.9171 16.8289 2
    endloop
  endfacet
  facet normal 0 0 1
    outer loop
      vertex -6.82265 15.4566 2
      vertex -9.00848 16.6706 2
      vertex -6.86961 15.3686 2
    endloop
  endfacet
  facet normal -0 0 1
    outer loop
      vertex -9.09454 16.5094 2
      vertex -6.86961 15.3686 2
      vertex -9.00848 16.6706 2
    endloop
  endfacet
  facet normal 0 0 1
    outer loop
      vertex -6.86961 15.3686 2
      vertex -9.09454 16.5094 2
      vertex -6.91364 15.2791 2
    endloop
  endfacet
  facet normal -0 0 1
    outer loop
      vertex -9.17531 16.3452 2
      vertex -6.91364 15.2791 2
      vertex -9.09454 16.5094 2
    endloop
  endfacet
  facet normal 0 0 1
    outer loop
      vertex -6.91364 15.2791 2
      vertex -9.17531 16.3452 2
      vertex -6.95465 15.1882 2
    endloop
  endfacet
  facet normal -0 0 1
    outer loop
      vertex -9.25056 16.1785 2
      vertex -6.95465 15.1882 2
      vertex -9.17531 16.3452 2
    endloop
  endfacet
  facet normal 0 0 1
    outer loop
      vertex -6.95465 15.1882 2
      vertex -9.25056 16.1785 2
      vertex -6.99261 15.096 2
    endloop
  endfacet
  facet normal -0 0 1
    outer loop
      vertex -9.3201 16.0095 2
      vertex -6.99261 15.096 2
      vertex -9.25056 16.1785 2
    endloop
  endfacet
  facet normal 0 0 1
    outer loop
      vertex -6.99261 15.096 2
      vertex -9.3201 16.0095 2
      vertex -7.02751 15.0026 2
    endloop
  endfacet
  facet normal -0 0 1
    outer loop
      vertex -9.38408 15.8382 2
      vertex -7.02751 15.0026 2
      vertex -9.3201 16.0095 2
    endloop
  endfacet
  facet normal 0 0 1
    outer loop
      vertex -7.02751 15.0026 2
      vertex -9.38408 15.8382 2
      vertex -7.05927 14.9081 2
    endloop
  endfacet
  facet normal -0 0 1
    outer loop
      vertex -9.44232 15.6649 2
      vertex -7.05927 14.9081 2
      vertex -9.38408 15.8382 2
    endloop
  endfacet
  facet normal 0 0 1
    outer loop
      vertex -7.05927 14.9081 2
      vertex -9.44232 15.6649 2
      vertex -7.08788 14.8125 2
    endloop
  endfacet
  facet normal -0 0 1
    outer loop
      vertex -9.49477 15.4897 2
      vertex -7.08788 14.8125 2
      vertex -9.44232 15.6649 2
    endloop
  endfacet
  facet normal 0 0 1
    outer loop
      vertex -7.08788 14.8125 2
      vertex -9.49477 15.4897 2
      vertex -7.11328 14.7161 2
    endloop
  endfacet
  facet normal -0 0 1
    outer loop
      vertex -9.54138 15.3128 2
      vertex -7.11328 14.7161 2
      vertex -9.49477 15.4897 2
    endloop
  endfacet
  facet normal 0 0 1
    outer loop
      vertex -7.11328 14.7161 2
      vertex -9.54138 15.3128 2
      vertex -7.13547 14.6189 2
    endloop
  endfacet
  facet normal -0 0 1
    outer loop
      vertex -9.58203 15.1346 2
      vertex -7.13547 14.6189 2
      vertex -9.54138 15.3128 2
    endloop
  endfacet
  facet normal 0 0 1
    outer loop
      vertex -7.13547 14.6189 2
      vertex -9.58203 15.1346 2
      vertex -7.15442 14.521 2
    endloop
  endfacet
  facet normal -0 0 1
    outer loop
      vertex -9.61676 14.9552 2
      vertex -7.15442 14.521 2
      vertex -9.58203 15.1346 2
    endloop
  endfacet
  facet normal 0 0 1
    outer loop
      vertex -7.15442 14.521 2
      vertex -9.61676 14.9552 2
      vertex -7.1701 14.4225 2
    endloop
  endfacet
  facet normal -0 0 1
    outer loop
      vertex -9.64552 14.7746 2
      vertex -7.1701 14.4225 2
      vertex -9.61676 14.9552 2
    endloop
  endfacet
  facet normal 0 0 1
    outer loop
      vertex -7.1701 14.4225 2
      vertex -9.64552 14.7746 2
      vertex -7.18251 14.3235 2
    endloop
  endfacet
  facet normal -0 0 1
    outer loop
      vertex -9.66829 14.5931 2
      vertex -7.18251 14.3235 2
      vertex -9.64552 14.7746 2
    endloop
  endfacet
  facet normal 0 0 1
    outer loop
      vertex -7.18251 14.3235 2
      vertex -9.66829 14.5931 2
      vertex -7.1916 14.2242 2
    endloop
  endfacet
  facet normal -0 0 1
    outer loop
      vertex -9.68497 14.4109 2
      vertex -7.1916 14.2242 2
      vertex -9.66829 14.5931 2
    endloop
  endfacet
  facet normal 0 0 1
    outer loop
      vertex -7.1916 14.2242 2
      vertex -9.68497 14.4109 2
      vertex -7.1974 14.1246 2
    endloop
  endfacet
  facet normal -0 0 1
    outer loop
      vertex -9.69589 14.2234 2
      vertex -7.1974 14.1246 2
      vertex -9.68497 14.4109 2
    endloop
  endfacet
  facet normal 0 0 1
    outer loop
      vertex -7.1974 14.1246 2
      vertex -9.69589 14.2234 2
      vertex -7.2 14 2
    endloop
  endfacet
  facet normal 0 0 1
    outer loop
      vertex -7.2 14 2
      vertex -9.69589 14.2234 2
      vertex -9.7 14.026 2
    endloop
  endfacet
  facet normal 0 0 1
    outer loop
      vertex -9.7 5.99994 2
      vertex -7.2 14 2
      vertex -9.7 14.026 2
    endloop
  endfacet
  facet normal 0 0 1
    outer loop
      vertex -7.2 14 2
      vertex -9.7 5.99994 2
      vertex -7.2 5.99994 2
    endloop
  endfacet
  facet normal 0 0 1
    outer loop
      vertex 9.09454 -16.5094 2
      vertex 6.86961 -15.3686 2
      vertex 9.00848 -16.6706 2
    endloop
  endfacet
  facet normal -0 0 1
    outer loop
      vertex 6.82265 -15.4566 2
      vertex 9.00848 -16.6706 2
      vertex 6.86961 -15.3686 2
    endloop
  endfacet
  facet normal 0 0 1
    outer loop
      vertex 9.00848 -16.6706 2
      vertex 6.82265 -15.4566 2
      vertex 8.9171 -16.8289 2
    endloop
  endfacet
  facet normal -0 0 1
    outer loop
      vertex 6.77278 -15.543 2
      vertex 8.9171 -16.8289 2
      vertex 6.82265 -15.4566 2
    endloop
  endfacet
  facet normal 0 0 1
    outer loop
      vertex 8.9171 -16.8289 2
      vertex 6.77278 -15.543 2
      vertex 8.82037 -16.9843 2
    endloop
  endfacet
  facet normal -0 0 1
    outer loop
      vertex 6.72008 -15.6276 2
      vertex 8.82037 -16.9843 2
      vertex 6.77278 -15.543 2
    endloop
  endfacet
  facet normal 0 0 1
    outer loop
      vertex 8.82037 -16.9843 2
      vertex 6.72008 -15.6276 2
      vertex 8.71867 -17.1361 2
    endloop
  endfacet
  facet normal -0 0 1
    outer loop
      vertex 6.66458 -15.7105 2
      vertex 8.71867 -17.1361 2
      vertex 6.72008 -15.6276 2
    endloop
  endfacet
  facet normal 0 0 1
    outer loop
      vertex 8.71867 -17.1361 2
      vertex 6.66458 -15.7105 2
      vertex 8.61195 -17.2846 2
    endloop
  endfacet
  facet normal -0 0 1
    outer loop
      vertex 6.60637 -15.7915 2
      vertex 8.61195 -17.2846 2
      vertex 6.66458 -15.7105 2
    endloop
  endfacet
  facet normal 0 0 1
    outer loop
      vertex 8.61195 -17.2846 2
      vertex 6.60637 -15.7915 2
      vertex 8.50037 -17.4294 2
    endloop
  endfacet
  facet normal -0 0 1
    outer loop
      vertex 6.54549 -15.8705 2
      vertex 8.50037 -17.4294 2
      vertex 6.60637 -15.7915 2
    endloop
  endfacet
  facet normal 0 0 1
    outer loop
      vertex 8.50037 -17.4294 2
      vertex 6.54549 -15.8705 2
      vertex 8.38399 -17.5704 2
    endloop
  endfacet
  facet normal -0 0 1
    outer loop
      vertex 6.48203 -15.9474 2
      vertex 8.38399 -17.5704 2
      vertex 6.54549 -15.8705 2
    endloop
  endfacet
  facet normal 0 0 1
    outer loop
      vertex 8.38399 -17.5704 2
      vertex 6.48203 -15.9474 2
      vertex 8.26292 -17.7076 2
    endloop
  endfacet
  facet normal -0 0 1
    outer loop
      vertex 6.41603 -16.0222 2
      vertex 8.26292 -17.7076 2
      vertex 6.48203 -15.9474 2
    endloop
  endfacet
  facet normal 0 0 1
    outer loop
      vertex 8.26292 -17.7076 2
      vertex 6.41603 -16.0222 2
      vertex 8.13747 -17.8406 2
    endloop
  endfacet
  facet normal -0 0 1
    outer loop
      vertex 6.3476 -16.0947 2
      vertex 8.13747 -17.8406 2
      vertex 6.41603 -16.0222 2
    endloop
  endfacet
  facet normal 0 0 1
    outer loop
      vertex 8.13747 -17.8406 2
      vertex 6.3476 -16.0947 2
      vertex 8.00768 -17.9693 2
    endloop
  endfacet
  facet normal -0 0 1
    outer loop
      vertex 6.27678 -16.1649 2
      vertex 8.00768 -17.9693 2
      vertex 6.3476 -16.0947 2
    endloop
  endfacet
  facet normal 0 0 1
    outer loop
      vertex 8.00768 -17.9693 2
      vertex 6.27678 -16.1649 2
      vertex 7.87364 -18.0937 2
    endloop
  endfacet
  facet normal -0 0 1
    outer loop
      vertex 6.20367 -16.2328 2
      vertex 7.87364 -18.0937 2
      vertex 6.27678 -16.1649 2
    endloop
  endfacet
  facet normal 0 0 1
    outer loop
      vertex 7.87364 -18.0937 2
      vertex 6.20367 -16.2328 2
      vertex 7.73553 -18.2135 2
    endloop
  endfacet
  facet normal -0 0 1
    outer loop
      vertex 6.12836 -16.2981 2
      vertex 7.73553 -18.2135 2
      vertex 6.20367 -16.2328 2
    endloop
  endfacet
  facet normal 0 0 1
    outer loop
      vertex 7.73553 -18.2135 2
      vertex 6.12836 -16.2981 2
      vertex 7.59355 -18.3287 2
    endloop
  endfacet
  facet normal -0 0 1
    outer loop
      vertex 6.0509 -16.361 2
      vertex 7.59355 -18.3287 2
      vertex 6.12836 -16.2981 2
    endloop
  endfacet
  facet normal 0 0 1
    outer loop
      vertex 7.59355 -18.3287 2
      vertex 6.0509 -16.361 2
      vertex 7.44775 -18.4391 2
    endloop
  endfacet
  facet normal -0 0 1
    outer loop
      vertex 5.97141 -16.4212 2
      vertex 7.44775 -18.4391 2
      vertex 6.0509 -16.361 2
    endloop
  endfacet
  facet normal 0 0 1
    outer loop
      vertex 7.44775 -18.4391 2
      vertex 5.97141 -16.4212 2
      vertex 7.29858 -18.5445 2
    endloop
  endfacet
  facet normal -0 0 1
    outer loop
      vertex 5.88995 -16.4787 2
      vertex 7.29858 -18.5445 2
      vertex 5.97141 -16.4212 2
    endloop
  endfacet
  facet normal 0 0 1
    outer loop
      vertex 7.29858 -18.5445 2
      vertex 5.88995 -16.4787 2
      vertex 7.14581 -18.645 2
    endloop
  endfacet
  facet normal -0 0 1
    outer loop
      vertex 5.80664 -16.5335 2
      vertex 7.14581 -18.645 2
      vertex 5.88995 -16.4787 2
    endloop
  endfacet
  facet normal 0 0 1
    outer loop
      vertex 7.14581 -18.645 2
      vertex 5.80664 -16.5335 2
      vertex 6.98956 -18.7405 2
    endloop
  endfacet
  facet normal -0 0 1
    outer loop
      vertex 5.72154 -16.5855 2
      vertex 6.98956 -18.7405 2
      vertex 5.80664 -16.5335 2
    endloop
  endfacet
  facet normal 0 0 1
    outer loop
      vertex 6.98956 -18.7405 2
      vertex 5.72154 -16.5855 2
      vertex 6.83047 -18.8306 2
    endloop
  endfacet
  facet normal -0 0 1
    outer loop
      vertex 5.63477 -16.6347 2
      vertex 6.83047 -18.8306 2
      vertex 5.72154 -16.5855 2
    endloop
  endfacet
  facet normal 0 0 1
    outer loop
      vertex 6.83047 -18.8306 2
      vertex 5.63477 -16.6347 2
      vertex 6.66856 -18.9153 2
    endloop
  endfacet
  facet normal -0 0 1
    outer loop
      vertex 5.5464 -16.6809 2
      vertex 6.66856 -18.9153 2
      vertex 5.63477 -16.6347 2
    endloop
  endfacet
  facet normal 0 0 1
    outer loop
      vertex 6.66856 -18.9153 2
      vertex 5.5464 -16.6809 2
      vertex 6.50386 -18.9946 2
    endloop
  endfacet
  facet normal -0 0 1
    outer loop
      vertex 5.45654 -16.7242 2
      vertex 6.50386 -18.9946 2
      vertex 5.5464 -16.6809 2
    endloop
  endfacet
  facet normal 0 0 1
    outer loop
      vertex 6.50386 -18.9946 2
      vertex 5.45654 -16.7242 2
      vertex 6.33652 -19.0685 2
    endloop
  endfacet
  facet normal -0 0 1
    outer loop
      vertex 5.3653 -16.7644 2
      vertex 6.33652 -19.0685 2
      vertex 5.45654 -16.7242 2
    endloop
  endfacet
  facet normal 0 0 1
    outer loop
      vertex 6.33652 -19.0685 2
      vertex 5.3653 -16.7644 2
      vertex 6.16679 -19.1367 2
    endloop
  endfacet
  facet normal -0 0 1
    outer loop
      vertex 5.27277 -16.8016 2
      vertex 6.16679 -19.1367 2
      vertex 5.3653 -16.7644 2
    endloop
  endfacet
  facet normal 0 0 1
    outer loop
      vertex 6.16679 -19.1367 2
      vertex 5.27277 -16.8016 2
      vertex 5.99501 -19.1992 2
    endloop
  endfacet
  facet normal -0 0 1
    outer loop
      vertex 5.17906 -16.8357 2
      vertex 5.99501 -19.1992 2
      vertex 5.27277 -16.8016 2
    endloop
  endfacet
  facet normal 0 0 1
    outer loop
      vertex 5.99501 -19.1992 2
      vertex 5.17906 -16.8357 2
      vertex 5.82137 -19.2559 2
    endloop
  endfacet
  facet normal -0 0 1
    outer loop
      vertex 5.08426 -16.8667 2
      vertex 5.82137 -19.2559 2
      vertex 5.17906 -16.8357 2
    endloop
  endfacet
  facet normal 0 0 1
    outer loop
      vertex 5.82137 -19.2559 2
      vertex 5.08426 -16.8667 2
      vertex 5.64566 -19.307 2
    endloop
  endfacet
  facet normal -0 0 1
    outer loop
      vertex 4.98849 -16.8945 2
      vertex 5.64566 -19.307 2
      vertex 5.08426 -16.8667 2
    endloop
  endfacet
  facet normal 0 0 1
    outer loop
      vertex 5.64566 -19.307 2
      vertex 4.98849 -16.8945 2
      vertex 5.46843 -19.3521 2
    endloop
  endfacet
  facet normal -0 0 1
    outer loop
      vertex 4.89185 -16.9191 2
      vertex 5.46843 -19.3521 2
      vertex 4.98849 -16.8945 2
    endloop
  endfacet
  facet normal 0 0 1
    outer loop
      vertex 5.46843 -19.3521 2
      vertex 4.89185 -16.9191 2
      vertex 5.2899 -19.3913 2
    endloop
  endfacet
  facet normal -0 0 1
    outer loop
      vertex 4.79443 -16.9405 2
      vertex 5.2899 -19.3913 2
      vertex 4.89185 -16.9191 2
    endloop
  endfacet
  facet normal 0 0 1
    outer loop
      vertex 5.2899 -19.3913 2
      vertex 4.79443 -16.9405 2
      vertex 5.10997 -19.4245 2
    endloop
  endfacet
  facet normal -0 0 1
    outer loop
      vertex 4.69637 -16.9586 2
      vertex 5.10997 -19.4245 2
      vertex 4.79443 -16.9405 2
    endloop
  endfacet
  facet normal 0 0 1
    outer loop
      vertex 5.10997 -19.4245 2
      vertex 4.69637 -16.9586 2
      vertex 4.92929 -19.4518 2
    endloop
  endfacet
  facet normal -0 0 1
    outer loop
      vertex 4.59775 -16.9735 2
      vertex 4.92929 -19.4518 2
      vertex 4.69637 -16.9586 2
    endloop
  endfacet
  facet normal 0 0 1
    outer loop
      vertex 4.92929 -19.4518 2
      vertex 4.59775 -16.9735 2
      vertex 4.7478 -19.473 2
    endloop
  endfacet
  facet normal -0 0 1
    outer loop
      vertex 4.4987 -16.9851 2
      vertex 4.7478 -19.473 2
      vertex 4.59775 -16.9735 2
    endloop
  endfacet
  facet normal 0 0 1
    outer loop
      vertex 4.7478 -19.473 2
      vertex 4.4987 -16.9851 2
      vertex 4.56538 -19.4882 2
    endloop
  endfacet
  facet normal -0 0 1
    outer loop
      vertex 4.39932 -16.9934 2
      vertex 4.56538 -19.4882 2
      vertex 4.4987 -16.9851 2
    endloop
  endfacet
  facet normal 0 0 1
    outer loop
      vertex 4.39932 -16.9934 2
      vertex 4.38274 -19.4973 2
      vertex 4.56538 -19.4882 2
    endloop
  endfacet
  facet normal -0 0 1
    outer loop
      vertex 4.29971 -16.9983 2
      vertex 4.38274 -19.4973 2
      vertex 4.39932 -16.9934 2
    endloop
  endfacet
  facet normal 0 0 1
    outer loop
      vertex 4.29971 -16.9983 2
      vertex 4.22084 -19.5 2
      vertex 4.38274 -19.4973 2
    endloop
  endfacet
  facet normal -0 0 1
    outer loop
      vertex 4.2 -17 2
      vertex 4.22084 -19.5 2
      vertex 4.29971 -16.9983 2
    endloop
  endfacet
  facet normal -0 0 1
    outer loop
      vertex -4.2 -17 2
      vertex 4.22084 -19.5 2
      vertex 4.2 -17 2
    endloop
  endfacet
  facet normal 0 0 1
    outer loop
      vertex -4.2 -17 2
      vertex -4.22601 -19.5 2
      vertex 4.22084 -19.5 2
    endloop
  endfacet
  facet normal 0 0 1
    outer loop
      vertex -4.32463 -16.9974 2
      vertex -4.22601 -19.5 2
      vertex -4.2 -17 2
    endloop
  endfacet
  facet normal 0 0 1
    outer loop
      vertex -4.32463 -16.9974 2
      vertex -4.42336 -19.4959 2
      vertex -4.22601 -19.5 2
    endloop
  endfacet
  facet normal 0 0 1
    outer loop
      vertex -4.42419 -16.9916 2
      vertex -4.42336 -19.4959 2
      vertex -4.32463 -16.9974 2
    endloop
  endfacet
  facet normal 0 0 1
    outer loop
      vertex -4.61092 -19.485 2
      vertex -4.42419 -16.9916 2
      vertex -4.5235 -16.9825 2
    endloop
  endfacet
  facet normal 0 0 1
    outer loop
      vertex -4.42419 -16.9916 2
      vertex -4.61092 -19.485 2
      vertex -4.42336 -19.4959 2
    endloop
  endfacet
  facet normal 0 0 1
    outer loop
      vertex -4.79306 -19.4683 2
      vertex -4.5235 -16.9825 2
      vertex -4.62245 -16.9701 2
    endloop
  endfacet
  facet normal 0 0 1
    outer loop
      vertex -4.97464 -19.4455 2
      vertex -4.62245 -16.9701 2
      vertex -4.72095 -16.9544 2
    endloop
  endfacet
  facet normal 0 0 1
    outer loop
      vertex -4.5235 -16.9825 2
      vertex -4.79306 -19.4683 2
      vertex -4.61092 -19.485 2
    endloop
  endfacet
  facet normal 0 0 1
    outer loop
      vertex -5.15523 -19.4168 2
      vertex -4.72095 -16.9544 2
      vertex -4.81885 -16.9355 2
    endloop
  endfacet
  facet normal 0 0 1
    outer loop
      vertex -5.33464 -19.382 2
      vertex -4.81885 -16.9355 2
      vertex -4.91608 -16.9133 2
    endloop
  endfacet
  facet normal 0 0 1
    outer loop
      vertex -4.62245 -16.9701 2
      vertex -4.97464 -19.4455 2
      vertex -4.79306 -19.4683 2
    endloop
  endfacet
  facet normal 0 0 1
    outer loop
      vertex -5.51277 -19.3414 2
      vertex -4.91608 -16.9133 2
      vertex -5.01251 -16.8879 2
    endloop
  endfacet
  facet normal 0 0 1
    outer loop
      vertex -5.6897 -19.2948 2
      vertex -5.01251 -16.8879 2
      vertex -5.10806 -16.8593 2
    endloop
  endfacet
  facet normal 0 0 1
    outer loop
      vertex -4.72095 -16.9544 2
      vertex -5.15523 -19.4168 2
      vertex -4.97464 -19.4455 2
    endloop
  endfacet
  facet normal 0 0 1
    outer loop
      vertex -5.86487 -19.2423 2
      vertex -5.10806 -16.8593 2
      vertex -5.20259 -16.8275 2
    endloop
  endfacet
  facet normal 0 0 1
    outer loop
      vertex -6.03824 -19.1841 2
      vertex -5.20259 -16.8275 2
      vertex -5.29602 -16.7926 2
    endloop
  endfacet
  facet normal 0 0 1
    outer loop
      vertex -4.81885 -16.9355 2
      vertex -5.33464 -19.382 2
      vertex -5.15523 -19.4168 2
    endloop
  endfacet
  facet normal 0 0 1
    outer loop
      vertex -6.20953 -19.1201 2
      vertex -5.29602 -16.7926 2
      vertex -5.38823 -16.7547 2
    endloop
  endfacet
  facet normal 0 0 1
    outer loop
      vertex -6.37845 -19.0506 2
      vertex -5.38823 -16.7547 2
      vertex -5.47914 -16.7136 2
    endloop
  endfacet
  facet normal 0 0 1
    outer loop
      vertex -4.91608 -16.9133 2
      vertex -5.51277 -19.3414 2
      vertex -5.33464 -19.382 2
    endloop
  endfacet
  facet normal 0 0 1
    outer loop
      vertex -6.54523 -18.9753 2
      vertex -5.47914 -16.7136 2
      vertex -5.56863 -16.6696 2
    endloop
  endfacet
  facet normal 0 0 1
    outer loop
      vertex -6.70941 -18.8945 2
      vertex -5.56863 -16.6696 2
      vertex -5.6566 -16.6227 2
    endloop
  endfacet
  facet normal 0 0 1
    outer loop
      vertex -5.01251 -16.8879 2
      vertex -5.6897 -19.2948 2
      vertex -5.51277 -19.3414 2
    endloop
  endfacet
  facet normal 0 0 1
    outer loop
      vertex -6.87061 -18.8085 2
      vertex -5.6566 -16.6227 2
      vertex -5.74298 -16.5728 2
    endloop
  endfacet
  facet normal 0 0 1
    outer loop
      vertex -7.02893 -18.7171 2
      vertex -5.74298 -16.5728 2
      vertex -5.82764 -16.5201 2
    endloop
  endfacet
  facet normal 0 0 1
    outer loop
      vertex -5.10806 -16.8593 2
      vertex -5.86487 -19.2423 2
      vertex -5.6897 -19.2948 2
    endloop
  endfacet
  facet normal 0 0 1
    outer loop
      vertex -7.18428 -18.6204 2
      vertex -5.82764 -16.5201 2
      vertex -5.91049 -16.4646 2
    endloop
  endfacet
  facet normal 0 0 1
    outer loop
      vertex -7.33612 -18.5187 2
      vertex -5.91049 -16.4646 2
      vertex -5.99147 -16.4064 2
    endloop
  endfacet
  facet normal 0 0 1
    outer loop
      vertex -5.20259 -16.8275 2
      vertex -6.03824 -19.1841 2
      vertex -5.86487 -19.2423 2
    endloop
  endfacet
  facet normal 0 0 1
    outer loop
      vertex -7.33612 -18.5187 2
      vertex -5.99147 -16.4064 2
      vertex -6.07047 -16.3455 2
    endloop
  endfacet
  facet normal 0 0 1
    outer loop
      vertex -7.33612 -18.5187 2
      vertex -6.07047 -16.3455 2
      vertex -6.1474 -16.282 2
    endloop
  endfacet
  facet normal 0 0 1
    outer loop
      vertex -5.29602 -16.7926 2
      vertex -6.20953 -19.1201 2
      vertex -6.03824 -19.1841 2
    endloop
  endfacet
  facet normal 0 0 1
    outer loop
      vertex -7.33612 -18.5187 2
      vertex -6.1474 -16.282 2
      vertex -6.22217 -16.216 2
    endloop
  endfacet
  facet normal 0 0 1
    outer loop
      vertex -7.33612 -18.5187 2
      vertex -6.22217 -16.216 2
      vertex -6.29471 -16.1476 2
    endloop
  endfacet
  facet normal 0 0 1
    outer loop
      vertex -7.33612 -18.5187 2
      vertex -6.29471 -16.1476 2
      vertex -6.36493 -16.0768 2
    endloop
  endfacet
  facet normal 0 0 1
    outer loop
      vertex -5.38823 -16.7547 2
      vertex -6.37845 -19.0506 2
      vertex -6.20953 -19.1201 2
    endloop
  endfacet
  facet normal 0 0 1
    outer loop
      vertex -7.33612 -18.5187 2
      vertex -6.36493 -16.0768 2
      vertex -6.43277 -16.0037 2
    endloop
  endfacet
  facet normal 0 0 1
    outer loop
      vertex -7.33612 -18.5187 2
      vertex -6.43277 -16.0037 2
      vertex -6.49812 -15.9284 2
    endloop
  endfacet
  facet normal 0 0 1
    outer loop
      vertex -5.47914 -16.7136 2
      vertex -6.54523 -18.9753 2
      vertex -6.37845 -19.0506 2
    endloop
  endfacet
  facet normal 0 0 1
    outer loop
      vertex -7.33612 -18.5187 2
      vertex -6.49812 -15.9284 2
      vertex -6.56096 -15.8509 2
    endloop
  endfacet
  facet normal 0 0 1
    outer loop
      vertex -7.33612 -18.5187 2
      vertex -6.56096 -15.8509 2
      vertex -6.62117 -15.7714 2
    endloop
  endfacet
  facet normal 0 0 1
    outer loop
      vertex -7.33612 -18.5187 2
      vertex -6.62117 -15.7714 2
      vertex -6.67871 -15.69 2
    endloop
  endfacet
  facet normal 0 0 1
    outer loop
      vertex -5.56863 -16.6696 2
      vertex -6.70941 -18.8945 2
      vertex -6.54523 -18.9753 2
    endloop
  endfacet
  facet normal 0 0 1
    outer loop
      vertex -7.33612 -18.5187 2
      vertex -6.67871 -15.69 2
      vertex -6.73352 -15.6066 2
    endloop
  endfacet
  facet normal 0 0 1
    outer loop
      vertex -7.33612 -18.5187 2
      vertex -6.73352 -15.6066 2
      vertex -6.78552 -15.5215 2
    endloop
  endfacet
  facet normal 0 0 1
    outer loop
      vertex -7.33612 -18.5187 2
      vertex -6.78552 -15.5215 2
      vertex -6.83466 -15.4348 2
    endloop
  endfacet
  facet normal 0 0 1
    outer loop
      vertex -5.6566 -16.6227 2
      vertex -6.87061 -18.8085 2
      vertex -6.70941 -18.8945 2
    endloop
  endfacet
  facet normal 0 0 1
    outer loop
      vertex -7.33612 -18.5187 2
      vertex -6.83466 -15.4348 2
      vertex -6.88089 -15.3464 2
    endloop
  endfacet
  facet normal 0 0 1
    outer loop
      vertex -7.33612 -18.5187 2
      vertex -6.88089 -15.3464 2
      vertex -6.92416 -15.2565 2
    endloop
  endfacet
  facet normal 0 0 1
    outer loop
      vertex -7.33612 -18.5187 2
      vertex -6.92416 -15.2565 2
      vertex -6.96443 -15.1653 2
    endloop
  endfacet
  facet normal 0 0 1
    outer loop
      vertex -7.33612 -18.5187 2
      vertex -6.96443 -15.1653 2
      vertex -7.00163 -15.0728 2
    endloop
  endfacet
  facet normal 0 0 1
    outer loop
      vertex -5.74298 -16.5728 2
      vertex -7.02893 -18.7171 2
      vertex -6.87061 -18.8085 2
    endloop
  endfacet
  facet normal 0 0 1
    outer loop
      vertex -7.33612 -18.5187 2
      vertex -7.00163 -15.0728 2
      vertex -7.03574 -14.9791 2
    endloop
  endfacet
  facet normal 0 0 1
    outer loop
      vertex -7.33612 -18.5187 2
      vertex -7.03574 -14.9791 2
      vertex -7.06671 -14.8843 2
    endloop
  endfacet
  facet normal 0 0 1
    outer loop
      vertex -7.33612 -18.5187 2
      vertex -7.06671 -14.8843 2
      vertex -7.09453 -14.7885 2
    endloop
  endfacet
  facet normal 0 0 1
    outer loop
      vertex -7.33612 -18.5187 2
      vertex -7.09453 -14.7885 2
      vertex -7.11913 -14.6918 2
    endloop
  endfacet
  facet normal 0 0 1
    outer loop
      vertex -7.33612 -18.5187 2
      vertex -7.11913 -14.6918 2
      vertex -7.14052 -14.5944 2
    endloop
  endfacet
  facet normal 0 0 1
    outer loop
      vertex -7.33612 -18.5187 2
      vertex -7.14052 -14.5944 2
      vertex -7.15865 -14.4964 2
    endloop
  endfacet
  facet normal 0 0 1
    outer loop
      vertex -7.33612 -18.5187 2
      vertex -7.15865 -14.4964 2
      vertex -7.17351 -14.3978 2
    endloop
  endfacet
  facet normal 0 0 1
    outer loop
      vertex -5.82764 -16.5201 2
      vertex -7.18428 -18.6204 2
      vertex -7.02893 -18.7171 2
    endloop
  endfacet
  facet normal 0 0 1
    outer loop
      vertex -7.33612 -18.5187 2
      vertex -7.17351 -14.3978 2
      vertex -7.18509 -14.2987 2
    endloop
  endfacet
  facet normal 0 0 1
    outer loop
      vertex -7.33612 -18.5187 2
      vertex -7.18509 -14.2987 2
      vertex -7.19337 -14.1993 2
    endloop
  endfacet
  facet normal 0 0 1
    outer loop
      vertex -7.33612 -18.5187 2
      vertex -7.19337 -14.1993 2
      vertex -7.19833 -14.0997 2
    endloop
  endfacet
  facet normal 0 0 1
    outer loop
      vertex -7.33612 -18.5187 2
      vertex -7.19833 -14.0997 2
      vertex -7.2 -14 2
    endloop
  endfacet
  facet normal 0 0 1
    outer loop
      vertex -5.91049 -16.4646 2
      vertex -7.33612 -18.5187 2
      vertex -7.18428 -18.6204 2
    endloop
  endfacet
  facet normal 0.0497631 -0.998761 0
    outer loop
      vertex 4.38274 -19.4973 0
      vertex 4.56538 -19.4882 2
      vertex 4.38274 -19.4973 2
    endloop
  endfacet
  facet normal 0.0497631 -0.998761 0
    outer loop
      vertex 4.56538 -19.4882 2
      vertex 4.38274 -19.4973 0
      vertex 4.56538 -19.4882 0
    endloop
  endfacet
  facet normal 0.0830364 -0.996547 0
    outer loop
      vertex 4.56538 -19.4882 0
      vertex 4.7478 -19.473 2
      vertex 4.56538 -19.4882 2
    endloop
  endfacet
  facet normal 0.0830364 -0.996547 0
    outer loop
      vertex 4.7478 -19.473 2
      vertex 4.56538 -19.4882 0
      vertex 4.7478 -19.473 0
    endloop
  endfacet
  facet normal 0.116022 -0.993247 0
    outer loop
      vertex 4.7478 -19.473 0
      vertex 4.92929 -19.4518 2
      vertex 4.7478 -19.473 2
    endloop
  endfacet
  facet normal 0.116022 -0.993247 0
    outer loop
      vertex 4.92929 -19.4518 2
      vertex 4.7478 -19.473 0
      vertex 4.92929 -19.4518 0
    endloop
  endfacet
  facet normal 0.1494 -0.988777 0
    outer loop
      vertex 4.92929 -19.4518 0
      vertex 5.10997 -19.4245 2
      vertex 4.92929 -19.4518 2
    endloop
  endfacet
  facet normal 0.1494 -0.988777 0
    outer loop
      vertex 5.10997 -19.4245 2
      vertex 4.92929 -19.4518 0
      vertex 5.10997 -19.4245 0
    endloop
  endfacet
  facet normal 0.181453 -0.9834 0
    outer loop
      vertex 5.10997 -19.4245 0
      vertex 5.2899 -19.3913 2
      vertex 5.10997 -19.4245 2
    endloop
  endfacet
  facet normal 0.181453 -0.9834 0
    outer loop
      vertex 5.2899 -19.3913 2
      vertex 5.10997 -19.4245 0
      vertex 5.2899 -19.3913 0
    endloop
  endfacet
  facet normal 0.214462 -0.976732 0
    outer loop
      vertex 5.2899 -19.3913 0
      vertex 5.46843 -19.3521 2
      vertex 5.2899 -19.3913 2
    endloop
  endfacet
  facet normal 0.214462 -0.976732 0
    outer loop
      vertex 5.46843 -19.3521 2
      vertex 5.2899 -19.3913 0
      vertex 5.46843 -19.3521 0
    endloop
  endfacet
  facet normal 0.246612 -0.969114 0
    outer loop
      vertex 5.46843 -19.3521 0
      vertex 5.64566 -19.307 2
      vertex 5.46843 -19.3521 2
    endloop
  endfacet
  facet normal 0.246612 -0.969114 0
    outer loop
      vertex 5.64566 -19.307 2
      vertex 5.46843 -19.3521 0
      vertex 5.64566 -19.307 0
    endloop
  endfacet
  facet normal 0.279251 -0.960218 0
    outer loop
      vertex 5.64566 -19.307 0
      vertex 5.82137 -19.2559 2
      vertex 5.64566 -19.307 2
    endloop
  endfacet
  facet normal 0.279251 -0.960218 0
    outer loop
      vertex 5.82137 -19.2559 2
      vertex 5.64566 -19.307 0
      vertex 5.82137 -19.2559 0
    endloop
  endfacet
  facet normal 0.310408 -0.950603 0
    outer loop
      vertex 5.82137 -19.2559 0
      vertex 5.99501 -19.1992 2
      vertex 5.82137 -19.2559 2
    endloop
  endfacet
  facet normal 0.310408 -0.950603 0
    outer loop
      vertex 5.99501 -19.1992 2
      vertex 5.82137 -19.2559 0
      vertex 5.99501 -19.1992 0
    endloop
  endfacet
  facet normal 0.34191 -0.939733 0
    outer loop
      vertex 5.99501 -19.1992 0
      vertex 6.16679 -19.1367 2
      vertex 5.99501 -19.1992 2
    endloop
  endfacet
  facet normal 0.34191 -0.939733 0
    outer loop
      vertex 6.16679 -19.1367 2
      vertex 5.99501 -19.1992 0
      vertex 6.16679 -19.1367 0
    endloop
  endfacet
  facet normal 0.372842 -0.927895 0
    outer loop
      vertex 6.16679 -19.1367 0
      vertex 6.33652 -19.0685 2
      vertex 6.16679 -19.1367 2
    endloop
  endfacet
  facet normal 0.372842 -0.927895 0
    outer loop
      vertex 6.33652 -19.0685 2
      vertex 6.16679 -19.1367 0
      vertex 6.33652 -19.0685 0
    endloop
  endfacet
  facet normal 0.403977 -0.914769 0
    outer loop
      vertex 6.33652 -19.0685 0
      vertex 6.50386 -18.9946 2
      vertex 6.33652 -19.0685 2
    endloop
  endfacet
  facet normal 0.403977 -0.914769 0
    outer loop
      vertex 6.50386 -18.9946 2
      vertex 6.33652 -19.0685 0
      vertex 6.50386 -18.9946 0
    endloop
  endfacet
  facet normal 0.433816 -0.901002 0
    outer loop
      vertex 6.50386 -18.9946 0
      vertex 6.66856 -18.9153 2
      vertex 6.50386 -18.9946 2
    endloop
  endfacet
  facet normal 0.433816 -0.901002 0
    outer loop
      vertex 6.66856 -18.9153 2
      vertex 6.50386 -18.9946 0
      vertex 6.66856 -18.9153 0
    endloop
  endfacet
  facet normal 0.463535 -0.886079 0
    outer loop
      vertex 6.66856 -18.9153 0
      vertex 6.83047 -18.8306 2
      vertex 6.66856 -18.9153 2
    endloop
  endfacet
  facet normal 0.463535 -0.886079 0
    outer loop
      vertex 6.83047 -18.8306 2
      vertex 6.66856 -18.9153 0
      vertex 6.83047 -18.8306 0
    endloop
  endfacet
  facet normal 0.492801 -0.870142 0
    outer loop
      vertex 6.83047 -18.8306 0
      vertex 6.98956 -18.7405 2
      vertex 6.83047 -18.8306 2
    endloop
  endfacet
  facet normal 0.492801 -0.870142 0
    outer loop
      vertex 6.98956 -18.7405 2
      vertex 6.83047 -18.8306 0
      vertex 6.98956 -18.7405 0
    endloop
  endfacet
  facet normal 0.521505 -0.853248 0
    outer loop
      vertex 6.98956 -18.7405 0
      vertex 7.14581 -18.645 2
      vertex 6.98956 -18.7405 2
    endloop
  endfacet
  facet normal 0.521505 -0.853248 0
    outer loop
      vertex 7.14581 -18.645 2
      vertex 6.98956 -18.7405 0
      vertex 7.14581 -18.645 0
    endloop
  endfacet
  facet normal 0.549591 -0.835434 0
    outer loop
      vertex 7.14581 -18.645 0
      vertex 7.29858 -18.5445 2
      vertex 7.14581 -18.645 2
    endloop
  endfacet
  facet normal 0.549591 -0.835434 0
    outer loop
      vertex 7.29858 -18.5445 2
      vertex 7.14581 -18.645 0
      vertex 7.29858 -18.5445 0
    endloop
  endfacet
  facet normal 0.577061 -0.816701 0
    outer loop
      vertex 7.29858 -18.5445 0
      vertex 7.44775 -18.4391 2
      vertex 7.29858 -18.5445 2
    endloop
  endfacet
  facet normal 0.577061 -0.816701 0
    outer loop
      vertex 7.44775 -18.4391 2
      vertex 7.29858 -18.5445 0
      vertex 7.44775 -18.4391 0
    endloop
  endfacet
  facet normal 0.603668 -0.797236 0
    outer loop
      vertex 7.44775 -18.4391 0
      vertex 7.59355 -18.3287 2
      vertex 7.44775 -18.4391 2
    endloop
  endfacet
  facet normal 0.603668 -0.797236 0
    outer loop
      vertex 7.59355 -18.3287 2
      vertex 7.44775 -18.4391 0
      vertex 7.59355 -18.3287 0
    endloop
  endfacet
  facet normal 0.630069 -0.776539 0
    outer loop
      vertex 7.59355 -18.3287 0
      vertex 7.73553 -18.2135 2
      vertex 7.59355 -18.3287 2
    endloop
  endfacet
  facet normal 0.630069 -0.776539 0
    outer loop
      vertex 7.73553 -18.2135 2
      vertex 7.59355 -18.3287 0
      vertex 7.73553 -18.2135 0
    endloop
  endfacet
  facet normal 0.655257 -0.755406 0
    outer loop
      vertex 7.73553 -18.2135 0
      vertex 7.87364 -18.0937 2
      vertex 7.73553 -18.2135 2
    endloop
  endfacet
  facet normal 0.655257 -0.755406 0
    outer loop
      vertex 7.87364 -18.0937 2
      vertex 7.73553 -18.2135 0
      vertex 7.87364 -18.0937 0
    endloop
  endfacet
  facet normal 0.680258 -0.732973 0
    outer loop
      vertex 7.87364 -18.0937 0
      vertex 8.00768 -17.9693 2
      vertex 7.87364 -18.0937 2
    endloop
  endfacet
  facet normal 0.680258 -0.732973 0
    outer loop
      vertex 8.00768 -17.9693 2
      vertex 7.87364 -18.0937 0
      vertex 8.00768 -17.9693 0
    endloop
  endfacet
  facet normal 0.704119 -0.710082 0
    outer loop
      vertex 8.00768 -17.9693 0
      vertex 8.13747 -17.8406 2
      vertex 8.00768 -17.9693 2
    endloop
  endfacet
  facet normal 0.704119 -0.710082 0
    outer loop
      vertex 8.13747 -17.8406 2
      vertex 8.00768 -17.9693 0
      vertex 8.13747 -17.8406 0
    endloop
  endfacet
  facet normal 0.727453 -0.686158 0
    outer loop
      vertex 8.13747 -17.8406 2
      vertex 8.26292 -17.7076 0
      vertex 8.26292 -17.7076 2
    endloop
  endfacet
  facet normal 0.727453 -0.686158 0
    outer loop
      vertex 8.26292 -17.7076 0
      vertex 8.13747 -17.8406 2
      vertex 8.13747 -17.8406 0
    endloop
  endfacet
  facet normal 0.749808 -0.661656 0
    outer loop
      vertex 8.26292 -17.7076 2
      vertex 8.38399 -17.5704 0
      vertex 8.38399 -17.5704 2
    endloop
  endfacet
  facet normal 0.749808 -0.661656 0
    outer loop
      vertex 8.38399 -17.5704 0
      vertex 8.26292 -17.7076 2
      vertex 8.26292 -17.7076 0
    endloop
  endfacet
  facet normal 0.771226 -0.636562 0
    outer loop
      vertex 8.38399 -17.5704 2
      vertex 8.50037 -17.4294 0
      vertex 8.50037 -17.4294 2
    endloop
  endfacet
  facet normal 0.771226 -0.636562 0
    outer loop
      vertex 8.50037 -17.4294 0
      vertex 8.38399 -17.5704 2
      vertex 8.38399 -17.5704 0
    endloop
  endfacet
  facet normal 0.792107 -0.610382 0
    outer loop
      vertex 8.50037 -17.4294 2
      vertex 8.61195 -17.2846 0
      vertex 8.61195 -17.2846 2
    endloop
  endfacet
  facet normal 0.792107 -0.610382 0
    outer loop
      vertex 8.61195 -17.2846 0
      vertex 8.50037 -17.4294 2
      vertex 8.50037 -17.4294 0
    endloop
  endfacet
  facet normal 0.812053 -0.583584 0
    outer loop
      vertex 8.61195 -17.2846 2
      vertex 8.71867 -17.1361 0
      vertex 8.71867 -17.1361 2
    endloop
  endfacet
  facet normal 0.812053 -0.583584 0
    outer loop
      vertex 8.71867 -17.1361 0
      vertex 8.61195 -17.2846 2
      vertex 8.61195 -17.2846 0
    endloop
  endfacet
  facet normal 0.830785 -0.556593 0
    outer loop
      vertex 8.71867 -17.1361 2
      vertex 8.82037 -16.9843 0
      vertex 8.82037 -16.9843 2
    endloop
  endfacet
  facet normal 0.830785 -0.556593 0
    outer loop
      vertex 8.82037 -16.9843 0
      vertex 8.71867 -17.1361 2
      vertex 8.71867 -17.1361 0
    endloop
  endfacet
  facet normal 0.848967 -0.528446 0
    outer loop
      vertex 8.82037 -16.9843 2
      vertex 8.9171 -16.8289 0
      vertex 8.9171 -16.8289 2
    endloop
  endfacet
  facet normal 0.848967 -0.528446 0
    outer loop
      vertex 8.9171 -16.8289 0
      vertex 8.82037 -16.9843 2
      vertex 8.82037 -16.9843 0
    endloop
  endfacet
  facet normal 0.86606 -0.49994 0
    outer loop
      vertex 8.9171 -16.8289 2
      vertex 9.00848 -16.6706 0
      vertex 9.00848 -16.6706 2
    endloop
  endfacet
  facet normal 0.86606 -0.49994 0
    outer loop
      vertex 9.00848 -16.6706 0
      vertex 8.9171 -16.8289 2
      vertex 8.9171 -16.8289 0
    endloop
  endfacet
  facet normal 0.882156 -0.470957 0
    outer loop
      vertex 9.00848 -16.6706 2
      vertex 9.09454 -16.5094 0
      vertex 9.09454 -16.5094 2
    endloop
  endfacet
  facet normal 0.882156 -0.470957 0
    outer loop
      vertex 9.09454 -16.5094 0
      vertex 9.00848 -16.6706 2
      vertex 9.00848 -16.6706 0
    endloop
  endfacet
  facet normal 0.897316 -0.44139 0
    outer loop
      vertex 9.09454 -16.5094 2
      vertex 9.17531 -16.3452 0
      vertex 9.17531 -16.3452 2
    endloop
  endfacet
  facet normal 0.897316 -0.44139 0
    outer loop
      vertex 9.17531 -16.3452 0
      vertex 9.09454 -16.5094 2
      vertex 9.09454 -16.5094 0
    endloop
  endfacet
  facet normal 0.91144 -0.411433 0
    outer loop
      vertex 9.17531 -16.3452 2
      vertex 9.25056 -16.1785 0
      vertex 9.25056 -16.1785 2
    endloop
  endfacet
  facet normal 0.91144 -0.411433 0
    outer loop
      vertex 9.25056 -16.1785 0
      vertex 9.17531 -16.3452 2
      vertex 9.17531 -16.3452 0
    endloop
  endfacet
  facet normal 0.924771 -0.380524 0
    outer loop
      vertex 9.25056 -16.1785 2
      vertex 9.3201 -16.0095 0
      vertex 9.3201 -16.0095 2
    endloop
  endfacet
  facet normal 0.924771 -0.380524 0
    outer loop
      vertex 9.3201 -16.0095 0
      vertex 9.25056 -16.1785 2
      vertex 9.25056 -16.1785 0
    endloop
  endfacet
  facet normal 0.936791 -0.349889 0
    outer loop
      vertex 9.3201 -16.0095 2
      vertex 9.38408 -15.8382 0
      vertex 9.38408 -15.8382 2
    endloop
  endfacet
  facet normal 0.936791 -0.349889 0
    outer loop
      vertex 9.38408 -15.8382 0
      vertex 9.3201 -16.0095 2
      vertex 9.3201 -16.0095 0
    endloop
  endfacet
  facet normal 0.947904 -0.318557 0
    outer loop
      vertex 9.38408 -15.8382 2
      vertex 9.44232 -15.6649 0
      vertex 9.44232 -15.6649 2
    endloop
  endfacet
  facet normal 0.947904 -0.318557 0
    outer loop
      vertex 9.44232 -15.6649 0
      vertex 9.38408 -15.8382 2
      vertex 9.38408 -15.8382 0
    endloop
  endfacet
  facet normal 0.957992 -0.286796 0
    outer loop
      vertex 9.44232 -15.6649 2
      vertex 9.49477 -15.4897 0
      vertex 9.49477 -15.4897 2
    endloop
  endfacet
  facet normal 0.957992 -0.286796 0
    outer loop
      vertex 9.49477 -15.4897 0
      vertex 9.44232 -15.6649 2
      vertex 9.44232 -15.6649 0
    endloop
  endfacet
  facet normal 0.966997 -0.254787 0
    outer loop
      vertex 9.49477 -15.4897 2
      vertex 9.54138 -15.3128 0
      vertex 9.54138 -15.3128 2
    endloop
  endfacet
  facet normal 0.966997 -0.254787 0
    outer loop
      vertex 9.54138 -15.3128 0
      vertex 9.49477 -15.4897 2
      vertex 9.49477 -15.4897 0
    endloop
  endfacet
  facet normal 0.974955 -0.222401 0
    outer loop
      vertex 9.54138 -15.3128 2
      vertex 9.58203 -15.1346 0
      vertex 9.58203 -15.1346 2
    endloop
  endfacet
  facet normal 0.974955 -0.222401 0
    outer loop
      vertex 9.58203 -15.1346 0
      vertex 9.54138 -15.3128 2
      vertex 9.54138 -15.3128 0
    endloop
  endfacet
  facet normal 0.981772 -0.190061 0
    outer loop
      vertex 9.58203 -15.1346 2
      vertex 9.61676 -14.9552 0
      vertex 9.61676 -14.9552 2
    endloop
  endfacet
  facet normal 0.981772 -0.190061 0
    outer loop
      vertex 9.61676 -14.9552 0
      vertex 9.58203 -15.1346 2
      vertex 9.58203 -15.1346 0
    endloop
  endfacet
  facet normal 0.987556 -0.157265 0
    outer loop
      vertex 9.61676 -14.9552 2
      vertex 9.64552 -14.7746 0
      vertex 9.64552 -14.7746 2
    endloop
  endfacet
  facet normal 0.987556 -0.157265 0
    outer loop
      vertex 9.64552 -14.7746 0
      vertex 9.61676 -14.9552 2
      vertex 9.61676 -14.9552 0
    endloop
  endfacet
  facet normal 0.992222 -0.124479 0
    outer loop
      vertex 9.64552 -14.7746 2
      vertex 9.66829 -14.5931 0
      vertex 9.66829 -14.5931 2
    endloop
  endfacet
  facet normal 0.992222 -0.124479 0
    outer loop
      vertex 9.66829 -14.5931 0
      vertex 9.64552 -14.7746 2
      vertex 9.64552 -14.7746 0
    endloop
  endfacet
  facet normal 0.995836 -0.0911665 0
    outer loop
      vertex 9.66829 -14.5931 2
      vertex 9.68497 -14.4109 0
      vertex 9.68497 -14.4109 2
    endloop
  endfacet
  facet normal 0.995836 -0.0911665 0
    outer loop
      vertex 9.68497 -14.4109 0
      vertex 9.66829 -14.5931 2
      vertex 9.66829 -14.5931 0
    endloop
  endfacet
  facet normal 0.998308 -0.0581415 0
    outer loop
      vertex 9.68497 -14.4109 2
      vertex 9.69589 -14.2234 0
      vertex 9.69589 -14.2234 2
    endloop
  endfacet
  facet normal 0.998308 -0.0581415 0
    outer loop
      vertex 9.69589 -14.2234 0
      vertex 9.68497 -14.4109 2
      vertex 9.68497 -14.4109 0
    endloop
  endfacet
  facet normal 0.999783 -0.0208162 0
    outer loop
      vertex 9.69589 -14.2234 2
      vertex 9.7 -14.026 0
      vertex 9.7 -14.026 2
    endloop
  endfacet
  facet normal 0.999783 -0.0208162 0
    outer loop
      vertex 9.7 -14.026 0
      vertex 9.69589 -14.2234 2
      vertex 9.69589 -14.2234 0
    endloop
  endfacet
  facet normal 1 -0 0
    outer loop
      vertex 9.7 -14.026 2
      vertex 9.7 14.0208 0
      vertex 9.7 14.0208 2
    endloop
  endfacet
  facet normal 1 0 0
    outer loop
      vertex 9.7 14.0208 0
      vertex 9.7 -14.026 2
      vertex 9.7 -14.026 0
    endloop
  endfacet
  facet normal 0.999861 0.0166746 0
    outer loop
      vertex 9.7 14.0208 2
      vertex 9.6973 14.1827 0
      vertex 9.6973 14.1827 2
    endloop
  endfacet
  facet normal 0.999861 0.0166746 0
    outer loop
      vertex 9.6973 14.1827 0
      vertex 9.7 14.0208 2
      vertex 9.7 14.0208 0
    endloop
  endfacet
  facet normal 0.998762 0.0497468 0
    outer loop
      vertex 9.6973 14.1827 2
      vertex 9.6882 14.3654 0
      vertex 9.6882 14.3654 2
    endloop
  endfacet
  facet normal 0.998762 0.0497468 0
    outer loop
      vertex 9.6882 14.3654 0
      vertex 9.6973 14.1827 2
      vertex 9.6973 14.1827 0
    endloop
  endfacet
  facet normal 0.996541 0.0830997 0
    outer loop
      vertex 9.6882 14.3654 2
      vertex 9.67299 14.5478 0
      vertex 9.67299 14.5478 2
    endloop
  endfacet
  facet normal 0.996541 0.0830997 0
    outer loop
      vertex 9.67299 14.5478 0
      vertex 9.6882 14.3654 2
      vertex 9.6882 14.3654 0
    endloop
  endfacet
  facet normal 0.993241 0.11607 0
    outer loop
      vertex 9.67299 14.5478 2
      vertex 9.65178 14.7293 0
      vertex 9.65178 14.7293 2
    endloop
  endfacet
  facet normal 0.993241 0.11607 0
    outer loop
      vertex 9.65178 14.7293 0
      vertex 9.67299 14.5478 2
      vertex 9.67299 14.5478 0
    endloop
  endfacet
  facet normal 0.988828 0.149063 0
    outer loop
      vertex 9.65178 14.7293 2
      vertex 9.62454 14.91 0
      vertex 9.62454 14.91 2
    endloop
  endfacet
  facet normal 0.988828 0.149063 0
    outer loop
      vertex 9.62454 14.91 0
      vertex 9.65178 14.7293 2
      vertex 9.65178 14.7293 0
    endloop
  endfacet
  facet normal 0.983336 0.1818 0
    outer loop
      vertex 9.62454 14.91 2
      vertex 9.59128 15.0899 0
      vertex 9.59128 15.0899 2
    endloop
  endfacet
  facet normal 0.983336 0.1818 0
    outer loop
      vertex 9.59128 15.0899 0
      vertex 9.62454 14.91 2
      vertex 9.62454 14.91 0
    endloop
  endfacet
  facet normal 0.976725 0.214496 0
    outer loop
      vertex 9.59128 15.0899 2
      vertex 9.55208 15.2684 0
      vertex 9.55208 15.2684 2
    endloop
  endfacet
  facet normal 0.976725 0.214496 0
    outer loop
      vertex 9.55208 15.2684 0
      vertex 9.59128 15.0899 2
      vertex 9.59128 15.0899 0
    endloop
  endfacet
  facet normal 0.969124 0.246572 0
    outer loop
      vertex 9.55208 15.2684 2
      vertex 9.50697 15.4457 0
      vertex 9.50697 15.4457 2
    endloop
  endfacet
  facet normal 0.969124 0.246572 0
    outer loop
      vertex 9.50697 15.4457 0
      vertex 9.55208 15.2684 2
      vertex 9.55208 15.2684 0
    endloop
  endfacet
  facet normal 0.960302 0.278963 0
    outer loop
      vertex 9.50697 15.4457 2
      vertex 9.45593 15.6214 0
      vertex 9.45593 15.6214 2
    endloop
  endfacet
  facet normal 0.960302 0.278963 0
    outer loop
      vertex 9.45593 15.6214 0
      vertex 9.50697 15.4457 2
      vertex 9.50697 15.4457 0
    endloop
  endfacet
  facet normal 0.950534 0.310621 0
    outer loop
      vertex 9.45593 15.6214 2
      vertex 9.3992 15.795 0
      vertex 9.3992 15.795 2
    endloop
  endfacet
  facet normal 0.950534 0.310621 0
    outer loop
      vertex 9.3992 15.795 0
      vertex 9.45593 15.6214 2
      vertex 9.45593 15.6214 0
    endloop
  endfacet
  facet normal 0.939728 0.341923 0
    outer loop
      vertex 9.3992 15.795 2
      vertex 9.33669 15.9668 0
      vertex 9.33669 15.9668 2
    endloop
  endfacet
  facet normal 0.939728 0.341923 0
    outer loop
      vertex 9.33669 15.9668 0
      vertex 9.3992 15.795 2
      vertex 9.3992 15.795 0
    endloop
  endfacet
  facet normal 0.927796 0.373087 0
    outer loop
      vertex 9.33669 15.9668 2
      vertex 9.26845 16.1365 0
      vertex 9.26845 16.1365 2
    endloop
  endfacet
  facet normal 0.927796 0.373087 0
    outer loop
      vertex 9.26845 16.1365 0
      vertex 9.33669 15.9668 2
      vertex 9.33669 15.9668 0
    endloop
  endfacet
  facet normal 0.914924 0.403627 0
    outer loop
      vertex 9.26845 16.1365 2
      vertex 9.1946 16.3039 0
      vertex 9.1946 16.3039 2
    endloop
  endfacet
  facet normal 0.914924 0.403627 0
    outer loop
      vertex 9.1946 16.3039 0
      vertex 9.26845 16.1365 2
      vertex 9.26845 16.1365 0
    endloop
  endfacet
  facet normal 0.900959 0.433904 0
    outer loop
      vertex 9.1946 16.3039 2
      vertex 9.11528 16.4686 0
      vertex 9.11528 16.4686 2
    endloop
  endfacet
  facet normal 0.900959 0.433904 0
    outer loop
      vertex 9.11528 16.4686 0
      vertex 9.1946 16.3039 2
      vertex 9.1946 16.3039 0
    endloop
  endfacet
  facet normal 0.886022 0.463643 0
    outer loop
      vertex 9.11528 16.4686 2
      vertex 9.03056 16.6305 0
      vertex 9.03056 16.6305 2
    endloop
  endfacet
  facet normal 0.886022 0.463643 0
    outer loop
      vertex 9.03056 16.6305 0
      vertex 9.11528 16.4686 2
      vertex 9.11528 16.4686 0
    endloop
  endfacet
  facet normal 0.870202 0.492695 0
    outer loop
      vertex 9.03056 16.6305 2
      vertex 8.94048 16.7896 0
      vertex 8.94048 16.7896 2
    endloop
  endfacet
  facet normal 0.870202 0.492695 0
    outer loop
      vertex 8.94048 16.7896 0
      vertex 9.03056 16.6305 2
      vertex 9.03056 16.6305 0
    endloop
  endfacet
  facet normal 0.853222 0.521547 0
    outer loop
      vertex 8.94048 16.7896 2
      vertex 8.845 16.9458 0
      vertex 8.845 16.9458 2
    endloop
  endfacet
  facet normal 0.853222 0.521547 0
    outer loop
      vertex 8.845 16.9458 0
      vertex 8.94048 16.7896 2
      vertex 8.94048 16.7896 0
    endloop
  endfacet
  facet normal 0.835458 0.549554 0
    outer loop
      vertex 8.845 16.9458 2
      vertex 8.74449 17.0986 0
      vertex 8.74449 17.0986 2
    endloop
  endfacet
  facet normal 0.835458 0.549554 0
    outer loop
      vertex 8.74449 17.0986 0
      vertex 8.845 16.9458 2
      vertex 8.845 16.9458 0
    endloop
  endfacet
  facet normal 0.816807 0.576911 0
    outer loop
      vertex 8.74449 17.0986 2
      vertex 8.63911 17.2478 0
      vertex 8.63911 17.2478 2
    endloop
  endfacet
  facet normal 0.816807 0.576911 0
    outer loop
      vertex 8.63911 17.2478 0
      vertex 8.74449 17.0986 2
      vertex 8.74449 17.0986 0
    endloop
  endfacet
  facet normal 0.797183 0.603738 0
    outer loop
      vertex 8.63911 17.2478 2
      vertex 8.52869 17.3936 0
      vertex 8.52869 17.3936 2
    endloop
  endfacet
  facet normal 0.797183 0.603738 0
    outer loop
      vertex 8.52869 17.3936 0
      vertex 8.63911 17.2478 2
      vertex 8.63911 17.2478 0
    endloop
  endfacet
  facet normal 0.776392 0.630251 0
    outer loop
      vertex 8.52869 17.3936 2
      vertex 8.4135 17.5355 0
      vertex 8.4135 17.5355 2
    endloop
  endfacet
  facet normal 0.776392 0.630251 0
    outer loop
      vertex 8.4135 17.5355 0
      vertex 8.52869 17.3936 2
      vertex 8.52869 17.3936 0
    endloop
  endfacet
  facet normal 0.755301 0.655378 0
    outer loop
      vertex 8.4135 17.5355 2
      vertex 8.29367 17.6736 0
      vertex 8.29367 17.6736 2
    endloop
  endfacet
  facet normal 0.755301 0.655378 0
    outer loop
      vertex 8.29367 17.6736 0
      vertex 8.4135 17.5355 2
      vertex 8.4135 17.5355 0
    endloop
  endfacet
  facet normal 0.733152 0.680065 0
    outer loop
      vertex 8.29367 17.6736 2
      vertex 8.16928 17.8077 0
      vertex 8.16928 17.8077 2
    endloop
  endfacet
  facet normal 0.733152 0.680065 0
    outer loop
      vertex 8.16928 17.8077 0
      vertex 8.29367 17.6736 2
      vertex 8.29367 17.6736 0
    endloop
  endfacet
  facet normal 0.710137 0.704064 0
    outer loop
      vertex 8.16928 17.8077 2
      vertex 8.04059 17.9375 0
      vertex 8.04059 17.9375 2
    endloop
  endfacet
  facet normal 0.710137 0.704064 0
    outer loop
      vertex 8.04059 17.9375 0
      vertex 8.16928 17.8077 2
      vertex 8.16928 17.8077 0
    endloop
  endfacet
  facet normal 0.686067 0.727538 -0
    outer loop
      vertex 8.04059 17.9375 0
      vertex 7.90761 18.0629 2
      vertex 8.04059 17.9375 2
    endloop
  endfacet
  facet normal 0.686067 0.727538 0
    outer loop
      vertex 7.90761 18.0629 2
      vertex 8.04059 17.9375 0
      vertex 7.90761 18.0629 0
    endloop
  endfacet
  facet normal 0.661857 0.74963 -0
    outer loop
      vertex 7.90761 18.0629 0
      vertex 7.77045 18.184 2
      vertex 7.90761 18.0629 2
    endloop
  endfacet
  facet normal 0.661857 0.74963 0
    outer loop
      vertex 7.77045 18.184 2
      vertex 7.90761 18.0629 0
      vertex 7.77045 18.184 0
    endloop
  endfacet
  facet normal 0.636385 0.771371 -0
    outer loop
      vertex 7.77045 18.184 0
      vertex 7.62936 18.3004 2
      vertex 7.77045 18.184 2
    endloop
  endfacet
  facet normal 0.636385 0.771371 0
    outer loop
      vertex 7.62936 18.3004 2
      vertex 7.77045 18.184 0
      vertex 7.62936 18.3004 0
    endloop
  endfacet
  facet normal 0.610477 0.792034 -0
    outer loop
      vertex 7.62936 18.3004 0
      vertex 7.48457 18.412 2
      vertex 7.62936 18.3004 2
    endloop
  endfacet
  facet normal 0.610477 0.792034 0
    outer loop
      vertex 7.48457 18.412 2
      vertex 7.62936 18.3004 0
      vertex 7.48457 18.412 0
    endloop
  endfacet
  facet normal 0.583642 0.812011 -0
    outer loop
      vertex 7.48457 18.412 0
      vertex 7.33612 18.5187 2
      vertex 7.48457 18.412 2
    endloop
  endfacet
  facet normal 0.583642 0.812011 0
    outer loop
      vertex 7.33612 18.5187 2
      vertex 7.48457 18.412 0
      vertex 7.33612 18.5187 0
    endloop
  endfacet
  facet normal 0.556492 0.830853 -0
    outer loop
      vertex 7.33612 18.5187 0
      vertex 7.18428 18.6204 2
      vertex 7.33612 18.5187 2
    endloop
  endfacet
  facet normal 0.556492 0.830853 0
    outer loop
      vertex 7.18428 18.6204 2
      vertex 7.33612 18.5187 0
      vertex 7.18428 18.6204 0
    endloop
  endfacet
  facet normal 0.528451 0.848964 -0
    outer loop
      vertex 7.18428 18.6204 0
      vertex 7.02893 18.7171 2
      vertex 7.18428 18.6204 2
    endloop
  endfacet
  facet normal 0.528451 0.848964 0
    outer loop
      vertex 7.02893 18.7171 2
      vertex 7.18428 18.6204 0
      vertex 7.02893 18.7171 0
    endloop
  endfacet
  facet normal 0.499975 0.86604 -0
    outer loop
      vertex 7.02893 18.7171 0
      vertex 6.87061 18.8085 2
      vertex 7.02893 18.7171 2
    endloop
  endfacet
  facet normal 0.499975 0.86604 0
    outer loop
      vertex 6.87061 18.8085 2
      vertex 7.02893 18.7171 0
      vertex 6.87061 18.8085 0
    endloop
  endfacet
  facet normal 0.470702 0.882292 -0
    outer loop
      vertex 6.87061 18.8085 0
      vertex 6.70941 18.8945 2
      vertex 6.87061 18.8085 2
    endloop
  endfacet
  facet normal 0.470702 0.882292 0
    outer loop
      vertex 6.70941 18.8945 2
      vertex 6.87061 18.8085 0
      vertex 6.70941 18.8945 0
    endloop
  endfacet
  facet normal 0.441565 0.897229 -0
    outer loop
      vertex 6.70941 18.8945 0
      vertex 6.54523 18.9753 2
      vertex 6.70941 18.8945 2
    endloop
  endfacet
  facet normal 0.441565 0.897229 0
    outer loop
      vertex 6.54523 18.9753 2
      vertex 6.70941 18.8945 0
      vertex 6.54523 18.9753 0
    endloop
  endfacet
  facet normal 0.411496 0.911412 -0
    outer loop
      vertex 6.54523 18.9753 0
      vertex 6.37845 19.0506 2
      vertex 6.54523 18.9753 2
    endloop
  endfacet
  facet normal 0.411496 0.911412 0
    outer loop
      vertex 6.37845 19.0506 2
      vertex 6.54523 18.9753 0
      vertex 6.37845 19.0506 0
    endloop
  endfacet
  facet normal 0.380491 0.924785 -0
    outer loop
      vertex 6.37845 19.0506 0
      vertex 6.20953 19.1201 2
      vertex 6.37845 19.0506 2
    endloop
  endfacet
  facet normal 0.380491 0.924785 0
    outer loop
      vertex 6.20953 19.1201 2
      vertex 6.37845 19.0506 0
      vertex 6.20953 19.1201 0
    endloop
  endfacet
  facet normal 0.350002 0.936749 -0
    outer loop
      vertex 6.20953 19.1201 0
      vertex 6.03824 19.1841 2
      vertex 6.20953 19.1201 2
    endloop
  endfacet
  facet normal 0.350002 0.936749 0
    outer loop
      vertex 6.03824 19.1841 2
      vertex 6.20953 19.1201 0
      vertex 6.03824 19.1841 0
    endloop
  endfacet
  facet normal 0.318245 0.948009 -0
    outer loop
      vertex 6.03824 19.1841 0
      vertex 5.86487 19.2423 2
      vertex 6.03824 19.1841 2
    endloop
  endfacet
  facet normal 0.318245 0.948009 0
    outer loop
      vertex 5.86487 19.2423 2
      vertex 6.03824 19.1841 0
      vertex 5.86487 19.2423 0
    endloop
  endfacet
  facet normal 0.287092 0.957903 -0
    outer loop
      vertex 5.86487 19.2423 0
      vertex 5.6897 19.2948 2
      vertex 5.86487 19.2423 2
    endloop
  endfacet
  facet normal 0.287092 0.957903 0
    outer loop
      vertex 5.6897 19.2948 2
      vertex 5.86487 19.2423 0
      vertex 5.6897 19.2948 0
    endloop
  endfacet
  facet normal 0.254695 0.967021 -0
    outer loop
      vertex 5.6897 19.2948 0
      vertex 5.51277 19.3414 2
      vertex 5.6897 19.2948 2
    endloop
  endfacet
  facet normal 0.254695 0.967021 0
    outer loop
      vertex 5.51277 19.3414 2
      vertex 5.6897 19.2948 0
      vertex 5.51277 19.3414 0
    endloop
  endfacet
  facet normal 0.222224 0.974996 -0
    outer loop
      vertex 5.51277 19.3414 0
      vertex 5.33464 19.382 2
      vertex 5.51277 19.3414 2
    endloop
  endfacet
  facet normal 0.222224 0.974996 0
    outer loop
      vertex 5.33464 19.382 2
      vertex 5.51277 19.3414 0
      vertex 5.33464 19.382 0
    endloop
  endfacet
  facet normal 0.19042 0.981703 -0
    outer loop
      vertex 5.33464 19.382 0
      vertex 5.15523 19.4168 2
      vertex 5.33464 19.382 2
    endloop
  endfacet
  facet normal 0.19042 0.981703 0
    outer loop
      vertex 5.15523 19.4168 2
      vertex 5.33464 19.382 0
      vertex 5.15523 19.4168 0
    endloop
  endfacet
  facet normal 0.156954 0.987606 -0
    outer loop
      vertex 5.15523 19.4168 0
      vertex 4.97464 19.4455 2
      vertex 5.15523 19.4168 2
    endloop
  endfacet
  facet normal 0.156954 0.987606 0
    outer loop
      vertex 4.97464 19.4455 2
      vertex 5.15523 19.4168 0
      vertex 4.97464 19.4455 0
    endloop
  endfacet
  facet normal 0.124586 0.992209 -0
    outer loop
      vertex 4.97464 19.4455 0
      vertex 4.79306 19.4683 2
      vertex 4.97464 19.4455 2
    endloop
  endfacet
  facet normal 0.124586 0.992209 0
    outer loop
      vertex 4.79306 19.4683 2
      vertex 4.97464 19.4455 0
      vertex 4.79306 19.4683 0
    endloop
  endfacet
  facet normal 0.0913047 0.995823 -0
    outer loop
      vertex 4.79306 19.4683 0
      vertex 4.61092 19.485 2
      vertex 4.79306 19.4683 2
    endloop
  endfacet
  facet normal 0.0913047 0.995823 0
    outer loop
      vertex 4.61092 19.485 2
      vertex 4.79306 19.4683 0
      vertex 4.61092 19.485 0
    endloop
  endfacet
  facet normal 0.0580168 0.998316 -0
    outer loop
      vertex 4.61092 19.485 0
      vertex 4.42336 19.4959 2
      vertex 4.61092 19.485 2
    endloop
  endfacet
  facet normal 0.0580168 0.998316 0
    outer loop
      vertex 4.42336 19.4959 2
      vertex 4.61092 19.485 0
      vertex 4.42336 19.4959 0
    endloop
  endfacet
  facet normal 0.0207708 0.999784 -0
    outer loop
      vertex 4.42336 19.4959 0
      vertex 4.22601 19.5 2
      vertex 4.42336 19.4959 2
    endloop
  endfacet
  facet normal 0.0207708 0.999784 0
    outer loop
      vertex 4.22601 19.5 2
      vertex 4.42336 19.4959 0
      vertex 4.22601 19.5 0
    endloop
  endfacet
  facet normal 0 1 -0
    outer loop
      vertex 4.22601 19.5 0
      vertex -4.22084 19.5 2
      vertex 4.22601 19.5 2
    endloop
  endfacet
  facet normal 0 1 0
    outer loop
      vertex -4.22084 19.5 2
      vertex 4.22601 19.5 0
      vertex -4.22084 19.5 0
    endloop
  endfacet
  facet normal -0.0166746 0.999861 0
    outer loop
      vertex -4.22084 19.5 0
      vertex -4.38274 19.4973 2
      vertex -4.22084 19.5 2
    endloop
  endfacet
  facet normal -0.0166746 0.999861 0
    outer loop
      vertex -4.38274 19.4973 2
      vertex -4.22084 19.5 0
      vertex -4.38274 19.4973 0
    endloop
  endfacet
  facet normal -0.0497631 0.998761 0
    outer loop
      vertex -4.38274 19.4973 0
      vertex -4.56538 19.4882 2
      vertex -4.38274 19.4973 2
    endloop
  endfacet
  facet normal -0.0497631 0.998761 0
    outer loop
      vertex -4.56538 19.4882 2
      vertex -4.38274 19.4973 0
      vertex -4.56538 19.4882 0
    endloop
  endfacet
  facet normal -0.0830364 0.996547 0
    outer loop
      vertex -4.56538 19.4882 0
      vertex -4.7478 19.473 2
      vertex -4.56538 19.4882 2
    endloop
  endfacet
  facet normal -0.0830364 0.996547 0
    outer loop
      vertex -4.7478 19.473 2
      vertex -4.56538 19.4882 0
      vertex -4.7478 19.473 0
    endloop
  endfacet
  facet normal -0.116022 0.993247 0
    outer loop
      vertex -4.7478 19.473 0
      vertex -4.92929 19.4518 2
      vertex -4.7478 19.473 2
    endloop
  endfacet
  facet normal -0.116022 0.993247 0
    outer loop
      vertex -4.92929 19.4518 2
      vertex -4.7478 19.473 0
      vertex -4.92929 19.4518 0
    endloop
  endfacet
  facet normal -0.1494 0.988777 0
    outer loop
      vertex -4.92929 19.4518 0
      vertex -5.10997 19.4245 2
      vertex -4.92929 19.4518 2
    endloop
  endfacet
  facet normal -0.1494 0.988777 0
    outer loop
      vertex -5.10997 19.4245 2
      vertex -4.92929 19.4518 0
      vertex -5.10997 19.4245 0
    endloop
  endfacet
  facet normal -0.181453 0.9834 0
    outer loop
      vertex -5.10997 19.4245 0
      vertex -5.2899 19.3913 2
      vertex -5.10997 19.4245 2
    endloop
  endfacet
  facet normal -0.181453 0.9834 0
    outer loop
      vertex -5.2899 19.3913 2
      vertex -5.10997 19.4245 0
      vertex -5.2899 19.3913 0
    endloop
  endfacet
  facet normal -0.214462 0.976732 0
    outer loop
      vertex -5.2899 19.3913 0
      vertex -5.46843 19.3521 2
      vertex -5.2899 19.3913 2
    endloop
  endfacet
  facet normal -0.214462 0.976732 0
    outer loop
      vertex -5.46843 19.3521 2
      vertex -5.2899 19.3913 0
      vertex -5.46843 19.3521 0
    endloop
  endfacet
  facet normal -0.246612 0.969114 0
    outer loop
      vertex -5.46843 19.3521 0
      vertex -5.64566 19.307 2
      vertex -5.46843 19.3521 2
    endloop
  endfacet
  facet normal -0.246612 0.969114 0
    outer loop
      vertex -5.64566 19.307 2
      vertex -5.46843 19.3521 0
      vertex -5.64566 19.307 0
    endloop
  endfacet
  facet normal -0.279251 0.960218 0
    outer loop
      vertex -5.64566 19.307 0
      vertex -5.82137 19.2559 2
      vertex -5.64566 19.307 2
    endloop
  endfacet
  facet normal -0.279251 0.960218 0
    outer loop
      vertex -5.82137 19.2559 2
      vertex -5.64566 19.307 0
      vertex -5.82137 19.2559 0
    endloop
  endfacet
  facet normal -0.310408 0.950603 0
    outer loop
      vertex -5.82137 19.2559 0
      vertex -5.99501 19.1992 2
      vertex -5.82137 19.2559 2
    endloop
  endfacet
  facet normal -0.310408 0.950603 0
    outer loop
      vertex -5.99501 19.1992 2
      vertex -5.82137 19.2559 0
      vertex -5.99501 19.1992 0
    endloop
  endfacet
  facet normal -0.34191 0.939733 0
    outer loop
      vertex -5.99501 19.1992 0
      vertex -6.16679 19.1367 2
      vertex -5.99501 19.1992 2
    endloop
  endfacet
  facet normal -0.34191 0.939733 0
    outer loop
      vertex -6.16679 19.1367 2
      vertex -5.99501 19.1992 0
      vertex -6.16679 19.1367 0
    endloop
  endfacet
  facet normal -0.372842 0.927895 0
    outer loop
      vertex -6.16679 19.1367 0
      vertex -6.33652 19.0685 2
      vertex -6.16679 19.1367 2
    endloop
  endfacet
  facet normal -0.372842 0.927895 0
    outer loop
      vertex -6.33652 19.0685 2
      vertex -6.16679 19.1367 0
      vertex -6.33652 19.0685 0
    endloop
  endfacet
  facet normal -0.403977 0.914769 0
    outer loop
      vertex -6.33652 19.0685 0
      vertex -6.50386 18.9946 2
      vertex -6.33652 19.0685 2
    endloop
  endfacet
  facet normal -0.403977 0.914769 0
    outer loop
      vertex -6.50386 18.9946 2
      vertex -6.33652 19.0685 0
      vertex -6.50386 18.9946 0
    endloop
  endfacet
  facet normal -0.433816 0.901002 0
    outer loop
      vertex -6.50386 18.9946 0
      vertex -6.66856 18.9153 2
      vertex -6.50386 18.9946 2
    endloop
  endfacet
  facet normal -0.433816 0.901002 0
    outer loop
      vertex -6.66856 18.9153 2
      vertex -6.50386 18.9946 0
      vertex -6.66856 18.9153 0
    endloop
  endfacet
  facet normal -0.463535 0.886079 0
    outer loop
      vertex -6.66856 18.9153 0
      vertex -6.83047 18.8306 2
      vertex -6.66856 18.9153 2
    endloop
  endfacet
  facet normal -0.463535 0.886079 0
    outer loop
      vertex -6.83047 18.8306 2
      vertex -6.66856 18.9153 0
      vertex -6.83047 18.8306 0
    endloop
  endfacet
  facet normal -0.492801 0.870142 0
    outer loop
      vertex -6.83047 18.8306 0
      vertex -6.98956 18.7405 2
      vertex -6.83047 18.8306 2
    endloop
  endfacet
  facet normal -0.492801 0.870142 0
    outer loop
      vertex -6.98956 18.7405 2
      vertex -6.83047 18.8306 0
      vertex -6.98956 18.7405 0
    endloop
  endfacet
  facet normal -0.521505 0.853248 0
    outer loop
      vertex -6.98956 18.7405 0
      vertex -7.14581 18.645 2
      vertex -6.98956 18.7405 2
    endloop
  endfacet
  facet normal -0.521505 0.853248 0
    outer loop
      vertex -7.14581 18.645 2
      vertex -6.98956 18.7405 0
      vertex -7.14581 18.645 0
    endloop
  endfacet
  facet normal -0.549591 0.835434 0
    outer loop
      vertex -7.14581 18.645 0
      vertex -7.29858 18.5445 2
      vertex -7.14581 18.645 2
    endloop
  endfacet
  facet normal -0.549591 0.835434 0
    outer loop
      vertex -7.29858 18.5445 2
      vertex -7.14581 18.645 0
      vertex -7.29858 18.5445 0
    endloop
  endfacet
  facet normal -0.577061 0.816701 0
    outer loop
      vertex -7.29858 18.5445 0
      vertex -7.44775 18.4391 2
      vertex -7.29858 18.5445 2
    endloop
  endfacet
  facet normal -0.577061 0.816701 0
    outer loop
      vertex -7.44775 18.4391 2
      vertex -7.29858 18.5445 0
      vertex -7.44775 18.4391 0
    endloop
  endfacet
  facet normal -0.603668 0.797236 0
    outer loop
      vertex -7.44775 18.4391 0
      vertex -7.59355 18.3287 2
      vertex -7.44775 18.4391 2
    endloop
  endfacet
  facet normal -0.603668 0.797236 0
    outer loop
      vertex -7.59355 18.3287 2
      vertex -7.44775 18.4391 0
      vertex -7.59355 18.3287 0
    endloop
  endfacet
  facet normal -0.630069 0.776539 0
    outer loop
      vertex -7.59355 18.3287 0
      vertex -7.73553 18.2135 2
      vertex -7.59355 18.3287 2
    endloop
  endfacet
  facet normal -0.630069 0.776539 0
    outer loop
      vertex -7.73553 18.2135 2
      vertex -7.59355 18.3287 0
      vertex -7.73553 18.2135 0
    endloop
  endfacet
  facet normal -0.655257 0.755406 0
    outer loop
      vertex -7.73553 18.2135 0
      vertex -7.87364 18.0937 2
      vertex -7.73553 18.2135 2
    endloop
  endfacet
  facet normal -0.655257 0.755406 0
    outer loop
      vertex -7.87364 18.0937 2
      vertex -7.73553 18.2135 0
      vertex -7.87364 18.0937 0
    endloop
  endfacet
  facet normal -0.680258 0.732973 0
    outer loop
      vertex -7.87364 18.0937 0
      vertex -8.00768 17.9693 2
      vertex -7.87364 18.0937 2
    endloop
  endfacet
  facet normal -0.680258 0.732973 0
    outer loop
      vertex -8.00768 17.9693 2
      vertex -7.87364 18.0937 0
      vertex -8.00768 17.9693 0
    endloop
  endfacet
  facet normal -0.704119 0.710082 0
    outer loop
      vertex -8.00768 17.9693 0
      vertex -8.13747 17.8406 2
      vertex -8.00768 17.9693 2
    endloop
  endfacet
  facet normal -0.704119 0.710082 0
    outer loop
      vertex -8.13747 17.8406 2
      vertex -8.00768 17.9693 0
      vertex -8.13747 17.8406 0
    endloop
  endfacet
  facet normal -0.727453 0.686158 0
    outer loop
      vertex -8.26292 17.7076 0
      vertex -8.13747 17.8406 2
      vertex -8.13747 17.8406 0
    endloop
  endfacet
  facet normal -0.727453 0.686158 0
    outer loop
      vertex -8.13747 17.8406 2
      vertex -8.26292 17.7076 0
      vertex -8.26292 17.7076 2
    endloop
  endfacet
  facet normal -0.749808 0.661656 0
    outer loop
      vertex -8.38399 17.5704 0
      vertex -8.26292 17.7076 2
      vertex -8.26292 17.7076 0
    endloop
  endfacet
  facet normal -0.749808 0.661656 0
    outer loop
      vertex -8.26292 17.7076 2
      vertex -8.38399 17.5704 0
      vertex -8.38399 17.5704 2
    endloop
  endfacet
  facet normal -0.771226 0.636562 0
    outer loop
      vertex -8.50037 17.4294 0
      vertex -8.38399 17.5704 2
      vertex -8.38399 17.5704 0
    endloop
  endfacet
  facet normal -0.771226 0.636562 0
    outer loop
      vertex -8.38399 17.5704 2
      vertex -8.50037 17.4294 0
      vertex -8.50037 17.4294 2
    endloop
  endfacet
  facet normal -0.792107 0.610382 0
    outer loop
      vertex -8.61195 17.2846 0
      vertex -8.50037 17.4294 2
      vertex -8.50037 17.4294 0
    endloop
  endfacet
  facet normal -0.792107 0.610382 0
    outer loop
      vertex -8.50037 17.4294 2
      vertex -8.61195 17.2846 0
      vertex -8.61195 17.2846 2
    endloop
  endfacet
  facet normal -0.812053 0.583584 0
    outer loop
      vertex -8.71867 17.1361 0
      vertex -8.61195 17.2846 2
      vertex -8.61195 17.2846 0
    endloop
  endfacet
  facet normal -0.812053 0.583584 0
    outer loop
      vertex -8.61195 17.2846 2
      vertex -8.71867 17.1361 0
      vertex -8.71867 17.1361 2
    endloop
  endfacet
  facet normal -0.830785 0.556593 0
    outer loop
      vertex -8.82037 16.9843 0
      vertex -8.71867 17.1361 2
      vertex -8.71867 17.1361 0
    endloop
  endfacet
  facet normal -0.830785 0.556593 0
    outer loop
      vertex -8.71867 17.1361 2
      vertex -8.82037 16.9843 0
      vertex -8.82037 16.9843 2
    endloop
  endfacet
  facet normal -0.848967 0.528446 0
    outer loop
      vertex -8.9171 16.8289 0
      vertex -8.82037 16.9843 2
      vertex -8.82037 16.9843 0
    endloop
  endfacet
  facet normal -0.848967 0.528446 0
    outer loop
      vertex -8.82037 16.9843 2
      vertex -8.9171 16.8289 0
      vertex -8.9171 16.8289 2
    endloop
  endfacet
  facet normal -0.86606 0.49994 0
    outer loop
      vertex -9.00848 16.6706 0
      vertex -8.9171 16.8289 2
      vertex -8.9171 16.8289 0
    endloop
  endfacet
  facet normal -0.86606 0.49994 0
    outer loop
      vertex -8.9171 16.8289 2
      vertex -9.00848 16.6706 0
      vertex -9.00848 16.6706 2
    endloop
  endfacet
  facet normal -0.882156 0.470957 0
    outer loop
      vertex -9.09454 16.5094 0
      vertex -9.00848 16.6706 2
      vertex -9.00848 16.6706 0
    endloop
  endfacet
  facet normal -0.882156 0.470957 0
    outer loop
      vertex -9.00848 16.6706 2
      vertex -9.09454 16.5094 0
      vertex -9.09454 16.5094 2
    endloop
  endfacet
  facet normal -0.897316 0.44139 0
    outer loop
      vertex -9.17531 16.3452 0
      vertex -9.09454 16.5094 2
      vertex -9.09454 16.5094 0
    endloop
  endfacet
  facet normal -0.897316 0.44139 0
    outer loop
      vertex -9.09454 16.5094 2
      vertex -9.17531 16.3452 0
      vertex -9.17531 16.3452 2
    endloop
  endfacet
  facet normal -0.91144 0.411433 0
    outer loop
      vertex -9.25056 16.1785 0
      vertex -9.17531 16.3452 2
      vertex -9.17531 16.3452 0
    endloop
  endfacet
  facet normal -0.91144 0.411433 0
    outer loop
      vertex -9.17531 16.3452 2
      vertex -9.25056 16.1785 0
      vertex -9.25056 16.1785 2
    endloop
  endfacet
  facet normal -0.924771 0.380524 0
    outer loop
      vertex -9.3201 16.0095 0
      vertex -9.25056 16.1785 2
      vertex -9.25056 16.1785 0
    endloop
  endfacet
  facet normal -0.924771 0.380524 0
    outer loop
      vertex -9.25056 16.1785 2
      vertex -9.3201 16.0095 0
      vertex -9.3201 16.0095 2
    endloop
  endfacet
  facet normal -0.936791 0.349889 0
    outer loop
      vertex -9.38408 15.8382 0
      vertex -9.3201 16.0095 2
      vertex -9.3201 16.0095 0
    endloop
  endfacet
  facet normal -0.936791 0.349889 0
    outer loop
      vertex -9.3201 16.0095 2
      vertex -9.38408 15.8382 0
      vertex -9.38408 15.8382 2
    endloop
  endfacet
  facet normal -0.947904 0.318557 0
    outer loop
      vertex -9.44232 15.6649 0
      vertex -9.38408 15.8382 2
      vertex -9.38408 15.8382 0
    endloop
  endfacet
  facet normal -0.947904 0.318557 0
    outer loop
      vertex -9.38408 15.8382 2
      vertex -9.44232 15.6649 0
      vertex -9.44232 15.6649 2
    endloop
  endfacet
  facet normal -0.957992 0.286796 0
    outer loop
      vertex -9.49477 15.4897 0
      vertex -9.44232 15.6649 2
      vertex -9.44232 15.6649 0
    endloop
  endfacet
  facet normal -0.957992 0.286796 0
    outer loop
      vertex -9.44232 15.6649 2
      vertex -9.49477 15.4897 0
      vertex -9.49477 15.4897 2
    endloop
  endfacet
  facet normal -0.966997 0.254787 0
    outer loop
      vertex -9.54138 15.3128 0
      vertex -9.49477 15.4897 2
      vertex -9.49477 15.4897 0
    endloop
  endfacet
  facet normal -0.966997 0.254787 0
    outer loop
      vertex -9.49477 15.4897 2
      vertex -9.54138 15.3128 0
      vertex -9.54138 15.3128 2
    endloop
  endfacet
  facet normal -0.974955 0.222401 0
    outer loop
      vertex -9.58203 15.1346 0
      vertex -9.54138 15.3128 2
      vertex -9.54138 15.3128 0
    endloop
  endfacet
  facet normal -0.974955 0.222401 0
    outer loop
      vertex -9.54138 15.3128 2
      vertex -9.58203 15.1346 0
      vertex -9.58203 15.1346 2
    endloop
  endfacet
  facet normal -0.981772 0.190061 0
    outer loop
      vertex -9.61676 14.9552 0
      vertex -9.58203 15.1346 2
      vertex -9.58203 15.1346 0
    endloop
  endfacet
  facet normal -0.981772 0.190061 0
    outer loop
      vertex -9.58203 15.1346 2
      vertex -9.61676 14.9552 0
      vertex -9.61676 14.9552 2
    endloop
  endfacet
  facet normal -0.987556 0.157265 0
    outer loop
      vertex -9.64552 14.7746 0
      vertex -9.61676 14.9552 2
      vertex -9.61676 14.9552 0
    endloop
  endfacet
  facet normal -0.987556 0.157265 0
    outer loop
      vertex -9.61676 14.9552 2
      vertex -9.64552 14.7746 0
      vertex -9.64552 14.7746 2
    endloop
  endfacet
  facet normal -0.992222 0.124479 0
    outer loop
      vertex -9.66829 14.5931 0
      vertex -9.64552 14.7746 2
      vertex -9.64552 14.7746 0
    endloop
  endfacet
  facet normal -0.992222 0.124479 0
    outer loop
      vertex -9.64552 14.7746 2
      vertex -9.66829 14.5931 0
      vertex -9.66829 14.5931 2
    endloop
  endfacet
  facet normal -0.995836 0.0911665 0
    outer loop
      vertex -9.68497 14.4109 0
      vertex -9.66829 14.5931 2
      vertex -9.66829 14.5931 0
    endloop
  endfacet
  facet normal -0.995836 0.0911665 0
    outer loop
      vertex -9.66829 14.5931 2
      vertex -9.68497 14.4109 0
      vertex -9.68497 14.4109 2
    endloop
  endfacet
  facet normal -0.998308 0.0581415 0
    outer loop
      vertex -9.69589 14.2234 0
      vertex -9.68497 14.4109 2
      vertex -9.68497 14.4109 0
    endloop
  endfacet
  facet normal -0.998308 0.0581415 0
    outer loop
      vertex -9.68497 14.4109 2
      vertex -9.69589 14.2234 0
      vertex -9.69589 14.2234 2
    endloop
  endfacet
  facet normal -0.999783 0.0208162 0
    outer loop
      vertex -9.7 14.026 0
      vertex -9.69589 14.2234 2
      vertex -9.69589 14.2234 0
    endloop
  endfacet
  facet normal -0.999783 0.0208162 0
    outer loop
      vertex -9.69589 14.2234 2
      vertex -9.7 14.026 0
      vertex -9.7 14.026 2
    endloop
  endfacet
  facet normal -1 0 0
    outer loop
      vertex -9.7 5.99994 0
      vertex -9.7 14.026 2
      vertex -9.7 14.026 0
    endloop
  endfacet
  facet normal -1 -0 0
    outer loop
      vertex -9.7 14.026 2
      vertex -9.7 5.99994 0
      vertex -9.7 5.99994 2
    endloop
  endfacet
  facet normal 0 -1 0
    outer loop
      vertex -9.7 5.99994 2
      vertex -9.7 5.99994 0
      vertex -7.2 5.99994 2
    endloop
  endfacet
  facet normal 0 -1 0
    outer loop
      vertex -7.2 5.99994 2
      vertex -3.97499 5.99994 7
      vertex -7.2 5.99994 7
    endloop
  endfacet
  facet normal 0 -1 0
    outer loop
      vertex -7.2 5.99994 2
      vertex -3.97499 5.99994 0
      vertex -3.97499 5.99994 7
    endloop
  endfacet
  facet normal 0 -1 0
    outer loop
      vertex -3.97499 5.99994 0
      vertex -7.2 5.99994 2
      vertex -9.7 5.99994 0
    endloop
  endfacet
  facet normal -0.0125003 -0.999922 0
    outer loop
      vertex -3.97499 5.99994 0
      vertex -3.875 5.99869 7
      vertex -3.97499 5.99994 7
    endloop
  endfacet
  facet normal -0.0125003 -0.999922 -0
    outer loop
      vertex -3.875 5.99869 7
      vertex -3.97499 5.99994 0
      vertex -3.875 5.99869 0
    endloop
  endfacet
  facet normal -0.0292021 -0.999574 0
    outer loop
      vertex -3.875 5.99869 0
      vertex -3.77505 5.99577 7
      vertex -3.875 5.99869 7
    endloop
  endfacet
  facet normal -0.0292021 -0.999574 -0
    outer loop
      vertex -3.77505 5.99577 7
      vertex -3.875 5.99869 0
      vertex -3.77505 5.99577 0
    endloop
  endfacet
  facet normal -0.0457025 -0.998955 0
    outer loop
      vertex -3.77505 5.99577 0
      vertex -3.67516 5.9912 7
      vertex -3.77505 5.99577 7
    endloop
  endfacet
  facet normal -0.0457025 -0.998955 -0
    outer loop
      vertex -3.67516 5.9912 7
      vertex -3.77505 5.99577 0
      vertex -3.67516 5.9912 0
    endloop
  endfacet
  facet normal -0.0625028 -0.998045 0
    outer loop
      vertex -3.67516 5.9912 0
      vertex -3.57536 5.98495 7
      vertex -3.67516 5.9912 7
    endloop
  endfacet
  facet normal -0.0625028 -0.998045 -0
    outer loop
      vertex -3.57536 5.98495 7
      vertex -3.67516 5.9912 0
      vertex -3.57536 5.98495 0
    endloop
  endfacet
  facet normal -0.0791053 -0.996866 0
    outer loop
      vertex -3.57536 5.98495 0
      vertex -3.47568 5.97704 7
      vertex -3.57536 5.98495 7
    endloop
  endfacet
  facet normal -0.0791053 -0.996866 -0
    outer loop
      vertex -3.47568 5.97704 7
      vertex -3.57536 5.98495 0
      vertex -3.47568 5.97704 0
    endloop
  endfacet
  facet normal -0.0956914 -0.995411 0
    outer loop
      vertex -3.47568 5.97704 0
      vertex -3.37613 5.96747 7
      vertex -3.47568 5.97704 7
    endloop
  endfacet
  facet normal -0.0956914 -0.995411 -0
    outer loop
      vertex -3.37613 5.96747 7
      vertex -3.47568 5.97704 0
      vertex -3.37613 5.96747 0
    endloop
  endfacet
  facet normal -0.112221 -0.993683 0
    outer loop
      vertex -3.37613 5.96747 0
      vertex -3.27678 5.95625 7
      vertex -3.37613 5.96747 7
    endloop
  endfacet
  facet normal -0.112221 -0.993683 -0
    outer loop
      vertex -3.27678 5.95625 7
      vertex -3.37613 5.96747 0
      vertex -3.27678 5.95625 0
    endloop
  endfacet
  facet normal -0.128895 -0.991658 0
    outer loop
      vertex -3.27678 5.95625 0
      vertex -3.17761 5.94336 7
      vertex -3.27678 5.95625 7
    endloop
  endfacet
  facet normal -0.128895 -0.991658 -0
    outer loop
      vertex -3.17761 5.94336 7
      vertex -3.27678 5.95625 0
      vertex -3.17761 5.94336 0
    endloop
  endfacet
  facet normal -0.145298 -0.989388 0
    outer loop
      vertex -3.17761 5.94336 0
      vertex -3.07867 5.92883 7
      vertex -3.17761 5.94336 7
    endloop
  endfacet
  facet normal -0.145298 -0.989388 -0
    outer loop
      vertex -3.07867 5.92883 7
      vertex -3.17761 5.94336 0
      vertex -3.07867 5.92883 0
    endloop
  endfacet
  facet normal -0.161722 -0.986836 0
    outer loop
      vertex -3.07867 5.92883 0
      vertex -2.98 5.91266 7
      vertex -3.07867 5.92883 7
    endloop
  endfacet
  facet normal -0.161722 -0.986836 -0
    outer loop
      vertex -2.98 5.91266 7
      vertex -3.07867 5.92883 0
      vertex -2.98 5.91266 0
    endloop
  endfacet
  facet normal -0.178181 -0.983998 0
    outer loop
      vertex -2.98 5.91266 0
      vertex -2.88159 5.89484 7
      vertex -2.98 5.91266 7
    endloop
  endfacet
  facet normal -0.178181 -0.983998 -0
    outer loop
      vertex -2.88159 5.89484 7
      vertex -2.98 5.91266 0
      vertex -2.88159 5.89484 0
    endloop
  endfacet
  facet normal -0.194616 -0.98088 0
    outer loop
      vertex -2.88159 5.89484 0
      vertex -2.78351 5.87538 7
      vertex -2.88159 5.89484 7
    endloop
  endfacet
  facet normal -0.194616 -0.98088 -0
    outer loop
      vertex -2.78351 5.87538 7
      vertex -2.88159 5.89484 0
      vertex -2.78351 5.87538 0
    endloop
  endfacet
  facet normal -0.210902 -0.977507 0
    outer loop
      vertex -2.78351 5.87538 0
      vertex -2.68576 5.85429 7
      vertex -2.78351 5.87538 7
    endloop
  endfacet
  facet normal -0.210902 -0.977507 -0
    outer loop
      vertex -2.68576 5.85429 7
      vertex -2.78351 5.87538 0
      vertex -2.68576 5.85429 0
    endloop
  endfacet
  facet normal -0.227211 -0.973846 0
    outer loop
      vertex -2.68576 5.85429 0
      vertex -2.58838 5.83157 7
      vertex -2.68576 5.85429 7
    endloop
  endfacet
  facet normal -0.227211 -0.973846 -0
    outer loop
      vertex -2.58838 5.83157 7
      vertex -2.68576 5.85429 0
      vertex -2.58838 5.83157 0
    endloop
  endfacet
  facet normal -0.243312 -0.969948 0
    outer loop
      vertex -2.58838 5.83157 0
      vertex -2.49139 5.80724 7
      vertex -2.58838 5.83157 7
    endloop
  endfacet
  facet normal -0.243312 -0.969948 -0
    outer loop
      vertex -2.49139 5.80724 7
      vertex -2.58838 5.83157 0
      vertex -2.49139 5.80724 0
    endloop
  endfacet
  facet normal -0.259418 -0.965765 0
    outer loop
      vertex -2.49139 5.80724 0
      vertex -2.39482 5.7813 7
      vertex -2.49139 5.80724 7
    endloop
  endfacet
  facet normal -0.259418 -0.965765 -0
    outer loop
      vertex -2.39482 5.7813 7
      vertex -2.49139 5.80724 0
      vertex -2.39482 5.7813 0
    endloop
  endfacet
  facet normal -0.275593 -0.961275 0
    outer loop
      vertex -2.39482 5.7813 0
      vertex -2.29869 5.75374 7
      vertex -2.39482 5.7813 7
    endloop
  endfacet
  facet normal -0.275593 -0.961275 -0
    outer loop
      vertex -2.29869 5.75374 7
      vertex -2.39482 5.7813 0
      vertex -2.29869 5.75374 0
    endloop
  endfacet
  facet normal -0.291639 -0.956528 0
    outer loop
      vertex -2.29869 5.75374 0
      vertex -2.20305 5.72458 7
      vertex -2.29869 5.75374 7
    endloop
  endfacet
  facet normal -0.291639 -0.956528 -0
    outer loop
      vertex -2.20305 5.72458 7
      vertex -2.29869 5.75374 0
      vertex -2.20305 5.72458 0
    endloop
  endfacet
  facet normal -0.307304 -0.951611 0
    outer loop
      vertex -2.20305 5.72458 0
      vertex -2.10789 5.69385 7
      vertex -2.20305 5.72458 7
    endloop
  endfacet
  facet normal -0.307304 -0.951611 -0
    outer loop
      vertex -2.10789 5.69385 7
      vertex -2.20305 5.72458 0
      vertex -2.10789 5.69385 0
    endloop
  endfacet
  facet normal -0.323388 -0.946266 0
    outer loop
      vertex -2.10789 5.69385 0
      vertex -2.01326 5.66151 7
      vertex -2.10789 5.69385 7
    endloop
  endfacet
  facet normal -0.323388 -0.946266 -0
    outer loop
      vertex -2.01326 5.66151 7
      vertex -2.10789 5.69385 0
      vertex -2.01326 5.66151 0
    endloop
  endfacet
  facet normal -0.338939 -0.940808 0
    outer loop
      vertex -2.01326 5.66151 0
      vertex -1.91919 5.62762 7
      vertex -2.01326 5.66151 7
    endloop
  endfacet
  facet normal -0.338939 -0.940808 -0
    outer loop
      vertex -1.91919 5.62762 7
      vertex -2.01326 5.66151 0
      vertex -1.91919 5.62762 0
    endloop
  endfacet
  facet normal -0.354573 -0.935028 0
    outer loop
      vertex -1.91919 5.62762 0
      vertex -1.82568 5.59216 7
      vertex -1.91919 5.62762 7
    endloop
  endfacet
  facet normal -0.354573 -0.935028 -0
    outer loop
      vertex -1.82568 5.59216 7
      vertex -1.91919 5.62762 0
      vertex -1.82568 5.59216 0
    endloop
  endfacet
  facet normal -0.370045 -0.929014 0
    outer loop
      vertex -1.82568 5.59216 0
      vertex -1.73279 5.55516 7
      vertex -1.82568 5.59216 7
    endloop
  endfacet
  facet normal -0.370045 -0.929014 -0
    outer loop
      vertex -1.73279 5.55516 7
      vertex -1.82568 5.59216 0
      vertex -1.73279 5.55516 0
    endloop
  endfacet
  facet normal -0.385624 -0.922656 0
    outer loop
      vertex -1.73279 5.55516 0
      vertex -1.64053 5.5166 7
      vertex -1.73279 5.55516 7
    endloop
  endfacet
  facet normal -0.385624 -0.922656 -0
    outer loop
      vertex -1.64053 5.5166 7
      vertex -1.73279 5.55516 0
      vertex -1.64053 5.5166 0
    endloop
  endfacet
  facet normal -0.400824 -0.916155 0
    outer loop
      vertex -1.64053 5.5166 0
      vertex -1.54892 5.47652 7
      vertex -1.64053 5.5166 7
    endloop
  endfacet
  facet normal -0.400824 -0.916155 -0
    outer loop
      vertex -1.54892 5.47652 7
      vertex -1.64053 5.5166 0
      vertex -1.54892 5.47652 0
    endloop
  endfacet
  facet normal -0.416107 -0.909316 0
    outer loop
      vertex -1.54892 5.47652 0
      vertex -1.45799 5.43491 7
      vertex -1.54892 5.47652 7
    endloop
  endfacet
  facet normal -0.416107 -0.909316 -0
    outer loop
      vertex -1.45799 5.43491 7
      vertex -1.54892 5.47652 0
      vertex -1.45799 5.43491 0
    endloop
  endfacet
  facet normal -0.431303 -0.902207 0
    outer loop
      vertex -1.45799 5.43491 0
      vertex -1.36777 5.39178 7
      vertex -1.45799 5.43491 7
    endloop
  endfacet
  facet normal -0.431303 -0.902207 -0
    outer loop
      vertex -1.36777 5.39178 7
      vertex -1.45799 5.43491 0
      vertex -1.36777 5.39178 0
    endloop
  endfacet
  facet normal -0.446093 -0.894986 0
    outer loop
      vertex -1.36777 5.39178 0
      vertex -1.27827 5.34717 7
      vertex -1.36777 5.39178 7
    endloop
  endfacet
  facet normal -0.446093 -0.894986 -0
    outer loop
      vertex -1.27827 5.34717 7
      vertex -1.36777 5.39178 0
      vertex -1.27827 5.34717 0
    endloop
  endfacet
  facet normal -0.461041 -0.887379 0
    outer loop
      vertex -1.27827 5.34717 0
      vertex -1.18954 5.30107 7
      vertex -1.27827 5.34717 7
    endloop
  endfacet
  facet normal -0.461041 -0.887379 -0
    outer loop
      vertex -1.18954 5.30107 7
      vertex -1.27827 5.34717 0
      vertex -1.18954 5.30107 0
    endloop
  endfacet
  facet normal -0.475822 -0.879541 0
    outer loop
      vertex -1.18954 5.30107 0
      vertex -1.10159 5.25349 7
      vertex -1.18954 5.30107 7
    endloop
  endfacet
  facet normal -0.475822 -0.879541 -0
    outer loop
      vertex -1.10159 5.25349 7
      vertex -1.18954 5.30107 0
      vertex -1.10159 5.25349 0
    endloop
  endfacet
  facet normal -0.490356 -0.871522 0
    outer loop
      vertex -1.10159 5.25349 0
      vertex -1.01443 5.20445 7
      vertex -1.10159 5.25349 7
    endloop
  endfacet
  facet normal -0.490356 -0.871522 -0
    outer loop
      vertex -1.01443 5.20445 7
      vertex -1.10159 5.25349 0
      vertex -1.01443 5.20445 0
    endloop
  endfacet
  facet normal -0.504767 -0.863255 0
    outer loop
      vertex -1.01443 5.20445 0
      vertex -0.928116 5.15398 7
      vertex -1.01443 5.20445 7
    endloop
  endfacet
  facet normal -0.504767 -0.863255 -0
    outer loop
      vertex -0.928116 5.15398 7
      vertex -1.01443 5.20445 0
      vertex -0.928116 5.15398 0
    endloop
  endfacet
  facet normal -0.519128 -0.854696 0
    outer loop
      vertex -0.928116 5.15398 0
      vertex -0.842651 5.10207 7
      vertex -0.928116 5.15398 7
    endloop
  endfacet
  facet normal -0.519128 -0.854696 -0
    outer loop
      vertex -0.842651 5.10207 7
      vertex -0.928116 5.15398 0
      vertex -0.842651 5.10207 0
    endloop
  endfacet
  facet normal -0.533294 -0.84593 0
    outer loop
      vertex -0.842651 5.10207 0
      vertex -0.758057 5.04874 7
      vertex -0.842651 5.10207 7
    endloop
  endfacet
  facet normal -0.533294 -0.84593 -0
    outer loop
      vertex -0.758057 5.04874 7
      vertex -0.842651 5.10207 0
      vertex -0.758057 5.04874 0
    endloop
  endfacet
  facet normal -0.547292 -0.836941 0
    outer loop
      vertex -0.758057 5.04874 0
      vertex -0.674377 4.99402 7
      vertex -0.758057 5.04874 7
    endloop
  endfacet
  facet normal -0.547292 -0.836941 -0
    outer loop
      vertex -0.674377 4.99402 7
      vertex -0.758057 5.04874 0
      vertex -0.674377 4.99402 0
    endloop
  endfacet
  facet normal -0.561154 -0.827712 0
    outer loop
      vertex -0.674377 4.99402 0
      vertex -0.591599 4.9379 7
      vertex -0.674377 4.99402 7
    endloop
  endfacet
  facet normal -0.561154 -0.827712 -0
    outer loop
      vertex -0.591599 4.9379 7
      vertex -0.674377 4.99402 0
      vertex -0.591599 4.9379 0
    endloop
  endfacet
  facet normal -0.574987 -0.818162 0
    outer loop
      vertex -0.591599 4.9379 0
      vertex -0.509781 4.8804 7
      vertex -0.591599 4.9379 7
    endloop
  endfacet
  facet normal -0.574987 -0.818162 -0
    outer loop
      vertex -0.509781 4.8804 7
      vertex -0.591599 4.9379 0
      vertex -0.509781 4.8804 0
    endloop
  endfacet
  facet normal -0.588476 -0.808515 0
    outer loop
      vertex -0.509781 4.8804 0
      vertex -0.42894 4.82156 7
      vertex -0.509781 4.8804 7
    endloop
  endfacet
  facet normal -0.588476 -0.808515 -0
    outer loop
      vertex -0.42894 4.82156 7
      vertex -0.509781 4.8804 0
      vertex -0.42894 4.82156 0
    endloop
  endfacet
  facet normal -0.601798 -0.798648 0
    outer loop
      vertex -0.42894 4.82156 0
      vertex -0.349075 4.76138 7
      vertex -0.42894 4.82156 7
    endloop
  endfacet
  facet normal -0.601798 -0.798648 -0
    outer loop
      vertex -0.349075 4.76138 7
      vertex -0.42894 4.82156 0
      vertex -0.349075 4.76138 0
    endloop
  endfacet
  facet normal -0.615114 -0.788438 0
    outer loop
      vertex -0.349075 4.76138 0
      vertex -0.270233 4.69987 7
      vertex -0.349075 4.76138 7
    endloop
  endfacet
  facet normal -0.615114 -0.788438 -0
    outer loop
      vertex -0.270233 4.69987 7
      vertex -0.349075 4.76138 0
      vertex -0.270233 4.69987 0
    endloop
  endfacet
  facet normal -0.628085 -0.778145 0
    outer loop
      vertex -0.270233 4.69987 0
      vertex -0.192429 4.63707 7
      vertex -0.270233 4.69987 7
    endloop
  endfacet
  facet normal -0.628085 -0.778145 -0
    outer loop
      vertex -0.192429 4.63707 7
      vertex -0.270233 4.69987 0
      vertex -0.192429 4.63707 0
    endloop
  endfacet
  facet normal -0.64101 -0.767532 0
    outer loop
      vertex -0.192429 4.63707 0
      vertex -0.115677 4.57297 7
      vertex -0.192429 4.63707 7
    endloop
  endfacet
  facet normal -0.64101 -0.767532 -0
    outer loop
      vertex -0.115677 4.57297 7
      vertex -0.192429 4.63707 0
      vertex -0.115677 4.57297 0
    endloop
  endfacet
  facet normal -0.653734 -0.756724 0
    outer loop
      vertex -0.115677 4.57297 0
      vertex -0.0400085 4.5076 7
      vertex -0.115677 4.57297 7
    endloop
  endfacet
  facet normal -0.653734 -0.756724 -0
    outer loop
      vertex -0.0400085 4.5076 7
      vertex -0.115677 4.57297 0
      vertex -0.0400085 4.5076 0
    endloop
  endfacet
  facet normal -0.666314 -0.745671 0
    outer loop
      vertex -0.0400085 4.5076 0
      vertex 0.0345459 4.44098 7
      vertex -0.0400085 4.5076 7
    endloop
  endfacet
  facet normal -0.666314 -0.745671 -0
    outer loop
      vertex 0.0345459 4.44098 7
      vertex -0.0400085 4.5076 0
      vertex 0.0345459 4.44098 0
    endloop
  endfacet
  facet normal -0.678574 -0.734532 0
    outer loop
      vertex 0.0345459 4.44098 0
      vertex 0.108002 4.37312 7
      vertex 0.0345459 4.44098 7
    endloop
  endfacet
  facet normal -0.678574 -0.734532 -0
    outer loop
      vertex 0.108002 4.37312 7
      vertex 0.0345459 4.44098 0
      vertex 0.108002 4.37312 0
    endloop
  endfacet
  facet normal -0.690716 -0.723126 0
    outer loop
      vertex 0.108002 4.37312 0
      vertex 0.180313 4.30405 7
      vertex 0.108002 4.37312 7
    endloop
  endfacet
  facet normal -0.690716 -0.723126 -0
    outer loop
      vertex 0.180313 4.30405 7
      vertex 0.108002 4.37312 0
      vertex 0.180313 4.30405 0
    endloop
  endfacet
  facet normal -0.702683 -0.711503 0
    outer loop
      vertex 0.180313 4.30405 0
      vertex 0.251465 4.23378 7
      vertex 0.180313 4.30405 7
    endloop
  endfacet
  facet normal -0.702683 -0.711503 -0
    outer loop
      vertex 0.251465 4.23378 7
      vertex 0.180313 4.30405 0
      vertex 0.251465 4.23378 0
    endloop
  endfacet
  facet normal -0.714464 -0.699672 0
    outer loop
      vertex 0.321426 4.16234 0
      vertex 0.251465 4.23378 7
      vertex 0.251465 4.23378 0
    endloop
  endfacet
  facet normal -0.714464 -0.699672 0
    outer loop
      vertex 0.251465 4.23378 7
      vertex 0.321426 4.16234 0
      vertex 0.321426 4.16234 7
    endloop
  endfacet
  facet normal -0.72594 -0.687758 0
    outer loop
      vertex 0.390198 4.08975 0
      vertex 0.321426 4.16234 7
      vertex 0.321426 4.16234 0
    endloop
  endfacet
  facet normal -0.72594 -0.687758 0
    outer loop
      vertex 0.321426 4.16234 7
      vertex 0.390198 4.08975 0
      vertex 0.390198 4.08975 7
    endloop
  endfacet
  facet normal -0.737333 -0.67553 0
    outer loop
      vertex 0.457748 4.01602 0
      vertex 0.390198 4.08975 7
      vertex 0.390198 4.08975 0
    endloop
  endfacet
  facet normal -0.737333 -0.67553 0
    outer loop
      vertex 0.390198 4.08975 7
      vertex 0.457748 4.01602 0
      vertex 0.457748 4.01602 7
    endloop
  endfacet
  facet normal -0.748536 -0.663094 0
    outer loop
      vertex 0.524063 3.94116 0
      vertex 0.457748 4.01602 7
      vertex 0.457748 4.01602 0
    endloop
  endfacet
  facet normal -0.748536 -0.663094 0
    outer loop
      vertex 0.457748 4.01602 7
      vertex 0.524063 3.94116 0
      vertex 0.524063 3.94116 7
    endloop
  endfacet
  facet normal -0.759471 -0.650541 0
    outer loop
      vertex 0.589111 3.86522 0
      vertex 0.524063 3.94116 7
      vertex 0.524063 3.94116 0
    endloop
  endfacet
  facet normal -0.759471 -0.650541 0
    outer loop
      vertex 0.524063 3.94116 7
      vertex 0.589111 3.86522 0
      vertex 0.589111 3.86522 7
    endloop
  endfacet
  facet normal -0.770151 -0.637862 0
    outer loop
      vertex 0.652893 3.78821 0
      vertex 0.589111 3.86522 7
      vertex 0.589111 3.86522 0
    endloop
  endfacet
  facet normal -0.770151 -0.637862 0
    outer loop
      vertex 0.589111 3.86522 7
      vertex 0.652893 3.78821 0
      vertex 0.652893 3.78821 7
    endloop
  endfacet
  facet normal -0.780727 -0.624872 0
    outer loop
      vertex 0.715378 3.71014 0
      vertex 0.652893 3.78821 7
      vertex 0.652893 3.78821 0
    endloop
  endfacet
  facet normal -0.780727 -0.624872 0
    outer loop
      vertex 0.652893 3.78821 7
      vertex 0.715378 3.71014 0
      vertex 0.715378 3.71014 7
    endloop
  endfacet
  facet normal -0.791047 -0.611756 0
    outer loop
      vertex 0.77655 3.63104 0
      vertex 0.715378 3.71014 7
      vertex 0.715378 3.71014 0
    endloop
  endfacet
  facet normal -0.791047 -0.611756 0
    outer loop
      vertex 0.715378 3.71014 7
      vertex 0.77655 3.63104 0
      vertex 0.77655 3.63104 7
    endloop
  endfacet
  facet normal -0.801139 -0.598479 0
    outer loop
      vertex 0.836395 3.55093 0
      vertex 0.77655 3.63104 7
      vertex 0.77655 3.63104 0
    endloop
  endfacet
  facet normal -0.801139 -0.598479 0
    outer loop
      vertex 0.77655 3.63104 7
      vertex 0.836395 3.55093 0
      vertex 0.836395 3.55093 7
    endloop
  endfacet
  facet normal -0.810936 -0.585134 0
    outer loop
      vertex 0.894913 3.46983 0
      vertex 0.836395 3.55093 7
      vertex 0.836395 3.55093 0
    endloop
  endfacet
  facet normal -0.810936 -0.585134 0
    outer loop
      vertex 0.836395 3.55093 7
      vertex 0.894913 3.46983 0
      vertex 0.894913 3.46983 7
    endloop
  endfacet
  facet normal -0.82063 -0.571461 0
    outer loop
      vertex 0.952057 3.38777 0
      vertex 0.894913 3.46983 7
      vertex 0.894913 3.46983 0
    endloop
  endfacet
  facet normal -0.82063 -0.571461 0
    outer loop
      vertex 0.894913 3.46983 7
      vertex 0.952057 3.38777 0
      vertex 0.952057 3.38777 7
    endloop
  endfacet
  facet normal -0.829984 -0.557787 0
    outer loop
      vertex 1.00783 3.30478 0
      vertex 0.952057 3.38777 7
      vertex 0.952057 3.38777 0
    endloop
  endfacet
  facet normal -0.829984 -0.557787 0
    outer loop
      vertex 0.952057 3.38777 7
      vertex 1.00783 3.30478 0
      vertex 1.00783 3.30478 7
    endloop
  endfacet
  facet normal -0.83921 -0.543807 0
    outer loop
      vertex 1.06221 3.22086 0
      vertex 1.00783 3.30478 7
      vertex 1.00783 3.30478 0
    endloop
  endfacet
  facet normal -0.83921 -0.543807 0
    outer loop
      vertex 1.00783 3.30478 7
      vertex 1.06221 3.22086 0
      vertex 1.06221 3.22086 7
    endloop
  endfacet
  facet normal -0.848206 -0.529666 0
    outer loop
      vertex 1.11517 3.13605 0
      vertex 1.06221 3.22086 7
      vertex 1.06221 3.22086 0
    endloop
  endfacet
  facet normal -0.848206 -0.529666 0
    outer loop
      vertex 1.06221 3.22086 7
      vertex 1.11517 3.13605 0
      vertex 1.11517 3.13605 7
    endloop
  endfacet
  facet normal -0.856822 -0.515613 0
    outer loop
      vertex 1.16673 3.05037 0
      vertex 1.11517 3.13605 7
      vertex 1.11517 3.13605 0
    endloop
  endfacet
  facet normal -0.856822 -0.515613 0
    outer loop
      vertex 1.11517 3.13605 7
      vertex 1.16673 3.05037 0
      vertex 1.16673 3.05037 7
    endloop
  endfacet
  facet normal -0.86528 -0.501289 0
    outer loop
      vertex 1.21686 2.96384 0
      vertex 1.16673 3.05037 7
      vertex 1.16673 3.05037 0
    endloop
  endfacet
  facet normal -0.86528 -0.501289 0
    outer loop
      vertex 1.16673 3.05037 7
      vertex 1.21686 2.96384 0
      vertex 1.21686 2.96384 7
    endloop
  endfacet
  facet normal -0.873619 -0.486611 0
    outer loop
      vertex 1.26552 2.87648 0
      vertex 1.21686 2.96384 7
      vertex 1.21686 2.96384 0
    endloop
  endfacet
  facet normal -0.873619 -0.486611 0
    outer loop
      vertex 1.21686 2.96384 7
      vertex 1.26552 2.87648 0
      vertex 1.26552 2.87648 7
    endloop
  endfacet
  facet normal -0.881535 -0.472119 0
    outer loop
      vertex 1.31273 2.78833 0
      vertex 1.26552 2.87648 7
      vertex 1.26552 2.87648 0
    endloop
  endfacet
  facet normal -0.881535 -0.472119 0
    outer loop
      vertex 1.26552 2.87648 7
      vertex 1.31273 2.78833 0
      vertex 1.31273 2.78833 7
    endloop
  endfacet
  facet normal -0.88931 -0.457305 0
    outer loop
      vertex 1.35846 2.6994 0
      vertex 1.31273 2.78833 7
      vertex 1.31273 2.78833 0
    endloop
  endfacet
  facet normal -0.88931 -0.457305 0
    outer loop
      vertex 1.31273 2.78833 7
      vertex 1.35846 2.6994 0
      vertex 1.35846 2.6994 7
    endloop
  endfacet
  facet normal -0.896755 -0.442527 0
    outer loop
      vertex 1.40271 2.60973 0
      vertex 1.35846 2.6994 7
      vertex 1.35846 2.6994 0
    endloop
  endfacet
  facet normal -0.896755 -0.442527 0
    outer loop
      vertex 1.35846 2.6994 7
      vertex 1.40271 2.60973 0
      vertex 1.40271 2.60973 7
    endloop
  endfacet
  facet normal -0.904051 -0.427424 0
    outer loop
      vertex 1.44545 2.51933 0
      vertex 1.40271 2.60973 7
      vertex 1.40271 2.60973 0
    endloop
  endfacet
  facet normal -0.904051 -0.427424 0
    outer loop
      vertex 1.40271 2.60973 7
      vertex 1.44545 2.51933 0
      vertex 1.44545 2.51933 7
    endloop
  endfacet
  facet normal -0.911057 -0.412281 0
    outer loop
      vertex 1.48668 2.42822 0
      vertex 1.44545 2.51933 7
      vertex 1.44545 2.51933 0
    endloop
  endfacet
  facet normal -0.911057 -0.412281 0
    outer loop
      vertex 1.44545 2.51933 7
      vertex 1.48668 2.42822 0
      vertex 1.48668 2.42822 7
    endloop
  endfacet
  facet normal -0.917784 -0.39708 0
    outer loop
      vertex 1.52638 2.33646 0
      vertex 1.48668 2.42822 7
      vertex 1.48668 2.42822 0
    endloop
  endfacet
  facet normal -0.917784 -0.39708 0
    outer loop
      vertex 1.48668 2.42822 7
      vertex 1.52638 2.33646 0
      vertex 1.52638 2.33646 7
    endloop
  endfacet
  facet normal -0.924338 -0.381574 0
    outer loop
      vertex 1.56454 2.24402 0
      vertex 1.52638 2.33646 7
      vertex 1.52638 2.33646 0
    endloop
  endfacet
  facet normal -0.924338 -0.381574 0
    outer loop
      vertex 1.52638 2.33646 7
      vertex 1.56454 2.24402 0
      vertex 1.56454 2.24402 7
    endloop
  endfacet
  facet normal -0.930463 -0.366385 0
    outer loop
      vertex 1.60118 2.15097 0
      vertex 1.56454 2.24402 7
      vertex 1.56454 2.24402 0
    endloop
  endfacet
  facet normal -0.930463 -0.366385 0
    outer loop
      vertex 1.56454 2.24402 7
      vertex 1.60118 2.15097 0
      vertex 1.60118 2.15097 7
    endloop
  endfacet
  facet normal -0.936477 -0.350729 0
    outer loop
      vertex 1.63625 2.05733 0
      vertex 1.60118 2.15097 7
      vertex 1.60118 2.15097 0
    endloop
  endfacet
  facet normal -0.936477 -0.350729 0
    outer loop
      vertex 1.60118 2.15097 7
      vertex 1.63625 2.05733 0
      vertex 1.63625 2.05733 7
    endloop
  endfacet
  facet normal -0.942205 -0.335037 0
    outer loop
      vertex 1.66975 1.96312 0
      vertex 1.63625 2.05733 7
      vertex 1.63625 2.05733 0
    endloop
  endfacet
  facet normal -0.942205 -0.335037 0
    outer loop
      vertex 1.63625 2.05733 7
      vertex 1.66975 1.96312 0
      vertex 1.66975 1.96312 7
    endloop
  endfacet
  facet normal -0.947658 -0.319286 0
    outer loop
      vertex 1.70168 1.86835 0
      vertex 1.66975 1.96312 7
      vertex 1.66975 1.96312 0
    endloop
  endfacet
  facet normal -0.947658 -0.319286 0
    outer loop
      vertex 1.66975 1.96312 7
      vertex 1.70168 1.86835 0
      vertex 1.70168 1.86835 7
    endloop
  endfacet
  facet normal -0.952829 -0.303509 0
    outer loop
      vertex 1.73203 1.77307 0
      vertex 1.70168 1.86835 7
      vertex 1.70168 1.86835 0
    endloop
  endfacet
  facet normal -0.952829 -0.303509 0
    outer loop
      vertex 1.70168 1.86835 7
      vertex 1.73203 1.77307 0
      vertex 1.73203 1.77307 7
    endloop
  endfacet
  facet normal -0.957793 -0.287458 0
    outer loop
      vertex 1.76077 1.67731 0
      vertex 1.73203 1.77307 7
      vertex 1.73203 1.77307 0
    endloop
  endfacet
  facet normal -0.957793 -0.287458 0
    outer loop
      vertex 1.73203 1.77307 7
      vertex 1.76077 1.67731 0
      vertex 1.76077 1.67731 7
    endloop
  endfacet
  facet normal -0.962424 -0.27155 0
    outer loop
      vertex 1.78793 1.58105 0
      vertex 1.76077 1.67731 7
      vertex 1.76077 1.67731 0
    endloop
  endfacet
  facet normal -0.962424 -0.27155 0
    outer loop
      vertex 1.76077 1.67731 7
      vertex 1.78793 1.58105 0
      vertex 1.78793 1.58105 7
    endloop
  endfacet
  facet normal -0.966802 -0.255527 0
    outer loop
      vertex 1.81348 1.48438 0
      vertex 1.78793 1.58105 7
      vertex 1.78793 1.58105 0
    endloop
  endfacet
  facet normal -0.966802 -0.255527 0
    outer loop
      vertex 1.78793 1.58105 7
      vertex 1.81348 1.48438 0
      vertex 1.81348 1.48438 7
    endloop
  endfacet
  facet normal -0.970961 -0.23924 0
    outer loop
      vertex 1.8374 1.3873 0
      vertex 1.81348 1.48438 7
      vertex 1.81348 1.48438 0
    endloop
  endfacet
  facet normal -0.970961 -0.23924 0
    outer loop
      vertex 1.81348 1.48438 7
      vertex 1.8374 1.3873 0
      vertex 1.8374 1.3873 7
    endloop
  endfacet
  facet normal -0.974801 -0.223077 0
    outer loop
      vertex 1.85971 1.28981 0
      vertex 1.8374 1.3873 7
      vertex 1.8374 1.3873 0
    endloop
  endfacet
  facet normal -0.974801 -0.223077 0
    outer loop
      vertex 1.8374 1.3873 7
      vertex 1.85971 1.28981 0
      vertex 1.85971 1.28981 7
    endloop
  endfacet
  facet normal -0.978355 -0.206933 0
    outer loop
      vertex 1.8804 1.19199 0
      vertex 1.85971 1.28981 7
      vertex 1.85971 1.28981 0
    endloop
  endfacet
  facet normal -0.978355 -0.206933 0
    outer loop
      vertex 1.85971 1.28981 7
      vertex 1.8804 1.19199 0
      vertex 1.8804 1.19199 7
    endloop
  endfacet
  facet normal -0.98171 -0.190383 0
    outer loop
      vertex 1.89944 1.09381 0
      vertex 1.8804 1.19199 7
      vertex 1.8804 1.19199 0
    endloop
  endfacet
  facet normal -0.98171 -0.190383 0
    outer loop
      vertex 1.8804 1.19199 7
      vertex 1.89944 1.09381 0
      vertex 1.89944 1.09381 7
    endloop
  endfacet
  facet normal -0.984725 -0.174115 0
    outer loop
      vertex 1.91685 0.995346 0
      vertex 1.89944 1.09381 7
      vertex 1.89944 1.09381 0
    endloop
  endfacet
  facet normal -0.984725 -0.174115 0
    outer loop
      vertex 1.89944 1.09381 7
      vertex 1.91685 0.995346 0
      vertex 1.91685 0.995346 7
    endloop
  endfacet
  facet normal -0.987485 -0.157714 0
    outer loop
      vertex 1.93262 0.896606 0
      vertex 1.91685 0.995346 7
      vertex 1.91685 0.995346 0
    endloop
  endfacet
  facet normal -0.987485 -0.157714 0
    outer loop
      vertex 1.91685 0.995346 7
      vertex 1.93262 0.896606 0
      vertex 1.93262 0.896606 7
    endloop
  endfacet
  facet normal -0.989967 -0.141297 0
    outer loop
      vertex 1.94675 0.797607 0
      vertex 1.93262 0.896606 7
      vertex 1.93262 0.896606 0
    endloop
  endfacet
  facet normal -0.989967 -0.141297 0
    outer loop
      vertex 1.93262 0.896606 7
      vertex 1.94675 0.797607 0
      vertex 1.94675 0.797607 7
    endloop
  endfacet
  facet normal -0.992206 -0.124611 0
    outer loop
      vertex 1.95921 0.698395 0
      vertex 1.94675 0.797607 7
      vertex 1.94675 0.797607 0
    endloop
  endfacet
  facet normal -0.992206 -0.124611 0
    outer loop
      vertex 1.94675 0.797607 7
      vertex 1.95921 0.698395 0
      vertex 1.95921 0.698395 7
    endloop
  endfacet
  facet normal -0.99414 -0.108103 0
    outer loop
      vertex 1.97002 0.598984 0
      vertex 1.95921 0.698395 7
      vertex 1.95921 0.698395 0
    endloop
  endfacet
  facet normal -0.99414 -0.108103 0
    outer loop
      vertex 1.95921 0.698395 7
      vertex 1.97002 0.598984 0
      vertex 1.97002 0.598984 7
    endloop
  endfacet
  facet normal -0.995805 -0.0915014 0
    outer loop
      vertex 1.97917 0.499405 0
      vertex 1.97002 0.598984 7
      vertex 1.97002 0.598984 0
    endloop
  endfacet
  facet normal -0.995805 -0.0915014 0
    outer loop
      vertex 1.97002 0.598984 7
      vertex 1.97917 0.499405 0
      vertex 1.97917 0.499405 7
    endloop
  endfacet
  facet normal -0.997191 -0.0749023 0
    outer loop
      vertex 1.98666 0.399689 0
      vertex 1.97917 0.499405 7
      vertex 1.97917 0.499405 0
    endloop
  endfacet
  facet normal -0.997191 -0.0749023 0
    outer loop
      vertex 1.97917 0.499405 7
      vertex 1.98666 0.399689 0
      vertex 1.98666 0.399689 7
    endloop
  endfacet
  facet normal -0.998299 -0.058304 0
    outer loop
      vertex 1.99249 0.299866 0
      vertex 1.98666 0.399689 7
      vertex 1.98666 0.399689 0
    endloop
  endfacet
  facet normal -0.998299 -0.058304 0
    outer loop
      vertex 1.98666 0.399689 7
      vertex 1.99249 0.299866 0
      vertex 1.99249 0.299866 7
    endloop
  endfacet
  facet normal -0.99913 -0.0416992 0
    outer loop
      vertex 1.99666 0.199951 0
      vertex 1.99249 0.299866 7
      vertex 1.99249 0.299866 0
    endloop
  endfacet
  facet normal -0.99913 -0.0416992 0
    outer loop
      vertex 1.99249 0.299866 7
      vertex 1.99666 0.199951 0
      vertex 1.99666 0.199951 7
    endloop
  endfacet
  facet normal -0.999687 -0.0250021 0
    outer loop
      vertex 1.99916 0.0999908 0
      vertex 1.99666 0.199951 7
      vertex 1.99666 0.199951 0
    endloop
  endfacet
  facet normal -0.999687 -0.0250021 0
    outer loop
      vertex 1.99666 0.199951 7
      vertex 1.99916 0.0999908 0
      vertex 1.99916 0.0999908 7
    endloop
  endfacet
  facet normal -0.999965 -0.00840048 0
    outer loop
      vertex 2 0 0
      vertex 1.99916 0.0999908 7
      vertex 1.99916 0.0999908 0
    endloop
  endfacet
  facet normal -0.999965 -0.00840048 0
    outer loop
      vertex 1.99916 0.0999908 7
      vertex 2 0 0
      vertex 2 0 7
    endloop
  endfacet
  facet normal -0.999965 0.00840048 0
    outer loop
      vertex 1.99916 -0.0999908 0
      vertex 2 0 7
      vertex 2 0 0
    endloop
  endfacet
  facet normal -0.999965 0.00840048 0
    outer loop
      vertex 2 0 7
      vertex 1.99916 -0.0999908 0
      vertex 1.99916 -0.0999908 7
    endloop
  endfacet
  facet normal -0.999687 0.0250021 0
    outer loop
      vertex 1.99666 -0.199951 0
      vertex 1.99916 -0.0999908 7
      vertex 1.99916 -0.0999908 0
    endloop
  endfacet
  facet normal -0.999687 0.0250021 0
    outer loop
      vertex 1.99916 -0.0999908 7
      vertex 1.99666 -0.199951 0
      vertex 1.99666 -0.199951 7
    endloop
  endfacet
  facet normal -0.99913 0.0416992 0
    outer loop
      vertex 1.99249 -0.299866 0
      vertex 1.99666 -0.199951 7
      vertex 1.99666 -0.199951 0
    endloop
  endfacet
  facet normal -0.99913 0.0416992 0
    outer loop
      vertex 1.99666 -0.199951 7
      vertex 1.99249 -0.299866 0
      vertex 1.99249 -0.299866 7
    endloop
  endfacet
  facet normal -0.998299 0.058304 0
    outer loop
      vertex 1.98666 -0.399689 0
      vertex 1.99249 -0.299866 7
      vertex 1.99249 -0.299866 0
    endloop
  endfacet
  facet normal -0.998299 0.058304 0
    outer loop
      vertex 1.99249 -0.299866 7
      vertex 1.98666 -0.399689 0
      vertex 1.98666 -0.399689 7
    endloop
  endfacet
  facet normal -0.997191 0.0749023 0
    outer loop
      vertex 1.97917 -0.499405 0
      vertex 1.98666 -0.399689 7
      vertex 1.98666 -0.399689 0
    endloop
  endfacet
  facet normal -0.997191 0.0749023 0
    outer loop
      vertex 1.98666 -0.399689 7
      vertex 1.97917 -0.499405 0
      vertex 1.97917 -0.499405 7
    endloop
  endfacet
  facet normal -0.995805 0.0915014 0
    outer loop
      vertex 1.97002 -0.598984 0
      vertex 1.97917 -0.499405 7
      vertex 1.97917 -0.499405 0
    endloop
  endfacet
  facet normal -0.995805 0.0915014 0
    outer loop
      vertex 1.97917 -0.499405 7
      vertex 1.97002 -0.598984 0
      vertex 1.97002 -0.598984 7
    endloop
  endfacet
  facet normal -0.99414 0.108103 0
    outer loop
      vertex 1.95921 -0.698395 0
      vertex 1.97002 -0.598984 7
      vertex 1.97002 -0.598984 0
    endloop
  endfacet
  facet normal -0.99414 0.108103 0
    outer loop
      vertex 1.97002 -0.598984 7
      vertex 1.95921 -0.698395 0
      vertex 1.95921 -0.698395 7
    endloop
  endfacet
  facet normal -0.992206 0.124611 0
    outer loop
      vertex 1.94675 -0.797607 0
      vertex 1.95921 -0.698395 7
      vertex 1.95921 -0.698395 0
    endloop
  endfacet
  facet normal -0.992206 0.124611 0
    outer loop
      vertex 1.95921 -0.698395 7
      vertex 1.94675 -0.797607 0
      vertex 1.94675 -0.797607 7
    endloop
  endfacet
  facet normal -0.989967 0.141297 0
    outer loop
      vertex 1.93262 -0.896606 0
      vertex 1.94675 -0.797607 7
      vertex 1.94675 -0.797607 0
    endloop
  endfacet
  facet normal -0.989967 0.141297 0
    outer loop
      vertex 1.94675 -0.797607 7
      vertex 1.93262 -0.896606 0
      vertex 1.93262 -0.896606 7
    endloop
  endfacet
  facet normal -0.987485 0.157714 0
    outer loop
      vertex 1.91685 -0.995346 0
      vertex 1.93262 -0.896606 7
      vertex 1.93262 -0.896606 0
    endloop
  endfacet
  facet normal -0.987485 0.157714 0
    outer loop
      vertex 1.93262 -0.896606 7
      vertex 1.91685 -0.995346 0
      vertex 1.91685 -0.995346 7
    endloop
  endfacet
  facet normal -0.984725 0.174115 0
    outer loop
      vertex 1.89944 -1.09381 0
      vertex 1.91685 -0.995346 7
      vertex 1.91685 -0.995346 0
    endloop
  endfacet
  facet normal -0.984725 0.174115 0
    outer loop
      vertex 1.91685 -0.995346 7
      vertex 1.89944 -1.09381 0
      vertex 1.89944 -1.09381 7
    endloop
  endfacet
  facet normal -0.98171 0.190383 0
    outer loop
      vertex 1.8804 -1.19199 0
      vertex 1.89944 -1.09381 7
      vertex 1.89944 -1.09381 0
    endloop
  endfacet
  facet normal -0.98171 0.190383 0
    outer loop
      vertex 1.89944 -1.09381 7
      vertex 1.8804 -1.19199 0
      vertex 1.8804 -1.19199 7
    endloop
  endfacet
  facet normal -0.978355 0.206933 0
    outer loop
      vertex 1.85971 -1.28981 0
      vertex 1.8804 -1.19199 7
      vertex 1.8804 -1.19199 0
    endloop
  endfacet
  facet normal -0.978355 0.206933 0
    outer loop
      vertex 1.8804 -1.19199 7
      vertex 1.85971 -1.28981 0
      vertex 1.85971 -1.28981 7
    endloop
  endfacet
  facet normal -0.974801 0.223077 0
    outer loop
      vertex 1.8374 -1.3873 0
      vertex 1.85971 -1.28981 7
      vertex 1.85971 -1.28981 0
    endloop
  endfacet
  facet normal -0.974801 0.223077 0
    outer loop
      vertex 1.85971 -1.28981 7
      vertex 1.8374 -1.3873 0
      vertex 1.8374 -1.3873 7
    endloop
  endfacet
  facet normal -0.970961 0.23924 0
    outer loop
      vertex 1.81348 -1.48438 0
      vertex 1.8374 -1.3873 7
      vertex 1.8374 -1.3873 0
    endloop
  endfacet
  facet normal -0.970961 0.23924 0
    outer loop
      vertex 1.8374 -1.3873 7
      vertex 1.81348 -1.48438 0
      vertex 1.81348 -1.48438 7
    endloop
  endfacet
  facet normal -0.966802 0.255527 0
    outer loop
      vertex 1.78793 -1.58105 0
      vertex 1.81348 -1.48438 7
      vertex 1.81348 -1.48438 0
    endloop
  endfacet
  facet normal -0.966802 0.255527 0
    outer loop
      vertex 1.81348 -1.48438 7
      vertex 1.78793 -1.58105 0
      vertex 1.78793 -1.58105 7
    endloop
  endfacet
  facet normal -0.962424 0.27155 0
    outer loop
      vertex 1.76077 -1.67731 0
      vertex 1.78793 -1.58105 7
      vertex 1.78793 -1.58105 0
    endloop
  endfacet
  facet normal -0.962424 0.27155 0
    outer loop
      vertex 1.78793 -1.58105 7
      vertex 1.76077 -1.67731 0
      vertex 1.76077 -1.67731 7
    endloop
  endfacet
  facet normal -0.957793 0.287458 0
    outer loop
      vertex 1.73203 -1.77307 0
      vertex 1.76077 -1.67731 7
      vertex 1.76077 -1.67731 0
    endloop
  endfacet
  facet normal -0.957793 0.287458 0
    outer loop
      vertex 1.76077 -1.67731 7
      vertex 1.73203 -1.77307 0
      vertex 1.73203 -1.77307 7
    endloop
  endfacet
  facet normal -0.952829 0.303509 0
    outer loop
      vertex 1.70168 -1.86835 0
      vertex 1.73203 -1.77307 7
      vertex 1.73203 -1.77307 0
    endloop
  endfacet
  facet normal -0.952829 0.303509 0
    outer loop
      vertex 1.73203 -1.77307 7
      vertex 1.70168 -1.86835 0
      vertex 1.70168 -1.86835 7
    endloop
  endfacet
  facet normal -0.947658 0.319286 0
    outer loop
      vertex 1.66975 -1.96312 0
      vertex 1.70168 -1.86835 7
      vertex 1.70168 -1.86835 0
    endloop
  endfacet
  facet normal -0.947658 0.319286 0
    outer loop
      vertex 1.70168 -1.86835 7
      vertex 1.66975 -1.96312 0
      vertex 1.66975 -1.96312 7
    endloop
  endfacet
  facet normal -0.942205 0.335037 0
    outer loop
      vertex 1.63625 -2.05733 0
      vertex 1.66975 -1.96312 7
      vertex 1.66975 -1.96312 0
    endloop
  endfacet
  facet normal -0.942205 0.335037 0
    outer loop
      vertex 1.66975 -1.96312 7
      vertex 1.63625 -2.05733 0
      vertex 1.63625 -2.05733 7
    endloop
  endfacet
  facet normal -0.936477 0.350729 0
    outer loop
      vertex 1.60118 -2.15097 0
      vertex 1.63625 -2.05733 7
      vertex 1.63625 -2.05733 0
    endloop
  endfacet
  facet normal -0.936477 0.350729 0
    outer loop
      vertex 1.63625 -2.05733 7
      vertex 1.60118 -2.15097 0
      vertex 1.60118 -2.15097 7
    endloop
  endfacet
  facet normal -0.930463 0.366385 0
    outer loop
      vertex 1.56454 -2.24402 0
      vertex 1.60118 -2.15097 7
      vertex 1.60118 -2.15097 0
    endloop
  endfacet
  facet normal -0.930463 0.366385 0
    outer loop
      vertex 1.60118 -2.15097 7
      vertex 1.56454 -2.24402 0
      vertex 1.56454 -2.24402 7
    endloop
  endfacet
  facet normal -0.924338 0.381574 0
    outer loop
      vertex 1.52638 -2.33646 0
      vertex 1.56454 -2.24402 7
      vertex 1.56454 -2.24402 0
    endloop
  endfacet
  facet normal -0.924338 0.381574 0
    outer loop
      vertex 1.56454 -2.24402 7
      vertex 1.52638 -2.33646 0
      vertex 1.52638 -2.33646 7
    endloop
  endfacet
  facet normal -0.917784 0.39708 0
    outer loop
      vertex 1.48668 -2.42822 0
      vertex 1.52638 -2.33646 7
      vertex 1.52638 -2.33646 0
    endloop
  endfacet
  facet normal -0.917784 0.39708 0
    outer loop
      vertex 1.52638 -2.33646 7
      vertex 1.48668 -2.42822 0
      vertex 1.48668 -2.42822 7
    endloop
  endfacet
  facet normal -0.911057 0.412281 0
    outer loop
      vertex 1.44545 -2.51933 0
      vertex 1.48668 -2.42822 7
      vertex 1.48668 -2.42822 0
    endloop
  endfacet
  facet normal -0.911057 0.412281 0
    outer loop
      vertex 1.48668 -2.42822 7
      vertex 1.44545 -2.51933 0
      vertex 1.44545 -2.51933 7
    endloop
  endfacet
  facet normal -0.904051 0.427424 0
    outer loop
      vertex 1.40271 -2.60973 0
      vertex 1.44545 -2.51933 7
      vertex 1.44545 -2.51933 0
    endloop
  endfacet
  facet normal -0.904051 0.427424 0
    outer loop
      vertex 1.44545 -2.51933 7
      vertex 1.40271 -2.60973 0
      vertex 1.40271 -2.60973 7
    endloop
  endfacet
  facet normal -0.896755 0.442527 0
    outer loop
      vertex 1.35846 -2.6994 0
      vertex 1.40271 -2.60973 7
      vertex 1.40271 -2.60973 0
    endloop
  endfacet
  facet normal -0.896755 0.442527 0
    outer loop
      vertex 1.40271 -2.60973 7
      vertex 1.35846 -2.6994 0
      vertex 1.35846 -2.6994 7
    endloop
  endfacet
  facet normal -0.88931 0.457305 0
    outer loop
      vertex 1.31273 -2.78833 0
      vertex 1.35846 -2.6994 7
      vertex 1.35846 -2.6994 0
    endloop
  endfacet
  facet normal -0.88931 0.457305 0
    outer loop
      vertex 1.35846 -2.6994 7
      vertex 1.31273 -2.78833 0
      vertex 1.31273 -2.78833 7
    endloop
  endfacet
  facet normal -0.881535 0.472119 0
    outer loop
      vertex 1.26552 -2.87648 0
      vertex 1.31273 -2.78833 7
      vertex 1.31273 -2.78833 0
    endloop
  endfacet
  facet normal -0.881535 0.472119 0
    outer loop
      vertex 1.31273 -2.78833 7
      vertex 1.26552 -2.87648 0
      vertex 1.26552 -2.87648 7
    endloop
  endfacet
  facet normal -0.873619 0.486611 0
    outer loop
      vertex 1.21686 -2.96384 0
      vertex 1.26552 -2.87648 7
      vertex 1.26552 -2.87648 0
    endloop
  endfacet
  facet normal -0.873619 0.486611 0
    outer loop
      vertex 1.26552 -2.87648 7
      vertex 1.21686 -2.96384 0
      vertex 1.21686 -2.96384 7
    endloop
  endfacet
  facet normal -0.86528 0.501289 0
    outer loop
      vertex 1.16673 -3.05037 0
      vertex 1.21686 -2.96384 7
      vertex 1.21686 -2.96384 0
    endloop
  endfacet
  facet normal -0.86528 0.501289 0
    outer loop
      vertex 1.21686 -2.96384 7
      vertex 1.16673 -3.05037 0
      vertex 1.16673 -3.05037 7
    endloop
  endfacet
  facet normal -0.856822 0.515613 0
    outer loop
      vertex 1.11517 -3.13605 0
      vertex 1.16673 -3.05037 7
      vertex 1.16673 -3.05037 0
    endloop
  endfacet
  facet normal -0.856822 0.515613 0
    outer loop
      vertex 1.16673 -3.05037 7
      vertex 1.11517 -3.13605 0
      vertex 1.11517 -3.13605 7
    endloop
  endfacet
  facet normal -0.848206 0.529666 0
    outer loop
      vertex 1.06221 -3.22086 0
      vertex 1.11517 -3.13605 7
      vertex 1.11517 -3.13605 0
    endloop
  endfacet
  facet normal -0.848206 0.529666 0
    outer loop
      vertex 1.11517 -3.13605 7
      vertex 1.06221 -3.22086 0
      vertex 1.06221 -3.22086 7
    endloop
  endfacet
  facet normal -0.83921 0.543807 0
    outer loop
      vertex 1.00783 -3.30478 0
      vertex 1.06221 -3.22086 7
      vertex 1.06221 -3.22086 0
    endloop
  endfacet
  facet normal -0.83921 0.543807 0
    outer loop
      vertex 1.06221 -3.22086 7
      vertex 1.00783 -3.30478 0
      vertex 1.00783 -3.30478 7
    endloop
  endfacet
  facet normal -0.829984 0.557787 0
    outer loop
      vertex 0.952057 -3.38777 0
      vertex 1.00783 -3.30478 7
      vertex 1.00783 -3.30478 0
    endloop
  endfacet
  facet normal -0.829984 0.557787 0
    outer loop
      vertex 1.00783 -3.30478 7
      vertex 0.952057 -3.38777 0
      vertex 0.952057 -3.38777 7
    endloop
  endfacet
  facet normal -0.82063 0.571461 0
    outer loop
      vertex 0.894913 -3.46983 0
      vertex 0.952057 -3.38777 7
      vertex 0.952057 -3.38777 0
    endloop
  endfacet
  facet normal -0.82063 0.571461 0
    outer loop
      vertex 0.952057 -3.38777 7
      vertex 0.894913 -3.46983 0
      vertex 0.894913 -3.46983 7
    endloop
  endfacet
  facet normal -0.810936 0.585134 0
    outer loop
      vertex 0.836395 -3.55093 0
      vertex 0.894913 -3.46983 7
      vertex 0.894913 -3.46983 0
    endloop
  endfacet
  facet normal -0.810936 0.585134 0
    outer loop
      vertex 0.894913 -3.46983 7
      vertex 0.836395 -3.55093 0
      vertex 0.836395 -3.55093 7
    endloop
  endfacet
  facet normal -0.801139 0.598479 0
    outer loop
      vertex 0.77655 -3.63104 0
      vertex 0.836395 -3.55093 7
      vertex 0.836395 -3.55093 0
    endloop
  endfacet
  facet normal -0.801139 0.598479 0
    outer loop
      vertex 0.836395 -3.55093 7
      vertex 0.77655 -3.63104 0
      vertex 0.77655 -3.63104 7
    endloop
  endfacet
  facet normal -0.791047 0.611756 0
    outer loop
      vertex 0.715378 -3.71014 0
      vertex 0.77655 -3.63104 7
      vertex 0.77655 -3.63104 0
    endloop
  endfacet
  facet normal -0.791047 0.611756 0
    outer loop
      vertex 0.77655 -3.63104 7
      vertex 0.715378 -3.71014 0
      vertex 0.715378 -3.71014 7
    endloop
  endfacet
  facet normal -0.780727 0.624872 0
    outer loop
      vertex 0.652893 -3.78821 0
      vertex 0.715378 -3.71014 7
      vertex 0.715378 -3.71014 0
    endloop
  endfacet
  facet normal -0.780727 0.624872 0
    outer loop
      vertex 0.715378 -3.71014 7
      vertex 0.652893 -3.78821 0
      vertex 0.652893 -3.78821 7
    endloop
  endfacet
  facet normal -0.770151 0.637862 0
    outer loop
      vertex 0.589111 -3.86522 0
      vertex 0.652893 -3.78821 7
      vertex 0.652893 -3.78821 0
    endloop
  endfacet
  facet normal -0.770151 0.637862 0
    outer loop
      vertex 0.652893 -3.78821 7
      vertex 0.589111 -3.86522 0
      vertex 0.589111 -3.86522 7
    endloop
  endfacet
  facet normal -0.759471 0.650541 0
    outer loop
      vertex 0.524063 -3.94116 0
      vertex 0.589111 -3.86522 7
      vertex 0.589111 -3.86522 0
    endloop
  endfacet
  facet normal -0.759471 0.650541 0
    outer loop
      vertex 0.589111 -3.86522 7
      vertex 0.524063 -3.94116 0
      vertex 0.524063 -3.94116 7
    endloop
  endfacet
  facet normal -0.748536 0.663094 0
    outer loop
      vertex 0.457748 -4.01602 0
      vertex 0.524063 -3.94116 7
      vertex 0.524063 -3.94116 0
    endloop
  endfacet
  facet normal -0.748536 0.663094 0
    outer loop
      vertex 0.524063 -3.94116 7
      vertex 0.457748 -4.01602 0
      vertex 0.457748 -4.01602 7
    endloop
  endfacet
  facet normal -0.737333 0.67553 0
    outer loop
      vertex 0.390198 -4.08975 0
      vertex 0.457748 -4.01602 7
      vertex 0.457748 -4.01602 0
    endloop
  endfacet
  facet normal -0.737333 0.67553 0
    outer loop
      vertex 0.457748 -4.01602 7
      vertex 0.390198 -4.08975 0
      vertex 0.390198 -4.08975 7
    endloop
  endfacet
  facet normal -0.72594 0.687758 0
    outer loop
      vertex 0.321426 -4.16234 0
      vertex 0.390198 -4.08975 7
      vertex 0.390198 -4.08975 0
    endloop
  endfacet
  facet normal -0.72594 0.687758 0
    outer loop
      vertex 0.390198 -4.08975 7
      vertex 0.321426 -4.16234 0
      vertex 0.321426 -4.16234 7
    endloop
  endfacet
  facet normal -0.714464 0.699672 0
    outer loop
      vertex 0.251465 -4.23378 0
      vertex 0.321426 -4.16234 7
      vertex 0.321426 -4.16234 0
    endloop
  endfacet
  facet normal -0.714464 0.699672 0
    outer loop
      vertex 0.321426 -4.16234 7
      vertex 0.251465 -4.23378 0
      vertex 0.251465 -4.23378 7
    endloop
  endfacet
  facet normal -0.702683 0.711503 0
    outer loop
      vertex 0.251465 -4.23378 0
      vertex 0.180313 -4.30405 7
      vertex 0.251465 -4.23378 7
    endloop
  endfacet
  facet normal -0.702683 0.711503 0
    outer loop
      vertex 0.180313 -4.30405 7
      vertex 0.251465 -4.23378 0
      vertex 0.180313 -4.30405 0
    endloop
  endfacet
  facet normal -0.690716 0.723126 0
    outer loop
      vertex 0.180313 -4.30405 0
      vertex 0.108002 -4.37312 7
      vertex 0.180313 -4.30405 7
    endloop
  endfacet
  facet normal -0.690716 0.723126 0
    outer loop
      vertex 0.108002 -4.37312 7
      vertex 0.180313 -4.30405 0
      vertex 0.108002 -4.37312 0
    endloop
  endfacet
  facet normal -0.678574 0.734532 0
    outer loop
      vertex 0.108002 -4.37312 0
      vertex 0.0345459 -4.44098 7
      vertex 0.108002 -4.37312 7
    endloop
  endfacet
  facet normal -0.678574 0.734532 0
    outer loop
      vertex 0.0345459 -4.44098 7
      vertex 0.108002 -4.37312 0
      vertex 0.0345459 -4.44098 0
    endloop
  endfacet
  facet normal -0.666314 0.745671 0
    outer loop
      vertex 0.0345459 -4.44098 0
      vertex -0.0400085 -4.5076 7
      vertex 0.0345459 -4.44098 7
    endloop
  endfacet
  facet normal -0.666314 0.745671 0
    outer loop
      vertex -0.0400085 -4.5076 7
      vertex 0.0345459 -4.44098 0
      vertex -0.0400085 -4.5076 0
    endloop
  endfacet
  facet normal -0.653734 0.756724 0
    outer loop
      vertex -0.0400085 -4.5076 0
      vertex -0.115677 -4.57297 7
      vertex -0.0400085 -4.5076 7
    endloop
  endfacet
  facet normal -0.653734 0.756724 0
    outer loop
      vertex -0.115677 -4.57297 7
      vertex -0.0400085 -4.5076 0
      vertex -0.115677 -4.57297 0
    endloop
  endfacet
  facet normal -0.64101 0.767532 0
    outer loop
      vertex -0.115677 -4.57297 0
      vertex -0.192429 -4.63707 7
      vertex -0.115677 -4.57297 7
    endloop
  endfacet
  facet normal -0.64101 0.767532 0
    outer loop
      vertex -0.192429 -4.63707 7
      vertex -0.115677 -4.57297 0
      vertex -0.192429 -4.63707 0
    endloop
  endfacet
  facet normal -0.628085 0.778145 0
    outer loop
      vertex -0.192429 -4.63707 0
      vertex -0.270233 -4.69987 7
      vertex -0.192429 -4.63707 7
    endloop
  endfacet
  facet normal -0.628085 0.778145 0
    outer loop
      vertex -0.270233 -4.69987 7
      vertex -0.192429 -4.63707 0
      vertex -0.270233 -4.69987 0
    endloop
  endfacet
  facet normal -0.615114 0.788438 0
    outer loop
      vertex -0.270233 -4.69987 0
      vertex -0.349075 -4.76138 7
      vertex -0.270233 -4.69987 7
    endloop
  endfacet
  facet normal -0.615114 0.788438 0
    outer loop
      vertex -0.349075 -4.76138 7
      vertex -0.270233 -4.69987 0
      vertex -0.349075 -4.76138 0
    endloop
  endfacet
  facet normal -0.601798 0.798648 0
    outer loop
      vertex -0.349075 -4.76138 0
      vertex -0.42894 -4.82156 7
      vertex -0.349075 -4.76138 7
    endloop
  endfacet
  facet normal -0.601798 0.798648 0
    outer loop
      vertex -0.42894 -4.82156 7
      vertex -0.349075 -4.76138 0
      vertex -0.42894 -4.82156 0
    endloop
  endfacet
  facet normal -0.588476 0.808515 0
    outer loop
      vertex -0.42894 -4.82156 0
      vertex -0.509781 -4.8804 7
      vertex -0.42894 -4.82156 7
    endloop
  endfacet
  facet normal -0.588476 0.808515 0
    outer loop
      vertex -0.509781 -4.8804 7
      vertex -0.42894 -4.82156 0
      vertex -0.509781 -4.8804 0
    endloop
  endfacet
  facet normal -0.574987 0.818162 0
    outer loop
      vertex -0.509781 -4.8804 0
      vertex -0.591599 -4.9379 7
      vertex -0.509781 -4.8804 7
    endloop
  endfacet
  facet normal -0.574987 0.818162 0
    outer loop
      vertex -0.591599 -4.9379 7
      vertex -0.509781 -4.8804 0
      vertex -0.591599 -4.9379 0
    endloop
  endfacet
  facet normal -0.561154 0.827712 0
    outer loop
      vertex -0.591599 -4.9379 0
      vertex -0.674377 -4.99402 7
      vertex -0.591599 -4.9379 7
    endloop
  endfacet
  facet normal -0.561154 0.827712 0
    outer loop
      vertex -0.674377 -4.99402 7
      vertex -0.591599 -4.9379 0
      vertex -0.674377 -4.99402 0
    endloop
  endfacet
  facet normal -0.547292 0.836941 0
    outer loop
      vertex -0.674377 -4.99402 0
      vertex -0.758057 -5.04874 7
      vertex -0.674377 -4.99402 7
    endloop
  endfacet
  facet normal -0.547292 0.836941 0
    outer loop
      vertex -0.758057 -5.04874 7
      vertex -0.674377 -4.99402 0
      vertex -0.758057 -5.04874 0
    endloop
  endfacet
  facet normal -0.533294 0.84593 0
    outer loop
      vertex -0.758057 -5.04874 0
      vertex -0.842651 -5.10207 7
      vertex -0.758057 -5.04874 7
    endloop
  endfacet
  facet normal -0.533294 0.84593 0
    outer loop
      vertex -0.842651 -5.10207 7
      vertex -0.758057 -5.04874 0
      vertex -0.842651 -5.10207 0
    endloop
  endfacet
  facet normal -0.519128 0.854696 0
    outer loop
      vertex -0.842651 -5.10207 0
      vertex -0.928116 -5.15398 7
      vertex -0.842651 -5.10207 7
    endloop
  endfacet
  facet normal -0.519128 0.854696 0
    outer loop
      vertex -0.928116 -5.15398 7
      vertex -0.842651 -5.10207 0
      vertex -0.928116 -5.15398 0
    endloop
  endfacet
  facet normal -0.504767 0.863255 0
    outer loop
      vertex -0.928116 -5.15398 0
      vertex -1.01443 -5.20445 7
      vertex -0.928116 -5.15398 7
    endloop
  endfacet
  facet normal -0.504767 0.863255 0
    outer loop
      vertex -1.01443 -5.20445 7
      vertex -0.928116 -5.15398 0
      vertex -1.01443 -5.20445 0
    endloop
  endfacet
  facet normal -0.490356 0.871522 0
    outer loop
      vertex -1.01443 -5.20445 0
      vertex -1.10159 -5.25349 7
      vertex -1.01443 -5.20445 7
    endloop
  endfacet
  facet normal -0.490356 0.871522 0
    outer loop
      vertex -1.10159 -5.25349 7
      vertex -1.01443 -5.20445 0
      vertex -1.10159 -5.25349 0
    endloop
  endfacet
  facet normal -0.475822 0.879541 0
    outer loop
      vertex -1.10159 -5.25349 0
      vertex -1.18954 -5.30107 7
      vertex -1.10159 -5.25349 7
    endloop
  endfacet
  facet normal -0.475822 0.879541 0
    outer loop
      vertex -1.18954 -5.30107 7
      vertex -1.10159 -5.25349 0
      vertex -1.18954 -5.30107 0
    endloop
  endfacet
  facet normal -0.461041 0.887379 0
    outer loop
      vertex -1.18954 -5.30107 0
      vertex -1.27827 -5.34717 7
      vertex -1.18954 -5.30107 7
    endloop
  endfacet
  facet normal -0.461041 0.887379 0
    outer loop
      vertex -1.27827 -5.34717 7
      vertex -1.18954 -5.30107 0
      vertex -1.27827 -5.34717 0
    endloop
  endfacet
  facet normal -0.446093 0.894986 0
    outer loop
      vertex -1.27827 -5.34717 0
      vertex -1.36777 -5.39178 7
      vertex -1.27827 -5.34717 7
    endloop
  endfacet
  facet normal -0.446093 0.894986 0
    outer loop
      vertex -1.36777 -5.39178 7
      vertex -1.27827 -5.34717 0
      vertex -1.36777 -5.39178 0
    endloop
  endfacet
  facet normal -0.431303 0.902207 0
    outer loop
      vertex -1.36777 -5.39178 0
      vertex -1.45799 -5.43491 7
      vertex -1.36777 -5.39178 7
    endloop
  endfacet
  facet normal -0.431303 0.902207 0
    outer loop
      vertex -1.45799 -5.43491 7
      vertex -1.36777 -5.39178 0
      vertex -1.45799 -5.43491 0
    endloop
  endfacet
  facet normal -0.416107 0.909316 0
    outer loop
      vertex -1.45799 -5.43491 0
      vertex -1.54892 -5.47652 7
      vertex -1.45799 -5.43491 7
    endloop
  endfacet
  facet normal -0.416107 0.909316 0
    outer loop
      vertex -1.54892 -5.47652 7
      vertex -1.45799 -5.43491 0
      vertex -1.54892 -5.47652 0
    endloop
  endfacet
  facet normal -0.400824 0.916155 0
    outer loop
      vertex -1.54892 -5.47652 0
      vertex -1.64053 -5.5166 7
      vertex -1.54892 -5.47652 7
    endloop
  endfacet
  facet normal -0.400824 0.916155 0
    outer loop
      vertex -1.64053 -5.5166 7
      vertex -1.54892 -5.47652 0
      vertex -1.64053 -5.5166 0
    endloop
  endfacet
  facet normal -0.385624 0.922656 0
    outer loop
      vertex -1.64053 -5.5166 0
      vertex -1.73279 -5.55516 7
      vertex -1.64053 -5.5166 7
    endloop
  endfacet
  facet normal -0.385624 0.922656 0
    outer loop
      vertex -1.73279 -5.55516 7
      vertex -1.64053 -5.5166 0
      vertex -1.73279 -5.55516 0
    endloop
  endfacet
  facet normal -0.370045 0.929014 0
    outer loop
      vertex -1.73279 -5.55516 0
      vertex -1.82568 -5.59216 7
      vertex -1.73279 -5.55516 7
    endloop
  endfacet
  facet normal -0.370045 0.929014 0
    outer loop
      vertex -1.82568 -5.59216 7
      vertex -1.73279 -5.55516 0
      vertex -1.82568 -5.59216 0
    endloop
  endfacet
  facet normal -0.354573 0.935028 0
    outer loop
      vertex -1.82568 -5.59216 0
      vertex -1.91919 -5.62762 7
      vertex -1.82568 -5.59216 7
    endloop
  endfacet
  facet normal -0.354573 0.935028 0
    outer loop
      vertex -1.91919 -5.62762 7
      vertex -1.82568 -5.59216 0
      vertex -1.91919 -5.62762 0
    endloop
  endfacet
  facet normal -0.338939 0.940808 0
    outer loop
      vertex -1.91919 -5.62762 0
      vertex -2.01326 -5.66151 7
      vertex -1.91919 -5.62762 7
    endloop
  endfacet
  facet normal -0.338939 0.940808 0
    outer loop
      vertex -2.01326 -5.66151 7
      vertex -1.91919 -5.62762 0
      vertex -2.01326 -5.66151 0
    endloop
  endfacet
  facet normal -0.323388 0.946266 0
    outer loop
      vertex -2.01326 -5.66151 0
      vertex -2.10789 -5.69385 7
      vertex -2.01326 -5.66151 7
    endloop
  endfacet
  facet normal -0.323388 0.946266 0
    outer loop
      vertex -2.10789 -5.69385 7
      vertex -2.01326 -5.66151 0
      vertex -2.10789 -5.69385 0
    endloop
  endfacet
  facet normal -0.307304 0.951611 0
    outer loop
      vertex -2.10789 -5.69385 0
      vertex -2.20305 -5.72458 7
      vertex -2.10789 -5.69385 7
    endloop
  endfacet
  facet normal -0.307304 0.951611 0
    outer loop
      vertex -2.20305 -5.72458 7
      vertex -2.10789 -5.69385 0
      vertex -2.20305 -5.72458 0
    endloop
  endfacet
  facet normal -0.291639 0.956528 0
    outer loop
      vertex -2.20305 -5.72458 0
      vertex -2.29869 -5.75374 7
      vertex -2.20305 -5.72458 7
    endloop
  endfacet
  facet normal -0.291639 0.956528 0
    outer loop
      vertex -2.29869 -5.75374 7
      vertex -2.20305 -5.72458 0
      vertex -2.29869 -5.75374 0
    endloop
  endfacet
  facet normal -0.275593 0.961275 0
    outer loop
      vertex -2.29869 -5.75374 0
      vertex -2.39482 -5.7813 7
      vertex -2.29869 -5.75374 7
    endloop
  endfacet
  facet normal -0.275593 0.961275 0
    outer loop
      vertex -2.39482 -5.7813 7
      vertex -2.29869 -5.75374 0
      vertex -2.39482 -5.7813 0
    endloop
  endfacet
  facet normal -0.259418 0.965765 0
    outer loop
      vertex -2.39482 -5.7813 0
      vertex -2.49139 -5.80724 7
      vertex -2.39482 -5.7813 7
    endloop
  endfacet
  facet normal -0.259418 0.965765 0
    outer loop
      vertex -2.49139 -5.80724 7
      vertex -2.39482 -5.7813 0
      vertex -2.49139 -5.80724 0
    endloop
  endfacet
  facet normal -0.243312 0.969948 0
    outer loop
      vertex -2.49139 -5.80724 0
      vertex -2.58838 -5.83157 7
      vertex -2.49139 -5.80724 7
    endloop
  endfacet
  facet normal -0.243312 0.969948 0
    outer loop
      vertex -2.58838 -5.83157 7
      vertex -2.49139 -5.80724 0
      vertex -2.58838 -5.83157 0
    endloop
  endfacet
  facet normal -0.227211 0.973846 0
    outer loop
      vertex -2.58838 -5.83157 0
      vertex -2.68576 -5.85429 7
      vertex -2.58838 -5.83157 7
    endloop
  endfacet
  facet normal -0.227211 0.973846 0
    outer loop
      vertex -2.68576 -5.85429 7
      vertex -2.58838 -5.83157 0
      vertex -2.68576 -5.85429 0
    endloop
  endfacet
  facet normal -0.210902 0.977507 0
    outer loop
      vertex -2.68576 -5.85429 0
      vertex -2.78351 -5.87538 7
      vertex -2.68576 -5.85429 7
    endloop
  endfacet
  facet normal -0.210902 0.977507 0
    outer loop
      vertex -2.78351 -5.87538 7
      vertex -2.68576 -5.85429 0
      vertex -2.78351 -5.87538 0
    endloop
  endfacet
  facet normal -0.194616 0.98088 0
    outer loop
      vertex -2.78351 -5.87538 0
      vertex -2.88159 -5.89484 7
      vertex -2.78351 -5.87538 7
    endloop
  endfacet
  facet normal -0.194616 0.98088 0
    outer loop
      vertex -2.88159 -5.89484 7
      vertex -2.78351 -5.87538 0
      vertex -2.88159 -5.89484 0
    endloop
  endfacet
  facet normal -0.178181 0.983998 0
    outer loop
      vertex -2.88159 -5.89484 0
      vertex -2.98 -5.91266 7
      vertex -2.88159 -5.89484 7
    endloop
  endfacet
  facet normal -0.178181 0.983998 0
    outer loop
      vertex -2.98 -5.91266 7
      vertex -2.88159 -5.89484 0
      vertex -2.98 -5.91266 0
    endloop
  endfacet
  facet normal -0.161722 0.986836 0
    outer loop
      vertex -2.98 -5.91266 0
      vertex -3.07867 -5.92883 7
      vertex -2.98 -5.91266 7
    endloop
  endfacet
  facet normal -0.161722 0.986836 0
    outer loop
      vertex -3.07867 -5.92883 7
      vertex -2.98 -5.91266 0
      vertex -3.07867 -5.92883 0
    endloop
  endfacet
  facet normal -0.145298 0.989388 0
    outer loop
      vertex -3.07867 -5.92883 0
      vertex -3.17761 -5.94336 7
      vertex -3.07867 -5.92883 7
    endloop
  endfacet
  facet normal -0.145298 0.989388 0
    outer loop
      vertex -3.17761 -5.94336 7
      vertex -3.07867 -5.92883 0
      vertex -3.17761 -5.94336 0
    endloop
  endfacet
  facet normal -0.128895 0.991658 0
    outer loop
      vertex -3.17761 -5.94336 0
      vertex -3.27678 -5.95625 7
      vertex -3.17761 -5.94336 7
    endloop
  endfacet
  facet normal -0.128895 0.991658 0
    outer loop
      vertex -3.27678 -5.95625 7
      vertex -3.17761 -5.94336 0
      vertex -3.27678 -5.95625 0
    endloop
  endfacet
  facet normal -0.112221 0.993683 0
    outer loop
      vertex -3.27678 -5.95625 0
      vertex -3.37613 -5.96747 7
      vertex -3.27678 -5.95625 7
    endloop
  endfacet
  facet normal -0.112221 0.993683 0
    outer loop
      vertex -3.37613 -5.96747 7
      vertex -3.27678 -5.95625 0
      vertex -3.37613 -5.96747 0
    endloop
  endfacet
  facet normal -0.0956914 0.995411 0
    outer loop
      vertex -3.37613 -5.96747 0
      vertex -3.47568 -5.97704 7
      vertex -3.37613 -5.96747 7
    endloop
  endfacet
  facet normal -0.0956914 0.995411 0
    outer loop
      vertex -3.47568 -5.97704 7
      vertex -3.37613 -5.96747 0
      vertex -3.47568 -5.97704 0
    endloop
  endfacet
  facet normal -0.0791053 0.996866 0
    outer loop
      vertex -3.47568 -5.97704 0
      vertex -3.57536 -5.98495 7
      vertex -3.47568 -5.97704 7
    endloop
  endfacet
  facet normal -0.0791053 0.996866 0
    outer loop
      vertex -3.57536 -5.98495 7
      vertex -3.47568 -5.97704 0
      vertex -3.57536 -5.98495 0
    endloop
  endfacet
  facet normal -0.0625028 0.998045 0
    outer loop
      vertex -3.57536 -5.98495 0
      vertex -3.67516 -5.9912 7
      vertex -3.57536 -5.98495 7
    endloop
  endfacet
  facet normal -0.0625028 0.998045 0
    outer loop
      vertex -3.67516 -5.9912 7
      vertex -3.57536 -5.98495 0
      vertex -3.67516 -5.9912 0
    endloop
  endfacet
  facet normal -0.0457025 0.998955 0
    outer loop
      vertex -3.67516 -5.9912 0
      vertex -3.77505 -5.99577 7
      vertex -3.67516 -5.9912 7
    endloop
  endfacet
  facet normal -0.0457025 0.998955 0
    outer loop
      vertex -3.77505 -5.99577 7
      vertex -3.67516 -5.9912 0
      vertex -3.77505 -5.99577 0
    endloop
  endfacet
  facet normal -0.0292021 0.999574 0
    outer loop
      vertex -3.77505 -5.99577 0
      vertex -3.875 -5.99869 7
      vertex -3.77505 -5.99577 7
    endloop
  endfacet
  facet normal -0.0292021 0.999574 0
    outer loop
      vertex -3.875 -5.99869 7
      vertex -3.77505 -5.99577 0
      vertex -3.875 -5.99869 0
    endloop
  endfacet
  facet normal -0.0125003 0.999922 0
    outer loop
      vertex -3.875 -5.99869 0
      vertex -3.97499 -5.99994 7
      vertex -3.875 -5.99869 7
    endloop
  endfacet
  facet normal -0.0125003 0.999922 0
    outer loop
      vertex -3.97499 -5.99994 7
      vertex -3.875 -5.99869 0
      vertex -3.97499 -5.99994 0
    endloop
  endfacet
  facet normal 0 1 0
    outer loop
      vertex -3.97499 -5.99994 7
      vertex -7.2 -5.99994 2
      vertex -7.2 -5.99994 7
    endloop
  endfacet
  facet normal 0 1 -0
    outer loop
      vertex -3.97499 -5.99994 0
      vertex -7.2 -5.99994 2
      vertex -3.97499 -5.99994 7
    endloop
  endfacet
  facet normal 0 1 0
    outer loop
      vertex -9.7 -5.99994 0
      vertex -7.2 -5.99994 2
      vertex -3.97499 -5.99994 0
    endloop
  endfacet
  facet normal 0 1 0
    outer loop
      vertex -7.2 -5.99994 2
      vertex -9.7 -5.99994 0
      vertex -9.7 -5.99994 2
    endloop
  endfacet
  facet normal -1 0 0
    outer loop
      vertex -9.7 -14.0208 0
      vertex -9.7 -5.99994 2
      vertex -9.7 -5.99994 0
    endloop
  endfacet
  facet normal -1 -0 0
    outer loop
      vertex -9.7 -5.99994 2
      vertex -9.7 -14.0208 0
      vertex -9.7 -14.0208 2
    endloop
  endfacet
  facet normal -0.999861 -0.0166746 0
    outer loop
      vertex -9.6973 -14.1827 0
      vertex -9.7 -14.0208 2
      vertex -9.7 -14.0208 0
    endloop
  endfacet
  facet normal -0.999861 -0.0166746 0
    outer loop
      vertex -9.7 -14.0208 2
      vertex -9.6973 -14.1827 0
      vertex -9.6973 -14.1827 2
    endloop
  endfacet
  facet normal -0.998762 -0.0497468 0
    outer loop
      vertex -9.6882 -14.3654 0
      vertex -9.6973 -14.1827 2
      vertex -9.6973 -14.1827 0
    endloop
  endfacet
  facet normal -0.998762 -0.0497468 0
    outer loop
      vertex -9.6973 -14.1827 2
      vertex -9.6882 -14.3654 0
      vertex -9.6882 -14.3654 2
    endloop
  endfacet
  facet normal -0.996541 -0.0830997 0
    outer loop
      vertex -9.67299 -14.5478 0
      vertex -9.6882 -14.3654 2
      vertex -9.6882 -14.3654 0
    endloop
  endfacet
  facet normal -0.996541 -0.0830997 0
    outer loop
      vertex -9.6882 -14.3654 2
      vertex -9.67299 -14.5478 0
      vertex -9.67299 -14.5478 2
    endloop
  endfacet
  facet normal -0.993241 -0.11607 0
    outer loop
      vertex -9.65178 -14.7293 0
      vertex -9.67299 -14.5478 2
      vertex -9.67299 -14.5478 0
    endloop
  endfacet
  facet normal -0.993241 -0.11607 0
    outer loop
      vertex -9.67299 -14.5478 2
      vertex -9.65178 -14.7293 0
      vertex -9.65178 -14.7293 2
    endloop
  endfacet
  facet normal -0.988828 -0.149063 0
    outer loop
      vertex -9.62454 -14.91 0
      vertex -9.65178 -14.7293 2
      vertex -9.65178 -14.7293 0
    endloop
  endfacet
  facet normal -0.988828 -0.149063 0
    outer loop
      vertex -9.65178 -14.7293 2
      vertex -9.62454 -14.91 0
      vertex -9.62454 -14.91 2
    endloop
  endfacet
  facet normal -0.983336 -0.1818 0
    outer loop
      vertex -9.59128 -15.0899 0
      vertex -9.62454 -14.91 2
      vertex -9.62454 -14.91 0
    endloop
  endfacet
  facet normal -0.983336 -0.1818 0
    outer loop
      vertex -9.62454 -14.91 2
      vertex -9.59128 -15.0899 0
      vertex -9.59128 -15.0899 2
    endloop
  endfacet
  facet normal -0.976725 -0.214496 0
    outer loop
      vertex -9.55208 -15.2684 0
      vertex -9.59128 -15.0899 2
      vertex -9.59128 -15.0899 0
    endloop
  endfacet
  facet normal -0.976725 -0.214496 0
    outer loop
      vertex -9.59128 -15.0899 2
      vertex -9.55208 -15.2684 0
      vertex -9.55208 -15.2684 2
    endloop
  endfacet
  facet normal -0.969124 -0.246572 0
    outer loop
      vertex -9.50697 -15.4457 0
      vertex -9.55208 -15.2684 2
      vertex -9.55208 -15.2684 0
    endloop
  endfacet
  facet normal -0.969124 -0.246572 0
    outer loop
      vertex -9.55208 -15.2684 2
      vertex -9.50697 -15.4457 0
      vertex -9.50697 -15.4457 2
    endloop
  endfacet
  facet normal -0.960302 -0.278963 0
    outer loop
      vertex -9.45593 -15.6214 0
      vertex -9.50697 -15.4457 2
      vertex -9.50697 -15.4457 0
    endloop
  endfacet
  facet normal -0.960302 -0.278963 0
    outer loop
      vertex -9.50697 -15.4457 2
      vertex -9.45593 -15.6214 0
      vertex -9.45593 -15.6214 2
    endloop
  endfacet
  facet normal -0.950534 -0.310621 0
    outer loop
      vertex -9.3992 -15.795 0
      vertex -9.45593 -15.6214 2
      vertex -9.45593 -15.6214 0
    endloop
  endfacet
  facet normal -0.950534 -0.310621 0
    outer loop
      vertex -9.45593 -15.6214 2
      vertex -9.3992 -15.795 0
      vertex -9.3992 -15.795 2
    endloop
  endfacet
  facet normal -0.939728 -0.341923 0
    outer loop
      vertex -9.33669 -15.9668 0
      vertex -9.3992 -15.795 2
      vertex -9.3992 -15.795 0
    endloop
  endfacet
  facet normal -0.939728 -0.341923 0
    outer loop
      vertex -9.3992 -15.795 2
      vertex -9.33669 -15.9668 0
      vertex -9.33669 -15.9668 2
    endloop
  endfacet
  facet normal -0.927796 -0.373087 0
    outer loop
      vertex -9.26845 -16.1365 0
      vertex -9.33669 -15.9668 2
      vertex -9.33669 -15.9668 0
    endloop
  endfacet
  facet normal -0.927796 -0.373087 0
    outer loop
      vertex -9.33669 -15.9668 2
      vertex -9.26845 -16.1365 0
      vertex -9.26845 -16.1365 2
    endloop
  endfacet
  facet normal -0.914924 -0.403627 0
    outer loop
      vertex -9.1946 -16.3039 0
      vertex -9.26845 -16.1365 2
      vertex -9.26845 -16.1365 0
    endloop
  endfacet
  facet normal -0.914924 -0.403627 0
    outer loop
      vertex -9.26845 -16.1365 2
      vertex -9.1946 -16.3039 0
      vertex -9.1946 -16.3039 2
    endloop
  endfacet
  facet normal -0.900959 -0.433904 0
    outer loop
      vertex -9.11528 -16.4686 0
      vertex -9.1946 -16.3039 2
      vertex -9.1946 -16.3039 0
    endloop
  endfacet
  facet normal -0.900959 -0.433904 0
    outer loop
      vertex -9.1946 -16.3039 2
      vertex -9.11528 -16.4686 0
      vertex -9.11528 -16.4686 2
    endloop
  endfacet
  facet normal -0.886022 -0.463643 0
    outer loop
      vertex -9.03056 -16.6305 0
      vertex -9.11528 -16.4686 2
      vertex -9.11528 -16.4686 0
    endloop
  endfacet
  facet normal -0.886022 -0.463643 0
    outer loop
      vertex -9.11528 -16.4686 2
      vertex -9.03056 -16.6305 0
      vertex -9.03056 -16.6305 2
    endloop
  endfacet
  facet normal -0.870202 -0.492695 0
    outer loop
      vertex -8.94048 -16.7896 0
      vertex -9.03056 -16.6305 2
      vertex -9.03056 -16.6305 0
    endloop
  endfacet
  facet normal -0.870202 -0.492695 0
    outer loop
      vertex -9.03056 -16.6305 2
      vertex -8.94048 -16.7896 0
      vertex -8.94048 -16.7896 2
    endloop
  endfacet
  facet normal -0.853222 -0.521547 0
    outer loop
      vertex -8.845 -16.9458 0
      vertex -8.94048 -16.7896 2
      vertex -8.94048 -16.7896 0
    endloop
  endfacet
  facet normal -0.853222 -0.521547 0
    outer loop
      vertex -8.94048 -16.7896 2
      vertex -8.845 -16.9458 0
      vertex -8.845 -16.9458 2
    endloop
  endfacet
  facet normal -0.835458 -0.549554 0
    outer loop
      vertex -8.74449 -17.0986 0
      vertex -8.845 -16.9458 2
      vertex -8.845 -16.9458 0
    endloop
  endfacet
  facet normal -0.835458 -0.549554 0
    outer loop
      vertex -8.845 -16.9458 2
      vertex -8.74449 -17.0986 0
      vertex -8.74449 -17.0986 2
    endloop
  endfacet
  facet normal -0.816807 -0.576911 0
    outer loop
      vertex -8.63911 -17.2478 0
      vertex -8.74449 -17.0986 2
      vertex -8.74449 -17.0986 0
    endloop
  endfacet
  facet normal -0.816807 -0.576911 0
    outer loop
      vertex -8.74449 -17.0986 2
      vertex -8.63911 -17.2478 0
      vertex -8.63911 -17.2478 2
    endloop
  endfacet
  facet normal -0.797183 -0.603738 0
    outer loop
      vertex -8.52869 -17.3936 0
      vertex -8.63911 -17.2478 2
      vertex -8.63911 -17.2478 0
    endloop
  endfacet
  facet normal -0.797183 -0.603738 0
    outer loop
      vertex -8.63911 -17.2478 2
      vertex -8.52869 -17.3936 0
      vertex -8.52869 -17.3936 2
    endloop
  endfacet
  facet normal -0.776392 -0.630251 0
    outer loop
      vertex -8.4135 -17.5355 0
      vertex -8.52869 -17.3936 2
      vertex -8.52869 -17.3936 0
    endloop
  endfacet
  facet normal -0.776392 -0.630251 0
    outer loop
      vertex -8.52869 -17.3936 2
      vertex -8.4135 -17.5355 0
      vertex -8.4135 -17.5355 2
    endloop
  endfacet
  facet normal -0.755301 -0.655378 0
    outer loop
      vertex -8.29367 -17.6736 0
      vertex -8.4135 -17.5355 2
      vertex -8.4135 -17.5355 0
    endloop
  endfacet
  facet normal -0.755301 -0.655378 0
    outer loop
      vertex -8.4135 -17.5355 2
      vertex -8.29367 -17.6736 0
      vertex -8.29367 -17.6736 2
    endloop
  endfacet
  facet normal -0.733152 -0.680065 0
    outer loop
      vertex -8.16928 -17.8077 0
      vertex -8.29367 -17.6736 2
      vertex -8.29367 -17.6736 0
    endloop
  endfacet
  facet normal -0.733152 -0.680065 0
    outer loop
      vertex -8.29367 -17.6736 2
      vertex -8.16928 -17.8077 0
      vertex -8.16928 -17.8077 2
    endloop
  endfacet
  facet normal -0.710137 -0.704064 0
    outer loop
      vertex -8.04059 -17.9375 0
      vertex -8.16928 -17.8077 2
      vertex -8.16928 -17.8077 0
    endloop
  endfacet
  facet normal -0.710137 -0.704064 0
    outer loop
      vertex -8.16928 -17.8077 2
      vertex -8.04059 -17.9375 0
      vertex -8.04059 -17.9375 2
    endloop
  endfacet
  facet normal -0.686067 -0.727538 0
    outer loop
      vertex -8.04059 -17.9375 0
      vertex -7.90761 -18.0629 2
      vertex -8.04059 -17.9375 2
    endloop
  endfacet
  facet normal -0.686067 -0.727538 -0
    outer loop
      vertex -7.90761 -18.0629 2
      vertex -8.04059 -17.9375 0
      vertex -7.90761 -18.0629 0
    endloop
  endfacet
  facet normal -0.661857 -0.74963 0
    outer loop
      vertex -7.90761 -18.0629 0
      vertex -7.77045 -18.184 2
      vertex -7.90761 -18.0629 2
    endloop
  endfacet
  facet normal -0.661857 -0.74963 -0
    outer loop
      vertex -7.77045 -18.184 2
      vertex -7.90761 -18.0629 0
      vertex -7.77045 -18.184 0
    endloop
  endfacet
  facet normal -0.636385 -0.771371 0
    outer loop
      vertex -7.77045 -18.184 0
      vertex -7.62936 -18.3004 2
      vertex -7.77045 -18.184 2
    endloop
  endfacet
  facet normal -0.636385 -0.771371 -0
    outer loop
      vertex -7.62936 -18.3004 2
      vertex -7.77045 -18.184 0
      vertex -7.62936 -18.3004 0
    endloop
  endfacet
  facet normal -0.610477 -0.792034 0
    outer loop
      vertex -7.62936 -18.3004 0
      vertex -7.48457 -18.412 2
      vertex -7.62936 -18.3004 2
    endloop
  endfacet
  facet normal -0.610477 -0.792034 -0
    outer loop
      vertex -7.48457 -18.412 2
      vertex -7.62936 -18.3004 0
      vertex -7.48457 -18.412 0
    endloop
  endfacet
  facet normal -0.583642 -0.812011 0
    outer loop
      vertex -7.48457 -18.412 0
      vertex -7.33612 -18.5187 2
      vertex -7.48457 -18.412 2
    endloop
  endfacet
  facet normal -0.583642 -0.812011 -0
    outer loop
      vertex -7.33612 -18.5187 2
      vertex -7.48457 -18.412 0
      vertex -7.33612 -18.5187 0
    endloop
  endfacet
  facet normal -0.556492 -0.830853 0
    outer loop
      vertex -7.33612 -18.5187 0
      vertex -7.18428 -18.6204 2
      vertex -7.33612 -18.5187 2
    endloop
  endfacet
  facet normal -0.556492 -0.830853 -0
    outer loop
      vertex -7.18428 -18.6204 2
      vertex -7.33612 -18.5187 0
      vertex -7.18428 -18.6204 0
    endloop
  endfacet
  facet normal -0.528451 -0.848964 0
    outer loop
      vertex -7.18428 -18.6204 0
      vertex -7.02893 -18.7171 2
      vertex -7.18428 -18.6204 2
    endloop
  endfacet
  facet normal -0.528451 -0.848964 -0
    outer loop
      vertex -7.02893 -18.7171 2
      vertex -7.18428 -18.6204 0
      vertex -7.02893 -18.7171 0
    endloop
  endfacet
  facet normal -0.499975 -0.86604 0
    outer loop
      vertex -7.02893 -18.7171 0
      vertex -6.87061 -18.8085 2
      vertex -7.02893 -18.7171 2
    endloop
  endfacet
  facet normal -0.499975 -0.86604 -0
    outer loop
      vertex -6.87061 -18.8085 2
      vertex -7.02893 -18.7171 0
      vertex -6.87061 -18.8085 0
    endloop
  endfacet
  facet normal -0.470702 -0.882292 0
    outer loop
      vertex -6.87061 -18.8085 0
      vertex -6.70941 -18.8945 2
      vertex -6.87061 -18.8085 2
    endloop
  endfacet
  facet normal -0.470702 -0.882292 -0
    outer loop
      vertex -6.70941 -18.8945 2
      vertex -6.87061 -18.8085 0
      vertex -6.70941 -18.8945 0
    endloop
  endfacet
  facet normal -0.441565 -0.897229 0
    outer loop
      vertex -6.70941 -18.8945 0
      vertex -6.54523 -18.9753 2
      vertex -6.70941 -18.8945 2
    endloop
  endfacet
  facet normal -0.441565 -0.897229 -0
    outer loop
      vertex -6.54523 -18.9753 2
      vertex -6.70941 -18.8945 0
      vertex -6.54523 -18.9753 0
    endloop
  endfacet
  facet normal -0.411496 -0.911412 0
    outer loop
      vertex -6.54523 -18.9753 0
      vertex -6.37845 -19.0506 2
      vertex -6.54523 -18.9753 2
    endloop
  endfacet
  facet normal -0.411496 -0.911412 -0
    outer loop
      vertex -6.37845 -19.0506 2
      vertex -6.54523 -18.9753 0
      vertex -6.37845 -19.0506 0
    endloop
  endfacet
  facet normal -0.380491 -0.924785 0
    outer loop
      vertex -6.37845 -19.0506 0
      vertex -6.20953 -19.1201 2
      vertex -6.37845 -19.0506 2
    endloop
  endfacet
  facet normal -0.380491 -0.924785 -0
    outer loop
      vertex -6.20953 -19.1201 2
      vertex -6.37845 -19.0506 0
      vertex -6.20953 -19.1201 0
    endloop
  endfacet
  facet normal -0.350002 -0.936749 0
    outer loop
      vertex -6.20953 -19.1201 0
      vertex -6.03824 -19.1841 2
      vertex -6.20953 -19.1201 2
    endloop
  endfacet
  facet normal -0.350002 -0.936749 -0
    outer loop
      vertex -6.03824 -19.1841 2
      vertex -6.20953 -19.1201 0
      vertex -6.03824 -19.1841 0
    endloop
  endfacet
  facet normal -0.318245 -0.948009 0
    outer loop
      vertex -6.03824 -19.1841 0
      vertex -5.86487 -19.2423 2
      vertex -6.03824 -19.1841 2
    endloop
  endfacet
  facet normal -0.318245 -0.948009 -0
    outer loop
      vertex -5.86487 -19.2423 2
      vertex -6.03824 -19.1841 0
      vertex -5.86487 -19.2423 0
    endloop
  endfacet
  facet normal -0.287092 -0.957903 0
    outer loop
      vertex -5.86487 -19.2423 0
      vertex -5.6897 -19.2948 2
      vertex -5.86487 -19.2423 2
    endloop
  endfacet
  facet normal -0.287092 -0.957903 -0
    outer loop
      vertex -5.6897 -19.2948 2
      vertex -5.86487 -19.2423 0
      vertex -5.6897 -19.2948 0
    endloop
  endfacet
  facet normal -0.254695 -0.967021 0
    outer loop
      vertex -5.6897 -19.2948 0
      vertex -5.51277 -19.3414 2
      vertex -5.6897 -19.2948 2
    endloop
  endfacet
  facet normal -0.254695 -0.967021 -0
    outer loop
      vertex -5.51277 -19.3414 2
      vertex -5.6897 -19.2948 0
      vertex -5.51277 -19.3414 0
    endloop
  endfacet
  facet normal -0.222224 -0.974996 0
    outer loop
      vertex -5.51277 -19.3414 0
      vertex -5.33464 -19.382 2
      vertex -5.51277 -19.3414 2
    endloop
  endfacet
  facet normal -0.222224 -0.974996 -0
    outer loop
      vertex -5.33464 -19.382 2
      vertex -5.51277 -19.3414 0
      vertex -5.33464 -19.382 0
    endloop
  endfacet
  facet normal -0.19042 -0.981703 0
    outer loop
      vertex -5.33464 -19.382 0
      vertex -5.15523 -19.4168 2
      vertex -5.33464 -19.382 2
    endloop
  endfacet
  facet normal -0.19042 -0.981703 -0
    outer loop
      vertex -5.15523 -19.4168 2
      vertex -5.33464 -19.382 0
      vertex -5.15523 -19.4168 0
    endloop
  endfacet
  facet normal -0.156954 -0.987606 0
    outer loop
      vertex -5.15523 -19.4168 0
      vertex -4.97464 -19.4455 2
      vertex -5.15523 -19.4168 2
    endloop
  endfacet
  facet normal -0.156954 -0.987606 -0
    outer loop
      vertex -4.97464 -19.4455 2
      vertex -5.15523 -19.4168 0
      vertex -4.97464 -19.4455 0
    endloop
  endfacet
  facet normal -0.124586 -0.992209 0
    outer loop
      vertex -4.97464 -19.4455 0
      vertex -4.79306 -19.4683 2
      vertex -4.97464 -19.4455 2
    endloop
  endfacet
  facet normal -0.124586 -0.992209 -0
    outer loop
      vertex -4.79306 -19.4683 2
      vertex -4.97464 -19.4455 0
      vertex -4.79306 -19.4683 0
    endloop
  endfacet
  facet normal -0.0913047 -0.995823 0
    outer loop
      vertex -4.79306 -19.4683 0
      vertex -4.61092 -19.485 2
      vertex -4.79306 -19.4683 2
    endloop
  endfacet
  facet normal -0.0913047 -0.995823 -0
    outer loop
      vertex -4.61092 -19.485 2
      vertex -4.79306 -19.4683 0
      vertex -4.61092 -19.485 0
    endloop
  endfacet
  facet normal -0.0580168 -0.998316 0
    outer loop
      vertex -4.61092 -19.485 0
      vertex -4.42336 -19.4959 2
      vertex -4.61092 -19.485 2
    endloop
  endfacet
  facet normal -0.0580168 -0.998316 -0
    outer loop
      vertex -4.42336 -19.4959 2
      vertex -4.61092 -19.485 0
      vertex -4.42336 -19.4959 0
    endloop
  endfacet
  facet normal -0.0207708 -0.999784 0
    outer loop
      vertex -4.42336 -19.4959 0
      vertex -4.22601 -19.5 2
      vertex -4.42336 -19.4959 2
    endloop
  endfacet
  facet normal -0.0207708 -0.999784 -0
    outer loop
      vertex -4.22601 -19.5 2
      vertex -4.42336 -19.4959 0
      vertex -4.22601 -19.5 0
    endloop
  endfacet
  facet normal 0 -1 0
    outer loop
      vertex -4.22601 -19.5 0
      vertex 4.22084 -19.5 2
      vertex -4.22601 -19.5 2
    endloop
  endfacet
  facet normal 0 -1 -0
    outer loop
      vertex 4.22084 -19.5 2
      vertex -4.22601 -19.5 0
      vertex 4.22084 -19.5 0
    endloop
  endfacet
  facet normal 0.0166746 -0.999861 0
    outer loop
      vertex 4.22084 -19.5 0
      vertex 4.38274 -19.4973 2
      vertex 4.22084 -19.5 2
    endloop
  endfacet
  facet normal 0.0166746 -0.999861 0
    outer loop
      vertex 4.38274 -19.4973 2
      vertex 4.22084 -19.5 0
      vertex 4.38274 -19.4973 0
    endloop
  endfacet
  facet normal 0 0 1
    outer loop
      vertex 7.19833 14.0997 7
      vertex 5.27911 14.0363 7
      vertex 5.28 13.9835 7
    endloop
  endfacet
  facet normal 0 0 1
    outer loop
      vertex 5.38823 16.7547 7
      vertex 5.27736 14.0716 7
      vertex 5.27911 14.0363 7
    endloop
  endfacet
  facet normal 0 0 1
    outer loop
      vertex 5.38823 16.7547 7
      vertex 5.2744 14.1072 7
      vertex 5.27736 14.0716 7
    endloop
  endfacet
  facet normal 0 0 1
    outer loop
      vertex 5.38823 16.7547 7
      vertex 5.27016 14.1434 7
      vertex 5.2744 14.1072 7
    endloop
  endfacet
  facet normal 0 0 1
    outer loop
      vertex 5.38823 16.7547 7
      vertex 5.26483 14.1787 7
      vertex 5.27016 14.1434 7
    endloop
  endfacet
  facet normal 0 0 1
    outer loop
      vertex 5.38823 16.7547 7
      vertex 5.25832 14.214 7
      vertex 5.26483 14.1787 7
    endloop
  endfacet
  facet normal 0 0 1
    outer loop
      vertex 5.38823 16.7547 7
      vertex 5.25066 14.2489 7
      vertex 5.25832 14.214 7
    endloop
  endfacet
  facet normal 0 0 1
    outer loop
      vertex 5.38823 16.7547 7
      vertex 5.24181 14.2837 7
      vertex 5.25066 14.2489 7
    endloop
  endfacet
  facet normal 0 0 1
    outer loop
      vertex 5.38823 16.7547 7
      vertex 5.23181 14.3181 7
      vertex 5.24181 14.2837 7
    endloop
  endfacet
  facet normal 0 0 1
    outer loop
      vertex 5.38823 16.7547 7
      vertex 5.2206 14.3524 7
      vertex 5.23181 14.3181 7
    endloop
  endfacet
  facet normal 0 0 1
    outer loop
      vertex 5.38823 16.7547 7
      vertex 5.20822 14.3864 7
      vertex 5.2206 14.3524 7
    endloop
  endfacet
  facet normal 0 0 1
    outer loop
      vertex 4.59456 15.0051 7
      vertex 5.29602 16.7926 7
      vertex 5.20259 16.8275 7
    endloop
  endfacet
  facet normal 0 0 1
    outer loop
      vertex 5.38823 16.7547 7
      vertex 5.19499 14.4193 7
      vertex 5.20822 14.3864 7
    endloop
  endfacet
  facet normal 0 0 1
    outer loop
      vertex 5.38823 16.7547 7
      vertex 5.18042 14.4523 7
      vertex 5.19499 14.4193 7
    endloop
  endfacet
  facet normal 0 0 1
    outer loop
      vertex 5.38823 16.7547 7
      vertex 5.16495 14.4845 7
      vertex 5.18042 14.4523 7
    endloop
  endfacet
  facet normal 0 0 1
    outer loop
      vertex 5.38823 16.7547 7
      vertex 5.14821 14.5164 7
      vertex 5.16495 14.4845 7
    endloop
  endfacet
  facet normal 0 0 1
    outer loop
      vertex 5.38823 16.7547 7
      vertex 5.13043 14.5479 7
      vertex 5.14821 14.5164 7
    endloop
  endfacet
  facet normal 0 0 1
    outer loop
      vertex 5.38823 16.7547 7
      vertex 5.11197 14.578 7
      vertex 5.13043 14.5479 7
    endloop
  endfacet
  facet normal 0 0 1
    outer loop
      vertex 4.56071 15.0177 7
      vertex 5.20259 16.8275 7
      vertex 5.10806 16.8593 7
    endloop
  endfacet
  facet normal 0 0 1
    outer loop
      vertex 5.38823 16.7547 7
      vertex 5.09213 14.6082 7
      vertex 5.11197 14.578 7
    endloop
  endfacet
  facet normal 0 0 1
    outer loop
      vertex 5.38823 16.7547 7
      vertex 5.07133 14.6376 7
      vertex 5.09213 14.6082 7
    endloop
  endfacet
  facet normal 0 0 1
    outer loop
      vertex 5.38823 16.7547 7
      vertex 5.04985 14.666 7
      vertex 5.07133 14.6376 7
    endloop
  endfacet
  facet normal 0 0 1
    outer loop
      vertex 5.38823 16.7547 7
      vertex 5.02719 14.6939 7
      vertex 5.04985 14.666 7
    endloop
  endfacet
  facet normal 0 0 1
    outer loop
      vertex 4.52669 15.0291 7
      vertex 5.10806 16.8593 7
      vertex 5.01251 16.8879 7
    endloop
  endfacet
  facet normal 0 0 1
    outer loop
      vertex 5.38823 16.7547 7
      vertex 5.00343 14.7213 7
      vertex 5.02719 14.6939 7
    endloop
  endfacet
  facet normal 0 0 1
    outer loop
      vertex 5.38823 16.7547 7
      vertex 4.9791 14.7475 7
      vertex 5.00343 14.7213 7
    endloop
  endfacet
  facet normal 0 0 1
    outer loop
      vertex 5.38823 16.7547 7
      vertex 4.95384 14.773 7
      vertex 4.9791 14.7475 7
    endloop
  endfacet
  facet normal 0 0 1
    outer loop
      vertex 5.38823 16.7547 7
      vertex 4.92783 14.7976 7
      vertex 4.95384 14.773 7
    endloop
  endfacet
  facet normal 0 0 1
    outer loop
      vertex 4.49251 15.0394 7
      vertex 5.01251 16.8879 7
      vertex 4.91608 16.9133 7
    endloop
  endfacet
  facet normal 0 0 1
    outer loop
      vertex 5.38823 16.7547 7
      vertex 4.90094 14.8213 7
      vertex 4.92783 14.7976 7
    endloop
  endfacet
  facet normal 0 0 1
    outer loop
      vertex 5.38823 16.7547 7
      vertex 4.8734 14.844 7
      vertex 4.90094 14.8213 7
    endloop
  endfacet
  facet normal 0 0 1
    outer loop
      vertex 5.38823 16.7547 7
      vertex 4.8448 14.866 7
      vertex 4.8734 14.844 7
    endloop
  endfacet
  facet normal 0 0 1
    outer loop
      vertex 4.45804 15.0484 7
      vertex 4.91608 16.9133 7
      vertex 4.81885 16.9355 7
    endloop
  endfacet
  facet normal 0 0 1
    outer loop
      vertex 5.38823 16.7547 7
      vertex 4.8156 14.8871 7
      vertex 4.8448 14.866 7
    endloop
  endfacet
  facet normal 0 0 1
    outer loop
      vertex 5.38823 16.7547 7
      vertex 4.78575 14.907 7
      vertex 4.8156 14.8871 7
    endloop
  endfacet
  facet normal 0 0 1
    outer loop
      vertex 5.38823 16.7547 7
      vertex 4.75514 14.9261 7
      vertex 4.78575 14.907 7
    endloop
  endfacet
  facet normal 0 0 1
    outer loop
      vertex 5.38823 16.7547 7
      vertex 4.72444 14.9438 7
      vertex 4.75514 14.9261 7
    endloop
  endfacet
  facet normal 0 0 1
    outer loop
      vertex 4.42274 15.0565 7
      vertex 4.81885 16.9355 7
      vertex 4.72095 16.9544 7
    endloop
  endfacet
  facet normal 0 0 1
    outer loop
      vertex 5.38823 16.7547 7
      vertex 4.69237 14.9609 7
      vertex 4.72444 14.9438 7
    endloop
  endfacet
  facet normal 0 0 1
    outer loop
      vertex 5.38823 16.7547 7
      vertex 4.66061 14.9766 7
      vertex 4.69237 14.9609 7
    endloop
  endfacet
  facet normal 0 0 1
    outer loop
      vertex 5.38823 16.7547 7
      vertex 4.6275 14.9915 7
      vertex 4.66061 14.9766 7
    endloop
  endfacet
  facet normal 0 0 1
    outer loop
      vertex 4.38727 15.0634 7
      vertex 4.72095 16.9544 7
      vertex 4.62245 16.9701 7
    endloop
  endfacet
  facet normal 0 0 1
    outer loop
      vertex 5.29602 16.7926 7
      vertex 4.59456 15.0051 7
      vertex 4.6275 14.9915 7
    endloop
  endfacet
  facet normal 0 0 1
    outer loop
      vertex 5.20259 16.8275 7
      vertex 4.56071 15.0177 7
      vertex 4.59456 15.0051 7
    endloop
  endfacet
  facet normal 0 0 1
    outer loop
      vertex 5.10806 16.8593 7
      vertex 4.52669 15.0291 7
      vertex 4.56071 15.0177 7
    endloop
  endfacet
  facet normal 0 0 1
    outer loop
      vertex 4.3521 15.069 7
      vertex 4.62245 16.9701 7
      vertex 4.5235 16.9825 7
    endloop
  endfacet
  facet normal 0 0 1
    outer loop
      vertex 5.01251 16.8879 7
      vertex 4.49251 15.0394 7
      vertex 4.52669 15.0291 7
    endloop
  endfacet
  facet normal 0 0 1
    outer loop
      vertex 4.91608 16.9133 7
      vertex 4.45804 15.0484 7
      vertex 4.49251 15.0394 7
    endloop
  endfacet
  facet normal 0 0 1
    outer loop
      vertex 4.3165 15.0734 7
      vertex 4.5235 16.9825 7
      vertex 4.42419 16.9916 7
    endloop
  endfacet
  facet normal 0 0 1
    outer loop
      vertex 4.81885 16.9355 7
      vertex 4.42274 15.0565 7
      vertex 4.45804 15.0484 7
    endloop
  endfacet
  facet normal 0 0 1
    outer loop
      vertex 4.72095 16.9544 7
      vertex 4.38727 15.0634 7
      vertex 4.42274 15.0565 7
    endloop
  endfacet
  facet normal 0 0 1
    outer loop
      vertex 4.62245 16.9701 7
      vertex 4.3521 15.069 7
      vertex 4.38727 15.0634 7
    endloop
  endfacet
  facet normal 0 0 1
    outer loop
      vertex 4.28058 15.0767 7
      vertex 4.42419 16.9916 7
      vertex 4.32463 16.9974 7
    endloop
  endfacet
  facet normal 0 0 1
    outer loop
      vertex 4.5235 16.9825 7
      vertex 4.3165 15.0734 7
      vertex 4.3521 15.069 7
    endloop
  endfacet
  facet normal 0 0 1
    outer loop
      vertex 4.42419 16.9916 7
      vertex 4.28058 15.0767 7
      vertex 4.3165 15.0734 7
    endloop
  endfacet
  facet normal 0 0 1
    outer loop
      vertex 4.32463 16.9974 7
      vertex 4.24896 15.0786 7
      vertex 4.28058 15.0767 7
    endloop
  endfacet
  facet normal 0 0 1
    outer loop
      vertex 4.2 17 7
      vertex 4.24896 15.0786 7
      vertex 4.32463 16.9974 7
    endloop
  endfacet
  facet normal 0 0 1
    outer loop
      vertex 4.2 17 7
      vertex 4.17984 15.08 7
      vertex 4.24896 15.0786 7
    endloop
  endfacet
  facet normal 0 0 1
    outer loop
      vertex 4.2 17 7
      vertex -4.18353 15.08 7
      vertex 4.17984 15.08 7
    endloop
  endfacet
  facet normal -0 0 1
    outer loop
      vertex -4.2 17 7
      vertex -4.18353 15.08 7
      vertex 4.2 17 7
    endloop
  endfacet
  facet normal 0 0 1
    outer loop
      vertex -4.2 17 7
      vertex -4.23633 15.0791 7
      vertex -4.18353 15.08 7
    endloop
  endfacet
  facet normal -0 0 1
    outer loop
      vertex -4.29971 16.9983 7
      vertex -4.23633 15.0791 7
      vertex -4.2 17 7
    endloop
  endfacet
  facet normal 0 0 1
    outer loop
      vertex -4.23633 15.0791 7
      vertex -4.29971 16.9983 7
      vertex -4.27164 15.0774 7
    endloop
  endfacet
  facet normal -0 0 1
    outer loop
      vertex -4.39932 16.9934 7
      vertex -4.27164 15.0774 7
      vertex -4.29971 16.9983 7
    endloop
  endfacet
  facet normal 0 0 1
    outer loop
      vertex -4.27164 15.0774 7
      vertex -4.39932 16.9934 7
      vertex -4.30716 15.0744 7
    endloop
  endfacet
  facet normal -0 0 1
    outer loop
      vertex -4.4987 16.9851 7
      vertex -4.30716 15.0744 7
      vertex -4.39932 16.9934 7
    endloop
  endfacet
  facet normal 0 0 1
    outer loop
      vertex -4.30716 15.0744 7
      vertex -4.4987 16.9851 7
      vertex -4.34337 15.0702 7
    endloop
  endfacet
  facet normal -0 0 1
    outer loop
      vertex -4.59775 16.9735 7
      vertex -4.34337 15.0702 7
      vertex -4.4987 16.9851 7
    endloop
  endfacet
  facet normal 0 0 1
    outer loop
      vertex -4.34337 15.0702 7
      vertex -4.59775 16.9735 7
      vertex -4.37871 15.0648 7
    endloop
  endfacet
  facet normal -0 0 1
    outer loop
      vertex -4.69637 16.9586 7
      vertex -4.37871 15.0648 7
      vertex -4.59775 16.9735 7
    endloop
  endfacet
  facet normal 0 0 1
    outer loop
      vertex -4.37871 15.0648 7
      vertex -4.69637 16.9586 7
      vertex -4.41403 15.0583 7
    endloop
  endfacet
  facet normal -0 0 1
    outer loop
      vertex -4.79443 16.9405 7
      vertex -4.41403 15.0583 7
      vertex -4.69637 16.9586 7
    endloop
  endfacet
  facet normal 0 0 1
    outer loop
      vertex -4.41403 15.0583 7
      vertex -4.79443 16.9405 7
      vertex -4.44887 15.0507 7
    endloop
  endfacet
  facet normal -0 0 1
    outer loop
      vertex -4.89185 16.9191 7
      vertex -4.44887 15.0507 7
      vertex -4.79443 16.9405 7
    endloop
  endfacet
  facet normal 0 0 1
    outer loop
      vertex -4.44887 15.0507 7
      vertex -4.89185 16.9191 7
      vertex -4.48366 15.0418 7
    endloop
  endfacet
  facet normal -0 0 1
    outer loop
      vertex -4.98849 16.8945 7
      vertex -4.48366 15.0418 7
      vertex -4.89185 16.9191 7
    endloop
  endfacet
  facet normal 0 0 1
    outer loop
      vertex -4.48366 15.0418 7
      vertex -4.98849 16.8945 7
      vertex -4.51808 15.0318 7
    endloop
  endfacet
  facet normal -0 0 1
    outer loop
      vertex -5.08426 16.8667 7
      vertex -4.51808 15.0318 7
      vertex -4.98849 16.8945 7
    endloop
  endfacet
  facet normal 0 0 1
    outer loop
      vertex -4.51808 15.0318 7
      vertex -5.08426 16.8667 7
      vertex -4.55238 15.0206 7
    endloop
  endfacet
  facet normal -0 0 1
    outer loop
      vertex -5.17906 16.8357 7
      vertex -4.55238 15.0206 7
      vertex -5.08426 16.8667 7
    endloop
  endfacet
  facet normal 0 0 1
    outer loop
      vertex -4.55238 15.0206 7
      vertex -5.17906 16.8357 7
      vertex -4.58641 15.0082 7
    endloop
  endfacet
  facet normal -0 0 1
    outer loop
      vertex -5.27277 16.8016 7
      vertex -4.58641 15.0082 7
      vertex -5.17906 16.8357 7
    endloop
  endfacet
  facet normal 0 0 1
    outer loop
      vertex -4.58641 15.0082 7
      vertex -5.27277 16.8016 7
      vertex -4.61931 14.995 7
    endloop
  endfacet
  facet normal -0 0 1
    outer loop
      vertex -5.3653 16.7644 7
      vertex -4.61931 14.995 7
      vertex -5.27277 16.8016 7
    endloop
  endfacet
  facet normal 0 0 1
    outer loop
      vertex -4.61931 14.995 7
      vertex -5.3653 16.7644 7
      vertex -4.65233 14.9804 7
    endloop
  endfacet
  facet normal -0 0 1
    outer loop
      vertex -5.45654 16.7242 7
      vertex -4.65233 14.9804 7
      vertex -5.3653 16.7644 7
    endloop
  endfacet
  facet normal 0 0 1
    outer loop
      vertex -4.65233 14.9804 7
      vertex -5.45654 16.7242 7
      vertex -4.68445 14.965 7
    endloop
  endfacet
  facet normal -0 0 1
    outer loop
      vertex -5.5464 16.6809 7
      vertex -4.68445 14.965 7
      vertex -5.45654 16.7242 7
    endloop
  endfacet
  facet normal 0 0 1
    outer loop
      vertex -4.68445 14.965 7
      vertex -5.5464 16.6809 7
      vertex -4.71645 14.9482 7
    endloop
  endfacet
  facet normal -0 0 1
    outer loop
      vertex -5.63477 16.6347 7
      vertex -4.71645 14.9482 7
      vertex -5.5464 16.6809 7
    endloop
  endfacet
  facet normal 0 0 1
    outer loop
      vertex -4.71645 14.9482 7
      vertex -5.63477 16.6347 7
      vertex -4.74785 14.9304 7
    endloop
  endfacet
  facet normal -0 0 1
    outer loop
      vertex -5.72154 16.5855 7
      vertex -4.74785 14.9304 7
      vertex -5.63477 16.6347 7
    endloop
  endfacet
  facet normal 0 0 1
    outer loop
      vertex -4.74785 14.9304 7
      vertex -5.72154 16.5855 7
      vertex -4.77805 14.912 7
    endloop
  endfacet
  facet normal -0 0 1
    outer loop
      vertex -5.80664 16.5335 7
      vertex -4.77805 14.912 7
      vertex -5.72154 16.5855 7
    endloop
  endfacet
  facet normal 0 0 1
    outer loop
      vertex -4.77805 14.912 7
      vertex -5.80664 16.5335 7
      vertex -4.8082 14.8921 7
    endloop
  endfacet
  facet normal -0 0 1
    outer loop
      vertex -5.88995 16.4787 7
      vertex -4.8082 14.8921 7
      vertex -5.80664 16.5335 7
    endloop
  endfacet
  facet normal 0 0 1
    outer loop
      vertex -4.8082 14.8921 7
      vertex -5.88995 16.4787 7
      vertex -4.83763 14.8713 7
    endloop
  endfacet
  facet normal -0 0 1
    outer loop
      vertex -5.97141 16.4212 7
      vertex -4.83763 14.8713 7
      vertex -5.88995 16.4787 7
    endloop
  endfacet
  facet normal 0 0 1
    outer loop
      vertex -4.83763 14.8713 7
      vertex -5.97141 16.4212 7
      vertex -4.86601 14.8499 7
    endloop
  endfacet
  facet normal -0 0 1
    outer loop
      vertex -6.0509 16.361 7
      vertex -4.86601 14.8499 7
      vertex -5.97141 16.4212 7
    endloop
  endfacet
  facet normal 0 0 1
    outer loop
      vertex -4.86601 14.8499 7
      vertex -6.0509 16.361 7
      vertex -4.89394 14.8272 7
    endloop
  endfacet
  facet normal -0 0 1
    outer loop
      vertex -6.12836 16.2981 7
      vertex -4.89394 14.8272 7
      vertex -6.0509 16.361 7
    endloop
  endfacet
  facet normal 0 0 1
    outer loop
      vertex -4.89394 14.8272 7
      vertex -6.12836 16.2981 7
      vertex -4.92133 14.8034 7
    endloop
  endfacet
  facet normal -0 0 1
    outer loop
      vertex -6.20367 16.2328 7
      vertex -4.92133 14.8034 7
      vertex -6.12836 16.2981 7
    endloop
  endfacet
  facet normal 0 0 1
    outer loop
      vertex -4.92133 14.8034 7
      vertex -6.20367 16.2328 7
      vertex -4.94754 14.7791 7
    endloop
  endfacet
  facet normal -0 0 1
    outer loop
      vertex -6.27678 16.1649 7
      vertex -4.94754 14.7791 7
      vertex -6.20367 16.2328 7
    endloop
  endfacet
  facet normal 0 0 1
    outer loop
      vertex -4.94754 14.7791 7
      vertex -6.27678 16.1649 7
      vertex -4.97302 14.7538 7
    endloop
  endfacet
  facet normal -0 0 1
    outer loop
      vertex -6.3476 16.0947 7
      vertex -4.97302 14.7538 7
      vertex -6.27678 16.1649 7
    endloop
  endfacet
  facet normal 0 0 1
    outer loop
      vertex -4.97302 14.7538 7
      vertex -6.3476 16.0947 7
      vertex -4.99756 14.7278 7
    endloop
  endfacet
  facet normal -0 0 1
    outer loop
      vertex -6.41603 16.0222 7
      vertex -4.99756 14.7278 7
      vertex -6.3476 16.0947 7
    endloop
  endfacet
  facet normal 0 0 1
    outer loop
      vertex -4.99756 14.7278 7
      vertex -6.41603 16.0222 7
      vertex -5.02129 14.7009 7
    endloop
  endfacet
  facet normal -0 0 1
    outer loop
      vertex -6.48203 15.9474 7
      vertex -5.02129 14.7009 7
      vertex -6.41603 16.0222 7
    endloop
  endfacet
  facet normal 0 0 1
    outer loop
      vertex -5.02129 14.7009 7
      vertex -6.48203 15.9474 7
      vertex -5.04402 14.6734 7
    endloop
  endfacet
  facet normal -0 0 1
    outer loop
      vertex -6.54549 15.8705 7
      vertex -5.04402 14.6734 7
      vertex -6.48203 15.9474 7
    endloop
  endfacet
  facet normal 0 0 1
    outer loop
      vertex -5.04402 14.6734 7
      vertex -6.54549 15.8705 7
      vertex -5.06604 14.6448 7
    endloop
  endfacet
  facet normal -0 0 1
    outer loop
      vertex -6.60637 15.7915 7
      vertex -5.06604 14.6448 7
      vertex -6.54549 15.8705 7
    endloop
  endfacet
  facet normal 0 0 1
    outer loop
      vertex -5.06604 14.6448 7
      vertex -6.60637 15.7915 7
      vertex -5.08705 14.6156 7
    endloop
  endfacet
  facet normal -0 0 1
    outer loop
      vertex -6.66458 15.7105 7
      vertex -5.08705 14.6156 7
      vertex -6.60637 15.7915 7
    endloop
  endfacet
  facet normal -0 0 1
    outer loop
      vertex -6.72008 15.6276 7
      vertex -5.10704 14.5858 7
      vertex -6.66458 15.7105 7
    endloop
  endfacet
  facet normal 0 0 1
    outer loop
      vertex -5.08705 14.6156 7
      vertex -6.66458 15.7105 7
      vertex -5.10704 14.5858 7
    endloop
  endfacet
  facet normal 0 0 1
    outer loop
      vertex 5.28 13.9835 7
      vertex 7.2 14 7
      vertex 7.19833 14.0997 7
    endloop
  endfacet
  facet normal 0 0 1
    outer loop
      vertex 7.2 14 7
      vertex 5.28 13.9835 7
      vertex 7.2 -14 7
    endloop
  endfacet
  facet normal 0 0 1
    outer loop
      vertex 5.27911 14.0363 7
      vertex 7.19833 14.0997 7
      vertex 7.19337 14.1993 7
    endloop
  endfacet
  facet normal 0 0 1
    outer loop
      vertex 7.2 -14 7
      vertex 5.28 13.9835 7
      vertex 5.28 -13.9798 7
    endloop
  endfacet
  facet normal 0 0 1
    outer loop
      vertex 5.27911 14.0363 7
      vertex 7.19337 14.1993 7
      vertex 7.18509 14.2987 7
    endloop
  endfacet
  facet normal 0 0 1
    outer loop
      vertex 7.2 -14 7
      vertex 5.28 -13.9798 7
      vertex 7.1974 -14.1246 7
    endloop
  endfacet
  facet normal 0 0 1
    outer loop
      vertex 5.27911 14.0363 7
      vertex 7.18509 14.2987 7
      vertex 7.17351 14.3978 7
    endloop
  endfacet
  facet normal -0 0 1
    outer loop
      vertex 5.27856 -14.049 7
      vertex 7.1974 -14.1246 7
      vertex 5.28 -13.9798 7
    endloop
  endfacet
  facet normal 0 0 1
    outer loop
      vertex 5.27911 14.0363 7
      vertex 7.17351 14.3978 7
      vertex 7.15865 14.4964 7
    endloop
  endfacet
  facet normal 0 0 1
    outer loop
      vertex 7.1974 -14.1246 7
      vertex 5.27856 -14.049 7
      vertex 7.1916 -14.2242 7
    endloop
  endfacet
  facet normal 0 0 1
    outer loop
      vertex 5.27911 14.0363 7
      vertex 7.15865 14.4964 7
      vertex 7.14052 14.5944 7
    endloop
  endfacet
  facet normal -0 0 1
    outer loop
      vertex 5.27672 -14.0806 7
      vertex 7.1916 -14.2242 7
      vertex 5.27856 -14.049 7
    endloop
  endfacet
  facet normal 0 0 1
    outer loop
      vertex 5.27911 14.0363 7
      vertex 7.14052 14.5944 7
      vertex 7.11913 14.6918 7
    endloop
  endfacet
  facet normal 0 0 1
    outer loop
      vertex 7.1916 -14.2242 7
      vertex 5.27672 -14.0806 7
      vertex 7.18251 -14.3235 7
    endloop
  endfacet
  facet normal 0 0 1
    outer loop
      vertex 5.27911 14.0363 7
      vertex 7.11913 14.6918 7
      vertex 7.09453 14.7885 7
    endloop
  endfacet
  facet normal -0 0 1
    outer loop
      vertex 5.27344 -14.1165 7
      vertex 7.18251 -14.3235 7
      vertex 5.27672 -14.0806 7
    endloop
  endfacet
  facet normal 0 0 1
    outer loop
      vertex 5.27911 14.0363 7
      vertex 7.09453 14.7885 7
      vertex 7.06671 14.8843 7
    endloop
  endfacet
  facet normal 0 0 1
    outer loop
      vertex 7.18251 -14.3235 7
      vertex 5.27344 -14.1165 7
      vertex 7.1701 -14.4225 7
    endloop
  endfacet
  facet normal 0 0 1
    outer loop
      vertex 5.27911 14.0363 7
      vertex 7.06671 14.8843 7
      vertex 7.03574 14.9791 7
    endloop
  endfacet
  facet normal -0 0 1
    outer loop
      vertex 5.26897 -14.1521 7
      vertex 7.1701 -14.4225 7
      vertex 5.27344 -14.1165 7
    endloop
  endfacet
  facet normal 0 0 1
    outer loop
      vertex 5.27911 14.0363 7
      vertex 7.03574 14.9791 7
      vertex 7.00163 15.0728 7
    endloop
  endfacet
  facet normal 0 0 1
    outer loop
      vertex 7.1701 -14.4225 7
      vertex 5.26897 -14.1521 7
      vertex 7.15442 -14.521 7
    endloop
  endfacet
  facet normal 0 0 1
    outer loop
      vertex 5.27911 14.0363 7
      vertex 7.00163 15.0728 7
      vertex 6.96443 15.1653 7
    endloop
  endfacet
  facet normal -0 0 1
    outer loop
      vertex 5.26337 -14.1873 7
      vertex 7.15442 -14.521 7
      vertex 5.26897 -14.1521 7
    endloop
  endfacet
  facet normal 0 0 1
    outer loop
      vertex 5.27911 14.0363 7
      vertex 6.96443 15.1653 7
      vertex 6.92416 15.2565 7
    endloop
  endfacet
  facet normal 0 0 1
    outer loop
      vertex 7.15442 -14.521 7
      vertex 5.26337 -14.1873 7
      vertex 7.13547 -14.6189 7
    endloop
  endfacet
  facet normal 0 0 1
    outer loop
      vertex 5.27911 14.0363 7
      vertex 6.92416 15.2565 7
      vertex 6.88089 15.3464 7
    endloop
  endfacet
  facet normal -0 0 1
    outer loop
      vertex 5.2565 -14.2227 7
      vertex 7.13547 -14.6189 7
      vertex 5.26337 -14.1873 7
    endloop
  endfacet
  facet normal 0 0 1
    outer loop
      vertex 5.27911 14.0363 7
      vertex 6.88089 15.3464 7
      vertex 6.83466 15.4348 7
    endloop
  endfacet
  facet normal 0 0 1
    outer loop
      vertex 7.13547 -14.6189 7
      vertex 5.2565 -14.2227 7
      vertex 7.11328 -14.7161 7
    endloop
  endfacet
  facet normal 0 0 1
    outer loop
      vertex 5.27911 14.0363 7
      vertex 6.83466 15.4348 7
      vertex 6.78552 15.5215 7
    endloop
  endfacet
  facet normal -0 0 1
    outer loop
      vertex 5.24844 -14.258 7
      vertex 7.11328 -14.7161 7
      vertex 5.2565 -14.2227 7
    endloop
  endfacet
  facet normal 0 0 1
    outer loop
      vertex 5.27911 14.0363 7
      vertex 6.78552 15.5215 7
      vertex 6.73352 15.6066 7
    endloop
  endfacet
  facet normal 0 0 1
    outer loop
      vertex 7.11328 -14.7161 7
      vertex 5.24844 -14.258 7
      vertex 7.08788 -14.8125 7
    endloop
  endfacet
  facet normal 0 0 1
    outer loop
      vertex 5.27911 14.0363 7
      vertex 6.73352 15.6066 7
      vertex 6.67871 15.69 7
    endloop
  endfacet
  facet normal -0 0 1
    outer loop
      vertex 5.23936 -14.2925 7
      vertex 7.08788 -14.8125 7
      vertex 5.24844 -14.258 7
    endloop
  endfacet
  facet normal 0 0 1
    outer loop
      vertex 5.27911 14.0363 7
      vertex 6.67871 15.69 7
      vertex 6.62117 15.7714 7
    endloop
  endfacet
  facet normal 0 0 1
    outer loop
      vertex 7.08788 -14.8125 7
      vertex 5.23936 -14.2925 7
      vertex 7.05927 -14.9081 7
    endloop
  endfacet
  facet normal 0 0 1
    outer loop
      vertex 5.27911 14.0363 7
      vertex 6.62117 15.7714 7
      vertex 6.56096 15.8509 7
    endloop
  endfacet
  facet normal -0 0 1
    outer loop
      vertex 5.22913 -14.3267 7
      vertex 7.05927 -14.9081 7
      vertex 5.23936 -14.2925 7
    endloop
  endfacet
  facet normal 0 0 1
    outer loop
      vertex 5.27911 14.0363 7
      vertex 6.56096 15.8509 7
      vertex 6.49812 15.9284 7
    endloop
  endfacet
  facet normal 0 0 1
    outer loop
      vertex 7.05927 -14.9081 7
      vertex 5.22913 -14.3267 7
      vertex 7.02751 -15.0026 7
    endloop
  endfacet
  facet normal 0 0 1
    outer loop
      vertex 5.27911 14.0363 7
      vertex 6.49812 15.9284 7
      vertex 6.43277 16.0037 7
    endloop
  endfacet
  facet normal -0 0 1
    outer loop
      vertex 5.2177 -14.3607 7
      vertex 7.02751 -15.0026 7
      vertex 5.22913 -14.3267 7
    endloop
  endfacet
  facet normal 0 0 1
    outer loop
      vertex 5.27911 14.0363 7
      vertex 6.43277 16.0037 7
      vertex 6.36493 16.0768 7
    endloop
  endfacet
  facet normal 0 0 1
    outer loop
      vertex 7.02751 -15.0026 7
      vertex 5.2177 -14.3607 7
      vertex 6.99261 -15.096 7
    endloop
  endfacet
  facet normal 0 0 1
    outer loop
      vertex 5.27911 14.0363 7
      vertex 6.36493 16.0768 7
      vertex 6.29471 16.1476 7
    endloop
  endfacet
  facet normal -0 0 1
    outer loop
      vertex 5.20506 -14.3946 7
      vertex 6.99261 -15.096 7
      vertex 5.2177 -14.3607 7
    endloop
  endfacet
  facet normal 0 0 1
    outer loop
      vertex 5.27911 14.0363 7
      vertex 6.29471 16.1476 7
      vertex 6.22217 16.216 7
    endloop
  endfacet
  facet normal 0 0 1
    outer loop
      vertex 6.99261 -15.096 7
      vertex 5.20506 -14.3946 7
      vertex 6.95465 -15.1882 7
    endloop
  endfacet
  facet normal 0 0 1
    outer loop
      vertex 5.27911 14.0363 7
      vertex 6.22217 16.216 7
      vertex 6.1474 16.282 7
    endloop
  endfacet
  facet normal -0 0 1
    outer loop
      vertex 5.1915 -14.4275 7
      vertex 6.95465 -15.1882 7
      vertex 5.20506 -14.3946 7
    endloop
  endfacet
  facet normal 0 0 1
    outer loop
      vertex 5.27911 14.0363 7
      vertex 6.1474 16.282 7
      vertex 6.07047 16.3455 7
    endloop
  endfacet
  facet normal 0 0 1
    outer loop
      vertex 6.95465 -15.1882 7
      vertex 5.1915 -14.4275 7
      vertex 6.91364 -15.2791 7
    endloop
  endfacet
  facet normal 0 0 1
    outer loop
      vertex 5.27911 14.0363 7
      vertex 6.07047 16.3455 7
      vertex 5.99147 16.4064 7
    endloop
  endfacet
  facet normal -0 0 1
    outer loop
      vertex 5.17656 -14.4606 7
      vertex 6.91364 -15.2791 7
      vertex 5.1915 -14.4275 7
    endloop
  endfacet
  facet normal 0 0 1
    outer loop
      vertex 5.27911 14.0363 7
      vertex 5.99147 16.4064 7
      vertex 5.91049 16.4646 7
    endloop
  endfacet
  facet normal 0 0 1
    outer loop
      vertex 6.91364 -15.2791 7
      vertex 5.17656 -14.4606 7
      vertex 6.86961 -15.3686 7
    endloop
  endfacet
  facet normal 0 0 1
    outer loop
      vertex 5.27911 14.0363 7
      vertex 5.91049 16.4646 7
      vertex 5.82764 16.5201 7
    endloop
  endfacet
  facet normal -0 0 1
    outer loop
      vertex 5.16093 -14.4924 7
      vertex 6.86961 -15.3686 7
      vertex 5.17656 -14.4606 7
    endloop
  endfacet
  facet normal 0 0 1
    outer loop
      vertex 5.27911 14.0363 7
      vertex 5.82764 16.5201 7
      vertex 5.74298 16.5728 7
    endloop
  endfacet
  facet normal 0 0 1
    outer loop
      vertex 6.86961 -15.3686 7
      vertex 5.16093 -14.4924 7
      vertex 6.82265 -15.4566 7
    endloop
  endfacet
  facet normal 0 0 1
    outer loop
      vertex 5.27911 14.0363 7
      vertex 5.74298 16.5728 7
      vertex 5.6566 16.6227 7
    endloop
  endfacet
  facet normal -0 0 1
    outer loop
      vertex 5.14381 -14.5244 7
      vertex 6.82265 -15.4566 7
      vertex 5.16093 -14.4924 7
    endloop
  endfacet
  facet normal 0 0 1
    outer loop
      vertex 5.27911 14.0363 7
      vertex 5.6566 16.6227 7
      vertex 5.56863 16.6696 7
    endloop
  endfacet
  facet normal 0 0 1
    outer loop
      vertex 6.82265 -15.4566 7
      vertex 5.14381 -14.5244 7
      vertex 6.77278 -15.543 7
    endloop
  endfacet
  facet normal 0 0 1
    outer loop
      vertex 5.27911 14.0363 7
      vertex 5.56863 16.6696 7
      vertex 5.47914 16.7136 7
    endloop
  endfacet
  facet normal -0 0 1
    outer loop
      vertex 5.1261 -14.5551 7
      vertex 6.77278 -15.543 7
      vertex 5.14381 -14.5244 7
    endloop
  endfacet
  facet normal 0 0 1
    outer loop
      vertex 5.27911 14.0363 7
      vertex 5.47914 16.7136 7
      vertex 5.38823 16.7547 7
    endloop
  endfacet
  facet normal 0 0 1
    outer loop
      vertex 6.77278 -15.543 7
      vertex 5.1261 -14.5551 7
      vertex 6.72008 -15.6276 7
    endloop
  endfacet
  facet normal 0 0 1
    outer loop
      vertex 4.6275 14.9915 7
      vertex 5.38823 16.7547 7
      vertex 5.29602 16.7926 7
    endloop
  endfacet
  facet normal -0 0 1
    outer loop
      vertex 5.10704 -14.5858 7
      vertex 6.72008 -15.6276 7
      vertex 5.1261 -14.5551 7
    endloop
  endfacet
  facet normal 0 0 1
    outer loop
      vertex 6.72008 -15.6276 7
      vertex 5.10704 -14.5858 7
      vertex 6.66458 -15.7105 7
    endloop
  endfacet
  facet normal -0 0 1
    outer loop
      vertex 5.08705 -14.6156 7
      vertex 6.66458 -15.7105 7
      vertex 5.10704 -14.5858 7
    endloop
  endfacet
  facet normal 0 0 1
    outer loop
      vertex 6.66458 -15.7105 7
      vertex 5.08705 -14.6156 7
      vertex 6.60637 -15.7915 7
    endloop
  endfacet
  facet normal -0 0 1
    outer loop
      vertex 5.06604 -14.6448 7
      vertex 6.60637 -15.7915 7
      vertex 5.08705 -14.6156 7
    endloop
  endfacet
  facet normal 0 0 1
    outer loop
      vertex 6.60637 -15.7915 7
      vertex 5.06604 -14.6448 7
      vertex 6.54549 -15.8705 7
    endloop
  endfacet
  facet normal -0 0 1
    outer loop
      vertex 5.04402 -14.6734 7
      vertex 6.54549 -15.8705 7
      vertex 5.06604 -14.6448 7
    endloop
  endfacet
  facet normal 0 0 1
    outer loop
      vertex 6.54549 -15.8705 7
      vertex 5.04402 -14.6734 7
      vertex 6.48203 -15.9474 7
    endloop
  endfacet
  facet normal -0 0 1
    outer loop
      vertex 5.02129 -14.7009 7
      vertex 6.48203 -15.9474 7
      vertex 5.04402 -14.6734 7
    endloop
  endfacet
  facet normal 0 0 1
    outer loop
      vertex 6.48203 -15.9474 7
      vertex 5.02129 -14.7009 7
      vertex 6.41603 -16.0222 7
    endloop
  endfacet
  facet normal -0 0 1
    outer loop
      vertex 4.99756 -14.7278 7
      vertex 6.41603 -16.0222 7
      vertex 5.02129 -14.7009 7
    endloop
  endfacet
  facet normal 0 0 1
    outer loop
      vertex 6.41603 -16.0222 7
      vertex 4.99756 -14.7278 7
      vertex 6.3476 -16.0947 7
    endloop
  endfacet
  facet normal -0 0 1
    outer loop
      vertex 4.97302 -14.7538 7
      vertex 6.3476 -16.0947 7
      vertex 4.99756 -14.7278 7
    endloop
  endfacet
  facet normal 0 0 1
    outer loop
      vertex 6.3476 -16.0947 7
      vertex 4.97302 -14.7538 7
      vertex 6.27678 -16.1649 7
    endloop
  endfacet
  facet normal -0 0 1
    outer loop
      vertex 4.94754 -14.7791 7
      vertex 6.27678 -16.1649 7
      vertex 4.97302 -14.7538 7
    endloop
  endfacet
  facet normal 0 0 1
    outer loop
      vertex 6.27678 -16.1649 7
      vertex 4.94754 -14.7791 7
      vertex 6.20367 -16.2328 7
    endloop
  endfacet
  facet normal -0 0 1
    outer loop
      vertex 4.92133 -14.8034 7
      vertex 6.20367 -16.2328 7
      vertex 4.94754 -14.7791 7
    endloop
  endfacet
  facet normal 0 0 1
    outer loop
      vertex 6.20367 -16.2328 7
      vertex 4.92133 -14.8034 7
      vertex 6.12836 -16.2981 7
    endloop
  endfacet
  facet normal -0 0 1
    outer loop
      vertex 4.89394 -14.8272 7
      vertex 6.12836 -16.2981 7
      vertex 4.92133 -14.8034 7
    endloop
  endfacet
  facet normal 0 0 1
    outer loop
      vertex 6.12836 -16.2981 7
      vertex 4.89394 -14.8272 7
      vertex 6.0509 -16.361 7
    endloop
  endfacet
  facet normal -0 0 1
    outer loop
      vertex 4.86601 -14.8499 7
      vertex 6.0509 -16.361 7
      vertex 4.89394 -14.8272 7
    endloop
  endfacet
  facet normal 0 0 1
    outer loop
      vertex 6.0509 -16.361 7
      vertex 4.86601 -14.8499 7
      vertex 5.97141 -16.4212 7
    endloop
  endfacet
  facet normal -0 0 1
    outer loop
      vertex 4.83763 -14.8713 7
      vertex 5.97141 -16.4212 7
      vertex 4.86601 -14.8499 7
    endloop
  endfacet
  facet normal 0 0 1
    outer loop
      vertex 5.97141 -16.4212 7
      vertex 4.83763 -14.8713 7
      vertex 5.88995 -16.4787 7
    endloop
  endfacet
  facet normal -0 0 1
    outer loop
      vertex 4.8082 -14.8921 7
      vertex 5.88995 -16.4787 7
      vertex 4.83763 -14.8713 7
    endloop
  endfacet
  facet normal 0 0 1
    outer loop
      vertex 5.88995 -16.4787 7
      vertex 4.8082 -14.8921 7
      vertex 5.80664 -16.5335 7
    endloop
  endfacet
  facet normal -0 0 1
    outer loop
      vertex 4.77805 -14.912 7
      vertex 5.80664 -16.5335 7
      vertex 4.8082 -14.8921 7
    endloop
  endfacet
  facet normal 0 0 1
    outer loop
      vertex 5.80664 -16.5335 7
      vertex 4.77805 -14.912 7
      vertex 5.72154 -16.5855 7
    endloop
  endfacet
  facet normal -0 0 1
    outer loop
      vertex 4.74785 -14.9304 7
      vertex 5.72154 -16.5855 7
      vertex 4.77805 -14.912 7
    endloop
  endfacet
  facet normal 0 0 1
    outer loop
      vertex 5.72154 -16.5855 7
      vertex 4.74785 -14.9304 7
      vertex 5.63477 -16.6347 7
    endloop
  endfacet
  facet normal -0 0 1
    outer loop
      vertex 4.71645 -14.9482 7
      vertex 5.63477 -16.6347 7
      vertex 4.74785 -14.9304 7
    endloop
  endfacet
  facet normal 0 0 1
    outer loop
      vertex 5.63477 -16.6347 7
      vertex 4.71645 -14.9482 7
      vertex 5.5464 -16.6809 7
    endloop
  endfacet
  facet normal -0 0 1
    outer loop
      vertex 4.68445 -14.965 7
      vertex 5.5464 -16.6809 7
      vertex 4.71645 -14.9482 7
    endloop
  endfacet
  facet normal 0 0 1
    outer loop
      vertex 5.5464 -16.6809 7
      vertex 4.68445 -14.965 7
      vertex 5.45654 -16.7242 7
    endloop
  endfacet
  facet normal -0 0 1
    outer loop
      vertex 4.65233 -14.9804 7
      vertex 5.45654 -16.7242 7
      vertex 4.68445 -14.965 7
    endloop
  endfacet
  facet normal 0 0 1
    outer loop
      vertex 5.45654 -16.7242 7
      vertex 4.65233 -14.9804 7
      vertex 5.3653 -16.7644 7
    endloop
  endfacet
  facet normal -0 0 1
    outer loop
      vertex 4.61931 -14.995 7
      vertex 5.3653 -16.7644 7
      vertex 4.65233 -14.9804 7
    endloop
  endfacet
  facet normal 0 0 1
    outer loop
      vertex 5.3653 -16.7644 7
      vertex 4.61931 -14.995 7
      vertex 5.27277 -16.8016 7
    endloop
  endfacet
  facet normal -0 0 1
    outer loop
      vertex 4.58641 -15.0082 7
      vertex 5.27277 -16.8016 7
      vertex 4.61931 -14.995 7
    endloop
  endfacet
  facet normal 0 0 1
    outer loop
      vertex 5.27277 -16.8016 7
      vertex 4.58641 -15.0082 7
      vertex 5.17906 -16.8357 7
    endloop
  endfacet
  facet normal -0 0 1
    outer loop
      vertex 4.55238 -15.0206 7
      vertex 5.17906 -16.8357 7
      vertex 4.58641 -15.0082 7
    endloop
  endfacet
  facet normal 0 0 1
    outer loop
      vertex 5.17906 -16.8357 7
      vertex 4.55238 -15.0206 7
      vertex 5.08426 -16.8667 7
    endloop
  endfacet
  facet normal -0 0 1
    outer loop
      vertex 4.51808 -15.0318 7
      vertex 5.08426 -16.8667 7
      vertex 4.55238 -15.0206 7
    endloop
  endfacet
  facet normal 0 0 1
    outer loop
      vertex 5.08426 -16.8667 7
      vertex 4.51808 -15.0318 7
      vertex 4.98849 -16.8945 7
    endloop
  endfacet
  facet normal -0 0 1
    outer loop
      vertex 4.48366 -15.0418 7
      vertex 4.98849 -16.8945 7
      vertex 4.51808 -15.0318 7
    endloop
  endfacet
  facet normal 0 0 1
    outer loop
      vertex 4.98849 -16.8945 7
      vertex 4.48366 -15.0418 7
      vertex 4.89185 -16.9191 7
    endloop
  endfacet
  facet normal -0 0 1
    outer loop
      vertex 4.44887 -15.0507 7
      vertex 4.89185 -16.9191 7
      vertex 4.48366 -15.0418 7
    endloop
  endfacet
  facet normal 0 0 1
    outer loop
      vertex 4.89185 -16.9191 7
      vertex 4.44887 -15.0507 7
      vertex 4.79443 -16.9405 7
    endloop
  endfacet
  facet normal -0 0 1
    outer loop
      vertex 4.41403 -15.0583 7
      vertex 4.79443 -16.9405 7
      vertex 4.44887 -15.0507 7
    endloop
  endfacet
  facet normal 0 0 1
    outer loop
      vertex 4.79443 -16.9405 7
      vertex 4.41403 -15.0583 7
      vertex 4.69637 -16.9586 7
    endloop
  endfacet
  facet normal -0 0 1
    outer loop
      vertex 4.37871 -15.0648 7
      vertex 4.69637 -16.9586 7
      vertex 4.41403 -15.0583 7
    endloop
  endfacet
  facet normal 0 0 1
    outer loop
      vertex 4.69637 -16.9586 7
      vertex 4.37871 -15.0648 7
      vertex 4.59775 -16.9735 7
    endloop
  endfacet
  facet normal -0 0 1
    outer loop
      vertex 4.34337 -15.0702 7
      vertex 4.59775 -16.9735 7
      vertex 4.37871 -15.0648 7
    endloop
  endfacet
  facet normal 0 0 1
    outer loop
      vertex 4.59775 -16.9735 7
      vertex 4.34337 -15.0702 7
      vertex 4.4987 -16.9851 7
    endloop
  endfacet
  facet normal -0 0 1
    outer loop
      vertex 4.30716 -15.0744 7
      vertex 4.4987 -16.9851 7
      vertex 4.34337 -15.0702 7
    endloop
  endfacet
  facet normal 0 0 1
    outer loop
      vertex 4.4987 -16.9851 7
      vertex 4.30716 -15.0744 7
      vertex 4.39932 -16.9934 7
    endloop
  endfacet
  facet normal -0 0 1
    outer loop
      vertex 4.27164 -15.0774 7
      vertex 4.39932 -16.9934 7
      vertex 4.30716 -15.0744 7
    endloop
  endfacet
  facet normal 0 0 1
    outer loop
      vertex 4.39932 -16.9934 7
      vertex 4.27164 -15.0774 7
      vertex 4.29971 -16.9983 7
    endloop
  endfacet
  facet normal -0 0 1
    outer loop
      vertex 4.23633 -15.0791 7
      vertex 4.29971 -16.9983 7
      vertex 4.27164 -15.0774 7
    endloop
  endfacet
  facet normal 0 0 1
    outer loop
      vertex 4.23633 -15.0791 7
      vertex 4.2 -17 7
      vertex 4.29971 -16.9983 7
    endloop
  endfacet
  facet normal -0 0 1
    outer loop
      vertex 4.18353 -15.08 7
      vertex 4.2 -17 7
      vertex 4.23633 -15.0791 7
    endloop
  endfacet
  facet normal -0 0 1
    outer loop
      vertex -4.17984 -15.08 7
      vertex 4.2 -17 7
      vertex 4.18353 -15.08 7
    endloop
  endfacet
  facet normal 0 0 1
    outer loop
      vertex -4.17984 -15.08 7
      vertex -4.2 -17 7
      vertex 4.2 -17 7
    endloop
  endfacet
  facet normal 0 0 1
    outer loop
      vertex -4.24896 -15.0786 7
      vertex -4.2 -17 7
      vertex -4.17984 -15.08 7
    endloop
  endfacet
  facet normal 0 0 1
    outer loop
      vertex -4.32463 -16.9974 7
      vertex -4.24896 -15.0786 7
      vertex -4.28058 -15.0767 7
    endloop
  endfacet
  facet normal 0 0 1
    outer loop
      vertex -4.42419 -16.9916 7
      vertex -4.28058 -15.0767 7
      vertex -4.3165 -15.0734 7
    endloop
  endfacet
  facet normal 0 0 1
    outer loop
      vertex -4.24896 -15.0786 7
      vertex -4.32463 -16.9974 7
      vertex -4.2 -17 7
    endloop
  endfacet
  facet normal 0 0 1
    outer loop
      vertex -4.5235 -16.9825 7
      vertex -4.3165 -15.0734 7
      vertex -4.3521 -15.069 7
    endloop
  endfacet
  facet normal 0 0 1
    outer loop
      vertex -4.62245 -16.9701 7
      vertex -4.3521 -15.069 7
      vertex -4.38727 -15.0634 7
    endloop
  endfacet
  facet normal 0 0 1
    outer loop
      vertex -4.72095 -16.9544 7
      vertex -4.38727 -15.0634 7
      vertex -4.42274 -15.0565 7
    endloop
  endfacet
  facet normal 0 0 1
    outer loop
      vertex -4.28058 -15.0767 7
      vertex -4.42419 -16.9916 7
      vertex -4.32463 -16.9974 7
    endloop
  endfacet
  facet normal 0 0 1
    outer loop
      vertex -4.81885 -16.9355 7
      vertex -4.42274 -15.0565 7
      vertex -4.45804 -15.0484 7
    endloop
  endfacet
  facet normal 0 0 1
    outer loop
      vertex -4.91608 -16.9133 7
      vertex -4.45804 -15.0484 7
      vertex -4.49251 -15.0394 7
    endloop
  endfacet
  facet normal 0 0 1
    outer loop
      vertex -4.3165 -15.0734 7
      vertex -4.5235 -16.9825 7
      vertex -4.42419 -16.9916 7
    endloop
  endfacet
  facet normal 0 0 1
    outer loop
      vertex -5.01251 -16.8879 7
      vertex -4.49251 -15.0394 7
      vertex -4.52669 -15.0291 7
    endloop
  endfacet
  facet normal 0 0 1
    outer loop
      vertex -5.10806 -16.8593 7
      vertex -4.52669 -15.0291 7
      vertex -4.56071 -15.0177 7
    endloop
  endfacet
  facet normal 0 0 1
    outer loop
      vertex -5.20259 -16.8275 7
      vertex -4.56071 -15.0177 7
      vertex -4.59456 -15.0051 7
    endloop
  endfacet
  facet normal 0 0 1
    outer loop
      vertex -4.3521 -15.069 7
      vertex -4.62245 -16.9701 7
      vertex -4.5235 -16.9825 7
    endloop
  endfacet
  facet normal 0 0 1
    outer loop
      vertex -5.29602 -16.7926 7
      vertex -4.59456 -15.0051 7
      vertex -4.6275 -14.9915 7
    endloop
  endfacet
  facet normal 0 0 1
    outer loop
      vertex -5.38823 -16.7547 7
      vertex -4.6275 -14.9915 7
      vertex -4.66061 -14.9766 7
    endloop
  endfacet
  facet normal 0 0 1
    outer loop
      vertex -5.47914 -16.7136 7
      vertex -4.66061 -14.9766 7
      vertex -4.69237 -14.9609 7
    endloop
  endfacet
  facet normal 0 0 1
    outer loop
      vertex -4.38727 -15.0634 7
      vertex -4.72095 -16.9544 7
      vertex -4.62245 -16.9701 7
    endloop
  endfacet
  facet normal 0 0 1
    outer loop
      vertex -5.56863 -16.6696 7
      vertex -4.69237 -14.9609 7
      vertex -4.72444 -14.9438 7
    endloop
  endfacet
  facet normal 0 0 1
    outer loop
      vertex -5.6566 -16.6227 7
      vertex -4.72444 -14.9438 7
      vertex -4.75514 -14.9261 7
    endloop
  endfacet
  facet normal 0 0 1
    outer loop
      vertex -5.74298 -16.5728 7
      vertex -4.75514 -14.9261 7
      vertex -4.78575 -14.907 7
    endloop
  endfacet
  facet normal 0 0 1
    outer loop
      vertex -5.82764 -16.5201 7
      vertex -4.78575 -14.907 7
      vertex -4.8156 -14.8871 7
    endloop
  endfacet
  facet normal 0 0 1
    outer loop
      vertex -4.42274 -15.0565 7
      vertex -4.81885 -16.9355 7
      vertex -4.72095 -16.9544 7
    endloop
  endfacet
  facet normal 0 0 1
    outer loop
      vertex -5.91049 -16.4646 7
      vertex -4.8156 -14.8871 7
      vertex -4.8448 -14.866 7
    endloop
  endfacet
  facet normal 0 0 1
    outer loop
      vertex -5.99147 -16.4064 7
      vertex -4.8448 -14.866 7
      vertex -4.8734 -14.844 7
    endloop
  endfacet
  facet normal 0 0 1
    outer loop
      vertex -6.07047 -16.3455 7
      vertex -4.8734 -14.844 7
      vertex -4.90094 -14.8213 7
    endloop
  endfacet
  facet normal 0 0 1
    outer loop
      vertex -4.45804 -15.0484 7
      vertex -4.91608 -16.9133 7
      vertex -4.81885 -16.9355 7
    endloop
  endfacet
  facet normal 0 0 1
    outer loop
      vertex -6.1474 -16.282 7
      vertex -4.90094 -14.8213 7
      vertex -4.92783 -14.7976 7
    endloop
  endfacet
  facet normal 0 0 1
    outer loop
      vertex -6.22217 -16.216 7
      vertex -4.92783 -14.7976 7
      vertex -4.95384 -14.773 7
    endloop
  endfacet
  facet normal 0 0 1
    outer loop
      vertex -6.29471 -16.1476 7
      vertex -4.95384 -14.773 7
      vertex -4.9791 -14.7475 7
    endloop
  endfacet
  facet normal 0 0 1
    outer loop
      vertex -6.36493 -16.0768 7
      vertex -4.9791 -14.7475 7
      vertex -5.00343 -14.7213 7
    endloop
  endfacet
  facet normal 0 0 1
    outer loop
      vertex -4.49251 -15.0394 7
      vertex -5.01251 -16.8879 7
      vertex -4.91608 -16.9133 7
    endloop
  endfacet
  facet normal 0 0 1
    outer loop
      vertex -6.43277 -16.0037 7
      vertex -5.00343 -14.7213 7
      vertex -5.02719 -14.6939 7
    endloop
  endfacet
  facet normal 0 0 1
    outer loop
      vertex -6.49812 -15.9284 7
      vertex -5.02719 -14.6939 7
      vertex -5.04985 -14.666 7
    endloop
  endfacet
  facet normal 0 0 1
    outer loop
      vertex -6.56096 -15.8509 7
      vertex -5.04985 -14.666 7
      vertex -5.07133 -14.6376 7
    endloop
  endfacet
  facet normal 0 0 1
    outer loop
      vertex -6.62117 -15.7714 7
      vertex -5.07133 -14.6376 7
      vertex -5.09213 -14.6082 7
    endloop
  endfacet
  facet normal 0 0 1
    outer loop
      vertex -4.52669 -15.0291 7
      vertex -5.10806 -16.8593 7
      vertex -5.01251 -16.8879 7
    endloop
  endfacet
  facet normal 0 0 1
    outer loop
      vertex -6.67871 -15.69 7
      vertex -5.09213 -14.6082 7
      vertex -5.11197 -14.578 7
    endloop
  endfacet
  facet normal 0 0 1
    outer loop
      vertex -6.73352 -15.6066 7
      vertex -5.11197 -14.578 7
      vertex -5.13043 -14.5479 7
    endloop
  endfacet
  facet normal 0 0 1
    outer loop
      vertex -6.78552 -15.5215 7
      vertex -5.13043 -14.5479 7
      vertex -5.14821 -14.5164 7
    endloop
  endfacet
  facet normal 0 0 1
    outer loop
      vertex -6.83466 -15.4348 7
      vertex -5.14821 -14.5164 7
      vertex -5.16495 -14.4845 7
    endloop
  endfacet
  facet normal 0 0 1
    outer loop
      vertex -6.88089 -15.3464 7
      vertex -5.16495 -14.4845 7
      vertex -5.18042 -14.4523 7
    endloop
  endfacet
  facet normal 0 0 1
    outer loop
      vertex -6.92416 -15.2565 7
      vertex -5.18042 -14.4523 7
      vertex -5.19499 -14.4193 7
    endloop
  endfacet
  facet normal 0 0 1
    outer loop
      vertex -4.56071 -15.0177 7
      vertex -5.20259 -16.8275 7
      vertex -5.10806 -16.8593 7
    endloop
  endfacet
  facet normal 0 0 1
    outer loop
      vertex -6.96443 -15.1653 7
      vertex -5.19499 -14.4193 7
      vertex -5.20822 -14.3864 7
    endloop
  endfacet
  facet normal 0 0 1
    outer loop
      vertex -7.00163 -15.0728 7
      vertex -5.20822 -14.3864 7
      vertex -5.2206 -14.3524 7
    endloop
  endfacet
  facet normal 0 0 1
    outer loop
      vertex -7.03574 -14.9791 7
      vertex -5.2206 -14.3524 7
      vertex -5.23181 -14.3181 7
    endloop
  endfacet
  facet normal 0 0 1
    outer loop
      vertex -7.06671 -14.8843 7
      vertex -5.23181 -14.3181 7
      vertex -5.24181 -14.2837 7
    endloop
  endfacet
  facet normal 0 0 1
    outer loop
      vertex -7.09453 -14.7885 7
      vertex -5.24181 -14.2837 7
      vertex -5.25066 -14.2489 7
    endloop
  endfacet
  facet normal 0 0 1
    outer loop
      vertex -7.11913 -14.6918 7
      vertex -5.25066 -14.2489 7
      vertex -5.25832 -14.214 7
    endloop
  endfacet
  facet normal 0 0 1
    outer loop
      vertex -7.14052 -14.5944 7
      vertex -5.25832 -14.214 7
      vertex -5.26483 -14.1787 7
    endloop
  endfacet
  facet normal 0 0 1
    outer loop
      vertex -7.15865 -14.4964 7
      vertex -5.26483 -14.1787 7
      vertex -5.27016 -14.1434 7
    endloop
  endfacet
  facet normal 0 0 1
    outer loop
      vertex -7.17351 -14.3978 7
      vertex -5.27016 -14.1434 7
      vertex -5.2744 -14.1072 7
    endloop
  endfacet
  facet normal 0 0 1
    outer loop
      vertex -7.18509 -14.2987 7
      vertex -5.2744 -14.1072 7
      vertex -5.27736 -14.0716 7
    endloop
  endfacet
  facet normal 0 0 1
    outer loop
      vertex -7.19337 -14.1993 7
      vertex -5.27736 -14.0716 7
      vertex -5.27911 -14.0363 7
    endloop
  endfacet
  facet normal 0 0 1
    outer loop
      vertex -4.59456 -15.0051 7
      vertex -5.29602 -16.7926 7
      vertex -5.20259 -16.8275 7
    endloop
  endfacet
  facet normal 0 0 1
    outer loop
      vertex -7.19833 -14.0997 7
      vertex -5.27911 -14.0363 7
      vertex -5.28 -13.9835 7
    endloop
  endfacet
  facet normal 0 0 1
    outer loop
      vertex 2 0 7
      vertex 3.91994 0.0161133 7
      vertex 3.9191 0.116104 7
    endloop
  endfacet
  facet normal 0 0 1
    outer loop
      vertex 3.91994 0.0161133 7
      vertex 2 0 7
      vertex 3.91994 -0.0161133 7
    endloop
  endfacet
  facet normal 0 0 1
    outer loop
      vertex 1.99916 0.0999908 7
      vertex 3.9191 0.116104 7
      vertex 3.91856 0.148041 7
    endloop
  endfacet
  facet normal 0 0 1
    outer loop
      vertex 3.91994 -0.0161133 7
      vertex 2 0 7
      vertex 3.9191 -0.116104 7
    endloop
  endfacet
  facet normal 0 0 1
    outer loop
      vertex 1.99916 0.0999908 7
      vertex 3.91856 0.148041 7
      vertex 3.91606 0.248001 7
    endloop
  endfacet
  facet normal -0 0 1
    outer loop
      vertex 1.99916 -0.0999908 7
      vertex 3.9191 -0.116104 7
      vertex 2 0 7
    endloop
  endfacet
  facet normal 0 0 1
    outer loop
      vertex 1.99666 0.199951 7
      vertex 3.91606 0.248001 7
      vertex 3.91499 0.279938 7
    endloop
  endfacet
  facet normal 0 0 1
    outer loop
      vertex 3.9191 -0.116104 7
      vertex 1.99916 -0.0999908 7
      vertex 3.91856 -0.148041 7
    endloop
  endfacet
  facet normal 0 0 1
    outer loop
      vertex 1.99666 0.199951 7
      vertex 3.91499 0.279938 7
      vertex 3.91083 0.379852 7
    endloop
  endfacet
  facet normal 0 0 1
    outer loop
      vertex 3.91856 -0.148041 7
      vertex 1.99916 -0.0999908 7
      vertex 3.91606 -0.248001 7
    endloop
  endfacet
  facet normal 0 0 1
    outer loop
      vertex 1.99249 0.299866 7
      vertex 3.91083 0.379852 7
      vertex 3.90923 0.411789 7
    endloop
  endfacet
  facet normal -0 0 1
    outer loop
      vertex 1.99666 -0.199951 7
      vertex 3.91606 -0.248001 7
      vertex 1.99916 -0.0999908 7
    endloop
  endfacet
  facet normal 0 0 1
    outer loop
      vertex 1.99249 0.299866 7
      vertex 3.90923 0.411789 7
      vertex 3.9034 0.511612 7
    endloop
  endfacet
  facet normal 0 0 1
    outer loop
      vertex 3.91606 -0.248001 7
      vertex 1.99666 -0.199951 7
      vertex 3.91499 -0.279938 7
    endloop
  endfacet
  facet normal 0 0 1
    outer loop
      vertex 1.98666 0.399689 7
      vertex 3.9034 0.511612 7
      vertex 3.90126 0.543533 7
    endloop
  endfacet
  facet normal 0 0 1
    outer loop
      vertex 3.91499 -0.279938 7
      vertex 1.99666 -0.199951 7
      vertex 3.91083 -0.379852 7
    endloop
  endfacet
  facet normal 0 0 1
    outer loop
      vertex 1.98666 0.399689 7
      vertex 3.90126 0.543533 7
      vertex 3.89377 0.64325 7
    endloop
  endfacet
  facet normal -0 0 1
    outer loop
      vertex 1.99249 -0.299866 7
      vertex 3.91083 -0.379852 7
      vertex 1.99666 -0.199951 7
    endloop
  endfacet
  facet normal 0 0 1
    outer loop
      vertex 1.97917 0.499405 7
      vertex 3.89377 0.64325 7
      vertex 3.89111 0.675186 7
    endloop
  endfacet
  facet normal 0 0 1
    outer loop
      vertex 3.91083 -0.379852 7
      vertex 1.99249 -0.299866 7
      vertex 3.90923 -0.411789 7
    endloop
  endfacet
  facet normal 0 0 1
    outer loop
      vertex 1.97917 0.499405 7
      vertex 3.89111 0.675186 7
      vertex 3.88196 0.774765 7
    endloop
  endfacet
  facet normal 0 0 1
    outer loop
      vertex 3.90923 -0.411789 7
      vertex 1.99249 -0.299866 7
      vertex 3.9034 -0.511612 7
    endloop
  endfacet
  facet normal 0 0 1
    outer loop
      vertex 1.97002 0.598984 7
      vertex 3.88196 0.774765 7
      vertex 3.87878 0.806412 7
    endloop
  endfacet
  facet normal -0 0 1
    outer loop
      vertex 1.98666 -0.399689 7
      vertex 3.9034 -0.511612 7
      vertex 1.99249 -0.299866 7
    endloop
  endfacet
  facet normal 0 0 1
    outer loop
      vertex 1.97002 0.598984 7
      vertex 3.87878 0.806412 7
      vertex 3.86798 0.905823 7
    endloop
  endfacet
  facet normal 0 0 1
    outer loop
      vertex 3.9034 -0.511612 7
      vertex 1.98666 -0.399689 7
      vertex 3.90126 -0.543533 7
    endloop
  endfacet
  facet normal 0 0 1
    outer loop
      vertex 1.95921 0.698395 7
      vertex 3.86798 0.905823 7
      vertex 3.86423 0.937775 7
    endloop
  endfacet
  facet normal 0 0 1
    outer loop
      vertex 3.90126 -0.543533 7
      vertex 1.98666 -0.399689 7
      vertex 3.89377 -0.64325 7
    endloop
  endfacet
  facet normal 0 0 1
    outer loop
      vertex 1.95921 0.698395 7
      vertex 3.86423 0.937775 7
      vertex 3.85176 1.03699 7
    endloop
  endfacet
  facet normal -0 0 1
    outer loop
      vertex 1.97917 -0.499405 7
      vertex 3.89377 -0.64325 7
      vertex 1.98666 -0.399689 7
    endloop
  endfacet
  facet normal 0 0 1
    outer loop
      vertex 1.94675 0.797607 7
      vertex 3.85176 1.03699 7
      vertex 3.84749 1.06889 7
    endloop
  endfacet
  facet normal 0 0 1
    outer loop
      vertex 3.89377 -0.64325 7
      vertex 1.97917 -0.499405 7
      vertex 3.89111 -0.675186 7
    endloop
  endfacet
  facet normal 0 0 1
    outer loop
      vertex 1.94675 0.797607 7
      vertex 3.84749 1.06889 7
      vertex 3.83336 1.16789 7
    endloop
  endfacet
  facet normal 0 0 1
    outer loop
      vertex 3.89111 -0.675186 7
      vertex 1.97917 -0.499405 7
      vertex 3.88196 -0.774765 7
    endloop
  endfacet
  facet normal 0 0 1
    outer loop
      vertex 1.93262 0.896606 7
      vertex 3.83336 1.16789 7
      vertex 3.82861 1.19928 7
    endloop
  endfacet
  facet normal -0 0 1
    outer loop
      vertex 1.97002 -0.598984 7
      vertex 3.88196 -0.774765 7
      vertex 1.97917 -0.499405 7
    endloop
  endfacet
  facet normal 0 0 1
    outer loop
      vertex 1.93262 0.896606 7
      vertex 3.82861 1.19928 7
      vertex 3.81285 1.29802 7
    endloop
  endfacet
  facet normal 0 0 1
    outer loop
      vertex 3.88196 -0.774765 7
      vertex 1.97002 -0.598984 7
      vertex 3.87878 -0.806412 7
    endloop
  endfacet
  facet normal 0 0 1
    outer loop
      vertex 1.91685 0.995346 7
      vertex 3.81285 1.29802 7
      vertex 3.80753 1.32965 7
    endloop
  endfacet
  facet normal 0 0 1
    outer loop
      vertex 3.87878 -0.806412 7
      vertex 1.97002 -0.598984 7
      vertex 3.86798 -0.905823 7
    endloop
  endfacet
  facet normal 0 0 1
    outer loop
      vertex 1.91685 0.995346 7
      vertex 3.80753 1.32965 7
      vertex 3.79012 1.42812 7
    endloop
  endfacet
  facet normal -0 0 1
    outer loop
      vertex 1.95921 -0.698395 7
      vertex 3.86798 -0.905823 7
      vertex 1.97002 -0.598984 7
    endloop
  endfacet
  facet normal 0 0 1
    outer loop
      vertex 1.89944 1.09381 7
      vertex 3.79012 1.42812 7
      vertex 3.78432 1.45941 7
    endloop
  endfacet
  facet normal 0 0 1
    outer loop
      vertex 3.86798 -0.905823 7
      vertex 1.95921 -0.698395 7
      vertex 3.86423 -0.937775 7
    endloop
  endfacet
  facet normal 0 0 1
    outer loop
      vertex 1.89944 1.09381 7
      vertex 3.78432 1.45941 7
      vertex 3.76527 1.55759 7
    endloop
  endfacet
  facet normal 0 0 1
    outer loop
      vertex 3.86423 -0.937775 7
      vertex 1.95921 -0.698395 7
      vertex 3.85176 -1.03699 7
    endloop
  endfacet
  facet normal 0 0 1
    outer loop
      vertex 1.8804 1.19199 7
      vertex 3.76527 1.55759 7
      vertex 3.75885 1.58929 7
    endloop
  endfacet
  facet normal -0 0 1
    outer loop
      vertex 1.94675 -0.797607 7
      vertex 3.85176 -1.03699 7
      vertex 1.95921 -0.698395 7
    endloop
  endfacet
  facet normal 0 0 1
    outer loop
      vertex 1.8804 1.19199 7
      vertex 3.75885 1.58929 7
      vertex 3.73816 1.68712 7
    endloop
  endfacet
  facet normal 0 0 1
    outer loop
      vertex 3.85176 -1.03699 7
      vertex 1.94675 -0.797607 7
      vertex 3.84749 -1.06889 7
    endloop
  endfacet
  facet normal 0 0 1
    outer loop
      vertex 1.85971 1.28981 7
      vertex 3.73816 1.68712 7
      vertex 3.73134 1.71809 7
    endloop
  endfacet
  facet normal 0 0 1
    outer loop
      vertex 3.84749 -1.06889 7
      vertex 1.94675 -0.797607 7
      vertex 3.83336 -1.16789 7
    endloop
  endfacet
  facet normal 0 0 1
    outer loop
      vertex 1.85971 1.28981 7
      vertex 3.73134 1.71809 7
      vertex 3.70903 1.81558 7
    endloop
  endfacet
  facet normal -0 0 1
    outer loop
      vertex 1.93262 -0.896606 7
      vertex 3.83336 -1.16789 7
      vertex 1.94675 -0.797607 7
    endloop
  endfacet
  facet normal 0 0 1
    outer loop
      vertex 1.8374 1.3873 7
      vertex 3.70903 1.81558 7
      vertex 3.70161 1.84676 7
    endloop
  endfacet
  facet normal 0 0 1
    outer loop
      vertex 3.83336 -1.16789 7
      vertex 1.93262 -0.896606 7
      vertex 3.82861 -1.19928 7
    endloop
  endfacet
  facet normal 0 0 1
    outer loop
      vertex 1.8374 1.3873 7
      vertex 3.70161 1.84676 7
      vertex 3.67769 1.94383 7
    endloop
  endfacet
  facet normal 0 0 1
    outer loop
      vertex 3.82861 -1.19928 7
      vertex 1.93262 -0.896606 7
      vertex 3.81285 -1.29802 7
    endloop
  endfacet
  facet normal 0 0 1
    outer loop
      vertex 1.81348 1.48438 7
      vertex 3.67769 1.94383 7
      vertex 3.66978 1.97482 7
    endloop
  endfacet
  facet normal -0 0 1
    outer loop
      vertex 1.91685 -0.995346 7
      vertex 3.81285 -1.29802 7
      vertex 1.93262 -0.896606 7
    endloop
  endfacet
  facet normal 0 0 1
    outer loop
      vertex 1.81348 1.48438 7
      vertex 3.66978 1.97482 7
      vertex 3.64424 2.0715 7
    endloop
  endfacet
  facet normal 0 0 1
    outer loop
      vertex 3.81285 -1.29802 7
      vertex 1.91685 -0.995346 7
      vertex 3.80753 -1.32965 7
    endloop
  endfacet
  facet normal 0 0 1
    outer loop
      vertex 1.78793 1.58105 7
      vertex 3.64424 2.0715 7
      vertex 3.63577 2.10248 7
    endloop
  endfacet
  facet normal 0 0 1
    outer loop
      vertex 3.80753 -1.32965 7
      vertex 1.91685 -0.995346 7
      vertex 3.79012 -1.42812 7
    endloop
  endfacet
  facet normal 0 0 1
    outer loop
      vertex 1.78793 1.58105 7
      vertex 3.63577 2.10248 7
      vertex 3.60861 2.19873 7
    endloop
  endfacet
  facet normal -0 0 1
    outer loop
      vertex 1.89944 -1.09381 7
      vertex 3.79012 -1.42812 7
      vertex 1.91685 -0.995346 7
    endloop
  endfacet
  facet normal 0 0 1
    outer loop
      vertex 1.76077 1.67731 7
      vertex 3.60861 2.19873 7
      vertex 3.5997 2.22934 7
    endloop
  endfacet
  facet normal 0 0 1
    outer loop
      vertex 3.79012 -1.42812 7
      vertex 1.89944 -1.09381 7
      vertex 3.78432 -1.45941 7
    endloop
  endfacet
  facet normal 0 0 1
    outer loop
      vertex 1.76077 1.67731 7
      vertex 3.5997 2.22934 7
      vertex 3.57095 2.3251 7
    endloop
  endfacet
  facet normal 0 0 1
    outer loop
      vertex 3.78432 -1.45941 7
      vertex 1.89944 -1.09381 7
      vertex 3.76527 -1.55759 7
    endloop
  endfacet
  facet normal 0 0 1
    outer loop
      vertex 1.73203 1.77307 7
      vertex 3.57095 2.3251 7
      vertex 3.56145 2.35582 7
    endloop
  endfacet
  facet normal -0 0 1
    outer loop
      vertex 1.8804 -1.19199 7
      vertex 3.76527 -1.55759 7
      vertex 1.89944 -1.09381 7
    endloop
  endfacet
  facet normal 0 0 1
    outer loop
      vertex 1.73203 1.77307 7
      vertex 3.56145 2.35582 7
      vertex 3.5311 2.4511 7
    endloop
  endfacet
  facet normal 0 0 1
    outer loop
      vertex 3.76527 -1.55759 7
      vertex 1.8804 -1.19199 7
      vertex 3.75885 -1.58929 7
    endloop
  endfacet
  facet normal 0 0 1
    outer loop
      vertex 1.70168 1.86835 7
      vertex 3.5311 2.4511 7
      vertex 3.52124 2.48122 7
    endloop
  endfacet
  facet normal 0 0 1
    outer loop
      vertex 3.75885 -1.58929 7
      vertex 1.8804 -1.19199 7
      vertex 3.73816 -1.68712 7
    endloop
  endfacet
  facet normal 0 0 1
    outer loop
      vertex 1.70168 1.86835 7
      vertex 3.52124 2.48122 7
      vertex 3.48932 2.57599 7
    endloop
  endfacet
  facet normal -0 0 1
    outer loop
      vertex 1.85971 -1.28981 7
      vertex 3.73816 -1.68712 7
      vertex 1.8804 -1.19199 7
    endloop
  endfacet
  facet normal 0 0 1
    outer loop
      vertex 1.66975 1.96312 7
      vertex 3.48932 2.57599 7
      vertex 3.47873 2.60655 7
    endloop
  endfacet
  facet normal 0 0 1
    outer loop
      vertex 3.73816 -1.68712 7
      vertex 1.85971 -1.28981 7
      vertex 3.73134 -1.71809 7
    endloop
  endfacet
  facet normal 0 0 1
    outer loop
      vertex 1.66975 1.96312 7
      vertex 3.47873 2.60655 7
      vertex 3.44522 2.70076 7
    endloop
  endfacet
  facet normal 0 0 1
    outer loop
      vertex 3.73134 -1.71809 7
      vertex 1.85971 -1.28981 7
      vertex 3.70903 -1.81558 7
    endloop
  endfacet
  facet normal 0 0 1
    outer loop
      vertex 1.63625 2.05733 7
      vertex 3.44522 2.70076 7
      vertex 3.43433 2.73062 7
    endloop
  endfacet
  facet normal -0 0 1
    outer loop
      vertex 1.8374 -1.3873 7
      vertex 3.70903 -1.81558 7
      vertex 1.85971 -1.28981 7
    endloop
  endfacet
  facet normal 0 0 1
    outer loop
      vertex 1.63625 2.05733 7
      vertex 3.43433 2.73062 7
      vertex 3.39926 2.82426 7
    endloop
  endfacet
  facet normal 0 0 1
    outer loop
      vertex 3.70903 -1.81558 7
      vertex 1.8374 -1.3873 7
      vertex 3.70161 -1.84676 7
    endloop
  endfacet
  facet normal 0 0 1
    outer loop
      vertex 1.60118 2.15097 7
      vertex 3.39926 2.82426 7
      vertex 3.3877 2.85439 7
    endloop
  endfacet
  facet normal 0 0 1
    outer loop
      vertex 3.70161 -1.84676 7
      vertex 1.8374 -1.3873 7
      vertex 3.67769 -1.94383 7
    endloop
  endfacet
  facet normal 0 0 1
    outer loop
      vertex 1.60118 2.15097 7
      vertex 3.3877 2.85439 7
      vertex 3.35106 2.94743 7
    endloop
  endfacet
  facet normal -0 0 1
    outer loop
      vertex 1.81348 -1.48438 7
      vertex 3.67769 -1.94383 7
      vertex 1.8374 -1.3873 7
    endloop
  endfacet
  facet normal 0 0 1
    outer loop
      vertex 1.56454 2.24402 7
      vertex 3.35106 2.94743 7
      vertex 3.33925 2.9767 7
    endloop
  endfacet
  facet normal 0 0 1
    outer loop
      vertex 3.67769 -1.94383 7
      vertex 1.81348 -1.48438 7
      vertex 3.66978 -1.97482 7
    endloop
  endfacet
  facet normal 0 0 1
    outer loop
      vertex 1.56454 2.24402 7
      vertex 3.33925 2.9767 7
      vertex 3.30109 3.06914 7
    endloop
  endfacet
  facet normal 0 0 1
    outer loop
      vertex 3.66978 -1.97482 7
      vertex 1.81348 -1.48438 7
      vertex 3.64424 -2.0715 7
    endloop
  endfacet
  facet normal 0 0 1
    outer loop
      vertex 1.52638 2.33646 7
      vertex 3.30109 3.06914 7
      vertex 3.28853 3.09886 7
    endloop
  endfacet
  facet normal -0 0 1
    outer loop
      vertex 1.78793 -1.58105 7
      vertex 3.64424 -2.0715 7
      vertex 1.81348 -1.48438 7
    endloop
  endfacet
  facet normal 0 0 1
    outer loop
      vertex 1.52638 2.33646 7
      vertex 3.28853 3.09886 7
      vertex 3.24883 3.19063 7
    endloop
  endfacet
  facet normal 0 0 1
    outer loop
      vertex 3.64424 -2.0715 7
      vertex 1.78793 -1.58105 7
      vertex 3.63577 -2.10248 7
    endloop
  endfacet
  facet normal 0 0 1
    outer loop
      vertex 1.48668 2.42822 7
      vertex 3.24883 3.19063 7
      vertex 3.23592 3.21979 7
    endloop
  endfacet
  facet normal 0 0 1
    outer loop
      vertex 3.63577 -2.10248 7
      vertex 1.78793 -1.58105 7
      vertex 3.60861 -2.19873 7
    endloop
  endfacet
  facet normal 0 0 1
    outer loop
      vertex 1.48668 2.42822 7
      vertex 3.23592 3.21979 7
      vertex 3.19469 3.3109 7
    endloop
  endfacet
  facet normal -0 0 1
    outer loop
      vertex 1.76077 -1.67731 7
      vertex 3.60861 -2.19873 7
      vertex 1.78793 -1.58105 7
    endloop
  endfacet
  facet normal 0 0 1
    outer loop
      vertex 1.44545 2.51933 7
      vertex 3.19469 3.3109 7
      vertex 3.1812 3.34004 7
    endloop
  endfacet
  facet normal 0 0 1
    outer loop
      vertex 3.60861 -2.19873 7
      vertex 1.76077 -1.67731 7
      vertex 3.5997 -2.22934 7
    endloop
  endfacet
  facet normal 0 0 1
    outer loop
      vertex 1.44545 2.51933 7
      vertex 3.1812 3.34004 7
      vertex 3.13846 3.43044 7
    endloop
  endfacet
  facet normal 0 0 1
    outer loop
      vertex 3.5997 -2.22934 7
      vertex 1.76077 -1.67731 7
      vertex 3.57095 -2.3251 7
    endloop
  endfacet
  facet normal 0 0 1
    outer loop
      vertex 1.40271 2.60973 7
      vertex 3.13846 3.43044 7
      vertex 3.1245 3.45934 7
    endloop
  endfacet
  facet normal -0 0 1
    outer loop
      vertex 1.73203 -1.77307 7
      vertex 3.57095 -2.3251 7
      vertex 1.76077 -1.67731 7
    endloop
  endfacet
  facet normal 0 0 1
    outer loop
      vertex 1.40271 2.60973 7
      vertex 3.1245 3.45934 7
      vertex 3.08025 3.54901 7
    endloop
  endfacet
  facet normal 0 0 1
    outer loop
      vertex 3.57095 -2.3251 7
      vertex 1.73203 -1.77307 7
      vertex 3.56145 -2.35582 7
    endloop
  endfacet
  facet normal 0 0 1
    outer loop
      vertex 1.35846 2.6994 7
      vertex 3.08025 3.54901 7
      vertex 3.06592 3.57745 7
    endloop
  endfacet
  facet normal 0 0 1
    outer loop
      vertex 3.56145 -2.35582 7
      vertex 1.73203 -1.77307 7
      vertex 3.5311 -2.4511 7
    endloop
  endfacet
  facet normal 0 0 1
    outer loop
      vertex 1.35846 2.6994 7
      vertex 3.06592 3.57745 7
      vertex 3.02019 3.66638 7
    endloop
  endfacet
  facet normal -0 0 1
    outer loop
      vertex 1.70168 -1.86835 7
      vertex 3.5311 -2.4511 7
      vertex 1.73203 -1.77307 7
    endloop
  endfacet
  facet normal 0 0 1
    outer loop
      vertex 1.31273 2.78833 7
      vertex 3.02019 3.66638 7
      vertex 3.00526 3.69481 7
    endloop
  endfacet
  facet normal 0 0 1
    outer loop
      vertex 3.5311 -2.4511 7
      vertex 1.70168 -1.86835 7
      vertex 3.52124 -2.48122 7
    endloop
  endfacet
  facet normal 0 0 1
    outer loop
      vertex 1.31273 2.78833 7
      vertex 3.00526 3.69481 7
      vertex 2.95805 3.78296 7
    endloop
  endfacet
  facet normal 0 0 1
    outer loop
      vertex 3.52124 -2.48122 7
      vertex 1.70168 -1.86835 7
      vertex 3.48932 -2.57599 7
    endloop
  endfacet
  facet normal 0 0 1
    outer loop
      vertex 1.26552 2.87648 7
      vertex 2.95805 3.78296 7
      vertex 2.94286 3.81081 7
    endloop
  endfacet
  facet normal -0 0 1
    outer loop
      vertex 1.66975 -1.96312 7
      vertex 3.48932 -2.57599 7
      vertex 1.70168 -1.86835 7
    endloop
  endfacet
  facet normal 0 0 1
    outer loop
      vertex 1.26552 2.87648 7
      vertex 2.94286 3.81081 7
      vertex 2.8942 3.89816 7
    endloop
  endfacet
  facet normal 0 0 1
    outer loop
      vertex 3.48932 -2.57599 7
      vertex 1.66975 -1.96312 7
      vertex 3.47873 -2.60655 7
    endloop
  endfacet
  facet normal 0 0 1
    outer loop
      vertex 1.21686 2.96384 7
      vertex 2.8942 3.89816 7
      vertex 2.87825 3.92622 7
    endloop
  endfacet
  facet normal 0 0 1
    outer loop
      vertex 3.47873 -2.60655 7
      vertex 1.66975 -1.96312 7
      vertex 3.44522 -2.70076 7
    endloop
  endfacet
  facet normal 0 0 1
    outer loop
      vertex 1.21686 2.96384 7
      vertex 2.87825 3.92622 7
      vertex 2.82812 4.01276 7
    endloop
  endfacet
  facet normal -0 0 1
    outer loop
      vertex 1.63625 -2.05733 7
      vertex 3.44522 -2.70076 7
      vertex 1.66975 -1.96312 7
    endloop
  endfacet
  facet normal 0 0 1
    outer loop
      vertex 1.16673 3.05037 7
      vertex 2.82812 4.01276 7
      vertex 2.81183 4.04036 7
    endloop
  endfacet
  facet normal 0 0 1
    outer loop
      vertex 3.44522 -2.70076 7
      vertex 1.63625 -2.05733 7
      vertex 3.43433 -2.73062 7
    endloop
  endfacet
  facet normal 0 0 1
    outer loop
      vertex 1.16673 3.05037 7
      vertex 2.81183 4.04036 7
      vertex 2.76027 4.12604 7
    endloop
  endfacet
  facet normal 0 0 1
    outer loop
      vertex 3.43433 -2.73062 7
      vertex 1.63625 -2.05733 7
      vertex 3.39926 -2.82426 7
    endloop
  endfacet
  facet normal 0 0 1
    outer loop
      vertex 1.11517 3.13605 7
      vertex 2.76027 4.12604 7
      vertex 2.7437 4.15306 7
    endloop
  endfacet
  facet normal -0 0 1
    outer loop
      vertex 1.60118 -2.15097 7
      vertex 3.39926 -2.82426 7
      vertex 1.63625 -2.05733 7
    endloop
  endfacet
  facet normal 0 0 1
    outer loop
      vertex 1.11517 3.13605 7
      vertex 2.7437 4.15306 7
      vertex 2.69073 4.23787 7
    endloop
  endfacet
  facet normal 0 0 1
    outer loop
      vertex 3.39926 -2.82426 7
      vertex 1.60118 -2.15097 7
      vertex 3.3877 -2.85439 7
    endloop
  endfacet
  facet normal 0 0 1
    outer loop
      vertex 1.06221 3.22086 7
      vertex 2.69073 4.23787 7
      vertex 2.67349 4.26497 7
    endloop
  endfacet
  facet normal 0 0 1
    outer loop
      vertex 3.3877 -2.85439 7
      vertex 1.60118 -2.15097 7
      vertex 3.35106 -2.94743 7
    endloop
  endfacet
  facet normal 0 0 1
    outer loop
      vertex 1.06221 3.22086 7
      vertex 2.67349 4.26497 7
      vertex 2.61911 4.34889 7
    endloop
  endfacet
  facet normal -0 0 1
    outer loop
      vertex 1.56454 -2.24402 7
      vertex 3.35106 -2.94743 7
      vertex 1.60118 -2.15097 7
    endloop
  endfacet
  facet normal 0 0 1
    outer loop
      vertex 1.00783 3.30478 7
      vertex 2.61911 4.34889 7
      vertex 2.60143 4.37567 7
    endloop
  endfacet
  facet normal 0 0 1
    outer loop
      vertex 3.35106 -2.94743 7
      vertex 1.56454 -2.24402 7
      vertex 3.33925 -2.9767 7
    endloop
  endfacet
  facet normal 0 0 1
    outer loop
      vertex 1.00783 3.30478 7
      vertex 2.60143 4.37567 7
      vertex 2.54565 4.45866 7
    endloop
  endfacet
  facet normal 0 0 1
    outer loop
      vertex 3.33925 -2.9767 7
      vertex 1.56454 -2.24402 7
      vertex 3.30109 -3.06914 7
    endloop
  endfacet
  facet normal 0 0 1
    outer loop
      vertex 0.952057 3.38777 7
      vertex 2.54565 4.45866 7
      vertex 2.52768 4.48495 7
    endloop
  endfacet
  facet normal -0 0 1
    outer loop
      vertex 1.52638 -2.33646 7
      vertex 3.30109 -3.06914 7
      vertex 1.56454 -2.24402 7
    endloop
  endfacet
  facet normal 0 0 1
    outer loop
      vertex 0.952057 3.38777 7
      vertex 2.52768 4.48495 7
      vertex 2.47054 4.56702 7
    endloop
  endfacet
  facet normal 0 0 1
    outer loop
      vertex 3.30109 -3.06914 7
      vertex 1.52638 -2.33646 7
      vertex 3.28853 -3.09886 7
    endloop
  endfacet
  facet normal 0 0 1
    outer loop
      vertex 0.894913 3.46983 7
      vertex 2.47054 4.56702 7
      vertex 2.45192 4.59328 7
    endloop
  endfacet
  facet normal 0 0 1
    outer loop
      vertex 3.28853 -3.09886 7
      vertex 1.52638 -2.33646 7
      vertex 3.24883 -3.19063 7
    endloop
  endfacet
  facet normal 0 0 1
    outer loop
      vertex 0.894913 3.46983 7
      vertex 2.45192 4.59328 7
      vertex 2.3934 4.67438 7
    endloop
  endfacet
  facet normal -0 0 1
    outer loop
      vertex 1.48668 -2.42822 7
      vertex 3.24883 -3.19063 7
      vertex 1.52638 -2.33646 7
    endloop
  endfacet
  facet normal 0 0 1
    outer loop
      vertex 0.836395 3.55093 7
      vertex 2.3934 4.67438 7
      vertex 2.37457 4.70003 7
    endloop
  endfacet
  facet normal 0 0 1
    outer loop
      vertex 3.24883 -3.19063 7
      vertex 1.48668 -2.42822 7
      vertex 3.23592 -3.21979 7
    endloop
  endfacet
  facet normal 0 0 1
    outer loop
      vertex 0.836395 3.55093 7
      vertex 2.37457 4.70003 7
      vertex 2.31473 4.78014 7
    endloop
  endfacet
  facet normal 0 0 1
    outer loop
      vertex 3.23592 -3.21979 7
      vertex 1.48668 -2.42822 7
      vertex 3.19469 -3.3109 7
    endloop
  endfacet
  facet normal 0 0 1
    outer loop
      vertex 0.77655 3.63104 7
      vertex 2.31473 4.78014 7
      vertex 2.29536 4.8056 7
    endloop
  endfacet
  facet normal -0 0 1
    outer loop
      vertex 1.44545 -2.51933 7
      vertex 3.19469 -3.3109 7
      vertex 1.48668 -2.42822 7
    endloop
  endfacet
  facet normal 0 0 1
    outer loop
      vertex 0.77655 3.63104 7
      vertex 2.29536 4.8056 7
      vertex 2.23419 4.8847 7
    endloop
  endfacet
  facet normal 0 0 1
    outer loop
      vertex 3.19469 -3.3109 7
      vertex 1.44545 -2.51933 7
      vertex 3.1812 -3.34004 7
    endloop
  endfacet
  facet normal 0 0 1
    outer loop
      vertex 0.715378 3.71014 7
      vertex 2.23419 4.8847 7
      vertex 2.21432 4.90996 7
    endloop
  endfacet
  facet normal 0 0 1
    outer loop
      vertex 3.1812 -3.34004 7
      vertex 1.44545 -2.51933 7
      vertex 3.13846 -3.43044 7
    endloop
  endfacet
  facet normal 0 0 1
    outer loop
      vertex 0.715378 3.71014 7
      vertex 2.21432 4.90996 7
      vertex 2.15184 4.98802 7
    endloop
  endfacet
  facet normal -0 0 1
    outer loop
      vertex 1.40271 -2.60973 7
      vertex 3.13846 -3.43044 7
      vertex 1.44545 -2.51933 7
    endloop
  endfacet
  facet normal 0 0 1
    outer loop
      vertex 0.652893 3.78821 7
      vertex 2.15184 4.98802 7
      vertex 2.13159 5.01289 7
    endloop
  endfacet
  facet normal 0 0 1
    outer loop
      vertex 3.13846 -3.43044 7
      vertex 1.40271 -2.60973 7
      vertex 3.1245 -3.45934 7
    endloop
  endfacet
  facet normal 0 0 1
    outer loop
      vertex 0.652893 3.78821 7
      vertex 2.13159 5.01289 7
      vertex 2.06781 5.0899 7
    endloop
  endfacet
  facet normal 0 0 1
    outer loop
      vertex 3.1245 -3.45934 7
      vertex 1.40271 -2.60973 7
      vertex 3.08025 -3.54901 7
    endloop
  endfacet
  facet normal 0 0 1
    outer loop
      vertex 0.589111 3.86522 7
      vertex 2.06781 5.0899 7
      vertex 2.04732 5.11423 7
    endloop
  endfacet
  facet normal -0 0 1
    outer loop
      vertex 1.35846 -2.6994 7
      vertex 3.08025 -3.54901 7
      vertex 1.40271 -2.60973 7
    endloop
  endfacet
  facet normal 0 0 1
    outer loop
      vertex 3.08025 -3.54901 7
      vertex 1.35846 -2.6994 7
      vertex 3.06592 -3.57745 7
    endloop
  endfacet
  facet normal 0 0 1
    outer loop
      vertex 3.9191 0.116104 7
      vertex 1.99916 0.0999908 7
      vertex 2 0 7
    endloop
  endfacet
  facet normal 0 0 1
    outer loop
      vertex 3.91606 0.248001 7
      vertex 1.99666 0.199951 7
      vertex 1.99916 0.0999908 7
    endloop
  endfacet
  facet normal 0 0 1
    outer loop
      vertex 3.91083 0.379852 7
      vertex 1.99249 0.299866 7
      vertex 1.99666 0.199951 7
    endloop
  endfacet
  facet normal 0 0 1
    outer loop
      vertex 3.9034 0.511612 7
      vertex 1.98666 0.399689 7
      vertex 1.99249 0.299866 7
    endloop
  endfacet
  facet normal 0 0 1
    outer loop
      vertex 0.589111 3.86522 7
      vertex 2.04732 5.11423 7
      vertex 1.98227 5.19017 7
    endloop
  endfacet
  facet normal 0 0 1
    outer loop
      vertex 3.89377 0.64325 7
      vertex 1.97917 0.499405 7
      vertex 1.98666 0.399689 7
    endloop
  endfacet
  facet normal 0 0 1
    outer loop
      vertex 3.88196 0.774765 7
      vertex 1.97002 0.598984 7
      vertex 1.97917 0.499405 7
    endloop
  endfacet
  facet normal 0 0 1
    outer loop
      vertex 0.524063 3.94116 7
      vertex 1.98227 5.19017 7
      vertex 1.96126 5.21431 7
    endloop
  endfacet
  facet normal 0 0 1
    outer loop
      vertex 3.86798 0.905823 7
      vertex 1.95921 0.698395 7
      vertex 1.97002 0.598984 7
    endloop
  endfacet
  facet normal 0 0 1
    outer loop
      vertex 3.85176 1.03699 7
      vertex 1.94675 0.797607 7
      vertex 1.95921 0.698395 7
    endloop
  endfacet
  facet normal 0 0 1
    outer loop
      vertex 3.83336 1.16789 7
      vertex 1.93262 0.896606 7
      vertex 1.94675 0.797607 7
    endloop
  endfacet
  facet normal 0 0 1
    outer loop
      vertex 3.81285 1.29802 7
      vertex 1.91685 0.995346 7
      vertex 1.93262 0.896606 7
    endloop
  endfacet
  facet normal 0 0 1
    outer loop
      vertex 3.79012 1.42812 7
      vertex 1.89944 1.09381 7
      vertex 1.91685 0.995346 7
    endloop
  endfacet
  facet normal 0 0 1
    outer loop
      vertex 0.524063 3.94116 7
      vertex 1.96126 5.21431 7
      vertex 1.89494 5.28917 7
    endloop
  endfacet
  facet normal 0 0 1
    outer loop
      vertex 3.76527 1.55759 7
      vertex 1.8804 1.19199 7
      vertex 1.89944 1.09381 7
    endloop
  endfacet
  facet normal 0 0 1
    outer loop
      vertex 0.457748 4.01602 7
      vertex 1.89494 5.28917 7
      vertex 1.87343 5.31303 7
    endloop
  endfacet
  facet normal 0 0 1
    outer loop
      vertex 3.73816 1.68712 7
      vertex 1.85971 1.28981 7
      vertex 1.8804 1.19199 7
    endloop
  endfacet
  facet normal 0 0 1
    outer loop
      vertex 3.70903 1.81558 7
      vertex 1.8374 1.3873 7
      vertex 1.85971 1.28981 7
    endloop
  endfacet
  facet normal 0 0 1
    outer loop
      vertex 3.67769 1.94383 7
      vertex 1.81348 1.48438 7
      vertex 1.8374 1.3873 7
    endloop
  endfacet
  facet normal 0 0 1
    outer loop
      vertex 0.457748 4.01602 7
      vertex 1.87343 5.31303 7
      vertex 1.80588 5.38676 7
    endloop
  endfacet
  facet normal 0 0 1
    outer loop
      vertex 3.64424 2.0715 7
      vertex 1.78793 1.58105 7
      vertex 1.81348 1.48438 7
    endloop
  endfacet
  facet normal 0 0 1
    outer loop
      vertex 0.390198 4.08975 7
      vertex 1.80588 5.38676 7
      vertex 1.78397 5.41028 7
    endloop
  endfacet
  facet normal 0 0 1
    outer loop
      vertex 3.60861 2.19873 7
      vertex 1.76077 1.67731 7
      vertex 1.78793 1.58105 7
    endloop
  endfacet
  facet normal 0 0 1
    outer loop
      vertex 3.57095 2.3251 7
      vertex 1.73203 1.77307 7
      vertex 1.76077 1.67731 7
    endloop
  endfacet
  facet normal 0 0 1
    outer loop
      vertex 0.390198 4.08975 7
      vertex 1.78397 5.41028 7
      vertex 1.71519 5.48286 7
    endloop
  endfacet
  facet normal 0 0 1
    outer loop
      vertex 3.5311 2.4511 7
      vertex 1.70168 1.86835 7
      vertex 1.73203 1.77307 7
    endloop
  endfacet
  facet normal 0 0 1
    outer loop
      vertex 0.321426 4.16234 7
      vertex 1.71519 5.48286 7
      vertex 1.69321 5.50569 7
    endloop
  endfacet
  facet normal 0 0 1
    outer loop
      vertex 3.48932 2.57599 7
      vertex 1.66975 1.96312 7
      vertex 1.70168 1.86835 7
    endloop
  endfacet
  facet normal 0 0 1
    outer loop
      vertex 3.44522 2.70076 7
      vertex 1.63625 2.05733 7
      vertex 1.66975 1.96312 7
    endloop
  endfacet
  facet normal 0 0 1
    outer loop
      vertex 0.321426 4.16234 7
      vertex 1.69321 5.50569 7
      vertex 1.62325 5.57713 7
    endloop
  endfacet
  facet normal 0 0 1
    outer loop
      vertex 3.39926 2.82426 7
      vertex 1.60118 2.15097 7
      vertex 1.63625 2.05733 7
    endloop
  endfacet
  facet normal 0 0 1
    outer loop
      vertex 0.251465 4.23378 7
      vertex 1.62325 5.57713 7
      vertex 1.60059 5.5999 7
    endloop
  endfacet
  facet normal 0 0 1
    outer loop
      vertex 3.35106 2.94743 7
      vertex 1.56454 2.24402 7
      vertex 1.60118 2.15097 7
    endloop
  endfacet
  facet normal 0 0 1
    outer loop
      vertex 0.251465 4.23378 7
      vertex 1.60059 5.5999 7
      vertex 1.52943 5.67017 7
    endloop
  endfacet
  facet normal 0 0 1
    outer loop
      vertex 3.30109 3.06914 7
      vertex 1.52638 2.33646 7
      vertex 1.56454 2.24402 7
    endloop
  endfacet
  facet normal 0 0 1
    outer loop
      vertex 0.180313 4.30405 7
      vertex 1.52943 5.67017 7
      vertex 1.50655 5.69238 7
    endloop
  endfacet
  facet normal 0 0 1
    outer loop
      vertex 3.24883 3.19063 7
      vertex 1.48668 2.42822 7
      vertex 1.52638 2.33646 7
    endloop
  endfacet
  facet normal 0 0 1
    outer loop
      vertex 3.19469 3.3109 7
      vertex 1.44545 2.51933 7
      vertex 1.48668 2.42822 7
    endloop
  endfacet
  facet normal 0 0 1
    outer loop
      vertex 0.180313 4.30405 7
      vertex 1.50655 5.69238 7
      vertex 1.43423 5.76146 7
    endloop
  endfacet
  facet normal 0 0 1
    outer loop
      vertex 0.108002 4.37312 7
      vertex 1.43423 5.76146 7
      vertex 1.41083 5.78346 7
    endloop
  endfacet
  facet normal 0 0 1
    outer loop
      vertex 3.13846 3.43044 7
      vertex 1.40271 2.60973 7
      vertex 1.44545 2.51933 7
    endloop
  endfacet
  facet normal 0 0 1
    outer loop
      vertex 3.08025 3.54901 7
      vertex 1.35846 2.6994 7
      vertex 1.40271 2.60973 7
    endloop
  endfacet
  facet normal 0 0 1
    outer loop
      vertex 0.108002 4.37312 7
      vertex 1.41083 5.78346 7
      vertex 1.33737 5.85132 7
    endloop
  endfacet
  facet normal 0 0 1
    outer loop
      vertex 0.0345459 4.44098 7
      vertex 1.33737 5.85132 7
      vertex 1.31387 5.87267 7
    endloop
  endfacet
  facet normal 0 0 1
    outer loop
      vertex 3.02019 3.66638 7
      vertex 1.31273 2.78833 7
      vertex 1.35846 2.6994 7
    endloop
  endfacet
  facet normal 0 0 1
    outer loop
      vertex 2.95805 3.78296 7
      vertex 1.26552 2.87648 7
      vertex 1.31273 2.78833 7
    endloop
  endfacet
  facet normal 0 0 1
    outer loop
      vertex 0.0345459 4.44098 7
      vertex 1.31387 5.87267 7
      vertex 1.23932 5.93929 7
    endloop
  endfacet
  facet normal 0 0 1
    outer loop
      vertex 2.8942 3.89816 7
      vertex 1.21686 2.96384 7
      vertex 1.26552 2.87648 7
    endloop
  endfacet
  facet normal 0 0 1
    outer loop
      vertex -0.0400085 4.5076 7
      vertex 1.23932 5.93929 7
      vertex 1.21515 5.96053 7
    endloop
  endfacet
  facet normal 0 0 1
    outer loop
      vertex 2.82812 4.01276 7
      vertex 1.16673 3.05037 7
      vertex 1.21686 2.96384 7
    endloop
  endfacet
  facet normal 0 0 1
    outer loop
      vertex -0.0400085 4.5076 7
      vertex 1.21515 5.96053 7
      vertex 1.13948 6.02589 7
    endloop
  endfacet
  facet normal 0 0 1
    outer loop
      vertex 2.76027 4.12604 7
      vertex 1.11517 3.13605 7
      vertex 1.16673 3.05037 7
    endloop
  endfacet
  facet normal 0 0 1
    outer loop
      vertex -0.115677 4.57297 7
      vertex 1.13948 6.02589 7
      vertex 1.1151 6.0466 7
    endloop
  endfacet
  facet normal 0 0 1
    outer loop
      vertex 2.69073 4.23787 7
      vertex 1.06221 3.22086 7
      vertex 1.11517 3.13605 7
    endloop
  endfacet
  facet normal 0 0 1
    outer loop
      vertex -0.115677 4.57297 7
      vertex 1.1151 6.0466 7
      vertex 1.03835 6.1107 7
    endloop
  endfacet
  facet normal 0 0 1
    outer loop
      vertex -0.192429 4.63707 7
      vertex 1.03835 6.1107 7
      vertex 1.01355 6.13106 7
    endloop
  endfacet
  facet normal 0 0 1
    outer loop
      vertex 2.61911 4.34889 7
      vertex 1.00783 3.30478 7
      vertex 1.06221 3.22086 7
    endloop
  endfacet
  facet normal 0 0 1
    outer loop
      vertex 2.54565 4.45866 7
      vertex 0.952057 3.38777 7
      vertex 1.00783 3.30478 7
    endloop
  endfacet
  facet normal 0 0 1
    outer loop
      vertex -0.192429 4.63707 7
      vertex 1.01355 6.13106 7
      vertex 0.935745 6.19386 7
    endloop
  endfacet
  facet normal 0 0 1
    outer loop
      vertex -0.270233 4.69987 7
      vertex 0.935745 6.19386 7
      vertex 0.910767 6.2137 7
    endloop
  endfacet
  facet normal 0 0 1
    outer loop
      vertex 2.47054 4.56702 7
      vertex 0.894913 3.46983 7
      vertex 0.952057 3.38777 7
    endloop
  endfacet
  facet normal 0 0 1
    outer loop
      vertex 2.3934 4.67438 7
      vertex 0.836395 3.55093 7
      vertex 0.894913 3.46983 7
    endloop
  endfacet
  facet normal 0 0 1
    outer loop
      vertex -0.270233 4.69987 7
      vertex 0.910767 6.2137 7
      vertex 0.831924 6.27521 7
    endloop
  endfacet
  facet normal 0 0 1
    outer loop
      vertex -0.349075 4.76138 7
      vertex 0.831924 6.27521 7
      vertex 0.806396 6.29478 7
    endloop
  endfacet
  facet normal 0 0 1
    outer loop
      vertex 2.31473 4.78014 7
      vertex 0.77655 3.63104 7
      vertex 0.836395 3.55093 7
    endloop
  endfacet
  facet normal 0 0 1
    outer loop
      vertex -0.349075 4.76138 7
      vertex 0.806396 6.29478 7
      vertex 0.726532 6.35497 7
    endloop
  endfacet
  facet normal 0 0 1
    outer loop
      vertex 2.23419 4.8847 7
      vertex 0.715378 3.71014 7
      vertex 0.77655 3.63104 7
    endloop
  endfacet
  facet normal 0 0 1
    outer loop
      vertex -0.42894 4.82156 7
      vertex 0.726532 6.35497 7
      vertex 0.700912 6.37393 7
    endloop
  endfacet
  facet normal 0 0 1
    outer loop
      vertex 2.15184 4.98802 7
      vertex 0.652893 3.78821 7
      vertex 0.715378 3.71014 7
    endloop
  endfacet
  facet normal 0 0 1
    outer loop
      vertex -0.42894 4.82156 7
      vertex 0.700912 6.37393 7
      vertex 0.620071 6.43277 7
    endloop
  endfacet
  facet normal 0 0 1
    outer loop
      vertex -0.509781 4.8804 7
      vertex 0.620071 6.43277 7
      vertex 0.594131 6.45131 7
    endloop
  endfacet
  facet normal 0 0 1
    outer loop
      vertex 2.06781 5.0899 7
      vertex 0.589111 3.86522 7
      vertex 0.652893 3.78821 7
    endloop
  endfacet
  facet normal 0 0 1
    outer loop
      vertex 1.98227 5.19017 7
      vertex 0.524063 3.94116 7
      vertex 0.589111 3.86522 7
    endloop
  endfacet
  facet normal 0 0 1
    outer loop
      vertex -0.509781 4.8804 7
      vertex 0.594131 6.45131 7
      vertex 0.512314 6.5088 7
    endloop
  endfacet
  facet normal 0 0 1
    outer loop
      vertex -0.591599 4.9379 7
      vertex 0.512314 6.5088 7
      vertex 0.48584 6.5271 7
    endloop
  endfacet
  facet normal 0 0 1
    outer loop
      vertex 1.89494 5.28917 7
      vertex 0.457748 4.01602 7
      vertex 0.524063 3.94116 7
    endloop
  endfacet
  facet normal 0 0 1
    outer loop
      vertex -0.591599 4.9379 7
      vertex 0.48584 6.5271 7
      vertex 0.403061 6.58322 7
    endloop
  endfacet
  facet normal 0 0 1
    outer loop
      vertex 1.80588 5.38676 7
      vertex 0.390198 4.08975 7
      vertex 0.457748 4.01602 7
    endloop
  endfacet
  facet normal 0 0 1
    outer loop
      vertex -0.674377 4.99402 7
      vertex 0.403061 6.58322 7
      vertex 0.376404 6.60095 7
    endloop
  endfacet
  facet normal 0 0 1
    outer loop
      vertex 1.71519 5.48286 7
      vertex 0.321426 4.16234 7
      vertex 0.390198 4.08975 7
    endloop
  endfacet
  facet normal 0 0 1
    outer loop
      vertex -0.674377 4.99402 7
      vertex 0.376404 6.60095 7
      vertex 0.292725 6.65567 7
    endloop
  endfacet
  facet normal 0 0 1
    outer loop
      vertex -0.758057 5.04874 7
      vertex 0.292725 6.65567 7
      vertex 0.265854 6.67293 7
    endloop
  endfacet
  facet normal 0 0 1
    outer loop
      vertex 1.62325 5.57713 7
      vertex 0.251465 4.23378 7
      vertex 0.321426 4.16234 7
    endloop
  endfacet
  facet normal 0 0 1
    outer loop
      vertex -0.758057 5.04874 7
      vertex 0.265854 6.67293 7
      vertex 0.181259 6.72626 7
    endloop
  endfacet
  facet normal 0 0 1
    outer loop
      vertex 1.52943 5.67017 7
      vertex 0.180313 4.30405 7
      vertex 0.251465 4.23378 7
    endloop
  endfacet
  facet normal 0 0 1
    outer loop
      vertex -0.842651 5.10207 7
      vertex 0.181259 6.72626 7
      vertex 0.154083 6.74307 7
    endloop
  endfacet
  facet normal 0 0 1
    outer loop
      vertex 1.43423 5.76146 7
      vertex 0.108002 4.37312 7
      vertex 0.180313 4.30405 7
    endloop
  endfacet
  facet normal 0 0 1
    outer loop
      vertex -0.842651 5.10207 7
      vertex 0.154083 6.74307 7
      vertex 0.0686188 6.79498 7
    endloop
  endfacet
  facet normal 0 0 1
    outer loop
      vertex -0.928116 5.15398 7
      vertex 0.0686188 6.79498 7
      vertex 0.0410767 6.8114 7
    endloop
  endfacet
  facet normal 0 0 1
    outer loop
      vertex 1.33737 5.85132 7
      vertex 0.0345459 4.44098 7
      vertex 0.108002 4.37312 7
    endloop
  endfacet
  facet normal 0 0 1
    outer loop
      vertex 1.23932 5.93929 7
      vertex -0.0400085 4.5076 7
      vertex 0.0345459 4.44098 7
    endloop
  endfacet
  facet normal 0 0 1
    outer loop
      vertex -0.928116 5.15398 7
      vertex 0.0410767 6.8114 7
      vertex -0.0452423 6.86188 7
    endloop
  endfacet
  facet normal 0 0 1
    outer loop
      vertex -1.01443 5.20445 7
      vertex -0.0452423 6.86188 7
      vertex -0.0729065 6.87775 7
    endloop
  endfacet
  facet normal 0 0 1
    outer loop
      vertex 1.13948 6.02589 7
      vertex -0.115677 4.57297 7
      vertex -0.0400085 4.5076 7
    endloop
  endfacet
  facet normal 0 0 1
    outer loop
      vertex -1.01443 5.20445 7
      vertex -0.0729065 6.87775 7
      vertex -0.160065 6.92679 7
    endloop
  endfacet
  facet normal 0 0 1
    outer loop
      vertex -1.10159 5.25349 7
      vertex -0.160065 6.92679 7
      vertex -0.18808 6.94225 7
    endloop
  endfacet
  facet normal 0 0 1
    outer loop
      vertex 1.03835 6.1107 7
      vertex -0.192429 4.63707 7
      vertex -0.115677 4.57297 7
    endloop
  endfacet
  facet normal 0 0 1
    outer loop
      vertex 0.935745 6.19386 7
      vertex -0.270233 4.69987 7
      vertex -0.192429 4.63707 7
    endloop
  endfacet
  facet normal 0 0 1
    outer loop
      vertex -1.10159 5.25349 7
      vertex -0.18808 6.94225 7
      vertex -0.276031 6.98982 7
    endloop
  endfacet
  facet normal 0 0 1
    outer loop
      vertex -1.18954 5.30107 7
      vertex -0.276031 6.98982 7
      vertex -0.304398 7.00487 7
    endloop
  endfacet
  facet normal 0 0 1
    outer loop
      vertex 0.831924 6.27521 7
      vertex -0.349075 4.76138 7
      vertex -0.270233 4.69987 7
    endloop
  endfacet
  facet normal 0 0 1
    outer loop
      vertex -1.18954 5.30107 7
      vertex -0.304398 7.00487 7
      vertex -0.393127 7.05096 7
    endloop
  endfacet
  facet normal 0 0 1
    outer loop
      vertex -1.27827 5.34717 7
      vertex -0.393127 7.05096 7
      vertex -0.421616 7.06546 7
    endloop
  endfacet
  facet normal 0 0 1
    outer loop
      vertex 0.726532 6.35497 7
      vertex -0.42894 4.82156 7
      vertex -0.349075 4.76138 7
    endloop
  endfacet
  facet normal 0 0 1
    outer loop
      vertex 0.620071 6.43277 7
      vertex -0.509781 4.8804 7
      vertex -0.42894 4.82156 7
    endloop
  endfacet
  facet normal 0 0 1
    outer loop
      vertex -1.27827 5.34717 7
      vertex -0.421616 7.06546 7
      vertex -0.511108 7.11008 7
    endloop
  endfacet
  facet normal 0 0 1
    outer loop
      vertex -1.36777 5.39178 7
      vertex -0.511108 7.11008 7
      vertex -0.539841 7.1241 7
    endloop
  endfacet
  facet normal 0 0 1
    outer loop
      vertex 0.512314 6.5088 7
      vertex -0.591599 4.9379 7
      vertex -0.509781 4.8804 7
    endloop
  endfacet
  facet normal 0 0 1
    outer loop
      vertex -1.36777 5.39178 7
      vertex -0.539841 7.1241 7
      vertex -0.630066 7.16722 7
    endloop
  endfacet
  facet normal 0 0 1
    outer loop
      vertex -1.45799 5.43491 7
      vertex -0.630066 7.16722 7
      vertex -0.659027 7.18077 7
    endloop
  endfacet
  facet normal 0 0 1
    outer loop
      vertex 0.403061 6.58322 7
      vertex -0.674377 4.99402 7
      vertex -0.591599 4.9379 7
    endloop
  endfacet
  facet normal 0 0 1
    outer loop
      vertex -1.45799 5.43491 7
      vertex -0.659027 7.18077 7
      vertex -0.749954 7.22238 7
    endloop
  endfacet
  facet normal 0 0 1
    outer loop
      vertex 0.292725 6.65567 7
      vertex -0.758057 5.04874 7
      vertex -0.674377 4.99402 7
    endloop
  endfacet
  facet normal 0 0 1
    outer loop
      vertex -1.54892 5.47652 7
      vertex -0.749954 7.22238 7
      vertex -0.779282 7.23552 7
    endloop
  endfacet
  facet normal 0 0 1
    outer loop
      vertex 0.181259 6.72626 7
      vertex -0.842651 5.10207 7
      vertex -0.758057 5.04874 7
    endloop
  endfacet
  facet normal 0 0 1
    outer loop
      vertex -1.54892 5.47652 7
      vertex -0.779282 7.23552 7
      vertex -0.870895 7.2756 7
    endloop
  endfacet
  facet normal 0 0 1
    outer loop
      vertex -1.64053 5.5166 7
      vertex -0.870895 7.2756 7
      vertex -0.900116 7.28809 7
    endloop
  endfacet
  facet normal 0 0 1
    outer loop
      vertex 0.0686188 6.79498 7
      vertex -0.928116 5.15398 7
      vertex -0.842651 5.10207 7
    endloop
  endfacet
  facet normal 0 0 1
    outer loop
      vertex -1.64053 5.5166 7
      vertex -0.900116 7.28809 7
      vertex -0.992371 7.32664 7
    endloop
  endfacet
  facet normal 0 0 1
    outer loop
      vertex -0.0452423 6.86188 7
      vertex -1.01443 5.20445 7
      vertex -0.928116 5.15398 7
    endloop
  endfacet
  facet normal 0 0 1
    outer loop
      vertex -1.73279 5.55516 7
      vertex -0.992371 7.32664 7
      vertex -1.02229 7.33887 7
    endloop
  endfacet
  facet normal 0 0 1
    outer loop
      vertex -0.160065 6.92679 7
      vertex -1.10159 5.25349 7
      vertex -1.01443 5.20445 7
    endloop
  endfacet
  facet normal 0 0 1
    outer loop
      vertex -1.73279 5.55516 7
      vertex -1.02229 7.33887 7
      vertex -1.11519 7.37587 7
    endloop
  endfacet
  facet normal 0 0 1
    outer loop
      vertex -1.82568 5.59216 7
      vertex -1.11519 7.37587 7
      vertex -1.14485 7.38741 7
    endloop
  endfacet
  facet normal 0 0 1
    outer loop
      vertex -0.276031 6.98982 7
      vertex -1.18954 5.30107 7
      vertex -1.10159 5.25349 7
    endloop
  endfacet
  facet normal 0 0 1
    outer loop
      vertex -1.82568 5.59216 7
      vertex -1.14485 7.38741 7
      vertex -1.23836 7.42287 7
    endloop
  endfacet
  facet normal 0 0 1
    outer loop
      vertex -1.91919 5.62762 7
      vertex -1.23836 7.42287 7
      vertex -1.26843 7.43398 7
    endloop
  endfacet
  facet normal 0 0 1
    outer loop
      vertex -0.393127 7.05096 7
      vertex -1.27827 5.34717 7
      vertex -1.18954 5.30107 7
    endloop
  endfacet
  facet normal 0 0 1
    outer loop
      vertex -1.91919 5.62762 7
      vertex -1.26843 7.43398 7
      vertex -1.3625 7.46786 7
    endloop
  endfacet
  facet normal 0 0 1
    outer loop
      vertex -0.511108 7.11008 7
      vertex -1.36777 5.39178 7
      vertex -1.27827 5.34717 7
    endloop
  endfacet
  facet normal 0 0 1
    outer loop
      vertex -2.01326 5.66151 7
      vertex -1.3625 7.46786 7
      vertex -1.3925 7.47839 7
    endloop
  endfacet
  facet normal 0 0 1
    outer loop
      vertex -0.630066 7.16722 7
      vertex -1.45799 5.43491 7
      vertex -1.36777 5.39178 7
    endloop
  endfacet
  facet normal 0 0 1
    outer loop
      vertex -2.01326 5.66151 7
      vertex -1.3925 7.47839 7
      vertex -1.48714 7.51073 7
    endloop
  endfacet
  facet normal 0 0 1
    outer loop
      vertex -2.10789 5.69385 7
      vertex -1.48714 7.51073 7
      vertex -1.51782 7.52092 7
    endloop
  endfacet
  facet normal 0 0 1
    outer loop
      vertex -0.749954 7.22238 7
      vertex -1.54892 5.47652 7
      vertex -1.45799 5.43491 7
    endloop
  endfacet
  facet normal 0 0 1
    outer loop
      vertex -2.10789 5.69385 7
      vertex -1.51782 7.52092 7
      vertex -1.61298 7.55165 7
    endloop
  endfacet
  facet normal 0 0 1
    outer loop
      vertex -0.870895 7.2756 7
      vertex -1.64053 5.5166 7
      vertex -1.54892 5.47652 7
    endloop
  endfacet
  facet normal 0 0 1
    outer loop
      vertex -2.20305 5.72458 7
      vertex -1.61298 7.55165 7
      vertex -1.64313 7.56113 7
    endloop
  endfacet
  facet normal 0 0 1
    outer loop
      vertex -0.992371 7.32664 7
      vertex -1.73279 5.55516 7
      vertex -1.64053 5.5166 7
    endloop
  endfacet
  facet normal 0 0 1
    outer loop
      vertex -2.20305 5.72458 7
      vertex -1.64313 7.56113 7
      vertex -1.73877 7.59029 7
    endloop
  endfacet
  facet normal 0 0 1
    outer loop
      vertex -2.29869 5.75374 7
      vertex -1.73877 7.59029 7
      vertex -1.76961 7.5994 7
    endloop
  endfacet
  facet normal 0 0 1
    outer loop
      vertex -1.11519 7.37587 7
      vertex -1.82568 5.59216 7
      vertex -1.73279 5.55516 7
    endloop
  endfacet
  facet normal 0 0 1
    outer loop
      vertex -2.29869 5.75374 7
      vertex -1.76961 7.5994 7
      vertex -1.86574 7.62695 7
    endloop
  endfacet
  facet normal 0 0 1
    outer loop
      vertex -2.39482 5.7813 7
      vertex -1.86574 7.62695 7
      vertex -1.89676 7.63557 7
    endloop
  endfacet
  facet normal 0 0 1
    outer loop
      vertex -1.23836 7.42287 7
      vertex -1.91919 5.62762 7
      vertex -1.82568 5.59216 7
    endloop
  endfacet
  facet normal 0 0 1
    outer loop
      vertex -2.39482 5.7813 7
      vertex -1.89676 7.63557 7
      vertex -1.99333 7.66151 7
    endloop
  endfacet
  facet normal 0 0 1
    outer loop
      vertex -1.3625 7.46786 7
      vertex -2.01326 5.66151 7
      vertex -1.91919 5.62762 7
    endloop
  endfacet
  facet normal 0 0 1
    outer loop
      vertex -2.49139 5.80724 7
      vertex -1.99333 7.66151 7
      vertex -2.02408 7.66949 7
    endloop
  endfacet
  facet normal 0 0 1
    outer loop
      vertex -1.48714 7.51073 7
      vertex -2.10789 5.69385 7
      vertex -2.01326 5.66151 7
    endloop
  endfacet
  facet normal 0 0 1
    outer loop
      vertex -2.49139 5.80724 7
      vertex -2.02408 7.66949 7
      vertex -2.12106 7.69383 7
    endloop
  endfacet
  facet normal 0 0 1
    outer loop
      vertex -2.58838 5.83157 7
      vertex -2.12106 7.69383 7
      vertex -2.15213 7.70135 7
    endloop
  endfacet
  facet normal 0 0 1
    outer loop
      vertex -1.61298 7.55165 7
      vertex -2.20305 5.72458 7
      vertex -2.10789 5.69385 7
    endloop
  endfacet
  facet normal 0 0 1
    outer loop
      vertex -2.58838 5.83157 7
      vertex -2.15213 7.70135 7
      vertex -2.24951 7.72408 7
    endloop
  endfacet
  facet normal 0 0 1
    outer loop
      vertex -2.68576 5.85429 7
      vertex -2.24951 7.72408 7
      vertex -2.28087 7.73111 7
    endloop
  endfacet
  facet normal 0 0 1
    outer loop
      vertex -1.73877 7.59029 7
      vertex -2.29869 5.75374 7
      vertex -2.20305 5.72458 7
    endloop
  endfacet
  facet normal 0 0 1
    outer loop
      vertex -2.68576 5.85429 7
      vertex -2.28087 7.73111 7
      vertex -2.37862 7.7522 7
    endloop
  endfacet
  facet normal 0 0 1
    outer loop
      vertex -1.86574 7.62695 7
      vertex -2.39482 5.7813 7
      vertex -2.29869 5.75374 7
    endloop
  endfacet
  facet normal 0 0 1
    outer loop
      vertex -2.78351 5.87538 7
      vertex -2.37862 7.7522 7
      vertex -2.40996 7.7587 7
    endloop
  endfacet
  facet normal 0 0 1
    outer loop
      vertex -1.99333 7.66151 7
      vertex -2.49139 5.80724 7
      vertex -2.39482 5.7813 7
    endloop
  endfacet
  facet normal 0 0 1
    outer loop
      vertex -2.78351 5.87538 7
      vertex -2.40996 7.7587 7
      vertex -2.50804 7.77815 7
    endloop
  endfacet
  facet normal 0 0 1
    outer loop
      vertex -2.88159 5.89484 7
      vertex -2.50804 7.77815 7
      vertex -2.53941 7.7841 7
    endloop
  endfacet
  facet normal 0 0 1
    outer loop
      vertex -2.12106 7.69383 7
      vertex -2.58838 5.83157 7
      vertex -2.49139 5.80724 7
    endloop
  endfacet
  facet normal 0 0 1
    outer loop
      vertex -2.88159 5.89484 7
      vertex -2.53941 7.7841 7
      vertex -2.63782 7.80193 7
    endloop
  endfacet
  facet normal 0 0 1
    outer loop
      vertex -2.98 5.91266 7
      vertex -2.63782 7.80193 7
      vertex -2.66943 7.80737 7
    endloop
  endfacet
  facet normal 0 0 1
    outer loop
      vertex -2.24951 7.72408 7
      vertex -2.68576 5.85429 7
      vertex -2.58838 5.83157 7
    endloop
  endfacet
  facet normal 0 0 1
    outer loop
      vertex -2.98 5.91266 7
      vertex -2.66943 7.80737 7
      vertex -2.76811 7.82355 7
    endloop
  endfacet
  facet normal 0 0 1
    outer loop
      vertex -2.37862 7.7522 7
      vertex -2.78351 5.87538 7
      vertex -2.68576 5.85429 7
    endloop
  endfacet
  facet normal 0 0 1
    outer loop
      vertex -3.07867 5.92883 7
      vertex -2.76811 7.82355 7
      vertex -2.79976 7.82846 7
    endloop
  endfacet
  facet normal 0 0 1
    outer loop
      vertex -2.50804 7.77815 7
      vertex -2.88159 5.89484 7
      vertex -2.78351 5.87538 7
    endloop
  endfacet
  facet normal 0 0 1
    outer loop
      vertex -3.07867 5.92883 7
      vertex -2.79976 7.82846 7
      vertex -2.8987 7.84299 7
    endloop
  endfacet
  facet normal 0 0 1
    outer loop
      vertex -3.17761 5.94336 7
      vertex -2.8987 7.84299 7
      vertex -2.93005 7.84734 7
    endloop
  endfacet
  facet normal 0 0 1
    outer loop
      vertex -2.63782 7.80193 7
      vertex -2.98 5.91266 7
      vertex -2.88159 5.89484 7
    endloop
  endfacet
  facet normal 0 0 1
    outer loop
      vertex -3.17761 5.94336 7
      vertex -2.93005 7.84734 7
      vertex -3.02922 7.86023 7
    endloop
  endfacet
  facet normal 0 0 1
    outer loop
      vertex -3.27678 5.95625 7
      vertex -3.02922 7.86023 7
      vertex -3.0614 7.86414 7
    endloop
  endfacet
  facet normal 0 0 1
    outer loop
      vertex -2.76811 7.82355 7
      vertex -3.07867 5.92883 7
      vertex -2.98 5.91266 7
    endloop
  endfacet
  facet normal 0 0 1
    outer loop
      vertex -3.27678 5.95625 7
      vertex -3.0614 7.86414 7
      vertex -3.16075 7.87535 7
    endloop
  endfacet
  facet normal 0 0 1
    outer loop
      vertex -2.8987 7.84299 7
      vertex -3.17761 5.94336 7
      vertex -3.07867 5.92883 7
    endloop
  endfacet
  facet normal 0 0 1
    outer loop
      vertex -3.37613 5.96747 7
      vertex -3.16075 7.87535 7
      vertex -3.19244 7.87866 7
    endloop
  endfacet
  facet normal 0 0 1
    outer loop
      vertex -3.02922 7.86023 7
      vertex -3.27678 5.95625 7
      vertex -3.17761 5.94336 7
    endloop
  endfacet
  facet normal 0 0 1
    outer loop
      vertex -3.37613 5.96747 7
      vertex -3.19244 7.87866 7
      vertex -3.29199 7.88823 7
    endloop
  endfacet
  facet normal 0 0 1
    outer loop
      vertex -3.47568 5.97704 7
      vertex -3.29199 7.88823 7
      vertex -3.32362 7.89101 7
    endloop
  endfacet
  facet normal 0 0 1
    outer loop
      vertex -3.16075 7.87535 7
      vertex -3.37613 5.96747 7
      vertex -3.27678 5.95625 7
    endloop
  endfacet
  facet normal 0 0 1
    outer loop
      vertex -3.47568 5.97704 7
      vertex -3.32362 7.89101 7
      vertex -3.42331 7.89893 7
    endloop
  endfacet
  facet normal 0 0 1
    outer loop
      vertex -3.57536 5.98495 7
      vertex -3.42331 7.89893 7
      vertex -3.45552 7.90121 7
    endloop
  endfacet
  facet normal 0 0 1
    outer loop
      vertex -3.29199 7.88823 7
      vertex -3.47568 5.97704 7
      vertex -3.37613 5.96747 7
    endloop
  endfacet
  facet normal 0 0 1
    outer loop
      vertex -3.57536 5.98495 7
      vertex -3.45552 7.90121 7
      vertex -3.55531 7.90746 7
    endloop
  endfacet
  facet normal 0 0 1
    outer loop
      vertex -3.42331 7.89893 7
      vertex -3.57536 5.98495 7
      vertex -3.47568 5.97704 7
    endloop
  endfacet
  facet normal 0 0 1
    outer loop
      vertex -3.67516 5.9912 7
      vertex -3.55531 7.90746 7
      vertex -3.58727 7.90918 7
    endloop
  endfacet
  facet normal 0 0 1
    outer loop
      vertex -3.55531 7.90746 7
      vertex -3.67516 5.9912 7
      vertex -3.57536 5.98495 7
    endloop
  endfacet
  facet normal 0 0 1
    outer loop
      vertex -3.68716 7.91376 7
      vertex -3.67516 5.9912 7
      vertex -3.58727 7.90918 7
    endloop
  endfacet
  facet normal 0 0 1
    outer loop
      vertex -3.77505 5.99577 7
      vertex -3.68716 7.91376 7
      vertex -3.71909 7.91496 7
    endloop
  endfacet
  facet normal 0 0 1
    outer loop
      vertex -3.68716 7.91376 7
      vertex -3.77505 5.99577 7
      vertex -3.67516 5.9912 7
    endloop
  endfacet
  facet normal 0 0 1
    outer loop
      vertex -3.81903 7.91788 7
      vertex -3.77505 5.99577 7
      vertex -3.71909 7.91496 7
    endloop
  endfacet
  facet normal 0 0 1
    outer loop
      vertex -3.875 5.99869 7
      vertex -3.81903 7.91788 7
      vertex -3.85098 7.91853 7
    endloop
  endfacet
  facet normal 0 0 1
    outer loop
      vertex -3.81903 7.91788 7
      vertex -3.875 5.99869 7
      vertex -3.77505 5.99577 7
    endloop
  endfacet
  facet normal 0 0 1
    outer loop
      vertex -3.95097 7.91978 7
      vertex -3.875 5.99869 7
      vertex -3.85098 7.91853 7
    endloop
  endfacet
  facet normal 0 0 1
    outer loop
      vertex -3.97499 5.99994 7
      vertex -3.95097 7.91978 7
      vertex -3.97499 7.91994 7
    endloop
  endfacet
  facet normal 0 0 1
    outer loop
      vertex -3.95097 7.91978 7
      vertex -3.97499 5.99994 7
      vertex -3.875 5.99869 7
    endloop
  endfacet
  facet normal -0 0 1
    outer loop
      vertex -5.28 7.91994 7
      vertex -3.97499 5.99994 7
      vertex -3.97499 7.91994 7
    endloop
  endfacet
  facet normal 0 0 1
    outer loop
      vertex -5.10704 14.5858 7
      vertex -6.72008 15.6276 7
      vertex -5.1261 14.5551 7
    endloop
  endfacet
  facet normal -0 0 1
    outer loop
      vertex -6.77278 15.543 7
      vertex -5.1261 14.5551 7
      vertex -6.72008 15.6276 7
    endloop
  endfacet
  facet normal 0 0 1
    outer loop
      vertex -5.1261 14.5551 7
      vertex -6.77278 15.543 7
      vertex -5.14381 14.5244 7
    endloop
  endfacet
  facet normal -0 0 1
    outer loop
      vertex -6.82265 15.4566 7
      vertex -5.14381 14.5244 7
      vertex -6.77278 15.543 7
    endloop
  endfacet
  facet normal 0 0 1
    outer loop
      vertex -5.14381 14.5244 7
      vertex -6.82265 15.4566 7
      vertex -5.16093 14.4924 7
    endloop
  endfacet
  facet normal -0 0 1
    outer loop
      vertex -6.86961 15.3686 7
      vertex -5.16093 14.4924 7
      vertex -6.82265 15.4566 7
    endloop
  endfacet
  facet normal 0 0 1
    outer loop
      vertex -5.16093 14.4924 7
      vertex -6.86961 15.3686 7
      vertex -5.17656 14.4606 7
    endloop
  endfacet
  facet normal -0 0 1
    outer loop
      vertex -6.91364 15.2791 7
      vertex -5.17656 14.4606 7
      vertex -6.86961 15.3686 7
    endloop
  endfacet
  facet normal 0 0 1
    outer loop
      vertex -5.17656 14.4606 7
      vertex -6.91364 15.2791 7
      vertex -5.1915 14.4275 7
    endloop
  endfacet
  facet normal -0 0 1
    outer loop
      vertex -6.95465 15.1882 7
      vertex -5.1915 14.4275 7
      vertex -6.91364 15.2791 7
    endloop
  endfacet
  facet normal 0 0 1
    outer loop
      vertex -5.1915 14.4275 7
      vertex -6.95465 15.1882 7
      vertex -5.20506 14.3946 7
    endloop
  endfacet
  facet normal -0 0 1
    outer loop
      vertex -6.99261 15.096 7
      vertex -5.20506 14.3946 7
      vertex -6.95465 15.1882 7
    endloop
  endfacet
  facet normal 0 0 1
    outer loop
      vertex -5.20506 14.3946 7
      vertex -6.99261 15.096 7
      vertex -5.2177 14.3607 7
    endloop
  endfacet
  facet normal -0 0 1
    outer loop
      vertex -7.02751 15.0026 7
      vertex -5.2177 14.3607 7
      vertex -6.99261 15.096 7
    endloop
  endfacet
  facet normal 0 0 1
    outer loop
      vertex -5.2177 14.3607 7
      vertex -7.02751 15.0026 7
      vertex -5.22913 14.3267 7
    endloop
  endfacet
  facet normal -0 0 1
    outer loop
      vertex -7.05927 14.9081 7
      vertex -5.22913 14.3267 7
      vertex -7.02751 15.0026 7
    endloop
  endfacet
  facet normal 0 0 1
    outer loop
      vertex -5.22913 14.3267 7
      vertex -7.05927 14.9081 7
      vertex -5.23936 14.2925 7
    endloop
  endfacet
  facet normal -0 0 1
    outer loop
      vertex -7.08788 14.8125 7
      vertex -5.23936 14.2925 7
      vertex -7.05927 14.9081 7
    endloop
  endfacet
  facet normal 0 0 1
    outer loop
      vertex -5.23936 14.2925 7
      vertex -7.08788 14.8125 7
      vertex -5.24844 14.258 7
    endloop
  endfacet
  facet normal -0 0 1
    outer loop
      vertex -7.11328 14.7161 7
      vertex -5.24844 14.258 7
      vertex -7.08788 14.8125 7
    endloop
  endfacet
  facet normal 0 0 1
    outer loop
      vertex -5.24844 14.258 7
      vertex -7.11328 14.7161 7
      vertex -5.2565 14.2227 7
    endloop
  endfacet
  facet normal -0 0 1
    outer loop
      vertex -7.13547 14.6189 7
      vertex -5.2565 14.2227 7
      vertex -7.11328 14.7161 7
    endloop
  endfacet
  facet normal 0 0 1
    outer loop
      vertex -5.2565 14.2227 7
      vertex -7.13547 14.6189 7
      vertex -5.26337 14.1873 7
    endloop
  endfacet
  facet normal -0 0 1
    outer loop
      vertex -7.15442 14.521 7
      vertex -5.26337 14.1873 7
      vertex -7.13547 14.6189 7
    endloop
  endfacet
  facet normal 0 0 1
    outer loop
      vertex -5.26337 14.1873 7
      vertex -7.15442 14.521 7
      vertex -5.26897 14.1521 7
    endloop
  endfacet
  facet normal -0 0 1
    outer loop
      vertex -7.1701 14.4225 7
      vertex -5.26897 14.1521 7
      vertex -7.15442 14.521 7
    endloop
  endfacet
  facet normal 0 0 1
    outer loop
      vertex -5.26897 14.1521 7
      vertex -7.1701 14.4225 7
      vertex -5.27344 14.1165 7
    endloop
  endfacet
  facet normal -0 0 1
    outer loop
      vertex -7.18251 14.3235 7
      vertex -5.27344 14.1165 7
      vertex -7.1701 14.4225 7
    endloop
  endfacet
  facet normal 0 0 1
    outer loop
      vertex -5.27344 14.1165 7
      vertex -7.18251 14.3235 7
      vertex -5.27672 14.0806 7
    endloop
  endfacet
  facet normal -0 0 1
    outer loop
      vertex -7.1916 14.2242 7
      vertex -5.27672 14.0806 7
      vertex -7.18251 14.3235 7
    endloop
  endfacet
  facet normal 0 0 1
    outer loop
      vertex -5.27672 14.0806 7
      vertex -7.1916 14.2242 7
      vertex -5.27856 14.049 7
    endloop
  endfacet
  facet normal -0 0 1
    outer loop
      vertex -7.1974 14.1246 7
      vertex -5.27856 14.049 7
      vertex -7.1916 14.2242 7
    endloop
  endfacet
  facet normal 0 0 1
    outer loop
      vertex -5.27856 14.049 7
      vertex -7.1974 14.1246 7
      vertex -5.28 13.9798 7
    endloop
  endfacet
  facet normal 0 0 1
    outer loop
      vertex -5.28 13.9798 7
      vertex -7.1974 14.1246 7
      vertex -7.2 14 7
    endloop
  endfacet
  facet normal 0 0 1
    outer loop
      vertex -5.28 13.9798 7
      vertex -7.2 14 7
      vertex -5.28 7.91994 7
    endloop
  endfacet
  facet normal 0 0 1
    outer loop
      vertex -5.28 7.91994 7
      vertex -7.2 5.99994 7
      vertex -3.97499 5.99994 7
    endloop
  endfacet
  facet normal 0 0 1
    outer loop
      vertex -7.2 5.99994 7
      vertex -5.28 7.91994 7
      vertex -7.2 14 7
    endloop
  endfacet
  facet normal 0 0 1
    outer loop
      vertex 3.06592 -3.57745 7
      vertex 1.35846 -2.6994 7
      vertex 3.02019 -3.66638 7
    endloop
  endfacet
  facet normal -0 0 1
    outer loop
      vertex 1.31273 -2.78833 7
      vertex 3.02019 -3.66638 7
      vertex 1.35846 -2.6994 7
    endloop
  endfacet
  facet normal 0 0 1
    outer loop
      vertex 3.02019 -3.66638 7
      vertex 1.31273 -2.78833 7
      vertex 3.00526 -3.69481 7
    endloop
  endfacet
  facet normal 0 0 1
    outer loop
      vertex 3.00526 -3.69481 7
      vertex 1.31273 -2.78833 7
      vertex 2.95805 -3.78296 7
    endloop
  endfacet
  facet normal -0 0 1
    outer loop
      vertex 1.26552 -2.87648 7
      vertex 2.95805 -3.78296 7
      vertex 1.31273 -2.78833 7
    endloop
  endfacet
  facet normal 0 0 1
    outer loop
      vertex 2.95805 -3.78296 7
      vertex 1.26552 -2.87648 7
      vertex 2.94286 -3.81081 7
    endloop
  endfacet
  facet normal 0 0 1
    outer loop
      vertex 2.94286 -3.81081 7
      vertex 1.26552 -2.87648 7
      vertex 2.8942 -3.89816 7
    endloop
  endfacet
  facet normal -0 0 1
    outer loop
      vertex 1.21686 -2.96384 7
      vertex 2.8942 -3.89816 7
      vertex 1.26552 -2.87648 7
    endloop
  endfacet
  facet normal 0 0 1
    outer loop
      vertex 2.8942 -3.89816 7
      vertex 1.21686 -2.96384 7
      vertex 2.87825 -3.92622 7
    endloop
  endfacet
  facet normal 0 0 1
    outer loop
      vertex 2.87825 -3.92622 7
      vertex 1.21686 -2.96384 7
      vertex 2.82812 -4.01276 7
    endloop
  endfacet
  facet normal -0 0 1
    outer loop
      vertex 1.16673 -3.05037 7
      vertex 2.82812 -4.01276 7
      vertex 1.21686 -2.96384 7
    endloop
  endfacet
  facet normal 0 0 1
    outer loop
      vertex 2.82812 -4.01276 7
      vertex 1.16673 -3.05037 7
      vertex 2.81183 -4.04036 7
    endloop
  endfacet
  facet normal 0 0 1
    outer loop
      vertex 2.81183 -4.04036 7
      vertex 1.16673 -3.05037 7
      vertex 2.76027 -4.12604 7
    endloop
  endfacet
  facet normal -0 0 1
    outer loop
      vertex 1.11517 -3.13605 7
      vertex 2.76027 -4.12604 7
      vertex 1.16673 -3.05037 7
    endloop
  endfacet
  facet normal 0 0 1
    outer loop
      vertex 2.76027 -4.12604 7
      vertex 1.11517 -3.13605 7
      vertex 2.7437 -4.15306 7
    endloop
  endfacet
  facet normal 0 0 1
    outer loop
      vertex 2.7437 -4.15306 7
      vertex 1.11517 -3.13605 7
      vertex 2.69073 -4.23787 7
    endloop
  endfacet
  facet normal -0 0 1
    outer loop
      vertex 1.06221 -3.22086 7
      vertex 2.69073 -4.23787 7
      vertex 1.11517 -3.13605 7
    endloop
  endfacet
  facet normal 0 0 1
    outer loop
      vertex 2.69073 -4.23787 7
      vertex 1.06221 -3.22086 7
      vertex 2.67349 -4.26497 7
    endloop
  endfacet
  facet normal 0 0 1
    outer loop
      vertex 2.67349 -4.26497 7
      vertex 1.06221 -3.22086 7
      vertex 2.61911 -4.34889 7
    endloop
  endfacet
  facet normal -0 0 1
    outer loop
      vertex 1.00783 -3.30478 7
      vertex 2.61911 -4.34889 7
      vertex 1.06221 -3.22086 7
    endloop
  endfacet
  facet normal 0 0 1
    outer loop
      vertex 2.61911 -4.34889 7
      vertex 1.00783 -3.30478 7
      vertex 2.60143 -4.37567 7
    endloop
  endfacet
  facet normal 0 0 1
    outer loop
      vertex 2.60143 -4.37567 7
      vertex 1.00783 -3.30478 7
      vertex 2.54565 -4.45866 7
    endloop
  endfacet
  facet normal -0 0 1
    outer loop
      vertex 0.952057 -3.38777 7
      vertex 2.54565 -4.45866 7
      vertex 1.00783 -3.30478 7
    endloop
  endfacet
  facet normal 0 0 1
    outer loop
      vertex 2.54565 -4.45866 7
      vertex 0.952057 -3.38777 7
      vertex 2.52768 -4.48495 7
    endloop
  endfacet
  facet normal 0 0 1
    outer loop
      vertex 2.52768 -4.48495 7
      vertex 0.952057 -3.38777 7
      vertex 2.47054 -4.56702 7
    endloop
  endfacet
  facet normal -0 0 1
    outer loop
      vertex 0.894913 -3.46983 7
      vertex 2.47054 -4.56702 7
      vertex 0.952057 -3.38777 7
    endloop
  endfacet
  facet normal 0 0 1
    outer loop
      vertex 2.47054 -4.56702 7
      vertex 0.894913 -3.46983 7
      vertex 2.45192 -4.59328 7
    endloop
  endfacet
  facet normal 0 0 1
    outer loop
      vertex 2.45192 -4.59328 7
      vertex 0.894913 -3.46983 7
      vertex 2.3934 -4.67438 7
    endloop
  endfacet
  facet normal -0 0 1
    outer loop
      vertex 0.836395 -3.55093 7
      vertex 2.3934 -4.67438 7
      vertex 0.894913 -3.46983 7
    endloop
  endfacet
  facet normal 0 0 1
    outer loop
      vertex 2.3934 -4.67438 7
      vertex 0.836395 -3.55093 7
      vertex 2.37457 -4.70003 7
    endloop
  endfacet
  facet normal 0 0 1
    outer loop
      vertex 2.37457 -4.70003 7
      vertex 0.836395 -3.55093 7
      vertex 2.31473 -4.78014 7
    endloop
  endfacet
  facet normal -0 0 1
    outer loop
      vertex 0.77655 -3.63104 7
      vertex 2.31473 -4.78014 7
      vertex 0.836395 -3.55093 7
    endloop
  endfacet
  facet normal 0 0 1
    outer loop
      vertex 2.31473 -4.78014 7
      vertex 0.77655 -3.63104 7
      vertex 2.29536 -4.8056 7
    endloop
  endfacet
  facet normal 0 0 1
    outer loop
      vertex 2.29536 -4.8056 7
      vertex 0.77655 -3.63104 7
      vertex 2.23419 -4.8847 7
    endloop
  endfacet
  facet normal -0 0 1
    outer loop
      vertex 0.715378 -3.71014 7
      vertex 2.23419 -4.8847 7
      vertex 0.77655 -3.63104 7
    endloop
  endfacet
  facet normal 0 0 1
    outer loop
      vertex 2.23419 -4.8847 7
      vertex 0.715378 -3.71014 7
      vertex 2.21432 -4.90996 7
    endloop
  endfacet
  facet normal 0 0 1
    outer loop
      vertex 2.21432 -4.90996 7
      vertex 0.715378 -3.71014 7
      vertex 2.15184 -4.98802 7
    endloop
  endfacet
  facet normal -0 0 1
    outer loop
      vertex 0.652893 -3.78821 7
      vertex 2.15184 -4.98802 7
      vertex 0.715378 -3.71014 7
    endloop
  endfacet
  facet normal 0 0 1
    outer loop
      vertex 2.15184 -4.98802 7
      vertex 0.652893 -3.78821 7
      vertex 2.13159 -5.01289 7
    endloop
  endfacet
  facet normal 0 0 1
    outer loop
      vertex 2.13159 -5.01289 7
      vertex 0.652893 -3.78821 7
      vertex 2.06781 -5.0899 7
    endloop
  endfacet
  facet normal -0 0 1
    outer loop
      vertex 0.589111 -3.86522 7
      vertex 2.06781 -5.0899 7
      vertex 0.652893 -3.78821 7
    endloop
  endfacet
  facet normal 0 0 1
    outer loop
      vertex 2.06781 -5.0899 7
      vertex 0.589111 -3.86522 7
      vertex 2.04732 -5.11423 7
    endloop
  endfacet
  facet normal 0 0 1
    outer loop
      vertex 2.04732 -5.11423 7
      vertex 0.589111 -3.86522 7
      vertex 1.98227 -5.19017 7
    endloop
  endfacet
  facet normal -0 0 1
    outer loop
      vertex 0.524063 -3.94116 7
      vertex 1.98227 -5.19017 7
      vertex 0.589111 -3.86522 7
    endloop
  endfacet
  facet normal 0 0 1
    outer loop
      vertex 1.98227 -5.19017 7
      vertex 0.524063 -3.94116 7
      vertex 1.96126 -5.21431 7
    endloop
  endfacet
  facet normal 0 0 1
    outer loop
      vertex 1.96126 -5.21431 7
      vertex 0.524063 -3.94116 7
      vertex 1.89494 -5.28917 7
    endloop
  endfacet
  facet normal -0 0 1
    outer loop
      vertex 0.457748 -4.01602 7
      vertex 1.89494 -5.28917 7
      vertex 0.524063 -3.94116 7
    endloop
  endfacet
  facet normal 0 0 1
    outer loop
      vertex 1.89494 -5.28917 7
      vertex 0.457748 -4.01602 7
      vertex 1.87343 -5.31303 7
    endloop
  endfacet
  facet normal 0 0 1
    outer loop
      vertex 1.87343 -5.31303 7
      vertex 0.457748 -4.01602 7
      vertex 1.80588 -5.38676 7
    endloop
  endfacet
  facet normal -0 0 1
    outer loop
      vertex 0.390198 -4.08975 7
      vertex 1.80588 -5.38676 7
      vertex 0.457748 -4.01602 7
    endloop
  endfacet
  facet normal 0 0 1
    outer loop
      vertex 1.80588 -5.38676 7
      vertex 0.390198 -4.08975 7
      vertex 1.78397 -5.41028 7
    endloop
  endfacet
  facet normal 0 0 1
    outer loop
      vertex 1.78397 -5.41028 7
      vertex 0.390198 -4.08975 7
      vertex 1.71519 -5.48286 7
    endloop
  endfacet
  facet normal -0 0 1
    outer loop
      vertex 0.321426 -4.16234 7
      vertex 1.71519 -5.48286 7
      vertex 0.390198 -4.08975 7
    endloop
  endfacet
  facet normal 0 0 1
    outer loop
      vertex 1.71519 -5.48286 7
      vertex 0.321426 -4.16234 7
      vertex 1.69321 -5.50569 7
    endloop
  endfacet
  facet normal 0 0 1
    outer loop
      vertex 1.69321 -5.50569 7
      vertex 0.321426 -4.16234 7
      vertex 1.62325 -5.57713 7
    endloop
  endfacet
  facet normal -0 0 1
    outer loop
      vertex 0.251465 -4.23378 7
      vertex 1.62325 -5.57713 7
      vertex 0.321426 -4.16234 7
    endloop
  endfacet
  facet normal 0 0 1
    outer loop
      vertex 1.62325 -5.57713 7
      vertex 0.251465 -4.23378 7
      vertex 1.60059 -5.5999 7
    endloop
  endfacet
  facet normal 0 0 1
    outer loop
      vertex 1.60059 -5.5999 7
      vertex 0.251465 -4.23378 7
      vertex 1.52943 -5.67017 7
    endloop
  endfacet
  facet normal -0 0 1
    outer loop
      vertex 0.180313 -4.30405 7
      vertex 1.52943 -5.67017 7
      vertex 0.251465 -4.23378 7
    endloop
  endfacet
  facet normal 0 0 1
    outer loop
      vertex 1.52943 -5.67017 7
      vertex 0.180313 -4.30405 7
      vertex 1.50655 -5.69238 7
    endloop
  endfacet
  facet normal 0 0 1
    outer loop
      vertex 1.50655 -5.69238 7
      vertex 0.180313 -4.30405 7
      vertex 1.43423 -5.76146 7
    endloop
  endfacet
  facet normal -0 0 1
    outer loop
      vertex 0.108002 -4.37312 7
      vertex 1.43423 -5.76146 7
      vertex 0.180313 -4.30405 7
    endloop
  endfacet
  facet normal 0 0 1
    outer loop
      vertex 1.43423 -5.76146 7
      vertex 0.108002 -4.37312 7
      vertex 1.41083 -5.78346 7
    endloop
  endfacet
  facet normal 0 0 1
    outer loop
      vertex 1.41083 -5.78346 7
      vertex 0.108002 -4.37312 7
      vertex 1.33737 -5.85132 7
    endloop
  endfacet
  facet normal -0 0 1
    outer loop
      vertex 0.0345459 -4.44098 7
      vertex 1.33737 -5.85132 7
      vertex 0.108002 -4.37312 7
    endloop
  endfacet
  facet normal 0 0 1
    outer loop
      vertex 1.33737 -5.85132 7
      vertex 0.0345459 -4.44098 7
      vertex 1.31387 -5.87267 7
    endloop
  endfacet
  facet normal 0 0 1
    outer loop
      vertex 1.31387 -5.87267 7
      vertex 0.0345459 -4.44098 7
      vertex 1.23932 -5.93929 7
    endloop
  endfacet
  facet normal -0 0 1
    outer loop
      vertex -0.0400085 -4.5076 7
      vertex 1.23932 -5.93929 7
      vertex 0.0345459 -4.44098 7
    endloop
  endfacet
  facet normal 0 0 1
    outer loop
      vertex 1.23932 -5.93929 7
      vertex -0.0400085 -4.5076 7
      vertex 1.21515 -5.96053 7
    endloop
  endfacet
  facet normal 0 0 1
    outer loop
      vertex 1.21515 -5.96053 7
      vertex -0.0400085 -4.5076 7
      vertex 1.13948 -6.02589 7
    endloop
  endfacet
  facet normal -0 0 1
    outer loop
      vertex -0.115677 -4.57297 7
      vertex 1.13948 -6.02589 7
      vertex -0.0400085 -4.5076 7
    endloop
  endfacet
  facet normal 0 0 1
    outer loop
      vertex 1.13948 -6.02589 7
      vertex -0.115677 -4.57297 7
      vertex 1.1151 -6.0466 7
    endloop
  endfacet
  facet normal 0 0 1
    outer loop
      vertex 1.1151 -6.0466 7
      vertex -0.115677 -4.57297 7
      vertex 1.03835 -6.1107 7
    endloop
  endfacet
  facet normal -0 0 1
    outer loop
      vertex -0.192429 -4.63707 7
      vertex 1.03835 -6.1107 7
      vertex -0.115677 -4.57297 7
    endloop
  endfacet
  facet normal 0 0 1
    outer loop
      vertex 1.03835 -6.1107 7
      vertex -0.192429 -4.63707 7
      vertex 1.01355 -6.13106 7
    endloop
  endfacet
  facet normal 0 0 1
    outer loop
      vertex 1.01355 -6.13106 7
      vertex -0.192429 -4.63707 7
      vertex 0.935745 -6.19386 7
    endloop
  endfacet
  facet normal -0 0 1
    outer loop
      vertex -0.270233 -4.69987 7
      vertex 0.935745 -6.19386 7
      vertex -0.192429 -4.63707 7
    endloop
  endfacet
  facet normal 0 0 1
    outer loop
      vertex 0.935745 -6.19386 7
      vertex -0.270233 -4.69987 7
      vertex 0.910767 -6.2137 7
    endloop
  endfacet
  facet normal 0 0 1
    outer loop
      vertex 0.910767 -6.2137 7
      vertex -0.270233 -4.69987 7
      vertex 0.831924 -6.27521 7
    endloop
  endfacet
  facet normal -0 0 1
    outer loop
      vertex -0.349075 -4.76138 7
      vertex 0.831924 -6.27521 7
      vertex -0.270233 -4.69987 7
    endloop
  endfacet
  facet normal 0 0 1
    outer loop
      vertex 0.831924 -6.27521 7
      vertex -0.349075 -4.76138 7
      vertex 0.806396 -6.29478 7
    endloop
  endfacet
  facet normal 0 0 1
    outer loop
      vertex 0.806396 -6.29478 7
      vertex -0.349075 -4.76138 7
      vertex 0.726532 -6.35497 7
    endloop
  endfacet
  facet normal -0 0 1
    outer loop
      vertex -0.42894 -4.82156 7
      vertex 0.726532 -6.35497 7
      vertex -0.349075 -4.76138 7
    endloop
  endfacet
  facet normal 0 0 1
    outer loop
      vertex 0.726532 -6.35497 7
      vertex -0.42894 -4.82156 7
      vertex 0.700912 -6.37393 7
    endloop
  endfacet
  facet normal 0 0 1
    outer loop
      vertex 0.700912 -6.37393 7
      vertex -0.42894 -4.82156 7
      vertex 0.620071 -6.43277 7
    endloop
  endfacet
  facet normal -0 0 1
    outer loop
      vertex -0.509781 -4.8804 7
      vertex 0.620071 -6.43277 7
      vertex -0.42894 -4.82156 7
    endloop
  endfacet
  facet normal 0 0 1
    outer loop
      vertex 0.620071 -6.43277 7
      vertex -0.509781 -4.8804 7
      vertex 0.594131 -6.45131 7
    endloop
  endfacet
  facet normal 0 0 1
    outer loop
      vertex 0.594131 -6.45131 7
      vertex -0.509781 -4.8804 7
      vertex 0.512314 -6.5088 7
    endloop
  endfacet
  facet normal -0 0 1
    outer loop
      vertex -0.591599 -4.9379 7
      vertex 0.512314 -6.5088 7
      vertex -0.509781 -4.8804 7
    endloop
  endfacet
  facet normal 0 0 1
    outer loop
      vertex 0.512314 -6.5088 7
      vertex -0.591599 -4.9379 7
      vertex 0.48584 -6.5271 7
    endloop
  endfacet
  facet normal 0 0 1
    outer loop
      vertex 0.48584 -6.5271 7
      vertex -0.591599 -4.9379 7
      vertex 0.403061 -6.58322 7
    endloop
  endfacet
  facet normal -0 0 1
    outer loop
      vertex -0.674377 -4.99402 7
      vertex 0.403061 -6.58322 7
      vertex -0.591599 -4.9379 7
    endloop
  endfacet
  facet normal 0 0 1
    outer loop
      vertex 0.403061 -6.58322 7
      vertex -0.674377 -4.99402 7
      vertex 0.376404 -6.60095 7
    endloop
  endfacet
  facet normal 0 0 1
    outer loop
      vertex 0.376404 -6.60095 7
      vertex -0.674377 -4.99402 7
      vertex 0.292725 -6.65567 7
    endloop
  endfacet
  facet normal -0 0 1
    outer loop
      vertex -0.758057 -5.04874 7
      vertex 0.292725 -6.65567 7
      vertex -0.674377 -4.99402 7
    endloop
  endfacet
  facet normal 0 0 1
    outer loop
      vertex 0.292725 -6.65567 7
      vertex -0.758057 -5.04874 7
      vertex 0.265854 -6.67293 7
    endloop
  endfacet
  facet normal 0 0 1
    outer loop
      vertex 0.265854 -6.67293 7
      vertex -0.758057 -5.04874 7
      vertex 0.181259 -6.72626 7
    endloop
  endfacet
  facet normal -0 0 1
    outer loop
      vertex -0.842651 -5.10207 7
      vertex 0.181259 -6.72626 7
      vertex -0.758057 -5.04874 7
    endloop
  endfacet
  facet normal 0 0 1
    outer loop
      vertex 0.181259 -6.72626 7
      vertex -0.842651 -5.10207 7
      vertex 0.154083 -6.74307 7
    endloop
  endfacet
  facet normal 0 0 1
    outer loop
      vertex 0.154083 -6.74307 7
      vertex -0.842651 -5.10207 7
      vertex 0.0686188 -6.79498 7
    endloop
  endfacet
  facet normal -0 0 1
    outer loop
      vertex -0.928116 -5.15398 7
      vertex 0.0686188 -6.79498 7
      vertex -0.842651 -5.10207 7
    endloop
  endfacet
  facet normal 0 0 1
    outer loop
      vertex 0.0686188 -6.79498 7
      vertex -0.928116 -5.15398 7
      vertex 0.0410767 -6.8114 7
    endloop
  endfacet
  facet normal 0 0 1
    outer loop
      vertex 0.0410767 -6.8114 7
      vertex -0.928116 -5.15398 7
      vertex -0.0452423 -6.86188 7
    endloop
  endfacet
  facet normal -0 0 1
    outer loop
      vertex -1.01443 -5.20445 7
      vertex -0.0452423 -6.86188 7
      vertex -0.928116 -5.15398 7
    endloop
  endfacet
  facet normal 0 0 1
    outer loop
      vertex -0.0452423 -6.86188 7
      vertex -1.01443 -5.20445 7
      vertex -0.0729065 -6.87775 7
    endloop
  endfacet
  facet normal 0 0 1
    outer loop
      vertex -0.0729065 -6.87775 7
      vertex -1.01443 -5.20445 7
      vertex -0.160065 -6.92679 7
    endloop
  endfacet
  facet normal -0 0 1
    outer loop
      vertex -1.10159 -5.25349 7
      vertex -0.160065 -6.92679 7
      vertex -1.01443 -5.20445 7
    endloop
  endfacet
  facet normal 0 0 1
    outer loop
      vertex -0.160065 -6.92679 7
      vertex -1.10159 -5.25349 7
      vertex -0.18808 -6.94225 7
    endloop
  endfacet
  facet normal 0 0 1
    outer loop
      vertex -0.18808 -6.94225 7
      vertex -1.10159 -5.25349 7
      vertex -0.276031 -6.98982 7
    endloop
  endfacet
  facet normal -0 0 1
    outer loop
      vertex -1.18954 -5.30107 7
      vertex -0.276031 -6.98982 7
      vertex -1.10159 -5.25349 7
    endloop
  endfacet
  facet normal 0 0 1
    outer loop
      vertex -0.276031 -6.98982 7
      vertex -1.18954 -5.30107 7
      vertex -0.304398 -7.00487 7
    endloop
  endfacet
  facet normal 0 0 1
    outer loop
      vertex -0.304398 -7.00487 7
      vertex -1.18954 -5.30107 7
      vertex -0.393127 -7.05096 7
    endloop
  endfacet
  facet normal -0 0 1
    outer loop
      vertex -1.27827 -5.34717 7
      vertex -0.393127 -7.05096 7
      vertex -1.18954 -5.30107 7
    endloop
  endfacet
  facet normal 0 0 1
    outer loop
      vertex -0.393127 -7.05096 7
      vertex -1.27827 -5.34717 7
      vertex -0.421616 -7.06546 7
    endloop
  endfacet
  facet normal 0 0 1
    outer loop
      vertex -0.421616 -7.06546 7
      vertex -1.27827 -5.34717 7
      vertex -0.511108 -7.11008 7
    endloop
  endfacet
  facet normal -0 0 1
    outer loop
      vertex -1.36777 -5.39178 7
      vertex -0.511108 -7.11008 7
      vertex -1.27827 -5.34717 7
    endloop
  endfacet
  facet normal 0 0 1
    outer loop
      vertex -0.511108 -7.11008 7
      vertex -1.36777 -5.39178 7
      vertex -0.539841 -7.1241 7
    endloop
  endfacet
  facet normal 0 0 1
    outer loop
      vertex -0.539841 -7.1241 7
      vertex -1.36777 -5.39178 7
      vertex -0.630066 -7.16722 7
    endloop
  endfacet
  facet normal -0 0 1
    outer loop
      vertex -1.45799 -5.43491 7
      vertex -0.630066 -7.16722 7
      vertex -1.36777 -5.39178 7
    endloop
  endfacet
  facet normal 0 0 1
    outer loop
      vertex -0.630066 -7.16722 7
      vertex -1.45799 -5.43491 7
      vertex -0.659027 -7.18077 7
    endloop
  endfacet
  facet normal 0 0 1
    outer loop
      vertex -0.659027 -7.18077 7
      vertex -1.45799 -5.43491 7
      vertex -0.749954 -7.22238 7
    endloop
  endfacet
  facet normal -0 0 1
    outer loop
      vertex -1.54892 -5.47652 7
      vertex -0.749954 -7.22238 7
      vertex -1.45799 -5.43491 7
    endloop
  endfacet
  facet normal 0 0 1
    outer loop
      vertex -0.749954 -7.22238 7
      vertex -1.54892 -5.47652 7
      vertex -0.779282 -7.23552 7
    endloop
  endfacet
  facet normal 0 0 1
    outer loop
      vertex -0.779282 -7.23552 7
      vertex -1.54892 -5.47652 7
      vertex -0.870895 -7.2756 7
    endloop
  endfacet
  facet normal -0 0 1
    outer loop
      vertex -1.64053 -5.5166 7
      vertex -0.870895 -7.2756 7
      vertex -1.54892 -5.47652 7
    endloop
  endfacet
  facet normal 0 0 1
    outer loop
      vertex -0.870895 -7.2756 7
      vertex -1.64053 -5.5166 7
      vertex -0.900116 -7.28809 7
    endloop
  endfacet
  facet normal 0 0 1
    outer loop
      vertex -0.900116 -7.28809 7
      vertex -1.64053 -5.5166 7
      vertex -0.992371 -7.32664 7
    endloop
  endfacet
  facet normal -0 0 1
    outer loop
      vertex -1.73279 -5.55516 7
      vertex -0.992371 -7.32664 7
      vertex -1.64053 -5.5166 7
    endloop
  endfacet
  facet normal 0 0 1
    outer loop
      vertex -0.992371 -7.32664 7
      vertex -1.73279 -5.55516 7
      vertex -1.02229 -7.33887 7
    endloop
  endfacet
  facet normal 0 0 1
    outer loop
      vertex -1.02229 -7.33887 7
      vertex -1.73279 -5.55516 7
      vertex -1.11519 -7.37587 7
    endloop
  endfacet
  facet normal -0 0 1
    outer loop
      vertex -1.82568 -5.59216 7
      vertex -1.11519 -7.37587 7
      vertex -1.73279 -5.55516 7
    endloop
  endfacet
  facet normal 0 0 1
    outer loop
      vertex -1.11519 -7.37587 7
      vertex -1.82568 -5.59216 7
      vertex -1.14485 -7.38741 7
    endloop
  endfacet
  facet normal 0 0 1
    outer loop
      vertex -1.14485 -7.38741 7
      vertex -1.82568 -5.59216 7
      vertex -1.23836 -7.42287 7
    endloop
  endfacet
  facet normal -0 0 1
    outer loop
      vertex -1.91919 -5.62762 7
      vertex -1.23836 -7.42287 7
      vertex -1.82568 -5.59216 7
    endloop
  endfacet
  facet normal 0 0 1
    outer loop
      vertex -1.23836 -7.42287 7
      vertex -1.91919 -5.62762 7
      vertex -1.26843 -7.43398 7
    endloop
  endfacet
  facet normal 0 0 1
    outer loop
      vertex -1.26843 -7.43398 7
      vertex -1.91919 -5.62762 7
      vertex -1.3625 -7.46786 7
    endloop
  endfacet
  facet normal -0 0 1
    outer loop
      vertex -2.01326 -5.66151 7
      vertex -1.3625 -7.46786 7
      vertex -1.91919 -5.62762 7
    endloop
  endfacet
  facet normal 0 0 1
    outer loop
      vertex -1.3625 -7.46786 7
      vertex -2.01326 -5.66151 7
      vertex -1.3925 -7.47839 7
    endloop
  endfacet
  facet normal 0 0 1
    outer loop
      vertex -1.3925 -7.47839 7
      vertex -2.01326 -5.66151 7
      vertex -1.48714 -7.51073 7
    endloop
  endfacet
  facet normal -0 0 1
    outer loop
      vertex -2.10789 -5.69385 7
      vertex -1.48714 -7.51073 7
      vertex -2.01326 -5.66151 7
    endloop
  endfacet
  facet normal 0 0 1
    outer loop
      vertex -1.48714 -7.51073 7
      vertex -2.10789 -5.69385 7
      vertex -1.51782 -7.52092 7
    endloop
  endfacet
  facet normal 0 0 1
    outer loop
      vertex -1.51782 -7.52092 7
      vertex -2.10789 -5.69385 7
      vertex -1.61298 -7.55165 7
    endloop
  endfacet
  facet normal -0 0 1
    outer loop
      vertex -2.20305 -5.72458 7
      vertex -1.61298 -7.55165 7
      vertex -2.10789 -5.69385 7
    endloop
  endfacet
  facet normal 0 0 1
    outer loop
      vertex -1.61298 -7.55165 7
      vertex -2.20305 -5.72458 7
      vertex -1.64313 -7.56113 7
    endloop
  endfacet
  facet normal 0 0 1
    outer loop
      vertex -1.64313 -7.56113 7
      vertex -2.20305 -5.72458 7
      vertex -1.73877 -7.59029 7
    endloop
  endfacet
  facet normal -0 0 1
    outer loop
      vertex -2.29869 -5.75374 7
      vertex -1.73877 -7.59029 7
      vertex -2.20305 -5.72458 7
    endloop
  endfacet
  facet normal 0 0 1
    outer loop
      vertex -1.73877 -7.59029 7
      vertex -2.29869 -5.75374 7
      vertex -1.76961 -7.5994 7
    endloop
  endfacet
  facet normal 0 0 1
    outer loop
      vertex -1.76961 -7.5994 7
      vertex -2.29869 -5.75374 7
      vertex -1.86574 -7.62695 7
    endloop
  endfacet
  facet normal -0 0 1
    outer loop
      vertex -2.39482 -5.7813 7
      vertex -1.86574 -7.62695 7
      vertex -2.29869 -5.75374 7
    endloop
  endfacet
  facet normal 0 0 1
    outer loop
      vertex -1.86574 -7.62695 7
      vertex -2.39482 -5.7813 7
      vertex -1.89676 -7.63557 7
    endloop
  endfacet
  facet normal 0 0 1
    outer loop
      vertex -1.89676 -7.63557 7
      vertex -2.39482 -5.7813 7
      vertex -1.99333 -7.66151 7
    endloop
  endfacet
  facet normal -0 0 1
    outer loop
      vertex -2.49139 -5.80724 7
      vertex -1.99333 -7.66151 7
      vertex -2.39482 -5.7813 7
    endloop
  endfacet
  facet normal 0 0 1
    outer loop
      vertex -1.99333 -7.66151 7
      vertex -2.49139 -5.80724 7
      vertex -2.02408 -7.66949 7
    endloop
  endfacet
  facet normal 0 0 1
    outer loop
      vertex -2.02408 -7.66949 7
      vertex -2.49139 -5.80724 7
      vertex -2.12106 -7.69383 7
    endloop
  endfacet
  facet normal -0 0 1
    outer loop
      vertex -2.58838 -5.83157 7
      vertex -2.12106 -7.69383 7
      vertex -2.49139 -5.80724 7
    endloop
  endfacet
  facet normal 0 0 1
    outer loop
      vertex -2.12106 -7.69383 7
      vertex -2.58838 -5.83157 7
      vertex -2.15213 -7.70135 7
    endloop
  endfacet
  facet normal 0 0 1
    outer loop
      vertex -2.15213 -7.70135 7
      vertex -2.58838 -5.83157 7
      vertex -2.24951 -7.72408 7
    endloop
  endfacet
  facet normal -0 0 1
    outer loop
      vertex -2.68576 -5.85429 7
      vertex -2.24951 -7.72408 7
      vertex -2.58838 -5.83157 7
    endloop
  endfacet
  facet normal 0 0 1
    outer loop
      vertex -2.24951 -7.72408 7
      vertex -2.68576 -5.85429 7
      vertex -2.28087 -7.73111 7
    endloop
  endfacet
  facet normal 0 0 1
    outer loop
      vertex -2.28087 -7.73111 7
      vertex -2.68576 -5.85429 7
      vertex -2.37862 -7.7522 7
    endloop
  endfacet
  facet normal -0 0 1
    outer loop
      vertex -2.78351 -5.87538 7
      vertex -2.37862 -7.7522 7
      vertex -2.68576 -5.85429 7
    endloop
  endfacet
  facet normal 0 0 1
    outer loop
      vertex -2.37862 -7.7522 7
      vertex -2.78351 -5.87538 7
      vertex -2.40996 -7.7587 7
    endloop
  endfacet
  facet normal 0 0 1
    outer loop
      vertex -2.40996 -7.7587 7
      vertex -2.78351 -5.87538 7
      vertex -2.50804 -7.77815 7
    endloop
  endfacet
  facet normal -0 0 1
    outer loop
      vertex -2.88159 -5.89484 7
      vertex -2.50804 -7.77815 7
      vertex -2.78351 -5.87538 7
    endloop
  endfacet
  facet normal 0 0 1
    outer loop
      vertex -2.50804 -7.77815 7
      vertex -2.88159 -5.89484 7
      vertex -2.53941 -7.7841 7
    endloop
  endfacet
  facet normal 0 0 1
    outer loop
      vertex -2.53941 -7.7841 7
      vertex -2.88159 -5.89484 7
      vertex -2.63782 -7.80193 7
    endloop
  endfacet
  facet normal -0 0 1
    outer loop
      vertex -2.98 -5.91266 7
      vertex -2.63782 -7.80193 7
      vertex -2.88159 -5.89484 7
    endloop
  endfacet
  facet normal 0 0 1
    outer loop
      vertex -2.63782 -7.80193 7
      vertex -2.98 -5.91266 7
      vertex -2.66943 -7.80737 7
    endloop
  endfacet
  facet normal 0 0 1
    outer loop
      vertex -2.66943 -7.80737 7
      vertex -2.98 -5.91266 7
      vertex -2.76811 -7.82355 7
    endloop
  endfacet
  facet normal -0 0 1
    outer loop
      vertex -3.07867 -5.92883 7
      vertex -2.76811 -7.82355 7
      vertex -2.98 -5.91266 7
    endloop
  endfacet
  facet normal 0 0 1
    outer loop
      vertex -2.76811 -7.82355 7
      vertex -3.07867 -5.92883 7
      vertex -2.79976 -7.82846 7
    endloop
  endfacet
  facet normal 0 0 1
    outer loop
      vertex -2.79976 -7.82846 7
      vertex -3.07867 -5.92883 7
      vertex -2.8987 -7.84299 7
    endloop
  endfacet
  facet normal -0 0 1
    outer loop
      vertex -3.17761 -5.94336 7
      vertex -2.8987 -7.84299 7
      vertex -3.07867 -5.92883 7
    endloop
  endfacet
  facet normal 0 0 1
    outer loop
      vertex -2.8987 -7.84299 7
      vertex -3.17761 -5.94336 7
      vertex -2.93005 -7.84734 7
    endloop
  endfacet
  facet normal 0 0 1
    outer loop
      vertex -2.93005 -7.84734 7
      vertex -3.17761 -5.94336 7
      vertex -3.02922 -7.86023 7
    endloop
  endfacet
  facet normal -0 0 1
    outer loop
      vertex -3.27678 -5.95625 7
      vertex -3.02922 -7.86023 7
      vertex -3.17761 -5.94336 7
    endloop
  endfacet
  facet normal 0 0 1
    outer loop
      vertex -3.02922 -7.86023 7
      vertex -3.27678 -5.95625 7
      vertex -3.0614 -7.86414 7
    endloop
  endfacet
  facet normal 0 0 1
    outer loop
      vertex -3.0614 -7.86414 7
      vertex -3.27678 -5.95625 7
      vertex -3.16075 -7.87535 7
    endloop
  endfacet
  facet normal -0 0 1
    outer loop
      vertex -3.37613 -5.96747 7
      vertex -3.16075 -7.87535 7
      vertex -3.27678 -5.95625 7
    endloop
  endfacet
  facet normal 0 0 1
    outer loop
      vertex -3.16075 -7.87535 7
      vertex -3.37613 -5.96747 7
      vertex -3.19244 -7.87866 7
    endloop
  endfacet
  facet normal 0 0 1
    outer loop
      vertex -3.19244 -7.87866 7
      vertex -3.37613 -5.96747 7
      vertex -3.29199 -7.88823 7
    endloop
  endfacet
  facet normal -0 0 1
    outer loop
      vertex -3.47568 -5.97704 7
      vertex -3.29199 -7.88823 7
      vertex -3.37613 -5.96747 7
    endloop
  endfacet
  facet normal 0 0 1
    outer loop
      vertex -3.29199 -7.88823 7
      vertex -3.47568 -5.97704 7
      vertex -3.32362 -7.89101 7
    endloop
  endfacet
  facet normal 0 0 1
    outer loop
      vertex -3.32362 -7.89101 7
      vertex -3.47568 -5.97704 7
      vertex -3.42331 -7.89893 7
    endloop
  endfacet
  facet normal -0 0 1
    outer loop
      vertex -3.57536 -5.98495 7
      vertex -3.42331 -7.89893 7
      vertex -3.47568 -5.97704 7
    endloop
  endfacet
  facet normal 0 0 1
    outer loop
      vertex -3.42331 -7.89893 7
      vertex -3.57536 -5.98495 7
      vertex -3.45552 -7.90121 7
    endloop
  endfacet
  facet normal 0 0 1
    outer loop
      vertex -3.45552 -7.90121 7
      vertex -3.57536 -5.98495 7
      vertex -3.55531 -7.90746 7
    endloop
  endfacet
  facet normal -0 0 1
    outer loop
      vertex -3.67516 -5.9912 7
      vertex -3.55531 -7.90746 7
      vertex -3.57536 -5.98495 7
    endloop
  endfacet
  facet normal 0 0 1
    outer loop
      vertex -3.55531 -7.90746 7
      vertex -3.67516 -5.9912 7
      vertex -3.58727 -7.90918 7
    endloop
  endfacet
  facet normal 0 0 1
    outer loop
      vertex -3.67516 -5.9912 7
      vertex -3.68716 -7.91376 7
      vertex -3.58727 -7.90918 7
    endloop
  endfacet
  facet normal -0 0 1
    outer loop
      vertex -3.77505 -5.99577 7
      vertex -3.68716 -7.91376 7
      vertex -3.67516 -5.9912 7
    endloop
  endfacet
  facet normal 0 0 1
    outer loop
      vertex -3.68716 -7.91376 7
      vertex -3.77505 -5.99577 7
      vertex -3.71909 -7.91496 7
    endloop
  endfacet
  facet normal 0 0 1
    outer loop
      vertex -3.77505 -5.99577 7
      vertex -3.81903 -7.91788 7
      vertex -3.71909 -7.91496 7
    endloop
  endfacet
  facet normal -0 0 1
    outer loop
      vertex -3.875 -5.99869 7
      vertex -3.81903 -7.91788 7
      vertex -3.77505 -5.99577 7
    endloop
  endfacet
  facet normal 0 0 1
    outer loop
      vertex -3.81903 -7.91788 7
      vertex -3.875 -5.99869 7
      vertex -3.85098 -7.91853 7
    endloop
  endfacet
  facet normal 0 0 1
    outer loop
      vertex -3.875 -5.99869 7
      vertex -3.95097 -7.91978 7
      vertex -3.85098 -7.91853 7
    endloop
  endfacet
  facet normal -0 0 1
    outer loop
      vertex -3.97499 -5.99994 7
      vertex -3.95097 -7.91978 7
      vertex -3.875 -5.99869 7
    endloop
  endfacet
  facet normal 0 0 1
    outer loop
      vertex -3.97499 -5.99994 7
      vertex -3.97499 -7.91994 7
      vertex -3.95097 -7.91978 7
    endloop
  endfacet
  facet normal 0 0 1
    outer loop
      vertex -3.97499 -5.99994 7
      vertex -5.28 -7.91994 7
      vertex -3.97499 -7.91994 7
    endloop
  endfacet
  facet normal 0 0 1
    outer loop
      vertex -7.2 -14 7
      vertex -5.28 -13.9835 7
      vertex -5.28 -7.91994 7
    endloop
  endfacet
  facet normal 0 -0 1
    outer loop
      vertex -7.19833 -14.0997 7
      vertex -5.28 -13.9835 7
      vertex -7.2 -14 7
    endloop
  endfacet
  facet normal 0 0 1
    outer loop
      vertex -4.6275 -14.9915 7
      vertex -5.38823 -16.7547 7
      vertex -5.29602 -16.7926 7
    endloop
  endfacet
  facet normal 0 0 1
    outer loop
      vertex -4.66061 -14.9766 7
      vertex -5.47914 -16.7136 7
      vertex -5.38823 -16.7547 7
    endloop
  endfacet
  facet normal 0 0 1
    outer loop
      vertex -4.69237 -14.9609 7
      vertex -5.56863 -16.6696 7
      vertex -5.47914 -16.7136 7
    endloop
  endfacet
  facet normal 0 0 1
    outer loop
      vertex -4.72444 -14.9438 7
      vertex -5.6566 -16.6227 7
      vertex -5.56863 -16.6696 7
    endloop
  endfacet
  facet normal 0 0 1
    outer loop
      vertex -4.75514 -14.9261 7
      vertex -5.74298 -16.5728 7
      vertex -5.6566 -16.6227 7
    endloop
  endfacet
  facet normal 0 0 1
    outer loop
      vertex -4.78575 -14.907 7
      vertex -5.82764 -16.5201 7
      vertex -5.74298 -16.5728 7
    endloop
  endfacet
  facet normal 0 0 1
    outer loop
      vertex -4.8156 -14.8871 7
      vertex -5.91049 -16.4646 7
      vertex -5.82764 -16.5201 7
    endloop
  endfacet
  facet normal 0 0 1
    outer loop
      vertex -4.8448 -14.866 7
      vertex -5.99147 -16.4064 7
      vertex -5.91049 -16.4646 7
    endloop
  endfacet
  facet normal 0 0 1
    outer loop
      vertex -4.8734 -14.844 7
      vertex -6.07047 -16.3455 7
      vertex -5.99147 -16.4064 7
    endloop
  endfacet
  facet normal 0 0 1
    outer loop
      vertex -4.90094 -14.8213 7
      vertex -6.1474 -16.282 7
      vertex -6.07047 -16.3455 7
    endloop
  endfacet
  facet normal 0 0 1
    outer loop
      vertex -4.92783 -14.7976 7
      vertex -6.22217 -16.216 7
      vertex -6.1474 -16.282 7
    endloop
  endfacet
  facet normal 0 0 1
    outer loop
      vertex -4.95384 -14.773 7
      vertex -6.29471 -16.1476 7
      vertex -6.22217 -16.216 7
    endloop
  endfacet
  facet normal 0 0 1
    outer loop
      vertex -4.9791 -14.7475 7
      vertex -6.36493 -16.0768 7
      vertex -6.29471 -16.1476 7
    endloop
  endfacet
  facet normal 0 0 1
    outer loop
      vertex -5.00343 -14.7213 7
      vertex -6.43277 -16.0037 7
      vertex -6.36493 -16.0768 7
    endloop
  endfacet
  facet normal 0 0 1
    outer loop
      vertex -5.02719 -14.6939 7
      vertex -6.49812 -15.9284 7
      vertex -6.43277 -16.0037 7
    endloop
  endfacet
  facet normal 0 0 1
    outer loop
      vertex -5.04985 -14.666 7
      vertex -6.56096 -15.8509 7
      vertex -6.49812 -15.9284 7
    endloop
  endfacet
  facet normal 0 0 1
    outer loop
      vertex -5.07133 -14.6376 7
      vertex -6.62117 -15.7714 7
      vertex -6.56096 -15.8509 7
    endloop
  endfacet
  facet normal 0 0 1
    outer loop
      vertex -5.09213 -14.6082 7
      vertex -6.67871 -15.69 7
      vertex -6.62117 -15.7714 7
    endloop
  endfacet
  facet normal 0 0 1
    outer loop
      vertex -5.11197 -14.578 7
      vertex -6.73352 -15.6066 7
      vertex -6.67871 -15.69 7
    endloop
  endfacet
  facet normal 0 0 1
    outer loop
      vertex -5.13043 -14.5479 7
      vertex -6.78552 -15.5215 7
      vertex -6.73352 -15.6066 7
    endloop
  endfacet
  facet normal 0 0 1
    outer loop
      vertex -5.14821 -14.5164 7
      vertex -6.83466 -15.4348 7
      vertex -6.78552 -15.5215 7
    endloop
  endfacet
  facet normal 0 0 1
    outer loop
      vertex -5.16495 -14.4845 7
      vertex -6.88089 -15.3464 7
      vertex -6.83466 -15.4348 7
    endloop
  endfacet
  facet normal 0 0 1
    outer loop
      vertex -5.18042 -14.4523 7
      vertex -6.92416 -15.2565 7
      vertex -6.88089 -15.3464 7
    endloop
  endfacet
  facet normal 0 0 1
    outer loop
      vertex -5.19499 -14.4193 7
      vertex -6.96443 -15.1653 7
      vertex -6.92416 -15.2565 7
    endloop
  endfacet
  facet normal 0 0 1
    outer loop
      vertex -5.20822 -14.3864 7
      vertex -7.00163 -15.0728 7
      vertex -6.96443 -15.1653 7
    endloop
  endfacet
  facet normal 0 0 1
    outer loop
      vertex -5.2206 -14.3524 7
      vertex -7.03574 -14.9791 7
      vertex -7.00163 -15.0728 7
    endloop
  endfacet
  facet normal 0 0 1
    outer loop
      vertex -5.23181 -14.3181 7
      vertex -7.06671 -14.8843 7
      vertex -7.03574 -14.9791 7
    endloop
  endfacet
  facet normal 0 0 1
    outer loop
      vertex -5.24181 -14.2837 7
      vertex -7.09453 -14.7885 7
      vertex -7.06671 -14.8843 7
    endloop
  endfacet
  facet normal 0 0 1
    outer loop
      vertex -5.25066 -14.2489 7
      vertex -7.11913 -14.6918 7
      vertex -7.09453 -14.7885 7
    endloop
  endfacet
  facet normal 0 0 1
    outer loop
      vertex -5.25832 -14.214 7
      vertex -7.14052 -14.5944 7
      vertex -7.11913 -14.6918 7
    endloop
  endfacet
  facet normal 0 0 1
    outer loop
      vertex -5.26483 -14.1787 7
      vertex -7.15865 -14.4964 7
      vertex -7.14052 -14.5944 7
    endloop
  endfacet
  facet normal 0 0 1
    outer loop
      vertex -5.27016 -14.1434 7
      vertex -7.17351 -14.3978 7
      vertex -7.15865 -14.4964 7
    endloop
  endfacet
  facet normal 0 0 1
    outer loop
      vertex -5.2744 -14.1072 7
      vertex -7.18509 -14.2987 7
      vertex -7.17351 -14.3978 7
    endloop
  endfacet
  facet normal 0 0 1
    outer loop
      vertex -5.27736 -14.0716 7
      vertex -7.19337 -14.1993 7
      vertex -7.18509 -14.2987 7
    endloop
  endfacet
  facet normal -0 0 1
    outer loop
      vertex -7.2 -5.99994 7
      vertex -5.28 -7.91994 7
      vertex -3.97499 -5.99994 7
    endloop
  endfacet
  facet normal 0 0 1
    outer loop
      vertex -7.2 -14 7
      vertex -5.28 -7.91994 7
      vertex -7.2 -5.99994 7
    endloop
  endfacet
  facet normal 0 0 1
    outer loop
      vertex -5.27911 -14.0363 7
      vertex -7.19833 -14.0997 7
      vertex -7.19337 -14.1993 7
    endloop
  endfacet
  facet normal 0.0491324 -0.998792 0
    outer loop
      vertex 4.29971 -16.9983 2
      vertex 4.39932 -16.9934 7
      vertex 4.29971 -16.9983 7
    endloop
  endfacet
  facet normal 0.0491324 -0.998792 0
    outer loop
      vertex 4.39932 -16.9934 7
      vertex 4.29971 -16.9983 2
      vertex 4.39932 -16.9934 2
    endloop
  endfacet
  facet normal 0.083228 -0.996531 0
    outer loop
      vertex 4.39932 -16.9934 2
      vertex 4.4987 -16.9851 7
      vertex 4.39932 -16.9934 7
    endloop
  endfacet
  facet normal 0.083228 -0.996531 0
    outer loop
      vertex 4.4987 -16.9851 7
      vertex 4.39932 -16.9934 2
      vertex 4.4987 -16.9851 2
    endloop
  endfacet
  facet normal 0.116318 -0.993212 0
    outer loop
      vertex 4.4987 -16.9851 2
      vertex 4.59775 -16.9735 7
      vertex 4.4987 -16.9851 7
    endloop
  endfacet
  facet normal 0.116318 -0.993212 0
    outer loop
      vertex 4.59775 -16.9735 7
      vertex 4.4987 -16.9851 2
      vertex 4.59775 -16.9735 2
    endloop
  endfacet
  facet normal 0.14939 -0.988778 0
    outer loop
      vertex 4.59775 -16.9735 2
      vertex 4.69637 -16.9586 7
      vertex 4.59775 -16.9735 7
    endloop
  endfacet
  facet normal 0.14939 -0.988778 0
    outer loop
      vertex 4.69637 -16.9586 7
      vertex 4.59775 -16.9735 2
      vertex 4.69637 -16.9586 2
    endloop
  endfacet
  facet normal 0.181515 -0.983388 0
    outer loop
      vertex 4.69637 -16.9586 2
      vertex 4.79443 -16.9405 7
      vertex 4.69637 -16.9586 7
    endloop
  endfacet
  facet normal 0.181515 -0.983388 0
    outer loop
      vertex 4.79443 -16.9405 7
      vertex 4.69637 -16.9586 2
      vertex 4.79443 -16.9405 2
    endloop
  endfacet
  facet normal 0.214552 -0.976713 0
    outer loop
      vertex 4.79443 -16.9405 2
      vertex 4.89185 -16.9191 7
      vertex 4.79443 -16.9405 7
    endloop
  endfacet
  facet normal 0.214552 -0.976713 0
    outer loop
      vertex 4.89185 -16.9191 7
      vertex 4.79443 -16.9405 2
      vertex 4.89185 -16.9191 2
    endloop
  endfacet
  facet normal 0.246686 -0.969095 0
    outer loop
      vertex 4.89185 -16.9191 2
      vertex 4.98849 -16.8945 7
      vertex 4.89185 -16.9191 7
    endloop
  endfacet
  facet normal 0.246686 -0.969095 0
    outer loop
      vertex 4.98849 -16.8945 7
      vertex 4.89185 -16.9191 2
      vertex 4.98849 -16.8945 2
    endloop
  endfacet
  facet normal 0.278771 -0.960357 0
    outer loop
      vertex 4.98849 -16.8945 2
      vertex 5.08426 -16.8667 7
      vertex 4.98849 -16.8945 7
    endloop
  endfacet
  facet normal 0.278771 -0.960357 0
    outer loop
      vertex 5.08426 -16.8667 7
      vertex 4.98849 -16.8945 2
      vertex 5.08426 -16.8667 2
    endloop
  endfacet
  facet normal 0.310809 -0.950473 0
    outer loop
      vertex 5.08426 -16.8667 2
      vertex 5.17906 -16.8357 7
      vertex 5.08426 -16.8667 7
    endloop
  endfacet
  facet normal 0.310809 -0.950473 0
    outer loop
      vertex 5.17906 -16.8357 7
      vertex 5.08426 -16.8667 2
      vertex 5.17906 -16.8357 2
    endloop
  endfacet
  facet normal 0.341952 -0.939717 0
    outer loop
      vertex 5.17906 -16.8357 2
      vertex 5.27277 -16.8016 7
      vertex 5.17906 -16.8357 7
    endloop
  endfacet
  facet normal 0.341952 -0.939717 0
    outer loop
      vertex 5.27277 -16.8016 7
      vertex 5.17906 -16.8357 2
      vertex 5.27277 -16.8016 2
    endloop
  endfacet
  facet normal 0.373015 -0.927825 0
    outer loop
      vertex 5.27277 -16.8016 2
      vertex 5.3653 -16.7644 7
      vertex 5.27277 -16.8016 7
    endloop
  endfacet
  facet normal 0.373015 -0.927825 0
    outer loop
      vertex 5.3653 -16.7644 7
      vertex 5.27277 -16.8016 2
      vertex 5.3653 -16.7644 2
    endloop
  endfacet
  facet normal 0.403196 -0.915114 0
    outer loop
      vertex 5.3653 -16.7644 2
      vertex 5.45654 -16.7242 7
      vertex 5.3653 -16.7644 7
    endloop
  endfacet
  facet normal 0.403196 -0.915114 0
    outer loop
      vertex 5.45654 -16.7242 7
      vertex 5.3653 -16.7644 2
      vertex 5.45654 -16.7242 2
    endloop
  endfacet
  facet normal 0.434093 -0.900868 0
    outer loop
      vertex 5.45654 -16.7242 2
      vertex 5.5464 -16.6809 7
      vertex 5.45654 -16.7242 7
    endloop
  endfacet
  facet normal 0.434093 -0.900868 0
    outer loop
      vertex 5.5464 -16.6809 7
      vertex 5.45654 -16.7242 2
      vertex 5.5464 -16.6809 2
    endloop
  endfacet
  facet normal 0.463306 -0.886198 0
    outer loop
      vertex 5.5464 -16.6809 2
      vertex 5.63477 -16.6347 7
      vertex 5.5464 -16.6809 7
    endloop
  endfacet
  facet normal 0.463306 -0.886198 0
    outer loop
      vertex 5.63477 -16.6347 7
      vertex 5.5464 -16.6809 2
      vertex 5.63477 -16.6347 2
    endloop
  endfacet
  facet normal 0.493243 -0.869892 0
    outer loop
      vertex 5.63477 -16.6347 2
      vertex 5.72154 -16.5855 7
      vertex 5.63477 -16.6347 7
    endloop
  endfacet
  facet normal 0.493243 -0.869892 0
    outer loop
      vertex 5.72154 -16.5855 7
      vertex 5.63477 -16.6347 2
      vertex 5.72154 -16.5855 2
    endloop
  endfacet
  facet normal 0.521409 -0.853307 0
    outer loop
      vertex 5.72154 -16.5855 2
      vertex 5.80664 -16.5335 7
      vertex 5.72154 -16.5855 7
    endloop
  endfacet
  facet normal 0.521409 -0.853307 0
    outer loop
      vertex 5.80664 -16.5335 7
      vertex 5.72154 -16.5855 2
      vertex 5.80664 -16.5335 2
    endloop
  endfacet
  facet normal 0.549552 -0.835459 0
    outer loop
      vertex 5.80664 -16.5335 2
      vertex 5.88995 -16.4787 7
      vertex 5.80664 -16.5335 7
    endloop
  endfacet
  facet normal 0.549552 -0.835459 0
    outer loop
      vertex 5.88995 -16.4787 7
      vertex 5.80664 -16.5335 2
      vertex 5.88995 -16.4787 2
    endloop
  endfacet
  facet normal 0.576675 -0.816973 0
    outer loop
      vertex 5.88995 -16.4787 2
      vertex 5.97141 -16.4212 7
      vertex 5.88995 -16.4787 7
    endloop
  endfacet
  facet normal 0.576675 -0.816973 0
    outer loop
      vertex 5.97141 -16.4212 7
      vertex 5.88995 -16.4787 2
      vertex 5.97141 -16.4212 2
    endloop
  endfacet
  facet normal 0.603732 -0.797187 0
    outer loop
      vertex 5.97141 -16.4212 2
      vertex 6.0509 -16.361 7
      vertex 5.97141 -16.4212 7
    endloop
  endfacet
  facet normal 0.603732 -0.797187 0
    outer loop
      vertex 6.0509 -16.361 7
      vertex 5.97141 -16.4212 2
      vertex 6.0509 -16.361 2
    endloop
  endfacet
  facet normal 0.630374 -0.776292 0
    outer loop
      vertex 6.0509 -16.361 2
      vertex 6.12836 -16.2981 7
      vertex 6.0509 -16.361 7
    endloop
  endfacet
  facet normal 0.630374 -0.776292 0
    outer loop
      vertex 6.12836 -16.2981 7
      vertex 6.0509 -16.361 2
      vertex 6.12836 -16.2981 2
    endloop
  endfacet
  facet normal 0.65511 -0.755533 0
    outer loop
      vertex 6.12836 -16.2981 2
      vertex 6.20367 -16.2328 7
      vertex 6.12836 -16.2981 7
    endloop
  endfacet
  facet normal 0.65511 -0.755533 0
    outer loop
      vertex 6.20367 -16.2328 7
      vertex 6.12836 -16.2981 2
      vertex 6.20367 -16.2328 2
    endloop
  endfacet
  facet normal 0.680516 -0.732733 0
    outer loop
      vertex 6.20367 -16.2328 2
      vertex 6.27678 -16.1649 7
      vertex 6.20367 -16.2328 7
    endloop
  endfacet
  facet normal 0.680516 -0.732733 0
    outer loop
      vertex 6.27678 -16.1649 7
      vertex 6.20367 -16.2328 2
      vertex 6.27678 -16.1649 2
    endloop
  endfacet
  facet normal 0.703991 -0.710209 0
    outer loop
      vertex 6.27678 -16.1649 2
      vertex 6.3476 -16.0947 7
      vertex 6.27678 -16.1649 7
    endloop
  endfacet
  facet normal 0.703991 -0.710209 0
    outer loop
      vertex 6.3476 -16.0947 7
      vertex 6.27678 -16.1649 2
      vertex 6.3476 -16.0947 2
    endloop
  endfacet
  facet normal 0.727225 -0.6864 0
    outer loop
      vertex 6.3476 -16.0947 7
      vertex 6.41603 -16.0222 2
      vertex 6.41603 -16.0222 7
    endloop
  endfacet
  facet normal 0.727225 -0.6864 0
    outer loop
      vertex 6.41603 -16.0222 2
      vertex 6.3476 -16.0947 7
      vertex 6.3476 -16.0947 2
    endloop
  endfacet
  facet normal 0.749838 -0.661622 0
    outer loop
      vertex 6.41603 -16.0222 7
      vertex 6.48203 -15.9474 2
      vertex 6.48203 -15.9474 7
    endloop
  endfacet
  facet normal 0.749838 -0.661622 0
    outer loop
      vertex 6.48203 -15.9474 2
      vertex 6.41603 -16.0222 7
      vertex 6.41603 -16.0222 2
    endloop
  endfacet
  facet normal 0.771287 -0.636487 0
    outer loop
      vertex 6.48203 -15.9474 7
      vertex 6.54549 -15.8705 2
      vertex 6.54549 -15.8705 7
    endloop
  endfacet
  facet normal 0.771287 -0.636487 0
    outer loop
      vertex 6.54549 -15.8705 2
      vertex 6.48203 -15.9474 7
      vertex 6.48203 -15.9474 2
    endloop
  endfacet
  facet normal 0.792087 -0.610408 0
    outer loop
      vertex 6.54549 -15.8705 7
      vertex 6.60637 -15.7915 2
      vertex 6.60637 -15.7915 7
    endloop
  endfacet
  facet normal 0.792087 -0.610408 0
    outer loop
      vertex 6.60637 -15.7915 2
      vertex 6.54549 -15.8705 7
      vertex 6.54549 -15.8705 2
    endloop
  endfacet
  facet normal 0.812057 -0.583578 0
    outer loop
      vertex 6.60637 -15.7915 7
      vertex 6.66458 -15.7105 2
      vertex 6.66458 -15.7105 7
    endloop
  endfacet
  facet normal 0.812057 -0.583578 0
    outer loop
      vertex 6.66458 -15.7105 2
      vertex 6.60637 -15.7915 7
      vertex 6.60637 -15.7915 2
    endloop
  endfacet
  facet normal 0.830969 -0.556318 0
    outer loop
      vertex 6.66458 -15.7105 7
      vertex 6.72008 -15.6276 2
      vertex 6.72008 -15.6276 7
    endloop
  endfacet
  facet normal 0.830969 -0.556318 0
    outer loop
      vertex 6.72008 -15.6276 2
      vertex 6.66458 -15.7105 7
      vertex 6.66458 -15.7105 2
    endloop
  endfacet
  facet normal 0.848786 -0.528736 0
    outer loop
      vertex 6.72008 -15.6276 7
      vertex 6.77278 -15.543 2
      vertex 6.77278 -15.543 7
    endloop
  endfacet
  facet normal 0.848786 -0.528736 0
    outer loop
      vertex 6.77278 -15.543 2
      vertex 6.72008 -15.6276 7
      vertex 6.72008 -15.6276 2
    endloop
  endfacet
  facet normal 0.866082 -0.499902 0
    outer loop
      vertex 6.77278 -15.543 7
      vertex 6.82265 -15.4566 2
      vertex 6.82265 -15.4566 7
    endloop
  endfacet
  facet normal 0.866082 -0.499902 0
    outer loop
      vertex 6.82265 -15.4566 2
      vertex 6.77278 -15.543 7
      vertex 6.77278 -15.543 2
    endloop
  endfacet
  facet normal 0.882242 -0.470796 0
    outer loop
      vertex 6.82265 -15.4566 7
      vertex 6.86961 -15.3686 2
      vertex 6.86961 -15.3686 7
    endloop
  endfacet
  facet normal 0.882242 -0.470796 0
    outer loop
      vertex 6.86961 -15.3686 2
      vertex 6.82265 -15.4566 7
      vertex 6.82265 -15.4566 2
    endloop
  endfacet
  facet normal 0.897296 -0.441429 0
    outer loop
      vertex 6.86961 -15.3686 7
      vertex 6.91364 -15.2791 2
      vertex 6.91364 -15.2791 7
    endloop
  endfacet
  facet normal 0.897296 -0.441429 0
    outer loop
      vertex 6.91364 -15.2791 2
      vertex 6.86961 -15.3686 7
      vertex 6.86961 -15.3686 2
    endloop
  endfacet
  facet normal 0.911527 -0.41124 0
    outer loop
      vertex 6.91364 -15.2791 7
      vertex 6.95465 -15.1882 2
      vertex 6.95465 -15.1882 7
    endloop
  endfacet
  facet normal 0.911527 -0.41124 0
    outer loop
      vertex 6.95465 -15.1882 2
      vertex 6.91364 -15.2791 7
      vertex 6.91364 -15.2791 2
    endloop
  endfacet
  facet normal 0.924695 -0.380709 0
    outer loop
      vertex 6.95465 -15.1882 7
      vertex 6.99261 -15.096 2
      vertex 6.99261 -15.096 7
    endloop
  endfacet
  facet normal 0.924695 -0.380709 0
    outer loop
      vertex 6.99261 -15.096 2
      vertex 6.95465 -15.1882 7
      vertex 6.95465 -15.1882 2
    endloop
  endfacet
  facet normal 0.936741 -0.350024 0
    outer loop
      vertex 6.99261 -15.096 7
      vertex 7.02751 -15.0026 2
      vertex 7.02751 -15.0026 7
    endloop
  endfacet
  facet normal 0.936741 -0.350024 0
    outer loop
      vertex 7.02751 -15.0026 2
      vertex 6.99261 -15.096 7
      vertex 6.99261 -15.096 2
    endloop
  endfacet
  facet normal 0.947898 -0.318574 0
    outer loop
      vertex 7.02751 -15.0026 7
      vertex 7.05927 -14.9081 2
      vertex 7.05927 -14.9081 7
    endloop
  endfacet
  facet normal 0.947898 -0.318574 0
    outer loop
      vertex 7.05927 -14.9081 2
      vertex 7.02751 -15.0026 7
      vertex 7.02751 -15.0026 2
    endloop
  endfacet
  facet normal 0.958019 -0.286704 0
    outer loop
      vertex 7.05927 -14.9081 7
      vertex 7.08788 -14.8125 2
      vertex 7.08788 -14.8125 7
    endloop
  endfacet
  facet normal 0.958019 -0.286704 0
    outer loop
      vertex 7.08788 -14.8125 2
      vertex 7.05927 -14.9081 7
      vertex 7.05927 -14.9081 2
    endloop
  endfacet
  facet normal 0.966997 -0.25479 0
    outer loop
      vertex 7.08788 -14.8125 7
      vertex 7.11328 -14.7161 2
      vertex 7.11328 -14.7161 7
    endloop
  endfacet
  facet normal 0.966997 -0.25479 0
    outer loop
      vertex 7.11328 -14.7161 2
      vertex 7.08788 -14.8125 7
      vertex 7.08788 -14.8125 2
    endloop
  endfacet
  facet normal 0.974918 -0.222566 0
    outer loop
      vertex 7.11328 -14.7161 7
      vertex 7.13547 -14.6189 2
      vertex 7.13547 -14.6189 7
    endloop
  endfacet
  facet normal 0.974918 -0.222566 0
    outer loop
      vertex 7.13547 -14.6189 2
      vertex 7.11328 -14.7161 7
      vertex 7.11328 -14.7161 2
    endloop
  endfacet
  facet normal 0.981777 -0.190037 0
    outer loop
      vertex 7.13547 -14.6189 7
      vertex 7.15442 -14.521 2
      vertex 7.15442 -14.521 7
    endloop
  endfacet
  facet normal 0.981777 -0.190037 0
    outer loop
      vertex 7.15442 -14.521 2
      vertex 7.13547 -14.6189 7
      vertex 7.13547 -14.6189 2
    endloop
  endfacet
  facet normal 0.987565 -0.157208 0
    outer loop
      vertex 7.15442 -14.521 7
      vertex 7.1701 -14.4225 2
      vertex 7.1701 -14.4225 7
    endloop
  endfacet
  facet normal 0.987565 -0.157208 0
    outer loop
      vertex 7.1701 -14.4225 2
      vertex 7.15442 -14.521 7
      vertex 7.15442 -14.521 2
    endloop
  endfacet
  facet normal 0.992235 -0.12438 0
    outer loop
      vertex 7.1701 -14.4225 7
      vertex 7.18251 -14.3235 2
      vertex 7.18251 -14.3235 7
    endloop
  endfacet
  facet normal 0.992235 -0.12438 0
    outer loop
      vertex 7.18251 -14.3235 2
      vertex 7.1701 -14.4225 7
      vertex 7.1701 -14.4225 2
    endloop
  endfacet
  facet normal 0.995836 -0.0911596 0
    outer loop
      vertex 7.18251 -14.3235 7
      vertex 7.1916 -14.2242 2
      vertex 7.1916 -14.2242 7
    endloop
  endfacet
  facet normal 0.995836 -0.0911596 0
    outer loop
      vertex 7.1916 -14.2242 2
      vertex 7.18251 -14.3235 7
      vertex 7.18251 -14.3235 2
    endloop
  endfacet
  facet normal 0.998309 -0.0581344 0
    outer loop
      vertex 7.1916 -14.2242 7
      vertex 7.1974 -14.1246 2
      vertex 7.1974 -14.1246 7
    endloop
  endfacet
  facet normal 0.998309 -0.0581344 0
    outer loop
      vertex 7.1974 -14.1246 2
      vertex 7.1916 -14.2242 7
      vertex 7.1916 -14.2242 2
    endloop
  endfacet
  facet normal 0.999782 -0.0208622 0
    outer loop
      vertex 7.1974 -14.1246 7
      vertex 7.2 -14 2
      vertex 7.2 -14 7
    endloop
  endfacet
  facet normal 0.999782 -0.0208622 0
    outer loop
      vertex 7.2 -14 2
      vertex 7.1974 -14.1246 7
      vertex 7.1974 -14.1246 2
    endloop
  endfacet
  facet normal 1 -0 0
    outer loop
      vertex 7.2 -14 7
      vertex 7.2 14 2
      vertex 7.2 14 7
    endloop
  endfacet
  facet normal 1 0 0
    outer loop
      vertex 7.2 14 2
      vertex 7.2 -14 7
      vertex 7.2 -14 2
    endloop
  endfacet
  facet normal 0.99986 0.0167479 0
    outer loop
      vertex 7.2 14 7
      vertex 7.19833 14.0997 2
      vertex 7.19833 14.0997 7
    endloop
  endfacet
  facet normal 0.99986 0.0167479 0
    outer loop
      vertex 7.19833 14.0997 2
      vertex 7.2 14 7
      vertex 7.2 14 2
    endloop
  endfacet
  facet normal 0.998762 0.0497376 0
    outer loop
      vertex 7.19833 14.0997 7
      vertex 7.19337 14.1993 2
      vertex 7.19337 14.1993 7
    endloop
  endfacet
  facet normal 0.998762 0.0497376 0
    outer loop
      vertex 7.19337 14.1993 2
      vertex 7.19833 14.0997 7
      vertex 7.19833 14.0997 2
    endloop
  endfacet
  facet normal 0.996549 0.0830123 0
    outer loop
      vertex 7.19337 14.1993 7
      vertex 7.18509 14.2987 2
      vertex 7.18509 14.2987 7
    endloop
  endfacet
  facet normal 0.996549 0.0830123 0
    outer loop
      vertex 7.18509 14.2987 2
      vertex 7.19337 14.1993 7
      vertex 7.19337 14.1993 2
    endloop
  endfacet
  facet normal 0.993242 0.116062 0
    outer loop
      vertex 7.18509 14.2987 7
      vertex 7.17351 14.3978 2
      vertex 7.17351 14.3978 7
    endloop
  endfacet
  facet normal 0.993242 0.116062 0
    outer loop
      vertex 7.17351 14.3978 2
      vertex 7.18509 14.2987 7
      vertex 7.18509 14.2987 2
    endloop
  endfacet
  facet normal 0.988833 0.149027 0
    outer loop
      vertex 7.17351 14.3978 7
      vertex 7.15865 14.4964 2
      vertex 7.15865 14.4964 7
    endloop
  endfacet
  facet normal 0.988833 0.149027 0
    outer loop
      vertex 7.15865 14.4964 2
      vertex 7.17351 14.3978 7
      vertex 7.17351 14.3978 2
    endloop
  endfacet
  facet normal 0.983315 0.181913 0
    outer loop
      vertex 7.15865 14.4964 7
      vertex 7.14052 14.5944 2
      vertex 7.14052 14.5944 7
    endloop
  endfacet
  facet normal 0.983315 0.181913 0
    outer loop
      vertex 7.14052 14.5944 2
      vertex 7.15865 14.4964 7
      vertex 7.15865 14.4964 2
    endloop
  endfacet
  facet normal 0.976724 0.214498 0
    outer loop
      vertex 7.14052 14.5944 7
      vertex 7.11913 14.6918 2
      vertex 7.11913 14.6918 7
    endloop
  endfacet
  facet normal 0.976724 0.214498 0
    outer loop
      vertex 7.11913 14.6918 2
      vertex 7.14052 14.5944 7
      vertex 7.14052 14.5944 2
    endloop
  endfacet
  facet normal 0.969132 0.246542 0
    outer loop
      vertex 7.11913 14.6918 7
      vertex 7.09453 14.7885 2
      vertex 7.09453 14.7885 7
    endloop
  endfacet
  facet normal 0.969132 0.246542 0
    outer loop
      vertex 7.09453 14.7885 2
      vertex 7.11913 14.6918 7
      vertex 7.11913 14.6918 2
    endloop
  endfacet
  facet normal 0.960327 0.278876 0
    outer loop
      vertex 7.09453 14.7885 7
      vertex 7.06671 14.8843 2
      vertex 7.06671 14.8843 7
    endloop
  endfacet
  facet normal 0.960327 0.278876 0
    outer loop
      vertex 7.06671 14.8843 2
      vertex 7.09453 14.7885 7
      vertex 7.09453 14.7885 2
    endloop
  endfacet
  facet normal 0.950561 0.310537 0
    outer loop
      vertex 7.06671 14.8843 7
      vertex 7.03574 14.9791 2
      vertex 7.03574 14.9791 7
    endloop
  endfacet
  facet normal 0.950561 0.310537 0
    outer loop
      vertex 7.03574 14.9791 2
      vertex 7.06671 14.8843 7
      vertex 7.06671 14.8843 2
    endloop
  endfacet
  facet normal 0.939673 0.342073 0
    outer loop
      vertex 7.03574 14.9791 7
      vertex 7.00163 15.0728 2
      vertex 7.00163 15.0728 7
    endloop
  endfacet
  facet normal 0.939673 0.342073 0
    outer loop
      vertex 7.00163 15.0728 2
      vertex 7.03574 14.9791 7
      vertex 7.03574 14.9791 2
    endloop
  endfacet
  facet normal 0.927783 0.373119 0
    outer loop
      vertex 7.00163 15.0728 7
      vertex 6.96443 15.1653 2
      vertex 6.96443 15.1653 7
    endloop
  endfacet
  facet normal 0.927783 0.373119 0
    outer loop
      vertex 6.96443 15.1653 2
      vertex 7.00163 15.0728 7
      vertex 7.00163 15.0728 2
    endloop
  endfacet
  facet normal 0.914789 0.403932 0
    outer loop
      vertex 6.96443 15.1653 7
      vertex 6.92416 15.2565 2
      vertex 6.92416 15.2565 7
    endloop
  endfacet
  facet normal 0.914789 0.403932 0
    outer loop
      vertex 6.92416 15.2565 2
      vertex 6.96443 15.1653 7
      vertex 6.96443 15.1653 2
    endloop
  endfacet
  facet normal 0.901061 0.433692 0
    outer loop
      vertex 6.92416 15.2565 7
      vertex 6.88089 15.3464 2
      vertex 6.88089 15.3464 7
    endloop
  endfacet
  facet normal 0.901061 0.433692 0
    outer loop
      vertex 6.88089 15.3464 2
      vertex 6.92416 15.2565 7
      vertex 6.92416 15.2565 2
    endloop
  endfacet
  facet normal 0.886139 0.463419 0
    outer loop
      vertex 6.88089 15.3464 7
      vertex 6.83466 15.4348 2
      vertex 6.83466 15.4348 7
    endloop
  endfacet
  facet normal 0.886139 0.463419 0
    outer loop
      vertex 6.83466 15.4348 2
      vertex 6.88089 15.3464 7
      vertex 6.88089 15.3464 2
    endloop
  endfacet
  facet normal 0.869979 0.493089 0
    outer loop
      vertex 6.83466 15.4348 7
      vertex 6.78552 15.5215 2
      vertex 6.78552 15.5215 7
    endloop
  endfacet
  facet normal 0.869979 0.493089 0
    outer loop
      vertex 6.78552 15.5215 2
      vertex 6.83466 15.4348 7
      vertex 6.83466 15.4348 2
    endloop
  endfacet
  facet normal 0.853307 0.521409 0
    outer loop
      vertex 6.78552 15.5215 7
      vertex 6.73352 15.6066 2
      vertex 6.73352 15.6066 7
    endloop
  endfacet
  facet normal 0.853307 0.521409 0
    outer loop
      vertex 6.73352 15.6066 2
      vertex 6.78552 15.5215 7
      vertex 6.78552 15.5215 2
    endloop
  endfacet
  facet normal 0.835686 0.549208 0
    outer loop
      vertex 6.73352 15.6066 7
      vertex 6.67871 15.69 2
      vertex 6.67871 15.69 7
    endloop
  endfacet
  facet normal 0.835686 0.549208 0
    outer loop
      vertex 6.67871 15.69 2
      vertex 6.73352 15.6066 7
      vertex 6.73352 15.6066 2
    endloop
  endfacet
  facet normal 0.816584 0.577227 0
    outer loop
      vertex 6.67871 15.69 7
      vertex 6.62117 15.7714 2
      vertex 6.62117 15.7714 7
    endloop
  endfacet
  facet normal 0.816584 0.577227 0
    outer loop
      vertex 6.62117 15.7714 2
      vertex 6.67871 15.69 7
      vertex 6.67871 15.69 2
    endloop
  endfacet
  facet normal 0.797176 0.603748 0
    outer loop
      vertex 6.62117 15.7714 7
      vertex 6.56096 15.8509 2
      vertex 6.56096 15.8509 7
    endloop
  endfacet
  facet normal 0.797176 0.603748 0
    outer loop
      vertex 6.56096 15.8509 2
      vertex 6.62117 15.7714 7
      vertex 6.62117 15.7714 2
    endloop
  endfacet
  facet normal 0.776745 0.629815 0
    outer loop
      vertex 6.56096 15.8509 7
      vertex 6.49812 15.9284 2
      vertex 6.49812 15.9284 7
    endloop
  endfacet
  facet normal 0.776745 0.629815 0
    outer loop
      vertex 6.49812 15.9284 2
      vertex 6.56096 15.8509 7
      vertex 6.56096 15.8509 2
    endloop
  endfacet
  facet normal 0.755242 0.655446 0
    outer loop
      vertex 6.49812 15.9284 7
      vertex 6.43277 16.0037 2
      vertex 6.43277 16.0037 7
    endloop
  endfacet
  facet normal 0.755242 0.655446 0
    outer loop
      vertex 6.43277 16.0037 2
      vertex 6.49812 15.9284 7
      vertex 6.49812 15.9284 2
    endloop
  endfacet
  facet normal 0.732986 0.680243 0
    outer loop
      vertex 6.43277 16.0037 7
      vertex 6.36493 16.0768 2
      vertex 6.36493 16.0768 7
    endloop
  endfacet
  facet normal 0.732986 0.680243 0
    outer loop
      vertex 6.36493 16.0768 2
      vertex 6.43277 16.0037 7
      vertex 6.43277 16.0037 2
    endloop
  endfacet
  facet normal 0.710009 0.704193 0
    outer loop
      vertex 6.36493 16.0768 7
      vertex 6.29471 16.1476 2
      vertex 6.29471 16.1476 7
    endloop
  endfacet
  facet normal 0.710009 0.704193 0
    outer loop
      vertex 6.29471 16.1476 2
      vertex 6.36493 16.0768 7
      vertex 6.36493 16.0768 2
    endloop
  endfacet
  facet normal 0.68604 0.727564 -0
    outer loop
      vertex 6.29471 16.1476 2
      vertex 6.22217 16.216 7
      vertex 6.29471 16.1476 7
    endloop
  endfacet
  facet normal 0.68604 0.727564 0
    outer loop
      vertex 6.22217 16.216 7
      vertex 6.29471 16.1476 2
      vertex 6.22217 16.216 2
    endloop
  endfacet
  facet normal 0.661771 0.749706 -0
    outer loop
      vertex 6.22217 16.216 2
      vertex 6.1474 16.282 7
      vertex 6.22217 16.216 7
    endloop
  endfacet
  facet normal 0.661771 0.749706 0
    outer loop
      vertex 6.1474 16.282 7
      vertex 6.22217 16.216 2
      vertex 6.1474 16.282 2
    endloop
  endfacet
  facet normal 0.636578 0.771212 -0
    outer loop
      vertex 6.1474 16.282 2
      vertex 6.07047 16.3455 7
      vertex 6.1474 16.282 7
    endloop
  endfacet
  facet normal 0.636578 0.771212 0
    outer loop
      vertex 6.07047 16.3455 7
      vertex 6.1474 16.282 2
      vertex 6.07047 16.3455 2
    endloop
  endfacet
  facet normal 0.610534 0.79199 -0
    outer loop
      vertex 6.07047 16.3455 2
      vertex 5.99147 16.4064 7
      vertex 6.07047 16.3455 7
    endloop
  endfacet
  facet normal 0.610534 0.79199 0
    outer loop
      vertex 5.99147 16.4064 7
      vertex 6.07047 16.3455 2
      vertex 5.99147 16.4064 2
    endloop
  endfacet
  facet normal 0.583607 0.812036 -0
    outer loop
      vertex 5.99147 16.4064 2
      vertex 5.91049 16.4646 7
      vertex 5.99147 16.4064 7
    endloop
  endfacet
  facet normal 0.583607 0.812036 0
    outer loop
      vertex 5.91049 16.4646 7
      vertex 5.99147 16.4064 2
      vertex 5.91049 16.4646 2
    endloop
  endfacet
  facet normal 0.55655 0.830814 -0
    outer loop
      vertex 5.91049 16.4646 2
      vertex 5.82764 16.5201 7
      vertex 5.91049 16.4646 7
    endloop
  endfacet
  facet normal 0.55655 0.830814 0
    outer loop
      vertex 5.82764 16.5201 7
      vertex 5.91049 16.4646 2
      vertex 5.82764 16.5201 2
    endloop
  endfacet
  facet normal 0.528466 0.848955 -0
    outer loop
      vertex 5.82764 16.5201 2
      vertex 5.74298 16.5728 7
      vertex 5.82764 16.5201 7
    endloop
  endfacet
  facet normal 0.528466 0.848955 0
    outer loop
      vertex 5.74298 16.5728 7
      vertex 5.82764 16.5201 2
      vertex 5.74298 16.5728 2
    endloop
  endfacet
  facet normal 0.500214 0.865902 -0
    outer loop
      vertex 5.74298 16.5728 2
      vertex 5.6566 16.6227 7
      vertex 5.74298 16.5728 7
    endloop
  endfacet
  facet normal 0.500214 0.865902 0
    outer loop
      vertex 5.6566 16.6227 7
      vertex 5.74298 16.5728 2
      vertex 5.6566 16.6227 2
    endloop
  endfacet
  facet normal 0.470453 0.882425 -0
    outer loop
      vertex 5.6566 16.6227 2
      vertex 5.56863 16.6696 7
      vertex 5.6566 16.6227 7
    endloop
  endfacet
  facet normal 0.470453 0.882425 0
    outer loop
      vertex 5.56863 16.6696 7
      vertex 5.6566 16.6227 2
      vertex 5.56863 16.6696 2
    endloop
  endfacet
  facet normal 0.441227 0.897396 -0
    outer loop
      vertex 5.56863 16.6696 2
      vertex 5.47914 16.7136 7
      vertex 5.56863 16.6696 7
    endloop
  endfacet
  facet normal 0.441227 0.897396 0
    outer loop
      vertex 5.47914 16.7136 7
      vertex 5.56863 16.6696 2
      vertex 5.47914 16.7136 2
    endloop
  endfacet
  facet normal 0.411952 0.911206 -0
    outer loop
      vertex 5.47914 16.7136 2
      vertex 5.38823 16.7547 7
      vertex 5.47914 16.7136 7
    endloop
  endfacet
  facet normal 0.411952 0.911206 0
    outer loop
      vertex 5.38823 16.7547 7
      vertex 5.47914 16.7136 2
      vertex 5.38823 16.7547 2
    endloop
  endfacet
  facet normal 0.380159 0.924921 -0
    outer loop
      vertex 5.38823 16.7547 2
      vertex 5.29602 16.7926 7
      vertex 5.38823 16.7547 7
    endloop
  endfacet
  facet normal 0.380159 0.924921 0
    outer loop
      vertex 5.29602 16.7926 7
      vertex 5.38823 16.7547 2
      vertex 5.29602 16.7926 2
    endloop
  endfacet
  facet normal 0.349925 0.936778 -0
    outer loop
      vertex 5.29602 16.7926 2
      vertex 5.20259 16.8275 7
      vertex 5.29602 16.7926 7
    endloop
  endfacet
  facet normal 0.349925 0.936778 0
    outer loop
      vertex 5.20259 16.8275 7
      vertex 5.29602 16.7926 2
      vertex 5.20259 16.8275 2
    endloop
  endfacet
  facet normal 0.318843 0.947807 -0
    outer loop
      vertex 5.20259 16.8275 2
      vertex 5.10806 16.8593 7
      vertex 5.20259 16.8275 7
    endloop
  endfacet
  facet normal 0.318843 0.947807 0
    outer loop
      vertex 5.10806 16.8593 7
      vertex 5.20259 16.8275 2
      vertex 5.10806 16.8593 2
    endloop
  endfacet
  facet normal 0.28675 0.958005 -0
    outer loop
      vertex 5.10806 16.8593 2
      vertex 5.01251 16.8879 7
      vertex 5.10806 16.8593 7
    endloop
  endfacet
  facet normal 0.28675 0.958005 0
    outer loop
      vertex 5.01251 16.8879 7
      vertex 5.10806 16.8593 2
      vertex 5.01251 16.8879 2
    endloop
  endfacet
  facet normal 0.254715 0.967016 -0
    outer loop
      vertex 5.01251 16.8879 2
      vertex 4.91608 16.9133 7
      vertex 5.01251 16.8879 7
    endloop
  endfacet
  facet normal 0.254715 0.967016 0
    outer loop
      vertex 4.91608 16.9133 7
      vertex 5.01251 16.8879 2
      vertex 4.91608 16.9133 2
    endloop
  endfacet
  facet normal 0.222596 0.974911 -0
    outer loop
      vertex 4.91608 16.9133 2
      vertex 4.81885 16.9355 7
      vertex 4.91608 16.9133 7
    endloop
  endfacet
  facet normal 0.222596 0.974911 0
    outer loop
      vertex 4.81885 16.9355 7
      vertex 4.91608 16.9133 2
      vertex 4.81885 16.9355 2
    endloop
  endfacet
  facet normal 0.189554 0.98187 -0
    outer loop
      vertex 4.81885 16.9355 2
      vertex 4.72095 16.9544 7
      vertex 4.81885 16.9355 7
    endloop
  endfacet
  facet normal 0.189554 0.98187 0
    outer loop
      vertex 4.72095 16.9544 7
      vertex 4.81885 16.9355 2
      vertex 4.72095 16.9544 2
    endloop
  endfacet
  facet normal 0.157404 0.987534 -0
    outer loop
      vertex 4.72095 16.9544 2
      vertex 4.62245 16.9701 7
      vertex 4.72095 16.9544 7
    endloop
  endfacet
  facet normal 0.157404 0.987534 0
    outer loop
      vertex 4.62245 16.9701 7
      vertex 4.72095 16.9544 2
      vertex 4.62245 16.9701 2
    endloop
  endfacet
  facet normal 0.124343 0.992239 -0
    outer loop
      vertex 4.62245 16.9701 2
      vertex 4.5235 16.9825 7
      vertex 4.62245 16.9701 7
    endloop
  endfacet
  facet normal 0.124343 0.992239 0
    outer loop
      vertex 4.5235 16.9825 7
      vertex 4.62245 16.9701 2
      vertex 4.5235 16.9825 2
    endloop
  endfacet
  facet normal 0.09125 0.995828 -0
    outer loop
      vertex 4.5235 16.9825 2
      vertex 4.42419 16.9916 7
      vertex 4.5235 16.9825 7
    endloop
  endfacet
  facet normal 0.09125 0.995828 0
    outer loop
      vertex 4.42419 16.9916 7
      vertex 4.5235 16.9825 2
      vertex 4.42419 16.9916 2
    endloop
  endfacet
  facet normal 0.0581577 0.998307 -0
    outer loop
      vertex 4.42419 16.9916 2
      vertex 4.32463 16.9974 7
      vertex 4.42419 16.9916 7
    endloop
  endfacet
  facet normal 0.0581577 0.998307 0
    outer loop
      vertex 4.32463 16.9974 7
      vertex 4.42419 16.9916 2
      vertex 4.32463 16.9974 2
    endloop
  endfacet
  facet normal 0.0208572 0.999782 -0
    outer loop
      vertex 4.32463 16.9974 2
      vertex 4.2 17 7
      vertex 4.32463 16.9974 7
    endloop
  endfacet
  facet normal 0.0208572 0.999782 0
    outer loop
      vertex 4.2 17 7
      vertex 4.32463 16.9974 2
      vertex 4.2 17 2
    endloop
  endfacet
  facet normal 0 1 -0
    outer loop
      vertex 4.2 17 2
      vertex -4.2 17 7
      vertex 4.2 17 7
    endloop
  endfacet
  facet normal 0 1 0
    outer loop
      vertex -4.2 17 7
      vertex 4.2 17 2
      vertex -4.2 17 2
    endloop
  endfacet
  facet normal -0.017047 0.999855 0
    outer loop
      vertex -4.2 17 2
      vertex -4.29971 16.9983 7
      vertex -4.2 17 7
    endloop
  endfacet
  facet normal -0.017047 0.999855 0
    outer loop
      vertex -4.29971 16.9983 7
      vertex -4.2 17 2
      vertex -4.29971 16.9983 2
    endloop
  endfacet
  facet normal -0.0491324 0.998792 0
    outer loop
      vertex -4.29971 16.9983 2
      vertex -4.39932 16.9934 7
      vertex -4.29971 16.9983 7
    endloop
  endfacet
  facet normal -0.0491324 0.998792 0
    outer loop
      vertex -4.39932 16.9934 7
      vertex -4.29971 16.9983 2
      vertex -4.39932 16.9934 2
    endloop
  endfacet
  facet normal -0.083228 0.996531 0
    outer loop
      vertex -4.39932 16.9934 2
      vertex -4.4987 16.9851 7
      vertex -4.39932 16.9934 7
    endloop
  endfacet
  facet normal -0.083228 0.996531 0
    outer loop
      vertex -4.4987 16.9851 7
      vertex -4.39932 16.9934 2
      vertex -4.4987 16.9851 2
    endloop
  endfacet
  facet normal -0.116318 0.993212 0
    outer loop
      vertex -4.4987 16.9851 2
      vertex -4.59775 16.9735 7
      vertex -4.4987 16.9851 7
    endloop
  endfacet
  facet normal -0.116318 0.993212 0
    outer loop
      vertex -4.59775 16.9735 7
      vertex -4.4987 16.9851 2
      vertex -4.59775 16.9735 2
    endloop
  endfacet
  facet normal -0.14939 0.988778 0
    outer loop
      vertex -4.59775 16.9735 2
      vertex -4.69637 16.9586 7
      vertex -4.59775 16.9735 7
    endloop
  endfacet
  facet normal -0.14939 0.988778 0
    outer loop
      vertex -4.69637 16.9586 7
      vertex -4.59775 16.9735 2
      vertex -4.69637 16.9586 2
    endloop
  endfacet
  facet normal -0.181515 0.983388 0
    outer loop
      vertex -4.69637 16.9586 2
      vertex -4.79443 16.9405 7
      vertex -4.69637 16.9586 7
    endloop
  endfacet
  facet normal -0.181515 0.983388 0
    outer loop
      vertex -4.79443 16.9405 7
      vertex -4.69637 16.9586 2
      vertex -4.79443 16.9405 2
    endloop
  endfacet
  facet normal -0.214552 0.976713 0
    outer loop
      vertex -4.79443 16.9405 2
      vertex -4.89185 16.9191 7
      vertex -4.79443 16.9405 7
    endloop
  endfacet
  facet normal -0.214552 0.976713 0
    outer loop
      vertex -4.89185 16.9191 7
      vertex -4.79443 16.9405 2
      vertex -4.89185 16.9191 2
    endloop
  endfacet
  facet normal -0.246686 0.969095 0
    outer loop
      vertex -4.89185 16.9191 2
      vertex -4.98849 16.8945 7
      vertex -4.89185 16.9191 7
    endloop
  endfacet
  facet normal -0.246686 0.969095 0
    outer loop
      vertex -4.98849 16.8945 7
      vertex -4.89185 16.9191 2
      vertex -4.98849 16.8945 2
    endloop
  endfacet
  facet normal -0.278771 0.960357 0
    outer loop
      vertex -4.98849 16.8945 2
      vertex -5.08426 16.8667 7
      vertex -4.98849 16.8945 7
    endloop
  endfacet
  facet normal -0.278771 0.960357 0
    outer loop
      vertex -5.08426 16.8667 7
      vertex -4.98849 16.8945 2
      vertex -5.08426 16.8667 2
    endloop
  endfacet
  facet normal -0.310809 0.950473 0
    outer loop
      vertex -5.08426 16.8667 2
      vertex -5.17906 16.8357 7
      vertex -5.08426 16.8667 7
    endloop
  endfacet
  facet normal -0.310809 0.950473 0
    outer loop
      vertex -5.17906 16.8357 7
      vertex -5.08426 16.8667 2
      vertex -5.17906 16.8357 2
    endloop
  endfacet
  facet normal -0.341952 0.939717 0
    outer loop
      vertex -5.17906 16.8357 2
      vertex -5.27277 16.8016 7
      vertex -5.17906 16.8357 7
    endloop
  endfacet
  facet normal -0.341952 0.939717 0
    outer loop
      vertex -5.27277 16.8016 7
      vertex -5.17906 16.8357 2
      vertex -5.27277 16.8016 2
    endloop
  endfacet
  facet normal -0.373015 0.927825 0
    outer loop
      vertex -5.27277 16.8016 2
      vertex -5.3653 16.7644 7
      vertex -5.27277 16.8016 7
    endloop
  endfacet
  facet normal -0.373015 0.927825 0
    outer loop
      vertex -5.3653 16.7644 7
      vertex -5.27277 16.8016 2
      vertex -5.3653 16.7644 2
    endloop
  endfacet
  facet normal -0.403196 0.915114 0
    outer loop
      vertex -5.3653 16.7644 2
      vertex -5.45654 16.7242 7
      vertex -5.3653 16.7644 7
    endloop
  endfacet
  facet normal -0.403196 0.915114 0
    outer loop
      vertex -5.45654 16.7242 7
      vertex -5.3653 16.7644 2
      vertex -5.45654 16.7242 2
    endloop
  endfacet
  facet normal -0.434093 0.900868 0
    outer loop
      vertex -5.45654 16.7242 2
      vertex -5.5464 16.6809 7
      vertex -5.45654 16.7242 7
    endloop
  endfacet
  facet normal -0.434093 0.900868 0
    outer loop
      vertex -5.5464 16.6809 7
      vertex -5.45654 16.7242 2
      vertex -5.5464 16.6809 2
    endloop
  endfacet
  facet normal -0.463306 0.886198 0
    outer loop
      vertex -5.5464 16.6809 2
      vertex -5.63477 16.6347 7
      vertex -5.5464 16.6809 7
    endloop
  endfacet
  facet normal -0.463306 0.886198 0
    outer loop
      vertex -5.63477 16.6347 7
      vertex -5.5464 16.6809 2
      vertex -5.63477 16.6347 2
    endloop
  endfacet
  facet normal -0.493243 0.869892 0
    outer loop
      vertex -5.63477 16.6347 2
      vertex -5.72154 16.5855 7
      vertex -5.63477 16.6347 7
    endloop
  endfacet
  facet normal -0.493243 0.869892 0
    outer loop
      vertex -5.72154 16.5855 7
      vertex -5.63477 16.6347 2
      vertex -5.72154 16.5855 2
    endloop
  endfacet
  facet normal -0.521409 0.853307 0
    outer loop
      vertex -5.72154 16.5855 2
      vertex -5.80664 16.5335 7
      vertex -5.72154 16.5855 7
    endloop
  endfacet
  facet normal -0.521409 0.853307 0
    outer loop
      vertex -5.80664 16.5335 7
      vertex -5.72154 16.5855 2
      vertex -5.80664 16.5335 2
    endloop
  endfacet
  facet normal -0.549552 0.835459 0
    outer loop
      vertex -5.80664 16.5335 2
      vertex -5.88995 16.4787 7
      vertex -5.80664 16.5335 7
    endloop
  endfacet
  facet normal -0.549552 0.835459 0
    outer loop
      vertex -5.88995 16.4787 7
      vertex -5.80664 16.5335 2
      vertex -5.88995 16.4787 2
    endloop
  endfacet
  facet normal -0.576675 0.816973 0
    outer loop
      vertex -5.88995 16.4787 2
      vertex -5.97141 16.4212 7
      vertex -5.88995 16.4787 7
    endloop
  endfacet
  facet normal -0.576675 0.816973 0
    outer loop
      vertex -5.97141 16.4212 7
      vertex -5.88995 16.4787 2
      vertex -5.97141 16.4212 2
    endloop
  endfacet
  facet normal -0.603732 0.797187 0
    outer loop
      vertex -5.97141 16.4212 2
      vertex -6.0509 16.361 7
      vertex -5.97141 16.4212 7
    endloop
  endfacet
  facet normal -0.603732 0.797187 0
    outer loop
      vertex -6.0509 16.361 7
      vertex -5.97141 16.4212 2
      vertex -6.0509 16.361 2
    endloop
  endfacet
  facet normal -0.630374 0.776292 0
    outer loop
      vertex -6.0509 16.361 2
      vertex -6.12836 16.2981 7
      vertex -6.0509 16.361 7
    endloop
  endfacet
  facet normal -0.630374 0.776292 0
    outer loop
      vertex -6.12836 16.2981 7
      vertex -6.0509 16.361 2
      vertex -6.12836 16.2981 2
    endloop
  endfacet
  facet normal -0.65511 0.755533 0
    outer loop
      vertex -6.12836 16.2981 2
      vertex -6.20367 16.2328 7
      vertex -6.12836 16.2981 7
    endloop
  endfacet
  facet normal -0.65511 0.755533 0
    outer loop
      vertex -6.20367 16.2328 7
      vertex -6.12836 16.2981 2
      vertex -6.20367 16.2328 2
    endloop
  endfacet
  facet normal -0.680516 0.732733 0
    outer loop
      vertex -6.20367 16.2328 2
      vertex -6.27678 16.1649 7
      vertex -6.20367 16.2328 7
    endloop
  endfacet
  facet normal -0.680516 0.732733 0
    outer loop
      vertex -6.27678 16.1649 7
      vertex -6.20367 16.2328 2
      vertex -6.27678 16.1649 2
    endloop
  endfacet
  facet normal -0.703991 0.710209 0
    outer loop
      vertex -6.27678 16.1649 2
      vertex -6.3476 16.0947 7
      vertex -6.27678 16.1649 7
    endloop
  endfacet
  facet normal -0.703991 0.710209 0
    outer loop
      vertex -6.3476 16.0947 7
      vertex -6.27678 16.1649 2
      vertex -6.3476 16.0947 2
    endloop
  endfacet
  facet normal -0.727225 0.6864 0
    outer loop
      vertex -6.41603 16.0222 2
      vertex -6.3476 16.0947 7
      vertex -6.3476 16.0947 2
    endloop
  endfacet
  facet normal -0.727225 0.6864 0
    outer loop
      vertex -6.3476 16.0947 7
      vertex -6.41603 16.0222 2
      vertex -6.41603 16.0222 7
    endloop
  endfacet
  facet normal -0.749838 0.661622 0
    outer loop
      vertex -6.48203 15.9474 2
      vertex -6.41603 16.0222 7
      vertex -6.41603 16.0222 2
    endloop
  endfacet
  facet normal -0.749838 0.661622 0
    outer loop
      vertex -6.41603 16.0222 7
      vertex -6.48203 15.9474 2
      vertex -6.48203 15.9474 7
    endloop
  endfacet
  facet normal -0.771287 0.636487 0
    outer loop
      vertex -6.54549 15.8705 2
      vertex -6.48203 15.9474 7
      vertex -6.48203 15.9474 2
    endloop
  endfacet
  facet normal -0.771287 0.636487 0
    outer loop
      vertex -6.48203 15.9474 7
      vertex -6.54549 15.8705 2
      vertex -6.54549 15.8705 7
    endloop
  endfacet
  facet normal -0.792087 0.610408 0
    outer loop
      vertex -6.60637 15.7915 2
      vertex -6.54549 15.8705 7
      vertex -6.54549 15.8705 2
    endloop
  endfacet
  facet normal -0.792087 0.610408 0
    outer loop
      vertex -6.54549 15.8705 7
      vertex -6.60637 15.7915 2
      vertex -6.60637 15.7915 7
    endloop
  endfacet
  facet normal -0.812057 0.583578 0
    outer loop
      vertex -6.66458 15.7105 2
      vertex -6.60637 15.7915 7
      vertex -6.60637 15.7915 2
    endloop
  endfacet
  facet normal -0.812057 0.583578 0
    outer loop
      vertex -6.60637 15.7915 7
      vertex -6.66458 15.7105 2
      vertex -6.66458 15.7105 7
    endloop
  endfacet
  facet normal -0.830969 0.556318 0
    outer loop
      vertex -6.72008 15.6276 2
      vertex -6.66458 15.7105 7
      vertex -6.66458 15.7105 2
    endloop
  endfacet
  facet normal -0.830969 0.556318 0
    outer loop
      vertex -6.66458 15.7105 7
      vertex -6.72008 15.6276 2
      vertex -6.72008 15.6276 7
    endloop
  endfacet
  facet normal -0.848786 0.528736 0
    outer loop
      vertex -6.77278 15.543 2
      vertex -6.72008 15.6276 7
      vertex -6.72008 15.6276 2
    endloop
  endfacet
  facet normal -0.848786 0.528736 0
    outer loop
      vertex -6.72008 15.6276 7
      vertex -6.77278 15.543 2
      vertex -6.77278 15.543 7
    endloop
  endfacet
  facet normal -0.866082 0.499902 0
    outer loop
      vertex -6.82265 15.4566 2
      vertex -6.77278 15.543 7
      vertex -6.77278 15.543 2
    endloop
  endfacet
  facet normal -0.866082 0.499902 0
    outer loop
      vertex -6.77278 15.543 7
      vertex -6.82265 15.4566 2
      vertex -6.82265 15.4566 7
    endloop
  endfacet
  facet normal -0.882242 0.470796 0
    outer loop
      vertex -6.86961 15.3686 2
      vertex -6.82265 15.4566 7
      vertex -6.82265 15.4566 2
    endloop
  endfacet
  facet normal -0.882242 0.470796 0
    outer loop
      vertex -6.82265 15.4566 7
      vertex -6.86961 15.3686 2
      vertex -6.86961 15.3686 7
    endloop
  endfacet
  facet normal -0.897296 0.441429 0
    outer loop
      vertex -6.91364 15.2791 2
      vertex -6.86961 15.3686 7
      vertex -6.86961 15.3686 2
    endloop
  endfacet
  facet normal -0.897296 0.441429 0
    outer loop
      vertex -6.86961 15.3686 7
      vertex -6.91364 15.2791 2
      vertex -6.91364 15.2791 7
    endloop
  endfacet
  facet normal -0.911527 0.41124 0
    outer loop
      vertex -6.95465 15.1882 2
      vertex -6.91364 15.2791 7
      vertex -6.91364 15.2791 2
    endloop
  endfacet
  facet normal -0.911527 0.41124 0
    outer loop
      vertex -6.91364 15.2791 7
      vertex -6.95465 15.1882 2
      vertex -6.95465 15.1882 7
    endloop
  endfacet
  facet normal -0.924695 0.380709 0
    outer loop
      vertex -6.99261 15.096 2
      vertex -6.95465 15.1882 7
      vertex -6.95465 15.1882 2
    endloop
  endfacet
  facet normal -0.924695 0.380709 0
    outer loop
      vertex -6.95465 15.1882 7
      vertex -6.99261 15.096 2
      vertex -6.99261 15.096 7
    endloop
  endfacet
  facet normal -0.936741 0.350024 0
    outer loop
      vertex -7.02751 15.0026 2
      vertex -6.99261 15.096 7
      vertex -6.99261 15.096 2
    endloop
  endfacet
  facet normal -0.936741 0.350024 0
    outer loop
      vertex -6.99261 15.096 7
      vertex -7.02751 15.0026 2
      vertex -7.02751 15.0026 7
    endloop
  endfacet
  facet normal -0.947898 0.318574 0
    outer loop
      vertex -7.05927 14.9081 2
      vertex -7.02751 15.0026 7
      vertex -7.02751 15.0026 2
    endloop
  endfacet
  facet normal -0.947898 0.318574 0
    outer loop
      vertex -7.02751 15.0026 7
      vertex -7.05927 14.9081 2
      vertex -7.05927 14.9081 7
    endloop
  endfacet
  facet normal -0.958019 0.286704 0
    outer loop
      vertex -7.08788 14.8125 2
      vertex -7.05927 14.9081 7
      vertex -7.05927 14.9081 2
    endloop
  endfacet
  facet normal -0.958019 0.286704 0
    outer loop
      vertex -7.05927 14.9081 7
      vertex -7.08788 14.8125 2
      vertex -7.08788 14.8125 7
    endloop
  endfacet
  facet normal -0.966997 0.25479 0
    outer loop
      vertex -7.11328 14.7161 2
      vertex -7.08788 14.8125 7
      vertex -7.08788 14.8125 2
    endloop
  endfacet
  facet normal -0.966997 0.25479 0
    outer loop
      vertex -7.08788 14.8125 7
      vertex -7.11328 14.7161 2
      vertex -7.11328 14.7161 7
    endloop
  endfacet
  facet normal -0.974918 0.222566 0
    outer loop
      vertex -7.13547 14.6189 2
      vertex -7.11328 14.7161 7
      vertex -7.11328 14.7161 2
    endloop
  endfacet
  facet normal -0.974918 0.222566 0
    outer loop
      vertex -7.11328 14.7161 7
      vertex -7.13547 14.6189 2
      vertex -7.13547 14.6189 7
    endloop
  endfacet
  facet normal -0.981777 0.190037 0
    outer loop
      vertex -7.15442 14.521 2
      vertex -7.13547 14.6189 7
      vertex -7.13547 14.6189 2
    endloop
  endfacet
  facet normal -0.981777 0.190037 0
    outer loop
      vertex -7.13547 14.6189 7
      vertex -7.15442 14.521 2
      vertex -7.15442 14.521 7
    endloop
  endfacet
  facet normal -0.987565 0.157208 0
    outer loop
      vertex -7.1701 14.4225 2
      vertex -7.15442 14.521 7
      vertex -7.15442 14.521 2
    endloop
  endfacet
  facet normal -0.987565 0.157208 0
    outer loop
      vertex -7.15442 14.521 7
      vertex -7.1701 14.4225 2
      vertex -7.1701 14.4225 7
    endloop
  endfacet
  facet normal -0.992235 0.12438 0
    outer loop
      vertex -7.18251 14.3235 2
      vertex -7.1701 14.4225 7
      vertex -7.1701 14.4225 2
    endloop
  endfacet
  facet normal -0.992235 0.12438 0
    outer loop
      vertex -7.1701 14.4225 7
      vertex -7.18251 14.3235 2
      vertex -7.18251 14.3235 7
    endloop
  endfacet
  facet normal -0.995836 0.0911596 0
    outer loop
      vertex -7.1916 14.2242 2
      vertex -7.18251 14.3235 7
      vertex -7.18251 14.3235 2
    endloop
  endfacet
  facet normal -0.995836 0.0911596 0
    outer loop
      vertex -7.18251 14.3235 7
      vertex -7.1916 14.2242 2
      vertex -7.1916 14.2242 7
    endloop
  endfacet
  facet normal -0.998309 0.0581344 0
    outer loop
      vertex -7.1974 14.1246 2
      vertex -7.1916 14.2242 7
      vertex -7.1916 14.2242 2
    endloop
  endfacet
  facet normal -0.998309 0.0581344 0
    outer loop
      vertex -7.1916 14.2242 7
      vertex -7.1974 14.1246 2
      vertex -7.1974 14.1246 7
    endloop
  endfacet
  facet normal -0.999782 0.0208622 0
    outer loop
      vertex -7.2 14 2
      vertex -7.1974 14.1246 7
      vertex -7.1974 14.1246 2
    endloop
  endfacet
  facet normal -0.999782 0.0208622 0
    outer loop
      vertex -7.1974 14.1246 7
      vertex -7.2 14 2
      vertex -7.2 14 7
    endloop
  endfacet
  facet normal -1 0 0
    outer loop
      vertex -7.2 5.99994 2
      vertex -7.2 14 7
      vertex -7.2 14 2
    endloop
  endfacet
  facet normal -1 -0 0
    outer loop
      vertex -7.2 14 7
      vertex -7.2 5.99994 2
      vertex -7.2 5.99994 7
    endloop
  endfacet
  facet normal -1 0 0
    outer loop
      vertex -7.2 -14 2
      vertex -7.2 -5.99994 7
      vertex -7.2 -5.99994 2
    endloop
  endfacet
  facet normal -1 -0 0
    outer loop
      vertex -7.2 -5.99994 7
      vertex -7.2 -14 2
      vertex -7.2 -14 7
    endloop
  endfacet
  facet normal -0.99986 -0.0167479 0
    outer loop
      vertex -7.19833 -14.0997 2
      vertex -7.2 -14 7
      vertex -7.2 -14 2
    endloop
  endfacet
  facet normal -0.99986 -0.0167479 0
    outer loop
      vertex -7.2 -14 7
      vertex -7.19833 -14.0997 2
      vertex -7.19833 -14.0997 7
    endloop
  endfacet
  facet normal -0.998762 -0.0497376 0
    outer loop
      vertex -7.19337 -14.1993 2
      vertex -7.19833 -14.0997 7
      vertex -7.19833 -14.0997 2
    endloop
  endfacet
  facet normal -0.998762 -0.0497376 0
    outer loop
      vertex -7.19833 -14.0997 7
      vertex -7.19337 -14.1993 2
      vertex -7.19337 -14.1993 7
    endloop
  endfacet
  facet normal -0.996549 -0.0830123 0
    outer loop
      vertex -7.18509 -14.2987 2
      vertex -7.19337 -14.1993 7
      vertex -7.19337 -14.1993 2
    endloop
  endfacet
  facet normal -0.996549 -0.0830123 0
    outer loop
      vertex -7.19337 -14.1993 7
      vertex -7.18509 -14.2987 2
      vertex -7.18509 -14.2987 7
    endloop
  endfacet
  facet normal -0.993242 -0.116062 0
    outer loop
      vertex -7.17351 -14.3978 2
      vertex -7.18509 -14.2987 7
      vertex -7.18509 -14.2987 2
    endloop
  endfacet
  facet normal -0.993242 -0.116062 0
    outer loop
      vertex -7.18509 -14.2987 7
      vertex -7.17351 -14.3978 2
      vertex -7.17351 -14.3978 7
    endloop
  endfacet
  facet normal -0.988833 -0.149027 0
    outer loop
      vertex -7.15865 -14.4964 2
      vertex -7.17351 -14.3978 7
      vertex -7.17351 -14.3978 2
    endloop
  endfacet
  facet normal -0.988833 -0.149027 0
    outer loop
      vertex -7.17351 -14.3978 7
      vertex -7.15865 -14.4964 2
      vertex -7.15865 -14.4964 7
    endloop
  endfacet
  facet normal -0.983315 -0.181913 0
    outer loop
      vertex -7.14052 -14.5944 2
      vertex -7.15865 -14.4964 7
      vertex -7.15865 -14.4964 2
    endloop
  endfacet
  facet normal -0.983315 -0.181913 0
    outer loop
      vertex -7.15865 -14.4964 7
      vertex -7.14052 -14.5944 2
      vertex -7.14052 -14.5944 7
    endloop
  endfacet
  facet normal -0.976724 -0.214498 0
    outer loop
      vertex -7.11913 -14.6918 2
      vertex -7.14052 -14.5944 7
      vertex -7.14052 -14.5944 2
    endloop
  endfacet
  facet normal -0.976724 -0.214498 0
    outer loop
      vertex -7.14052 -14.5944 7
      vertex -7.11913 -14.6918 2
      vertex -7.11913 -14.6918 7
    endloop
  endfacet
  facet normal -0.969132 -0.246542 0
    outer loop
      vertex -7.09453 -14.7885 2
      vertex -7.11913 -14.6918 7
      vertex -7.11913 -14.6918 2
    endloop
  endfacet
  facet normal -0.969132 -0.246542 0
    outer loop
      vertex -7.11913 -14.6918 7
      vertex -7.09453 -14.7885 2
      vertex -7.09453 -14.7885 7
    endloop
  endfacet
  facet normal -0.960327 -0.278876 0
    outer loop
      vertex -7.06671 -14.8843 2
      vertex -7.09453 -14.7885 7
      vertex -7.09453 -14.7885 2
    endloop
  endfacet
  facet normal -0.960327 -0.278876 0
    outer loop
      vertex -7.09453 -14.7885 7
      vertex -7.06671 -14.8843 2
      vertex -7.06671 -14.8843 7
    endloop
  endfacet
  facet normal -0.950561 -0.310537 0
    outer loop
      vertex -7.03574 -14.9791 2
      vertex -7.06671 -14.8843 7
      vertex -7.06671 -14.8843 2
    endloop
  endfacet
  facet normal -0.950561 -0.310537 0
    outer loop
      vertex -7.06671 -14.8843 7
      vertex -7.03574 -14.9791 2
      vertex -7.03574 -14.9791 7
    endloop
  endfacet
  facet normal -0.939673 -0.342073 0
    outer loop
      vertex -7.00163 -15.0728 2
      vertex -7.03574 -14.9791 7
      vertex -7.03574 -14.9791 2
    endloop
  endfacet
  facet normal -0.939673 -0.342073 0
    outer loop
      vertex -7.03574 -14.9791 7
      vertex -7.00163 -15.0728 2
      vertex -7.00163 -15.0728 7
    endloop
  endfacet
  facet normal -0.927783 -0.373119 0
    outer loop
      vertex -6.96443 -15.1653 2
      vertex -7.00163 -15.0728 7
      vertex -7.00163 -15.0728 2
    endloop
  endfacet
  facet normal -0.927783 -0.373119 0
    outer loop
      vertex -7.00163 -15.0728 7
      vertex -6.96443 -15.1653 2
      vertex -6.96443 -15.1653 7
    endloop
  endfacet
  facet normal -0.914789 -0.403932 0
    outer loop
      vertex -6.92416 -15.2565 2
      vertex -6.96443 -15.1653 7
      vertex -6.96443 -15.1653 2
    endloop
  endfacet
  facet normal -0.914789 -0.403932 0
    outer loop
      vertex -6.96443 -15.1653 7
      vertex -6.92416 -15.2565 2
      vertex -6.92416 -15.2565 7
    endloop
  endfacet
  facet normal -0.901061 -0.433692 0
    outer loop
      vertex -6.88089 -15.3464 2
      vertex -6.92416 -15.2565 7
      vertex -6.92416 -15.2565 2
    endloop
  endfacet
  facet normal -0.901061 -0.433692 0
    outer loop
      vertex -6.92416 -15.2565 7
      vertex -6.88089 -15.3464 2
      vertex -6.88089 -15.3464 7
    endloop
  endfacet
  facet normal -0.886139 -0.463419 0
    outer loop
      vertex -6.83466 -15.4348 2
      vertex -6.88089 -15.3464 7
      vertex -6.88089 -15.3464 2
    endloop
  endfacet
  facet normal -0.886139 -0.463419 0
    outer loop
      vertex -6.88089 -15.3464 7
      vertex -6.83466 -15.4348 2
      vertex -6.83466 -15.4348 7
    endloop
  endfacet
  facet normal -0.869979 -0.493089 0
    outer loop
      vertex -6.78552 -15.5215 2
      vertex -6.83466 -15.4348 7
      vertex -6.83466 -15.4348 2
    endloop
  endfacet
  facet normal -0.869979 -0.493089 0
    outer loop
      vertex -6.83466 -15.4348 7
      vertex -6.78552 -15.5215 2
      vertex -6.78552 -15.5215 7
    endloop
  endfacet
  facet normal -0.853307 -0.521409 0
    outer loop
      vertex -6.73352 -15.6066 2
      vertex -6.78552 -15.5215 7
      vertex -6.78552 -15.5215 2
    endloop
  endfacet
  facet normal -0.853307 -0.521409 0
    outer loop
      vertex -6.78552 -15.5215 7
      vertex -6.73352 -15.6066 2
      vertex -6.73352 -15.6066 7
    endloop
  endfacet
  facet normal -0.835686 -0.549208 0
    outer loop
      vertex -6.67871 -15.69 2
      vertex -6.73352 -15.6066 7
      vertex -6.73352 -15.6066 2
    endloop
  endfacet
  facet normal -0.835686 -0.549208 0
    outer loop
      vertex -6.73352 -15.6066 7
      vertex -6.67871 -15.69 2
      vertex -6.67871 -15.69 7
    endloop
  endfacet
  facet normal -0.816584 -0.577227 0
    outer loop
      vertex -6.62117 -15.7714 2
      vertex -6.67871 -15.69 7
      vertex -6.67871 -15.69 2
    endloop
  endfacet
  facet normal -0.816584 -0.577227 0
    outer loop
      vertex -6.67871 -15.69 7
      vertex -6.62117 -15.7714 2
      vertex -6.62117 -15.7714 7
    endloop
  endfacet
  facet normal -0.797176 -0.603748 0
    outer loop
      vertex -6.56096 -15.8509 2
      vertex -6.62117 -15.7714 7
      vertex -6.62117 -15.7714 2
    endloop
  endfacet
  facet normal -0.797176 -0.603748 0
    outer loop
      vertex -6.62117 -15.7714 7
      vertex -6.56096 -15.8509 2
      vertex -6.56096 -15.8509 7
    endloop
  endfacet
  facet normal -0.776745 -0.629815 0
    outer loop
      vertex -6.49812 -15.9284 2
      vertex -6.56096 -15.8509 7
      vertex -6.56096 -15.8509 2
    endloop
  endfacet
  facet normal -0.776745 -0.629815 0
    outer loop
      vertex -6.56096 -15.8509 7
      vertex -6.49812 -15.9284 2
      vertex -6.49812 -15.9284 7
    endloop
  endfacet
  facet normal -0.755242 -0.655446 0
    outer loop
      vertex -6.43277 -16.0037 2
      vertex -6.49812 -15.9284 7
      vertex -6.49812 -15.9284 2
    endloop
  endfacet
  facet normal -0.755242 -0.655446 0
    outer loop
      vertex -6.49812 -15.9284 7
      vertex -6.43277 -16.0037 2
      vertex -6.43277 -16.0037 7
    endloop
  endfacet
  facet normal -0.732986 -0.680243 0
    outer loop
      vertex -6.36493 -16.0768 2
      vertex -6.43277 -16.0037 7
      vertex -6.43277 -16.0037 2
    endloop
  endfacet
  facet normal -0.732986 -0.680243 0
    outer loop
      vertex -6.43277 -16.0037 7
      vertex -6.36493 -16.0768 2
      vertex -6.36493 -16.0768 7
    endloop
  endfacet
  facet normal -0.710009 -0.704193 0
    outer loop
      vertex -6.29471 -16.1476 2
      vertex -6.36493 -16.0768 7
      vertex -6.36493 -16.0768 2
    endloop
  endfacet
  facet normal -0.710009 -0.704193 0
    outer loop
      vertex -6.36493 -16.0768 7
      vertex -6.29471 -16.1476 2
      vertex -6.29471 -16.1476 7
    endloop
  endfacet
  facet normal -0.68604 -0.727564 0
    outer loop
      vertex -6.29471 -16.1476 2
      vertex -6.22217 -16.216 7
      vertex -6.29471 -16.1476 7
    endloop
  endfacet
  facet normal -0.68604 -0.727564 -0
    outer loop
      vertex -6.22217 -16.216 7
      vertex -6.29471 -16.1476 2
      vertex -6.22217 -16.216 2
    endloop
  endfacet
  facet normal -0.661771 -0.749706 0
    outer loop
      vertex -6.22217 -16.216 2
      vertex -6.1474 -16.282 7
      vertex -6.22217 -16.216 7
    endloop
  endfacet
  facet normal -0.661771 -0.749706 -0
    outer loop
      vertex -6.1474 -16.282 7
      vertex -6.22217 -16.216 2
      vertex -6.1474 -16.282 2
    endloop
  endfacet
  facet normal -0.636578 -0.771212 0
    outer loop
      vertex -6.1474 -16.282 2
      vertex -6.07047 -16.3455 7
      vertex -6.1474 -16.282 7
    endloop
  endfacet
  facet normal -0.636578 -0.771212 -0
    outer loop
      vertex -6.07047 -16.3455 7
      vertex -6.1474 -16.282 2
      vertex -6.07047 -16.3455 2
    endloop
  endfacet
  facet normal -0.610534 -0.79199 0
    outer loop
      vertex -6.07047 -16.3455 2
      vertex -5.99147 -16.4064 7
      vertex -6.07047 -16.3455 7
    endloop
  endfacet
  facet normal -0.610534 -0.79199 -0
    outer loop
      vertex -5.99147 -16.4064 7
      vertex -6.07047 -16.3455 2
      vertex -5.99147 -16.4064 2
    endloop
  endfacet
  facet normal -0.583607 -0.812036 0
    outer loop
      vertex -5.99147 -16.4064 2
      vertex -5.91049 -16.4646 7
      vertex -5.99147 -16.4064 7
    endloop
  endfacet
  facet normal -0.583607 -0.812036 -0
    outer loop
      vertex -5.91049 -16.4646 7
      vertex -5.99147 -16.4064 2
      vertex -5.91049 -16.4646 2
    endloop
  endfacet
  facet normal -0.55655 -0.830814 0
    outer loop
      vertex -5.91049 -16.4646 2
      vertex -5.82764 -16.5201 7
      vertex -5.91049 -16.4646 7
    endloop
  endfacet
  facet normal -0.55655 -0.830814 -0
    outer loop
      vertex -5.82764 -16.5201 7
      vertex -5.91049 -16.4646 2
      vertex -5.82764 -16.5201 2
    endloop
  endfacet
  facet normal -0.528466 -0.848955 0
    outer loop
      vertex -5.82764 -16.5201 2
      vertex -5.74298 -16.5728 7
      vertex -5.82764 -16.5201 7
    endloop
  endfacet
  facet normal -0.528466 -0.848955 -0
    outer loop
      vertex -5.74298 -16.5728 7
      vertex -5.82764 -16.5201 2
      vertex -5.74298 -16.5728 2
    endloop
  endfacet
  facet normal -0.500214 -0.865902 0
    outer loop
      vertex -5.74298 -16.5728 2
      vertex -5.6566 -16.6227 7
      vertex -5.74298 -16.5728 7
    endloop
  endfacet
  facet normal -0.500214 -0.865902 -0
    outer loop
      vertex -5.6566 -16.6227 7
      vertex -5.74298 -16.5728 2
      vertex -5.6566 -16.6227 2
    endloop
  endfacet
  facet normal -0.470453 -0.882425 0
    outer loop
      vertex -5.6566 -16.6227 2
      vertex -5.56863 -16.6696 7
      vertex -5.6566 -16.6227 7
    endloop
  endfacet
  facet normal -0.470453 -0.882425 -0
    outer loop
      vertex -5.56863 -16.6696 7
      vertex -5.6566 -16.6227 2
      vertex -5.56863 -16.6696 2
    endloop
  endfacet
  facet normal -0.441227 -0.897396 0
    outer loop
      vertex -5.56863 -16.6696 2
      vertex -5.47914 -16.7136 7
      vertex -5.56863 -16.6696 7
    endloop
  endfacet
  facet normal -0.441227 -0.897396 -0
    outer loop
      vertex -5.47914 -16.7136 7
      vertex -5.56863 -16.6696 2
      vertex -5.47914 -16.7136 2
    endloop
  endfacet
  facet normal -0.411952 -0.911206 0
    outer loop
      vertex -5.47914 -16.7136 2
      vertex -5.38823 -16.7547 7
      vertex -5.47914 -16.7136 7
    endloop
  endfacet
  facet normal -0.411952 -0.911206 -0
    outer loop
      vertex -5.38823 -16.7547 7
      vertex -5.47914 -16.7136 2
      vertex -5.38823 -16.7547 2
    endloop
  endfacet
  facet normal -0.380159 -0.924921 0
    outer loop
      vertex -5.38823 -16.7547 2
      vertex -5.29602 -16.7926 7
      vertex -5.38823 -16.7547 7
    endloop
  endfacet
  facet normal -0.380159 -0.924921 -0
    outer loop
      vertex -5.29602 -16.7926 7
      vertex -5.38823 -16.7547 2
      vertex -5.29602 -16.7926 2
    endloop
  endfacet
  facet normal -0.349925 -0.936778 0
    outer loop
      vertex -5.29602 -16.7926 2
      vertex -5.20259 -16.8275 7
      vertex -5.29602 -16.7926 7
    endloop
  endfacet
  facet normal -0.349925 -0.936778 -0
    outer loop
      vertex -5.20259 -16.8275 7
      vertex -5.29602 -16.7926 2
      vertex -5.20259 -16.8275 2
    endloop
  endfacet
  facet normal -0.318843 -0.947807 0
    outer loop
      vertex -5.20259 -16.8275 2
      vertex -5.10806 -16.8593 7
      vertex -5.20259 -16.8275 7
    endloop
  endfacet
  facet normal -0.318843 -0.947807 -0
    outer loop
      vertex -5.10806 -16.8593 7
      vertex -5.20259 -16.8275 2
      vertex -5.10806 -16.8593 2
    endloop
  endfacet
  facet normal -0.28675 -0.958005 0
    outer loop
      vertex -5.10806 -16.8593 2
      vertex -5.01251 -16.8879 7
      vertex -5.10806 -16.8593 7
    endloop
  endfacet
  facet normal -0.28675 -0.958005 -0
    outer loop
      vertex -5.01251 -16.8879 7
      vertex -5.10806 -16.8593 2
      vertex -5.01251 -16.8879 2
    endloop
  endfacet
  facet normal -0.254715 -0.967016 0
    outer loop
      vertex -5.01251 -16.8879 2
      vertex -4.91608 -16.9133 7
      vertex -5.01251 -16.8879 7
    endloop
  endfacet
  facet normal -0.254715 -0.967016 -0
    outer loop
      vertex -4.91608 -16.9133 7
      vertex -5.01251 -16.8879 2
      vertex -4.91608 -16.9133 2
    endloop
  endfacet
  facet normal -0.222596 -0.974911 0
    outer loop
      vertex -4.91608 -16.9133 2
      vertex -4.81885 -16.9355 7
      vertex -4.91608 -16.9133 7
    endloop
  endfacet
  facet normal -0.222596 -0.974911 -0
    outer loop
      vertex -4.81885 -16.9355 7
      vertex -4.91608 -16.9133 2
      vertex -4.81885 -16.9355 2
    endloop
  endfacet
  facet normal -0.189554 -0.98187 0
    outer loop
      vertex -4.81885 -16.9355 2
      vertex -4.72095 -16.9544 7
      vertex -4.81885 -16.9355 7
    endloop
  endfacet
  facet normal -0.189554 -0.98187 -0
    outer loop
      vertex -4.72095 -16.9544 7
      vertex -4.81885 -16.9355 2
      vertex -4.72095 -16.9544 2
    endloop
  endfacet
  facet normal -0.157404 -0.987534 0
    outer loop
      vertex -4.72095 -16.9544 2
      vertex -4.62245 -16.9701 7
      vertex -4.72095 -16.9544 7
    endloop
  endfacet
  facet normal -0.157404 -0.987534 -0
    outer loop
      vertex -4.62245 -16.9701 7
      vertex -4.72095 -16.9544 2
      vertex -4.62245 -16.9701 2
    endloop
  endfacet
  facet normal -0.124343 -0.992239 0
    outer loop
      vertex -4.62245 -16.9701 2
      vertex -4.5235 -16.9825 7
      vertex -4.62245 -16.9701 7
    endloop
  endfacet
  facet normal -0.124343 -0.992239 -0
    outer loop
      vertex -4.5235 -16.9825 7
      vertex -4.62245 -16.9701 2
      vertex -4.5235 -16.9825 2
    endloop
  endfacet
  facet normal -0.09125 -0.995828 0
    outer loop
      vertex -4.5235 -16.9825 2
      vertex -4.42419 -16.9916 7
      vertex -4.5235 -16.9825 7
    endloop
  endfacet
  facet normal -0.09125 -0.995828 -0
    outer loop
      vertex -4.42419 -16.9916 7
      vertex -4.5235 -16.9825 2
      vertex -4.42419 -16.9916 2
    endloop
  endfacet
  facet normal -0.0581577 -0.998307 0
    outer loop
      vertex -4.42419 -16.9916 2
      vertex -4.32463 -16.9974 7
      vertex -4.42419 -16.9916 7
    endloop
  endfacet
  facet normal -0.0581577 -0.998307 -0
    outer loop
      vertex -4.32463 -16.9974 7
      vertex -4.42419 -16.9916 2
      vertex -4.32463 -16.9974 2
    endloop
  endfacet
  facet normal -0.0208572 -0.999782 0
    outer loop
      vertex -4.32463 -16.9974 2
      vertex -4.2 -17 7
      vertex -4.32463 -16.9974 7
    endloop
  endfacet
  facet normal -0.0208572 -0.999782 -0
    outer loop
      vertex -4.2 -17 7
      vertex -4.32463 -16.9974 2
      vertex -4.2 -17 2
    endloop
  endfacet
  facet normal 0 -1 0
    outer loop
      vertex -4.2 -17 2
      vertex 4.2 -17 7
      vertex -4.2 -17 7
    endloop
  endfacet
  facet normal 0 -1 -0
    outer loop
      vertex 4.2 -17 7
      vertex -4.2 -17 2
      vertex 4.2 -17 2
    endloop
  endfacet
  facet normal 0.017047 -0.999855 0
    outer loop
      vertex 4.2 -17 2
      vertex 4.29971 -16.9983 7
      vertex 4.2 -17 7
    endloop
  endfacet
  facet normal 0.017047 -0.999855 0
    outer loop
      vertex 4.29971 -16.9983 7
      vertex 4.2 -17 2
      vertex 4.29971 -16.9983 2
    endloop
  endfacet
  facet normal 0.0202505 0.999795 -0
    outer loop
      vertex -4.17984 -15.08 2
      vertex -4.24896 -15.0786 7
      vertex -4.17984 -15.08 7
    endloop
  endfacet
  facet normal 0.0202505 0.999795 0
    outer loop
      vertex -4.24896 -15.0786 7
      vertex -4.17984 -15.08 2
      vertex -4.24896 -15.0786 2
    endloop
  endfacet
  facet normal 0.0599804 0.9982 -0
    outer loop
      vertex -4.24896 -15.0786 2
      vertex -4.28058 -15.0767 7
      vertex -4.24896 -15.0786 7
    endloop
  endfacet
  facet normal 0.0599804 0.9982 0
    outer loop
      vertex -4.28058 -15.0767 7
      vertex -4.24896 -15.0786 2
      vertex -4.28058 -15.0767 2
    endloop
  endfacet
  facet normal 0.0914856 0.995806 -0
    outer loop
      vertex -4.28058 -15.0767 2
      vertex -4.3165 -15.0734 7
      vertex -4.28058 -15.0767 7
    endloop
  endfacet
  facet normal 0.0914856 0.995806 0
    outer loop
      vertex -4.3165 -15.0734 7
      vertex -4.28058 -15.0767 2
      vertex -4.3165 -15.0734 2
    endloop
  endfacet
  facet normal 0.122662 0.992448 -0
    outer loop
      vertex -4.3165 -15.0734 2
      vertex -4.3521 -15.069 7
      vertex -4.3165 -15.0734 7
    endloop
  endfacet
  facet normal 0.122662 0.992448 0
    outer loop
      vertex -4.3521 -15.069 7
      vertex -4.3165 -15.0734 2
      vertex -4.3521 -15.069 2
    endloop
  endfacet
  facet normal 0.157246 0.98756 -0
    outer loop
      vertex -4.3521 -15.069 2
      vertex -4.38727 -15.0634 7
      vertex -4.3521 -15.069 7
    endloop
  endfacet
  facet normal 0.157246 0.98756 0
    outer loop
      vertex -4.38727 -15.0634 7
      vertex -4.3521 -15.069 2
      vertex -4.38727 -15.0634 2
    endloop
  endfacet
  facet normal 0.190951 0.9816 -0
    outer loop
      vertex -4.38727 -15.0634 2
      vertex -4.42274 -15.0565 7
      vertex -4.38727 -15.0634 7
    endloop
  endfacet
  facet normal 0.190951 0.9816 0
    outer loop
      vertex -4.42274 -15.0565 7
      vertex -4.38727 -15.0634 2
      vertex -4.42274 -15.0565 2
    endloop
  endfacet
  facet normal 0.223649 0.97467 -0
    outer loop
      vertex -4.42274 -15.0565 2
      vertex -4.45804 -15.0484 7
      vertex -4.42274 -15.0565 7
    endloop
  endfacet
  facet normal 0.223649 0.97467 0
    outer loop
      vertex -4.45804 -15.0484 7
      vertex -4.42274 -15.0565 2
      vertex -4.45804 -15.0484 2
    endloop
  endfacet
  facet normal 0.252628 0.967564 -0
    outer loop
      vertex -4.45804 -15.0484 2
      vertex -4.49251 -15.0394 7
      vertex -4.45804 -15.0484 7
    endloop
  endfacet
  facet normal 0.252628 0.967564 0
    outer loop
      vertex -4.49251 -15.0394 7
      vertex -4.45804 -15.0484 2
      vertex -4.49251 -15.0394 2
    endloop
  endfacet
  facet normal 0.28853 0.957471 -0
    outer loop
      vertex -4.49251 -15.0394 2
      vertex -4.52669 -15.0291 7
      vertex -4.49251 -15.0394 7
    endloop
  endfacet
  facet normal 0.28853 0.957471 0
    outer loop
      vertex -4.52669 -15.0291 7
      vertex -4.49251 -15.0394 2
      vertex -4.52669 -15.0291 2
    endloop
  endfacet
  facet normal 0.317732 0.94818 -0
    outer loop
      vertex -4.52669 -15.0291 2
      vertex -4.56071 -15.0177 7
      vertex -4.52669 -15.0291 7
    endloop
  endfacet
  facet normal 0.317732 0.94818 0
    outer loop
      vertex -4.56071 -15.0177 7
      vertex -4.52669 -15.0291 2
      vertex -4.56071 -15.0177 2
    endloop
  endfacet
  facet normal 0.348847 0.93718 -0
    outer loop
      vertex -4.56071 -15.0177 2
      vertex -4.59456 -15.0051 7
      vertex -4.56071 -15.0177 7
    endloop
  endfacet
  facet normal 0.348847 0.93718 0
    outer loop
      vertex -4.59456 -15.0051 7
      vertex -4.56071 -15.0177 2
      vertex -4.59456 -15.0051 2
    endloop
  endfacet
  facet normal 0.381625 0.924317 -0
    outer loop
      vertex -4.59456 -15.0051 2
      vertex -4.6275 -14.9915 7
      vertex -4.59456 -15.0051 7
    endloop
  endfacet
  facet normal 0.381625 0.924317 0
    outer loop
      vertex -4.6275 -14.9915 7
      vertex -4.59456 -15.0051 2
      vertex -4.6275 -14.9915 2
    endloop
  endfacet
  facet normal 0.410376 0.911916 -0
    outer loop
      vertex -4.6275 -14.9915 2
      vertex -4.66061 -14.9766 7
      vertex -4.6275 -14.9915 7
    endloop
  endfacet
  facet normal 0.410376 0.911916 0
    outer loop
      vertex -4.66061 -14.9766 7
      vertex -4.6275 -14.9915 2
      vertex -4.66061 -14.9766 2
    endloop
  endfacet
  facet normal 0.443144 0.89645 -0
    outer loop
      vertex -4.66061 -14.9766 2
      vertex -4.69237 -14.9609 7
      vertex -4.66061 -14.9766 7
    endloop
  endfacet
  facet normal 0.443144 0.89645 0
    outer loop
      vertex -4.69237 -14.9609 7
      vertex -4.66061 -14.9766 2
      vertex -4.69237 -14.9609 2
    endloop
  endfacet
  facet normal 0.470503 0.882399 -0
    outer loop
      vertex -4.69237 -14.9609 2
      vertex -4.72444 -14.9438 7
      vertex -4.69237 -14.9609 7
    endloop
  endfacet
  facet normal 0.470503 0.882399 0
    outer loop
      vertex -4.72444 -14.9438 7
      vertex -4.69237 -14.9609 2
      vertex -4.72444 -14.9438 2
    endloop
  endfacet
  facet normal 0.499478 0.866326 -0
    outer loop
      vertex -4.72444 -14.9438 2
      vertex -4.75514 -14.9261 7
      vertex -4.72444 -14.9438 7
    endloop
  endfacet
  facet normal 0.499478 0.866326 0
    outer loop
      vertex -4.75514 -14.9261 7
      vertex -4.72444 -14.9438 2
      vertex -4.75514 -14.9261 2
    endloop
  endfacet
  facet normal 0.529376 0.848387 -0
    outer loop
      vertex -4.75514 -14.9261 2
      vertex -4.78575 -14.907 7
      vertex -4.75514 -14.9261 7
    endloop
  endfacet
  facet normal 0.529376 0.848387 0
    outer loop
      vertex -4.78575 -14.907 7
      vertex -4.75514 -14.9261 2
      vertex -4.78575 -14.907 2
    endloop
  endfacet
  facet normal 0.5547 0.83205 -0
    outer loop
      vertex -4.78575 -14.907 2
      vertex -4.8156 -14.8871 7
      vertex -4.78575 -14.907 7
    endloop
  endfacet
  facet normal 0.5547 0.83205 0
    outer loop
      vertex -4.8156 -14.8871 7
      vertex -4.78575 -14.907 2
      vertex -4.8156 -14.8871 2
    endloop
  endfacet
  facet normal 0.585693 0.810533 -0
    outer loop
      vertex -4.8156 -14.8871 2
      vertex -4.8448 -14.866 7
      vertex -4.8156 -14.8871 7
    endloop
  endfacet
  facet normal 0.585693 0.810533 0
    outer loop
      vertex -4.8448 -14.866 7
      vertex -4.8156 -14.8871 2
      vertex -4.8448 -14.866 2
    endloop
  endfacet
  facet normal 0.609711 0.792624 -0
    outer loop
      vertex -4.8448 -14.866 2
      vertex -4.8734 -14.844 7
      vertex -4.8448 -14.866 7
    endloop
  endfacet
  facet normal 0.609711 0.792624 0
    outer loop
      vertex -4.8734 -14.844 7
      vertex -4.8448 -14.866 2
      vertex -4.8734 -14.844 2
    endloop
  endfacet
  facet normal 0.636041 0.771655 -0
    outer loop
      vertex -4.8734 -14.844 2
      vertex -4.90094 -14.8213 7
      vertex -4.8734 -14.844 7
    endloop
  endfacet
  facet normal 0.636041 0.771655 0
    outer loop
      vertex -4.90094 -14.8213 7
      vertex -4.8734 -14.844 2
      vertex -4.90094 -14.8213 2
    endloop
  endfacet
  facet normal 0.661206 0.750204 -0
    outer loop
      vertex -4.90094 -14.8213 2
      vertex -4.92783 -14.7976 7
      vertex -4.90094 -14.8213 7
    endloop
  endfacet
  facet normal 0.661206 0.750204 0
    outer loop
      vertex -4.92783 -14.7976 7
      vertex -4.90094 -14.8213 2
      vertex -4.92783 -14.7976 2
    endloop
  endfacet
  facet normal 0.68714 0.726525 -0
    outer loop
      vertex -4.92783 -14.7976 2
      vertex -4.95384 -14.773 7
      vertex -4.92783 -14.7976 7
    endloop
  endfacet
  facet normal 0.68714 0.726525 0
    outer loop
      vertex -4.95384 -14.773 7
      vertex -4.92783 -14.7976 2
      vertex -4.95384 -14.773 2
    endloop
  endfacet
  facet normal 0.710442 0.703756 0
    outer loop
      vertex -4.95384 -14.773 7
      vertex -4.9791 -14.7475 2
      vertex -4.9791 -14.7475 7
    endloop
  endfacet
  facet normal 0.710442 0.703756 0
    outer loop
      vertex -4.9791 -14.7475 2
      vertex -4.95384 -14.773 7
      vertex -4.95384 -14.773 2
    endloop
  endfacet
  facet normal 0.732774 0.680473 0
    outer loop
      vertex -4.9791 -14.7475 7
      vertex -5.00343 -14.7213 2
      vertex -5.00343 -14.7213 7
    endloop
  endfacet
  facet normal 0.732774 0.680473 0
    outer loop
      vertex -5.00343 -14.7213 2
      vertex -4.9791 -14.7475 7
      vertex -4.9791 -14.7475 2
    endloop
  endfacet
  facet normal 0.755507 0.65514 0
    outer loop
      vertex -5.00343 -14.7213 7
      vertex -5.02719 -14.6939 2
      vertex -5.02719 -14.6939 7
    endloop
  endfacet
  facet normal 0.755507 0.65514 0
    outer loop
      vertex -5.02719 -14.6939 2
      vertex -5.00343 -14.7213 7
      vertex -5.00343 -14.7213 2
    endloop
  endfacet
  facet normal 0.776233 0.630446 0
    outer loop
      vertex -5.02719 -14.6939 7
      vertex -5.04985 -14.666 2
      vertex -5.04985 -14.666 7
    endloop
  endfacet
  facet normal 0.776233 0.630446 0
    outer loop
      vertex -5.04985 -14.666 2
      vertex -5.02719 -14.6939 7
      vertex -5.02719 -14.6939 2
    endloop
  endfacet
  facet normal 0.797567 0.60323 0
    outer loop
      vertex -5.04985 -14.666 7
      vertex -5.07133 -14.6376 2
      vertex -5.07133 -14.6376 7
    endloop
  endfacet
  facet normal 0.797567 0.60323 0
    outer loop
      vertex -5.07133 -14.6376 2
      vertex -5.04985 -14.666 7
      vertex -5.04985 -14.666 2
    endloop
  endfacet
  facet normal 0.816352 0.577555 0
    outer loop
      vertex -5.07133 -14.6376 7
      vertex -5.09213 -14.6082 2
      vertex -5.09213 -14.6082 7
    endloop
  endfacet
  facet normal 0.816352 0.577555 0
    outer loop
      vertex -5.09213 -14.6082 2
      vertex -5.07133 -14.6376 7
      vertex -5.07133 -14.6376 2
    endloop
  endfacet
  facet normal 0.835778 0.549067 0
    outer loop
      vertex -5.09213 -14.6082 7
      vertex -5.11197 -14.578 2
      vertex -5.11197 -14.578 7
    endloop
  endfacet
  facet normal 0.835778 0.549067 0
    outer loop
      vertex -5.11197 -14.578 2
      vertex -5.09213 -14.6082 7
      vertex -5.09213 -14.6082 2
    endloop
  endfacet
  facet normal 0.852455 0.522801 0
    outer loop
      vertex -5.11197 -14.578 7
      vertex -5.13043 -14.5479 2
      vertex -5.13043 -14.5479 7
    endloop
  endfacet
  facet normal 0.852455 0.522801 0
    outer loop
      vertex -5.13043 -14.5479 2
      vertex -5.11197 -14.578 7
      vertex -5.11197 -14.578 2
    endloop
  endfacet
  facet normal 0.870851 0.491547 0
    outer loop
      vertex -5.13043 -14.5479 7
      vertex -5.14821 -14.5164 2
      vertex -5.14821 -14.5164 7
    endloop
  endfacet
  facet normal 0.870851 0.491547 0
    outer loop
      vertex -5.14821 -14.5164 2
      vertex -5.13043 -14.5479 7
      vertex -5.13043 -14.5479 2
    endloop
  endfacet
  facet normal 0.885484 0.464671 0
    outer loop
      vertex -5.14821 -14.5164 7
      vertex -5.16495 -14.4845 2
      vertex -5.16495 -14.4845 7
    endloop
  endfacet
  facet normal 0.885484 0.464671 0
    outer loop
      vertex -5.16495 -14.4845 2
      vertex -5.14821 -14.5164 7
      vertex -5.14821 -14.5164 2
    endloop
  endfacet
  facet normal 0.90137 0.43305 0
    outer loop
      vertex -5.16495 -14.4845 7
      vertex -5.18042 -14.4523 2
      vertex -5.18042 -14.4523 7
    endloop
  endfacet
  facet normal 0.90137 0.43305 0
    outer loop
      vertex -5.18042 -14.4523 2
      vertex -5.16495 -14.4845 7
      vertex -5.16495 -14.4845 2
    endloop
  endfacet
  facet normal 0.914803 0.4039 0
    outer loop
      vertex -5.18042 -14.4523 7
      vertex -5.19499 -14.4193 2
      vertex -5.19499 -14.4193 7
    endloop
  endfacet
  facet normal 0.914803 0.4039 0
    outer loop
      vertex -5.19499 -14.4193 2
      vertex -5.18042 -14.4523 7
      vertex -5.18042 -14.4523 2
    endloop
  endfacet
  facet normal 0.927794 0.373092 0
    outer loop
      vertex -5.19499 -14.4193 7
      vertex -5.20822 -14.3864 2
      vertex -5.20822 -14.3864 7
    endloop
  endfacet
  facet normal 0.927794 0.373092 0
    outer loop
      vertex -5.20822 -14.3864 2
      vertex -5.19499 -14.4193 7
      vertex -5.19499 -14.4193 2
    endloop
  endfacet
  facet normal 0.939648 0.342142 0
    outer loop
      vertex -5.20822 -14.3864 7
      vertex -5.2206 -14.3524 2
      vertex -5.2206 -14.3524 7
    endloop
  endfacet
  facet normal 0.939648 0.342142 0
    outer loop
      vertex -5.2206 -14.3524 2
      vertex -5.20822 -14.3864 7
      vertex -5.20822 -14.3864 2
    endloop
  endfacet
  facet normal 0.950524 0.310652 0
    outer loop
      vertex -5.2206 -14.3524 7
      vertex -5.23181 -14.3181 2
      vertex -5.23181 -14.3181 7
    endloop
  endfacet
  facet normal 0.950524 0.310652 0
    outer loop
      vertex -5.23181 -14.3181 2
      vertex -5.2206 -14.3524 7
      vertex -5.2206 -14.3524 2
    endloop
  endfacet
  facet normal 0.96025 0.279142 0
    outer loop
      vertex -5.23181 -14.3181 7
      vertex -5.24181 -14.2837 2
      vertex -5.24181 -14.2837 7
    endloop
  endfacet
  facet normal 0.96025 0.279142 0
    outer loop
      vertex -5.24181 -14.2837 2
      vertex -5.23181 -14.3181 7
      vertex -5.23181 -14.3181 2
    endloop
  endfacet
  facet normal 0.969152 0.246465 0
    outer loop
      vertex -5.24181 -14.2837 7
      vertex -5.25066 -14.2489 2
      vertex -5.25066 -14.2489 7
    endloop
  endfacet
  facet normal 0.969152 0.246465 0
    outer loop
      vertex -5.25066 -14.2489 2
      vertex -5.24181 -14.2837 7
      vertex -5.24181 -14.2837 2
    endloop
  endfacet
  facet normal 0.97675 0.214381 0
    outer loop
      vertex -5.25066 -14.2489 7
      vertex -5.25832 -14.214 2
      vertex -5.25832 -14.214 7
    endloop
  endfacet
  facet normal 0.97675 0.214381 0
    outer loop
      vertex -5.25832 -14.214 2
      vertex -5.25066 -14.2489 7
      vertex -5.25066 -14.2489 2
    endloop
  endfacet
  facet normal 0.983417 0.181361 0
    outer loop
      vertex -5.25832 -14.214 7
      vertex -5.26483 -14.1787 2
      vertex -5.26483 -14.1787 7
    endloop
  endfacet
  facet normal 0.983417 0.181361 0
    outer loop
      vertex -5.26483 -14.1787 2
      vertex -5.25832 -14.214 7
      vertex -5.25832 -14.214 2
    endloop
  endfacet
  facet normal 0.988792 0.149299 0
    outer loop
      vertex -5.26483 -14.1787 7
      vertex -5.27016 -14.1434 2
      vertex -5.27016 -14.1434 7
    endloop
  endfacet
  facet normal 0.988792 0.149299 0
    outer loop
      vertex -5.27016 -14.1434 2
      vertex -5.26483 -14.1787 7
      vertex -5.26483 -14.1787 2
    endloop
  endfacet
  facet normal 0.99321 0.116332 0
    outer loop
      vertex -5.27016 -14.1434 7
      vertex -5.2744 -14.1072 2
      vertex -5.2744 -14.1072 7
    endloop
  endfacet
  facet normal 0.99321 0.116332 0
    outer loop
      vertex -5.2744 -14.1072 2
      vertex -5.27016 -14.1434 7
      vertex -5.27016 -14.1434 2
    endloop
  endfacet
  facet normal 0.996561 0.0828601 0
    outer loop
      vertex -5.2744 -14.1072 7
      vertex -5.27736 -14.0716 2
      vertex -5.27736 -14.0716 7
    endloop
  endfacet
  facet normal 0.996561 0.0828601 0
    outer loop
      vertex -5.27736 -14.0716 2
      vertex -5.2744 -14.1072 7
      vertex -5.2744 -14.1072 2
    endloop
  endfacet
  facet normal 0.998773 0.0495143 0
    outer loop
      vertex -5.27736 -14.0716 7
      vertex -5.27911 -14.0363 2
      vertex -5.27911 -14.0363 7
    endloop
  endfacet
  facet normal 0.998773 0.0495143 0
    outer loop
      vertex -5.27911 -14.0363 2
      vertex -5.27736 -14.0716 7
      vertex -5.27736 -14.0716 2
    endloop
  endfacet
  facet normal 0.999858 0.0168537 0
    outer loop
      vertex -5.27911 -14.0363 7
      vertex -5.28 -13.9835 2
      vertex -5.28 -13.9835 7
    endloop
  endfacet
  facet normal 0.999858 0.0168537 0
    outer loop
      vertex -5.28 -13.9835 2
      vertex -5.27911 -14.0363 7
      vertex -5.27911 -14.0363 2
    endloop
  endfacet
  facet normal 1 -0 0
    outer loop
      vertex -5.28 -13.9835 7
      vertex -5.28 -7.91994 2
      vertex -5.28 -7.91994 7
    endloop
  endfacet
  facet normal 1 0 0
    outer loop
      vertex -5.28 -7.91994 2
      vertex -5.28 -13.9835 7
      vertex -5.28 -13.9835 2
    endloop
  endfacet
  facet normal 0 -1 0
    outer loop
      vertex -5.28 -7.91994 2
      vertex -3.97499 -7.91994 7
      vertex -5.28 -7.91994 7
    endloop
  endfacet
  facet normal 0 -1 -0
    outer loop
      vertex -3.97499 -7.91994 7
      vertex -5.28 -7.91994 2
      vertex -3.97499 -7.91994 2
    endloop
  endfacet
  facet normal 0.00666097 -0.999978 0
    outer loop
      vertex -3.97499 -7.91994 2
      vertex -3.95097 -7.91978 7
      vertex -3.97499 -7.91994 7
    endloop
  endfacet
  facet normal 0.00666097 -0.999978 0
    outer loop
      vertex -3.95097 -7.91978 7
      vertex -3.97499 -7.91994 2
      vertex -3.95097 -7.91978 2
    endloop
  endfacet
  facet normal 0.0125003 -0.999922 0
    outer loop
      vertex -3.95097 -7.91978 2
      vertex -3.85098 -7.91853 7
      vertex -3.95097 -7.91978 7
    endloop
  endfacet
  facet normal 0.0125003 -0.999922 0
    outer loop
      vertex -3.85098 -7.91853 7
      vertex -3.95097 -7.91978 2
      vertex -3.85098 -7.91853 2
    endloop
  endfacet
  facet normal 0.0203401 -0.999793 0
    outer loop
      vertex -3.85098 -7.91853 2
      vertex -3.81903 -7.91788 7
      vertex -3.85098 -7.91853 7
    endloop
  endfacet
  facet normal 0.0203401 -0.999793 0
    outer loop
      vertex -3.81903 -7.91788 7
      vertex -3.85098 -7.91853 2
      vertex -3.81903 -7.91788 2
    endloop
  endfacet
  facet normal 0.0292051 -0.999573 0
    outer loop
      vertex -3.81903 -7.91788 2
      vertex -3.71909 -7.91496 7
      vertex -3.81903 -7.91788 7
    endloop
  endfacet
  facet normal 0.0292051 -0.999573 0
    outer loop
      vertex -3.71909 -7.91496 7
      vertex -3.81903 -7.91788 2
      vertex -3.71909 -7.91496 2
    endloop
  endfacet
  facet normal 0.0375557 -0.999295 0
    outer loop
      vertex -3.71909 -7.91496 2
      vertex -3.68716 -7.91376 7
      vertex -3.71909 -7.91496 7
    endloop
  endfacet
  facet normal 0.0375557 -0.999295 0
    outer loop
      vertex -3.68716 -7.91376 7
      vertex -3.71909 -7.91496 2
      vertex -3.68716 -7.91376 2
    endloop
  endfacet
  facet normal 0.0458023 -0.998951 0
    outer loop
      vertex -3.68716 -7.91376 2
      vertex -3.58727 -7.90918 7
      vertex -3.68716 -7.91376 7
    endloop
  endfacet
  facet normal 0.0458023 -0.998951 0
    outer loop
      vertex -3.58727 -7.90918 7
      vertex -3.68716 -7.91376 2
      vertex -3.58727 -7.90918 2
    endloop
  endfacet
  facet normal 0.0537395 -0.998555 0
    outer loop
      vertex -3.58727 -7.90918 2
      vertex -3.55531 -7.90746 7
      vertex -3.58727 -7.90918 7
    endloop
  endfacet
  facet normal 0.0537395 -0.998555 0
    outer loop
      vertex -3.55531 -7.90746 7
      vertex -3.58727 -7.90918 2
      vertex -3.55531 -7.90746 2
    endloop
  endfacet
  facet normal 0.062509 -0.998044 0
    outer loop
      vertex -3.55531 -7.90746 2
      vertex -3.45552 -7.90121 7
      vertex -3.55531 -7.90746 7
    endloop
  endfacet
  facet normal 0.062509 -0.998044 0
    outer loop
      vertex -3.45552 -7.90121 7
      vertex -3.55531 -7.90746 2
      vertex -3.45552 -7.90121 2
    endloop
  endfacet
  facet normal 0.0706088 -0.997504 0
    outer loop
      vertex -3.45552 -7.90121 2
      vertex -3.42331 -7.89893 7
      vertex -3.45552 -7.90121 7
    endloop
  endfacet
  facet normal 0.0706088 -0.997504 0
    outer loop
      vertex -3.42331 -7.89893 7
      vertex -3.45552 -7.90121 2
      vertex -3.42331 -7.89893 2
    endloop
  endfacet
  facet normal 0.0791967 -0.996859 0
    outer loop
      vertex -3.42331 -7.89893 2
      vertex -3.32362 -7.89101 7
      vertex -3.42331 -7.89893 7
    endloop
  endfacet
  facet normal 0.0791967 -0.996859 0
    outer loop
      vertex -3.32362 -7.89101 7
      vertex -3.42331 -7.89893 2
      vertex -3.32362 -7.89101 2
    endloop
  endfacet
  facet normal 0.0875537 -0.99616 0
    outer loop
      vertex -3.32362 -7.89101 2
      vertex -3.29199 -7.88823 7
      vertex -3.32362 -7.89101 7
    endloop
  endfacet
  facet normal 0.0875537 -0.99616 0
    outer loop
      vertex -3.29199 -7.88823 7
      vertex -3.32362 -7.89101 2
      vertex -3.29199 -7.88823 2
    endloop
  endfacet
  facet normal 0.0956914 -0.995411 0
    outer loop
      vertex -3.29199 -7.88823 2
      vertex -3.19244 -7.87866 7
      vertex -3.29199 -7.88823 7
    endloop
  endfacet
  facet normal 0.0956914 -0.995411 0
    outer loop
      vertex -3.19244 -7.87866 7
      vertex -3.29199 -7.88823 2
      vertex -3.19244 -7.87866 2
    endloop
  endfacet
  facet normal 0.103884 -0.994589 0
    outer loop
      vertex -3.19244 -7.87866 2
      vertex -3.16075 -7.87535 7
      vertex -3.19244 -7.87866 7
    endloop
  endfacet
  facet normal 0.103884 -0.994589 0
    outer loop
      vertex -3.16075 -7.87535 7
      vertex -3.19244 -7.87866 2
      vertex -3.16075 -7.87535 2
    endloop
  endfacet
  facet normal 0.112122 -0.993694 0
    outer loop
      vertex -3.16075 -7.87535 2
      vertex -3.0614 -7.86414 7
      vertex -3.16075 -7.87535 7
    endloop
  endfacet
  facet normal 0.112122 -0.993694 0
    outer loop
      vertex -3.0614 -7.86414 7
      vertex -3.16075 -7.87535 2
      vertex -3.0614 -7.86414 2
    endloop
  endfacet
  facet normal 0.120617 -0.992699 0
    outer loop
      vertex -3.0614 -7.86414 2
      vertex -3.02922 -7.86023 7
      vertex -3.0614 -7.86414 7
    endloop
  endfacet
  facet normal 0.120617 -0.992699 0
    outer loop
      vertex -3.02922 -7.86023 7
      vertex -3.0614 -7.86414 2
      vertex -3.02922 -7.86023 2
    endloop
  endfacet
  facet normal 0.128895 -0.991658 0
    outer loop
      vertex -3.02922 -7.86023 2
      vertex -2.93005 -7.84734 7
      vertex -3.02922 -7.86023 7
    endloop
  endfacet
  facet normal 0.128895 -0.991658 0
    outer loop
      vertex -2.93005 -7.84734 7
      vertex -3.02922 -7.86023 2
      vertex -2.93005 -7.84734 2
    endloop
  endfacet
  facet normal 0.137439 -0.99051 0
    outer loop
      vertex -2.93005 -7.84734 2
      vertex -2.8987 -7.84299 7
      vertex -2.93005 -7.84734 7
    endloop
  endfacet
  facet normal 0.137439 -0.99051 0
    outer loop
      vertex -2.8987 -7.84299 7
      vertex -2.93005 -7.84734 2
      vertex -2.8987 -7.84299 2
    endloop
  endfacet
  facet normal 0.145298 -0.989388 0
    outer loop
      vertex -2.8987 -7.84299 2
      vertex -2.79976 -7.82846 7
      vertex -2.8987 -7.84299 7
    endloop
  endfacet
  facet normal 0.145298 -0.989388 0
    outer loop
      vertex -2.79976 -7.82846 7
      vertex -2.8987 -7.84299 2
      vertex -2.79976 -7.82846 2
    endloop
  endfacet
  facet normal 0.153301 -0.98818 0
    outer loop
      vertex -2.79976 -7.82846 2
      vertex -2.76811 -7.82355 7
      vertex -2.79976 -7.82846 7
    endloop
  endfacet
  facet normal 0.153301 -0.98818 0
    outer loop
      vertex -2.76811 -7.82355 7
      vertex -2.79976 -7.82846 2
      vertex -2.76811 -7.82355 2
    endloop
  endfacet
  facet normal 0.161804 -0.986823 0
    outer loop
      vertex -2.76811 -7.82355 2
      vertex -2.66943 -7.80737 7
      vertex -2.76811 -7.82355 7
    endloop
  endfacet
  facet normal 0.161804 -0.986823 0
    outer loop
      vertex -2.66943 -7.80737 7
      vertex -2.76811 -7.82355 2
      vertex -2.66943 -7.80737 2
    endloop
  endfacet
  facet normal 0.169604 -0.985512 0
    outer loop
      vertex -2.66943 -7.80737 2
      vertex -2.63782 -7.80193 7
      vertex -2.66943 -7.80737 7
    endloop
  endfacet
  facet normal 0.169604 -0.985512 0
    outer loop
      vertex -2.63782 -7.80193 7
      vertex -2.66943 -7.80737 2
      vertex -2.63782 -7.80193 2
    endloop
  endfacet
  facet normal 0.178278 -0.98398 0
    outer loop
      vertex -2.63782 -7.80193 2
      vertex -2.53941 -7.7841 7
      vertex -2.63782 -7.80193 7
    endloop
  endfacet
  facet normal 0.178278 -0.98398 0
    outer loop
      vertex -2.53941 -7.7841 7
      vertex -2.63782 -7.80193 2
      vertex -2.53941 -7.7841 2
    endloop
  endfacet
  facet normal 0.186349 -0.982484 0
    outer loop
      vertex -2.53941 -7.7841 2
      vertex -2.50804 -7.77815 7
      vertex -2.53941 -7.7841 7
    endloop
  endfacet
  facet normal 0.186349 -0.982484 0
    outer loop
      vertex -2.50804 -7.77815 7
      vertex -2.53941 -7.7841 2
      vertex -2.50804 -7.77815 2
    endloop
  endfacet
  facet normal 0.19452 -0.980899 0
    outer loop
      vertex -2.50804 -7.77815 2
      vertex -2.40996 -7.7587 7
      vertex -2.50804 -7.77815 7
    endloop
  endfacet
  facet normal 0.19452 -0.980899 0
    outer loop
      vertex -2.40996 -7.7587 7
      vertex -2.50804 -7.77815 2
      vertex -2.40996 -7.7587 2
    endloop
  endfacet
  facet normal 0.203081 -0.979162 0
    outer loop
      vertex -2.40996 -7.7587 2
      vertex -2.37862 -7.7522 7
      vertex -2.40996 -7.7587 7
    endloop
  endfacet
  facet normal 0.203081 -0.979162 0
    outer loop
      vertex -2.37862 -7.7522 7
      vertex -2.40996 -7.7587 2
      vertex -2.37862 -7.7522 2
    endloop
  endfacet
  facet normal 0.210902 -0.977507 0
    outer loop
      vertex -2.37862 -7.7522 2
      vertex -2.28087 -7.73111 7
      vertex -2.37862 -7.7522 7
    endloop
  endfacet
  facet normal 0.210902 -0.977507 0
    outer loop
      vertex -2.28087 -7.73111 7
      vertex -2.37862 -7.7522 2
      vertex -2.28087 -7.73111 2
    endloop
  endfacet
  facet normal 0.218742 -0.975783 0
    outer loop
      vertex -2.28087 -7.73111 2
      vertex -2.24951 -7.72408 7
      vertex -2.28087 -7.73111 7
    endloop
  endfacet
  facet normal 0.218742 -0.975783 0
    outer loop
      vertex -2.24951 -7.72408 7
      vertex -2.28087 -7.73111 2
      vertex -2.24951 -7.72408 2
    endloop
  endfacet
  facet normal 0.227305 -0.973824 0
    outer loop
      vertex -2.24951 -7.72408 2
      vertex -2.15213 -7.70135 7
      vertex -2.24951 -7.72408 7
    endloop
  endfacet
  facet normal 0.227305 -0.973824 0
    outer loop
      vertex -2.15213 -7.70135 7
      vertex -2.24951 -7.72408 2
      vertex -2.15213 -7.70135 2
    endloop
  endfacet
  facet normal 0.235242 -0.971937 0
    outer loop
      vertex -2.15213 -7.70135 2
      vertex -2.12106 -7.69383 7
      vertex -2.15213 -7.70135 7
    endloop
  endfacet
  facet normal 0.235242 -0.971937 0
    outer loop
      vertex -2.12106 -7.69383 7
      vertex -2.15213 -7.70135 2
      vertex -2.12106 -7.69383 2
    endloop
  endfacet
  facet normal 0.24343 -0.969919 0
    outer loop
      vertex -2.12106 -7.69383 2
      vertex -2.02408 -7.66949 7
      vertex -2.12106 -7.69383 7
    endloop
  endfacet
  facet normal 0.24343 -0.969919 0
    outer loop
      vertex -2.02408 -7.66949 7
      vertex -2.12106 -7.69383 2
      vertex -2.02408 -7.66949 2
    endloop
  endfacet
  facet normal 0.251192 -0.967937 0
    outer loop
      vertex -2.02408 -7.66949 2
      vertex -1.99333 -7.66151 7
      vertex -2.02408 -7.66949 7
    endloop
  endfacet
  facet normal 0.251192 -0.967937 0
    outer loop
      vertex -1.99333 -7.66151 7
      vertex -2.02408 -7.66949 2
      vertex -1.99333 -7.66151 2
    endloop
  endfacet
  facet normal 0.259418 -0.965765 0
    outer loop
      vertex -1.99333 -7.66151 2
      vertex -1.89676 -7.63557 7
      vertex -1.99333 -7.66151 7
    endloop
  endfacet
  facet normal 0.259418 -0.965765 0
    outer loop
      vertex -1.89676 -7.63557 7
      vertex -1.99333 -7.66151 2
      vertex -1.89676 -7.63557 2
    endloop
  endfacet
  facet normal 0.26774 -0.963491 0
    outer loop
      vertex -1.89676 -7.63557 2
      vertex -1.86574 -7.62695 7
      vertex -1.89676 -7.63557 7
    endloop
  endfacet
  facet normal 0.26774 -0.963491 0
    outer loop
      vertex -1.86574 -7.62695 7
      vertex -1.89676 -7.63557 2
      vertex -1.86574 -7.62695 2
    endloop
  endfacet
  facet normal 0.2755 -0.961301 0
    outer loop
      vertex -1.86574 -7.62695 2
      vertex -1.76961 -7.5994 7
      vertex -1.86574 -7.62695 7
    endloop
  endfacet
  facet normal 0.2755 -0.961301 0
    outer loop
      vertex -1.76961 -7.5994 7
      vertex -1.86574 -7.62695 2
      vertex -1.76961 -7.5994 2
    endloop
  endfacet
  facet normal 0.283294 -0.959033 0
    outer loop
      vertex -1.76961 -7.5994 2
      vertex -1.73877 -7.59029 7
      vertex -1.76961 -7.5994 7
    endloop
  endfacet
  facet normal 0.283294 -0.959033 0
    outer loop
      vertex -1.73877 -7.59029 7
      vertex -1.76961 -7.5994 2
      vertex -1.73877 -7.59029 2
    endloop
  endfacet
  facet normal 0.291639 -0.956528 0
    outer loop
      vertex -1.73877 -7.59029 2
      vertex -1.64313 -7.56113 7
      vertex -1.73877 -7.59029 7
    endloop
  endfacet
  facet normal 0.291639 -0.956528 0
    outer loop
      vertex -1.64313 -7.56113 7
      vertex -1.73877 -7.59029 2
      vertex -1.64313 -7.56113 2
    endloop
  endfacet
  facet normal 0.29995 -0.953955 0
    outer loop
      vertex -1.64313 -7.56113 2
      vertex -1.61298 -7.55165 7
      vertex -1.64313 -7.56113 7
    endloop
  endfacet
  facet normal 0.29995 -0.953955 0
    outer loop
      vertex -1.61298 -7.55165 7
      vertex -1.64313 -7.56113 2
      vertex -1.61298 -7.55165 2
    endloop
  endfacet
  facet normal 0.307304 -0.951611 0
    outer loop
      vertex -1.61298 -7.55165 2
      vertex -1.51782 -7.52092 7
      vertex -1.61298 -7.55165 7
    endloop
  endfacet
  facet normal 0.307304 -0.951611 0
    outer loop
      vertex -1.51782 -7.52092 7
      vertex -1.61298 -7.55165 2
      vertex -1.51782 -7.52092 2
    endloop
  endfacet
  facet normal 0.315207 -0.949023 0
    outer loop
      vertex -1.51782 -7.52092 2
      vertex -1.48714 -7.51073 7
      vertex -1.51782 -7.52092 7
    endloop
  endfacet
  facet normal 0.315207 -0.949023 0
    outer loop
      vertex -1.48714 -7.51073 7
      vertex -1.51782 -7.52092 2
      vertex -1.48714 -7.51073 2
    endloop
  endfacet
  facet normal 0.323358 -0.946277 0
    outer loop
      vertex -1.48714 -7.51073 2
      vertex -1.3925 -7.47839 7
      vertex -1.48714 -7.51073 7
    endloop
  endfacet
  facet normal 0.323358 -0.946277 0
    outer loop
      vertex -1.3925 -7.47839 7
      vertex -1.48714 -7.51073 2
      vertex -1.3925 -7.47839 2
    endloop
  endfacet
  facet normal 0.331191 -0.943564 0
    outer loop
      vertex -1.3925 -7.47839 2
      vertex -1.3625 -7.46786 7
      vertex -1.3925 -7.47839 7
    endloop
  endfacet
  facet normal 0.331191 -0.943564 0
    outer loop
      vertex -1.3625 -7.46786 7
      vertex -1.3925 -7.47839 2
      vertex -1.3625 -7.46786 2
    endloop
  endfacet
  facet normal 0.338851 -0.94084 0
    outer loop
      vertex -1.3625 -7.46786 2
      vertex -1.26843 -7.43398 7
      vertex -1.3625 -7.46786 7
    endloop
  endfacet
  facet normal 0.338851 -0.94084 0
    outer loop
      vertex -1.26843 -7.43398 7
      vertex -1.3625 -7.46786 2
      vertex -1.26843 -7.43398 2
    endloop
  endfacet
  facet normal 0.346573 -0.938023 0
    outer loop
      vertex -1.26843 -7.43398 2
      vertex -1.23836 -7.42287 7
      vertex -1.26843 -7.43398 7
    endloop
  endfacet
  facet normal 0.346573 -0.938023 0
    outer loop
      vertex -1.23836 -7.42287 7
      vertex -1.26843 -7.43398 2
      vertex -1.23836 -7.42287 2
    endloop
  endfacet
  facet normal 0.354573 -0.935028 0
    outer loop
      vertex -1.23836 -7.42287 2
      vertex -1.14485 -7.38741 7
      vertex -1.23836 -7.42287 7
    endloop
  endfacet
  facet normal 0.354573 -0.935028 0
    outer loop
      vertex -1.14485 -7.38741 7
      vertex -1.23836 -7.42287 2
      vertex -1.14485 -7.38741 2
    endloop
  endfacet
  facet normal 0.362598 -0.931946 0
    outer loop
      vertex -1.14485 -7.38741 2
      vertex -1.11519 -7.37587 7
      vertex -1.14485 -7.38741 7
    endloop
  endfacet
  facet normal 0.362598 -0.931946 0
    outer loop
      vertex -1.11519 -7.37587 7
      vertex -1.14485 -7.38741 2
      vertex -1.11519 -7.37587 2
    endloop
  endfacet
  facet normal 0.370011 -0.929027 0
    outer loop
      vertex -1.11519 -7.37587 2
      vertex -1.02229 -7.33887 7
      vertex -1.11519 -7.37587 7
    endloop
  endfacet
  facet normal 0.370011 -0.929027 0
    outer loop
      vertex -1.02229 -7.33887 7
      vertex -1.11519 -7.37587 2
      vertex -1.02229 -7.33887 2
    endloop
  endfacet
  facet normal 0.378379 -0.925651 0
    outer loop
      vertex -1.02229 -7.33887 2
      vertex -0.992371 -7.32664 7
      vertex -1.02229 -7.33887 7
    endloop
  endfacet
  facet normal 0.378379 -0.925651 0
    outer loop
      vertex -0.992371 -7.32664 7
      vertex -1.02229 -7.33887 2
      vertex -0.992371 -7.32664 2
    endloop
  endfacet
  facet normal 0.385556 -0.922684 0
    outer loop
      vertex -0.992371 -7.32664 2
      vertex -0.900116 -7.28809 7
      vertex -0.992371 -7.32664 7
    endloop
  endfacet
  facet normal 0.385556 -0.922684 0
    outer loop
      vertex -0.900116 -7.28809 7
      vertex -0.992371 -7.32664 2
      vertex -0.900116 -7.28809 2
    endloop
  endfacet
  facet normal 0.393034 -0.919524 0
    outer loop
      vertex -0.900116 -7.28809 2
      vertex -0.870895 -7.2756 7
      vertex -0.900116 -7.28809 7
    endloop
  endfacet
  facet normal 0.393034 -0.919524 0
    outer loop
      vertex -0.870895 -7.2756 7
      vertex -0.900116 -7.28809 2
      vertex -0.870895 -7.2756 2
    endloop
  endfacet
  facet normal 0.400813 -0.91616 0
    outer loop
      vertex -0.870895 -7.2756 2
      vertex -0.779282 -7.23552 7
      vertex -0.870895 -7.2756 7
    endloop
  endfacet
  facet normal 0.400813 -0.91616 0
    outer loop
      vertex -0.779282 -7.23552 7
      vertex -0.870895 -7.2756 2
      vertex -0.779282 -7.23552 2
    endloop
  endfacet
  facet normal 0.408874 -0.912591 0
    outer loop
      vertex -0.779282 -7.23552 2
      vertex -0.749954 -7.22238 7
      vertex -0.779282 -7.23552 7
    endloop
  endfacet
  facet normal 0.408874 -0.912591 0
    outer loop
      vertex -0.749954 -7.22238 7
      vertex -0.779282 -7.23552 2
      vertex -0.749954 -7.22238 2
    endloop
  endfacet
  facet normal 0.416118 -0.90931 0
    outer loop
      vertex -0.749954 -7.22238 2
      vertex -0.659027 -7.18077 7
      vertex -0.749954 -7.22238 7
    endloop
  endfacet
  facet normal 0.416118 -0.90931 0
    outer loop
      vertex -0.659027 -7.18077 7
      vertex -0.749954 -7.22238 2
      vertex -0.659027 -7.18077 2
    endloop
  endfacet
  facet normal 0.423781 -0.905765 0
    outer loop
      vertex -0.659027 -7.18077 2
      vertex -0.630066 -7.16722 7
      vertex -0.659027 -7.18077 7
    endloop
  endfacet
  facet normal 0.423781 -0.905765 0
    outer loop
      vertex -0.630066 -7.16722 7
      vertex -0.659027 -7.18077 2
      vertex -0.630066 -7.16722 2
    endloop
  endfacet
  facet normal 0.431202 -0.902255 0
    outer loop
      vertex -0.630066 -7.16722 2
      vertex -0.539841 -7.1241 7
      vertex -0.630066 -7.16722 7
    endloop
  endfacet
  facet normal 0.431202 -0.902255 0
    outer loop
      vertex -0.539841 -7.1241 7
      vertex -0.630066 -7.16722 2
      vertex -0.539841 -7.1241 2
    endloop
  endfacet
  facet normal 0.438522 -0.89872 0
    outer loop
      vertex -0.539841 -7.1241 2
      vertex -0.511108 -7.11008 7
      vertex -0.539841 -7.1241 7
    endloop
  endfacet
  facet normal 0.438522 -0.89872 0
    outer loop
      vertex -0.511108 -7.11008 7
      vertex -0.539841 -7.1241 2
      vertex -0.511108 -7.11008 2
    endloop
  endfacet
  facet normal 0.446205 -0.894931 0
    outer loop
      vertex -0.511108 -7.11008 2
      vertex -0.421616 -7.06546 7
      vertex -0.511108 -7.11008 7
    endloop
  endfacet
  facet normal 0.446205 -0.894931 0
    outer loop
      vertex -0.421616 -7.06546 7
      vertex -0.511108 -7.11008 2
      vertex -0.421616 -7.06546 2
    endloop
  endfacet
  facet normal 0.453596 -0.891207 0
    outer loop
      vertex -0.421616 -7.06546 2
      vertex -0.393127 -7.05096 7
      vertex -0.421616 -7.06546 7
    endloop
  endfacet
  facet normal 0.453596 -0.891207 0
    outer loop
      vertex -0.393127 -7.05096 7
      vertex -0.421616 -7.06546 2
      vertex -0.393127 -7.05096 2
    endloop
  endfacet
  facet normal 0.460966 -0.887418 0
    outer loop
      vertex -0.393127 -7.05096 2
      vertex -0.304398 -7.00487 7
      vertex -0.393127 -7.05096 7
    endloop
  endfacet
  facet normal 0.460966 -0.887418 0
    outer loop
      vertex -0.304398 -7.00487 7
      vertex -0.393127 -7.05096 2
      vertex -0.304398 -7.00487 2
    endloop
  endfacet
  facet normal 0.46867 -0.883373 0
    outer loop
      vertex -0.304398 -7.00487 2
      vertex -0.276031 -6.98982 7
      vertex -0.304398 -7.00487 7
    endloop
  endfacet
  facet normal 0.46867 -0.883373 0
    outer loop
      vertex -0.276031 -6.98982 7
      vertex -0.304398 -7.00487 2
      vertex -0.276031 -6.98982 2
    endloop
  endfacet
  facet normal 0.475741 -0.879586 0
    outer loop
      vertex -0.276031 -6.98982 2
      vertex -0.18808 -6.94225 7
      vertex -0.276031 -6.98982 7
    endloop
  endfacet
  facet normal 0.475741 -0.879586 0
    outer loop
      vertex -0.18808 -6.94225 7
      vertex -0.276031 -6.98982 2
      vertex -0.18808 -6.94225 2
    endloop
  endfacet
  facet normal 0.48316 -0.875532 0
    outer loop
      vertex -0.18808 -6.94225 2
      vertex -0.160065 -6.92679 7
      vertex -0.18808 -6.94225 7
    endloop
  endfacet
  facet normal 0.48316 -0.875532 0
    outer loop
      vertex -0.160065 -6.92679 7
      vertex -0.18808 -6.94225 2
      vertex -0.160065 -6.92679 2
    endloop
  endfacet
  facet normal 0.490363 -0.871519 0
    outer loop
      vertex -0.160065 -6.92679 2
      vertex -0.0729065 -6.87775 7
      vertex -0.160065 -6.92679 7
    endloop
  endfacet
  facet normal 0.490363 -0.871519 0
    outer loop
      vertex -0.0729065 -6.87775 7
      vertex -0.160065 -6.92679 2
      vertex -0.0729065 -6.87775 2
    endloop
  endfacet
  facet normal 0.497601 -0.867406 0
    outer loop
      vertex -0.0729065 -6.87775 2
      vertex -0.0452423 -6.86188 7
      vertex -0.0729065 -6.87775 7
    endloop
  endfacet
  facet normal 0.497601 -0.867406 0
    outer loop
      vertex -0.0452423 -6.86188 7
      vertex -0.0729065 -6.87775 2
      vertex -0.0452423 -6.86188 2
    endloop
  endfacet
  facet normal 0.50482 -0.863225 0
    outer loop
      vertex -0.0452423 -6.86188 2
      vertex 0.0410767 -6.8114 7
      vertex -0.0452423 -6.86188 7
    endloop
  endfacet
  facet normal 0.50482 -0.863225 0
    outer loop
      vertex 0.0410767 -6.8114 7
      vertex -0.0452423 -6.86188 2
      vertex 0.0410767 -6.8114 2
    endloop
  endfacet
  facet normal 0.51208 -0.858938 0
    outer loop
      vertex 0.0410767 -6.8114 2
      vertex 0.0686188 -6.79498 7
      vertex 0.0410767 -6.8114 7
    endloop
  endfacet
  facet normal 0.51208 -0.858938 0
    outer loop
      vertex 0.0686188 -6.79498 7
      vertex 0.0410767 -6.8114 2
      vertex 0.0686188 -6.79498 2
    endloop
  endfacet
  facet normal 0.519132 -0.854694 0
    outer loop
      vertex 0.0686188 -6.79498 2
      vertex 0.154083 -6.74307 7
      vertex 0.0686188 -6.79498 7
    endloop
  endfacet
  facet normal 0.519132 -0.854694 0
    outer loop
      vertex 0.154083 -6.74307 7
      vertex 0.0686188 -6.79498 2
      vertex 0.154083 -6.74307 2
    endloop
  endfacet
  facet normal 0.526055 -0.85045 0
    outer loop
      vertex 0.154083 -6.74307 2
      vertex 0.181259 -6.72626 7
      vertex 0.154083 -6.74307 7
    endloop
  endfacet
  facet normal 0.526055 -0.85045 0
    outer loop
      vertex 0.181259 -6.72626 7
      vertex 0.154083 -6.74307 2
      vertex 0.181259 -6.72626 2
    endloop
  endfacet
  facet normal 0.533289 -0.845933 0
    outer loop
      vertex 0.181259 -6.72626 2
      vertex 0.265854 -6.67293 7
      vertex 0.181259 -6.72626 7
    endloop
  endfacet
  facet normal 0.533289 -0.845933 0
    outer loop
      vertex 0.265854 -6.67293 7
      vertex 0.181259 -6.72626 2
      vertex 0.265854 -6.67293 2
    endloop
  endfacet
  facet normal 0.540443 -0.841381 0
    outer loop
      vertex 0.265854 -6.67293 2
      vertex 0.292725 -6.65567 7
      vertex 0.265854 -6.67293 7
    endloop
  endfacet
  facet normal 0.540443 -0.841381 0
    outer loop
      vertex 0.292725 -6.65567 7
      vertex 0.265854 -6.67293 2
      vertex 0.292725 -6.65567 2
    endloop
  endfacet
  facet normal 0.547297 -0.836938 0
    outer loop
      vertex 0.292725 -6.65567 2
      vertex 0.376404 -6.60095 7
      vertex 0.292725 -6.65567 7
    endloop
  endfacet
  facet normal 0.547297 -0.836938 0
    outer loop
      vertex 0.376404 -6.60095 7
      vertex 0.292725 -6.65567 2
      vertex 0.376404 -6.60095 2
    endloop
  endfacet
  facet normal 0.553806 -0.832646 0
    outer loop
      vertex 0.376404 -6.60095 2
      vertex 0.403061 -6.58322 7
      vertex 0.376404 -6.60095 7
    endloop
  endfacet
  facet normal 0.553806 -0.832646 0
    outer loop
      vertex 0.403061 -6.58322 7
      vertex 0.376404 -6.60095 2
      vertex 0.403061 -6.58322 2
    endloop
  endfacet
  facet normal 0.561149 -0.827715 0
    outer loop
      vertex 0.403061 -6.58322 2
      vertex 0.48584 -6.5271 7
      vertex 0.403061 -6.58322 7
    endloop
  endfacet
  facet normal 0.561149 -0.827715 0
    outer loop
      vertex 0.48584 -6.5271 7
      vertex 0.403061 -6.58322 2
      vertex 0.48584 -6.5271 2
    endloop
  endfacet
  facet normal 0.568618 -0.822601 0
    outer loop
      vertex 0.48584 -6.5271 2
      vertex 0.512314 -6.5088 7
      vertex 0.48584 -6.5271 7
    endloop
  endfacet
  facet normal 0.568618 -0.822601 0
    outer loop
      vertex 0.512314 -6.5088 7
      vertex 0.48584 -6.5271 2
      vertex 0.512314 -6.5088 2
    endloop
  endfacet
  facet normal 0.574925 -0.818206 0
    outer loop
      vertex 0.512314 -6.5088 2
      vertex 0.594131 -6.45131 7
      vertex 0.512314 -6.5088 7
    endloop
  endfacet
  facet normal 0.574925 -0.818206 0
    outer loop
      vertex 0.594131 -6.45131 7
      vertex 0.512314 -6.5088 2
      vertex 0.594131 -6.45131 2
    endloop
  endfacet
  facet normal 0.581476 -0.813564 0
    outer loop
      vertex 0.594131 -6.45131 2
      vertex 0.620071 -6.43277 7
      vertex 0.594131 -6.45131 7
    endloop
  endfacet
  facet normal 0.581476 -0.813564 0
    outer loop
      vertex 0.620071 -6.43277 7
      vertex 0.594131 -6.45131 2
      vertex 0.620071 -6.43277 2
    endloop
  endfacet
  facet normal 0.588476 -0.808515 0
    outer loop
      vertex 0.620071 -6.43277 2
      vertex 0.700912 -6.37393 7
      vertex 0.620071 -6.43277 7
    endloop
  endfacet
  facet normal 0.588476 -0.808515 0
    outer loop
      vertex 0.700912 -6.37393 7
      vertex 0.620071 -6.43277 2
      vertex 0.700912 -6.37393 2
    endloop
  endfacet
  facet normal 0.594867 -0.803824 0
    outer loop
      vertex 0.700912 -6.37393 2
      vertex 0.726532 -6.35497 7
      vertex 0.700912 -6.37393 7
    endloop
  endfacet
  facet normal 0.594867 -0.803824 0
    outer loop
      vertex 0.726532 -6.35497 7
      vertex 0.700912 -6.37393 2
      vertex 0.726532 -6.35497 2
    endloop
  endfacet
  facet normal 0.601867 -0.798596 0
    outer loop
      vertex 0.726532 -6.35497 2
      vertex 0.806396 -6.29478 7
      vertex 0.726532 -6.35497 7
    endloop
  endfacet
  facet normal 0.601867 -0.798596 0
    outer loop
      vertex 0.806396 -6.29478 7
      vertex 0.726532 -6.35497 2
      vertex 0.806396 -6.29478 2
    endloop
  endfacet
  facet normal 0.608403 -0.793628 0
    outer loop
      vertex 0.806396 -6.29478 2
      vertex 0.831924 -6.27521 7
      vertex 0.806396 -6.29478 7
    endloop
  endfacet
  facet normal 0.608403 -0.793628 0
    outer loop
      vertex 0.831924 -6.27521 7
      vertex 0.806396 -6.29478 2
      vertex 0.831924 -6.27521 2
    endloop
  endfacet
  facet normal 0.615109 -0.788442 0
    outer loop
      vertex 0.831924 -6.27521 2
      vertex 0.910767 -6.2137 7
      vertex 0.831924 -6.27521 7
    endloop
  endfacet
  facet normal 0.615109 -0.788442 0
    outer loop
      vertex 0.910767 -6.2137 7
      vertex 0.831924 -6.27521 2
      vertex 0.910767 -6.2137 2
    endloop
  endfacet
  facet normal 0.621969 -0.783042 0
    outer loop
      vertex 0.910767 -6.2137 2
      vertex 0.935745 -6.19386 7
      vertex 0.910767 -6.2137 7
    endloop
  endfacet
  facet normal 0.621969 -0.783042 0
    outer loop
      vertex 0.935745 -6.19386 7
      vertex 0.910767 -6.2137 2
      vertex 0.935745 -6.19386 2
    endloop
  endfacet
  facet normal 0.62808 -0.778149 0
    outer loop
      vertex 0.935745 -6.19386 2
      vertex 1.01355 -6.13106 7
      vertex 0.935745 -6.19386 7
    endloop
  endfacet
  facet normal 0.62808 -0.778149 0
    outer loop
      vertex 1.01355 -6.13106 7
      vertex 0.935745 -6.19386 2
      vertex 1.01355 -6.13106 2
    endloop
  endfacet
  facet normal 0.634527 -0.772901 0
    outer loop
      vertex 1.01355 -6.13106 2
      vertex 1.03835 -6.1107 7
      vertex 1.01355 -6.13106 7
    endloop
  endfacet
  facet normal 0.634527 -0.772901 0
    outer loop
      vertex 1.03835 -6.1107 7
      vertex 1.01355 -6.13106 2
      vertex 1.03835 -6.1107 2
    endloop
  endfacet
  facet normal 0.64102 -0.767524 0
    outer loop
      vertex 1.03835 -6.1107 2
      vertex 1.1151 -6.0466 7
      vertex 1.03835 -6.1107 7
    endloop
  endfacet
  facet normal 0.64102 -0.767524 0
    outer loop
      vertex 1.1151 -6.0466 7
      vertex 1.03835 -6.1107 2
      vertex 1.1151 -6.0466 2
    endloop
  endfacet
  facet normal 0.647412 -0.76214 0
    outer loop
      vertex 1.1151 -6.0466 2
      vertex 1.13948 -6.02589 7
      vertex 1.1151 -6.0466 7
    endloop
  endfacet
  facet normal 0.647412 -0.76214 0
    outer loop
      vertex 1.13948 -6.02589 7
      vertex 1.1151 -6.0466 2
      vertex 1.13948 -6.02589 2
    endloop
  endfacet
  facet normal 0.653669 -0.75678 0
    outer loop
      vertex 1.13948 -6.02589 2
      vertex 1.21515 -5.96053 7
      vertex 1.13948 -6.02589 7
    endloop
  endfacet
  facet normal 0.653669 -0.75678 0
    outer loop
      vertex 1.21515 -5.96053 7
      vertex 1.13948 -6.02589 2
      vertex 1.21515 -5.96053 2
    endloop
  endfacet
  facet normal 0.660109 -0.75117 0
    outer loop
      vertex 1.21515 -5.96053 2
      vertex 1.23932 -5.93929 7
      vertex 1.21515 -5.96053 7
    endloop
  endfacet
  facet normal 0.660109 -0.75117 0
    outer loop
      vertex 1.23932 -5.93929 7
      vertex 1.21515 -5.96053 2
      vertex 1.23932 -5.93929 2
    endloop
  endfacet
  facet normal 0.666336 -0.745652 0
    outer loop
      vertex 1.23932 -5.93929 2
      vertex 1.31387 -5.87267 7
      vertex 1.23932 -5.93929 7
    endloop
  endfacet
  facet normal 0.666336 -0.745652 0
    outer loop
      vertex 1.31387 -5.87267 7
      vertex 1.23932 -5.93929 2
      vertex 1.31387 -5.87267 2
    endloop
  endfacet
  facet normal 0.672438 -0.740154 0
    outer loop
      vertex 1.31387 -5.87267 2
      vertex 1.33737 -5.85132 7
      vertex 1.31387 -5.87267 7
    endloop
  endfacet
  facet normal 0.672438 -0.740154 0
    outer loop
      vertex 1.33737 -5.85132 7
      vertex 1.31387 -5.87267 2
      vertex 1.33737 -5.85132 2
    endloop
  endfacet
  facet normal 0.678554 -0.73455 0
    outer loop
      vertex 1.33737 -5.85132 2
      vertex 1.41083 -5.78346 7
      vertex 1.33737 -5.85132 7
    endloop
  endfacet
  facet normal 0.678554 -0.73455 0
    outer loop
      vertex 1.41083 -5.78346 7
      vertex 1.33737 -5.85132 2
      vertex 1.41083 -5.78346 2
    endloop
  endfacet
  facet normal 0.684976 -0.728566 0
    outer loop
      vertex 1.41083 -5.78346 2
      vertex 1.43423 -5.76146 7
      vertex 1.41083 -5.78346 7
    endloop
  endfacet
  facet normal 0.684976 -0.728566 0
    outer loop
      vertex 1.43423 -5.76146 7
      vertex 1.41083 -5.78346 2
      vertex 1.43423 -5.76146 2
    endloop
  endfacet
  facet normal 0.690723 -0.723119 0
    outer loop
      vertex 1.43423 -5.76146 2
      vertex 1.50655 -5.69238 7
      vertex 1.43423 -5.76146 7
    endloop
  endfacet
  facet normal 0.690723 -0.723119 0
    outer loop
      vertex 1.50655 -5.69238 7
      vertex 1.43423 -5.76146 2
      vertex 1.50655 -5.69238 2
    endloop
  endfacet
  facet normal 0.696523 -0.717535 0
    outer loop
      vertex 1.50655 -5.69238 2
      vertex 1.52943 -5.67017 7
      vertex 1.50655 -5.69238 7
    endloop
  endfacet
  facet normal 0.696523 -0.717535 0
    outer loop
      vertex 1.52943 -5.67017 7
      vertex 1.50655 -5.69238 2
      vertex 1.52943 -5.67017 2
    endloop
  endfacet
  facet normal 0.702643 -0.711542 0
    outer loop
      vertex 1.52943 -5.67017 2
      vertex 1.60059 -5.5999 7
      vertex 1.52943 -5.67017 7
    endloop
  endfacet
  facet normal 0.702643 -0.711542 0
    outer loop
      vertex 1.60059 -5.5999 7
      vertex 1.52943 -5.67017 2
      vertex 1.60059 -5.5999 2
    endloop
  endfacet
  facet normal 0.708817 -0.705393 0
    outer loop
      vertex 1.60059 -5.5999 7
      vertex 1.62325 -5.57713 2
      vertex 1.62325 -5.57713 7
    endloop
  endfacet
  facet normal 0.708817 -0.705393 0
    outer loop
      vertex 1.62325 -5.57713 2
      vertex 1.60059 -5.5999 7
      vertex 1.60059 -5.5999 2
    endloop
  endfacet
  facet normal 0.714469 -0.699667 0
    outer loop
      vertex 1.62325 -5.57713 7
      vertex 1.69321 -5.50569 2
      vertex 1.69321 -5.50569 7
    endloop
  endfacet
  facet normal 0.714469 -0.699667 0
    outer loop
      vertex 1.69321 -5.50569 2
      vertex 1.62325 -5.57713 7
      vertex 1.62325 -5.57713 2
    endloop
  endfacet
  facet normal 0.72039 -0.693569 0
    outer loop
      vertex 1.69321 -5.50569 7
      vertex 1.71519 -5.48286 2
      vertex 1.71519 -5.48286 7
    endloop
  endfacet
  facet normal 0.72039 -0.693569 0
    outer loop
      vertex 1.71519 -5.48286 2
      vertex 1.69321 -5.50569 7
      vertex 1.69321 -5.50569 2
    endloop
  endfacet
  facet normal 0.725853 -0.68785 0
    outer loop
      vertex 1.71519 -5.48286 7
      vertex 1.78397 -5.41028 2
      vertex 1.78397 -5.41028 7
    endloop
  endfacet
  facet normal 0.725853 -0.68785 0
    outer loop
      vertex 1.78397 -5.41028 2
      vertex 1.71519 -5.48286 7
      vertex 1.71519 -5.48286 2
    endloop
  endfacet
  facet normal 0.731707 -0.68162 0
    outer loop
      vertex 1.78397 -5.41028 7
      vertex 1.80588 -5.38676 2
      vertex 1.80588 -5.38676 7
    endloop
  endfacet
  facet normal 0.731707 -0.68162 0
    outer loop
      vertex 1.80588 -5.38676 2
      vertex 1.78397 -5.41028 7
      vertex 1.78397 -5.41028 2
    endloop
  endfacet
  facet normal 0.737333 -0.67553 0
    outer loop
      vertex 1.80588 -5.38676 7
      vertex 1.87343 -5.31303 2
      vertex 1.87343 -5.31303 7
    endloop
  endfacet
  facet normal 0.737333 -0.67553 0
    outer loop
      vertex 1.87343 -5.31303 2
      vertex 1.80588 -5.38676 7
      vertex 1.80588 -5.38676 2
    endloop
  endfacet
  facet normal 0.742737 -0.669584 0
    outer loop
      vertex 1.87343 -5.31303 7
      vertex 1.89494 -5.28917 2
      vertex 1.89494 -5.28917 7
    endloop
  endfacet
  facet normal 0.742737 -0.669584 0
    outer loop
      vertex 1.89494 -5.28917 2
      vertex 1.87343 -5.31303 7
      vertex 1.87343 -5.31303 2
    endloop
  endfacet
  facet normal 0.748512 -0.663122 0
    outer loop
      vertex 1.89494 -5.28917 7
      vertex 1.96126 -5.21431 2
      vertex 1.96126 -5.21431 7
    endloop
  endfacet
  facet normal 0.748512 -0.663122 0
    outer loop
      vertex 1.96126 -5.21431 2
      vertex 1.89494 -5.28917 7
      vertex 1.89494 -5.28917 2
    endloop
  endfacet
  facet normal 0.754316 -0.656511 0
    outer loop
      vertex 1.96126 -5.21431 7
      vertex 1.98227 -5.19017 2
      vertex 1.98227 -5.19017 7
    endloop
  endfacet
  facet normal 0.754316 -0.656511 0
    outer loop
      vertex 1.98227 -5.19017 2
      vertex 1.96126 -5.21431 7
      vertex 1.96126 -5.21431 2
    endloop
  endfacet
  facet normal 0.759461 -0.650552 0
    outer loop
      vertex 1.98227 -5.19017 7
      vertex 2.04732 -5.11423 2
      vertex 2.04732 -5.11423 7
    endloop
  endfacet
  facet normal 0.759461 -0.650552 0
    outer loop
      vertex 2.04732 -5.11423 2
      vertex 1.98227 -5.19017 7
      vertex 1.98227 -5.19017 2
    endloop
  endfacet
  facet normal 0.764887 -0.644165 0
    outer loop
      vertex 2.04732 -5.11423 7
      vertex 2.06781 -5.0899 2
      vertex 2.06781 -5.0899 7
    endloop
  endfacet
  facet normal 0.764887 -0.644165 0
    outer loop
      vertex 2.06781 -5.0899 2
      vertex 2.04732 -5.11423 7
      vertex 2.04732 -5.11423 2
    endloop
  endfacet
  facet normal 0.770161 -0.63785 0
    outer loop
      vertex 2.06781 -5.0899 7
      vertex 2.13159 -5.01289 2
      vertex 2.13159 -5.01289 7
    endloop
  endfacet
  facet normal 0.770161 -0.63785 0
    outer loop
      vertex 2.13159 -5.01289 2
      vertex 2.06781 -5.0899 7
      vertex 2.06781 -5.0899 2
    endloop
  endfacet
  facet normal 0.775455 -0.631402 0
    outer loop
      vertex 2.13159 -5.01289 7
      vertex 2.15184 -4.98802 2
      vertex 2.15184 -4.98802 7
    endloop
  endfacet
  facet normal 0.775455 -0.631402 0
    outer loop
      vertex 2.15184 -4.98802 2
      vertex 2.13159 -5.01289 7
      vertex 2.13159 -5.01289 2
    endloop
  endfacet
  facet normal 0.780713 -0.62489 0
    outer loop
      vertex 2.15184 -4.98802 7
      vertex 2.21432 -4.90996 2
      vertex 2.21432 -4.90996 7
    endloop
  endfacet
  facet normal 0.780713 -0.62489 0
    outer loop
      vertex 2.21432 -4.90996 2
      vertex 2.15184 -4.98802 7
      vertex 2.15184 -4.98802 2
    endloop
  endfacet
  facet normal 0.785973 -0.618261 0
    outer loop
      vertex 2.21432 -4.90996 7
      vertex 2.23419 -4.8847 2
      vertex 2.23419 -4.8847 7
    endloop
  endfacet
  facet normal 0.785973 -0.618261 0
    outer loop
      vertex 2.23419 -4.8847 2
      vertex 2.21432 -4.90996 7
      vertex 2.21432 -4.90996 2
    endloop
  endfacet
  facet normal 0.791056 -0.611743 0
    outer loop
      vertex 2.23419 -4.8847 7
      vertex 2.29536 -4.8056 2
      vertex 2.29536 -4.8056 7
    endloop
  endfacet
  facet normal 0.791056 -0.611743 0
    outer loop
      vertex 2.29536 -4.8056 2
      vertex 2.23419 -4.8847 7
      vertex 2.23419 -4.8847 2
    endloop
  endfacet
  facet normal 0.795855 -0.605487 0
    outer loop
      vertex 2.29536 -4.8056 7
      vertex 2.31473 -4.78014 2
      vertex 2.31473 -4.78014 7
    endloop
  endfacet
  facet normal 0.795855 -0.605487 0
    outer loop
      vertex 2.31473 -4.78014 2
      vertex 2.29536 -4.8056 7
      vertex 2.29536 -4.8056 2
    endloop
  endfacet
  facet normal 0.801163 -0.598447 0
    outer loop
      vertex 2.31473 -4.78014 7
      vertex 2.37457 -4.70003 2
      vertex 2.37457 -4.70003 7
    endloop
  endfacet
  facet normal 0.801163 -0.598447 0
    outer loop
      vertex 2.37457 -4.70003 2
      vertex 2.31473 -4.78014 7
      vertex 2.31473 -4.78014 2
    endloop
  endfacet
  facet normal 0.806105 -0.591772 0
    outer loop
      vertex 2.37457 -4.70003 7
      vertex 2.3934 -4.67438 2
      vertex 2.3934 -4.67438 7
    endloop
  endfacet
  facet normal 0.806105 -0.591772 0
    outer loop
      vertex 2.3934 -4.67438 2
      vertex 2.37457 -4.70003 7
      vertex 2.37457 -4.70003 2
    endloop
  endfacet
  facet normal 0.810927 -0.585147 0
    outer loop
      vertex 2.3934 -4.67438 7
      vertex 2.45192 -4.59328 2
      vertex 2.45192 -4.59328 7
    endloop
  endfacet
  facet normal 0.810927 -0.585147 0
    outer loop
      vertex 2.45192 -4.59328 2
      vertex 2.3934 -4.67438 7
      vertex 2.3934 -4.67438 2
    endloop
  endfacet
  facet normal 0.815744 -0.578414 0
    outer loop
      vertex 2.45192 -4.59328 7
      vertex 2.47054 -4.56702 2
      vertex 2.47054 -4.56702 7
    endloop
  endfacet
  facet normal 0.815744 -0.578414 0
    outer loop
      vertex 2.47054 -4.56702 2
      vertex 2.45192 -4.59328 7
      vertex 2.45192 -4.59328 2
    endloop
  endfacet
  facet normal 0.820681 -0.571387 0
    outer loop
      vertex 2.47054 -4.56702 7
      vertex 2.52768 -4.48495 2
      vertex 2.52768 -4.48495 7
    endloop
  endfacet
  facet normal 0.820681 -0.571387 0
    outer loop
      vertex 2.52768 -4.48495 2
      vertex 2.47054 -4.56702 7
      vertex 2.47054 -4.56702 2
    endloop
  endfacet
  facet normal 0.825569 -0.564301 0
    outer loop
      vertex 2.52768 -4.48495 7
      vertex 2.54565 -4.45866 2
      vertex 2.54565 -4.45866 7
    endloop
  endfacet
  facet normal 0.825569 -0.564301 0
    outer loop
      vertex 2.54565 -4.45866 2
      vertex 2.52768 -4.48495 7
      vertex 2.52768 -4.48495 2
    endloop
  endfacet
  facet normal 0.829952 -0.557835 0
    outer loop
      vertex 2.54565 -4.45866 7
      vertex 2.60143 -4.37567 2
      vertex 2.60143 -4.37567 7
    endloop
  endfacet
  facet normal 0.829952 -0.557835 0
    outer loop
      vertex 2.60143 -4.37567 2
      vertex 2.54565 -4.45866 7
      vertex 2.54565 -4.45866 2
    endloop
  endfacet
  facet normal 0.834535 -0.550955 0
    outer loop
      vertex 2.60143 -4.37567 7
      vertex 2.61911 -4.34889 2
      vertex 2.61911 -4.34889 7
    endloop
  endfacet
  facet normal 0.834535 -0.550955 0
    outer loop
      vertex 2.61911 -4.34889 2
      vertex 2.60143 -4.37567 7
      vertex 2.60143 -4.37567 2
    endloop
  endfacet
  facet normal 0.83921 -0.543807 0
    outer loop
      vertex 2.61911 -4.34889 7
      vertex 2.67349 -4.26497 2
      vertex 2.67349 -4.26497 7
    endloop
  endfacet
  facet normal 0.83921 -0.543807 0
    outer loop
      vertex 2.67349 -4.26497 2
      vertex 2.61911 -4.34889 7
      vertex 2.61911 -4.34889 2
    endloop
  endfacet
  facet normal 0.843738 -0.536755 0
    outer loop
      vertex 2.67349 -4.26497 7
      vertex 2.69073 -4.23787 2
      vertex 2.69073 -4.23787 7
    endloop
  endfacet
  facet normal 0.843738 -0.536755 0
    outer loop
      vertex 2.69073 -4.23787 2
      vertex 2.67349 -4.26497 7
      vertex 2.67349 -4.26497 2
    endloop
  endfacet
  facet normal 0.848161 -0.529738 0
    outer loop
      vertex 2.69073 -4.23787 7
      vertex 2.7437 -4.15306 2
      vertex 2.7437 -4.15306 7
    endloop
  endfacet
  facet normal 0.848161 -0.529738 0
    outer loop
      vertex 2.7437 -4.15306 2
      vertex 2.69073 -4.23787 7
      vertex 2.69073 -4.23787 2
    endloop
  endfacet
  facet normal 0.85247 -0.522777 0
    outer loop
      vertex 2.7437 -4.15306 7
      vertex 2.76027 -4.12604 2
      vertex 2.76027 -4.12604 7
    endloop
  endfacet
  facet normal 0.85247 -0.522777 0
    outer loop
      vertex 2.76027 -4.12604 2
      vertex 2.7437 -4.15306 7
      vertex 2.7437 -4.15306 2
    endloop
  endfacet
  facet normal 0.856822 -0.515613 0
    outer loop
      vertex 2.76027 -4.12604 7
      vertex 2.81183 -4.04036 2
      vertex 2.81183 -4.04036 7
    endloop
  endfacet
  facet normal 0.856822 -0.515613 0
    outer loop
      vertex 2.81183 -4.04036 2
      vertex 2.76027 -4.12604 7
      vertex 2.76027 -4.12604 2
    endloop
  endfacet
  facet normal 0.861187 -0.508288 0
    outer loop
      vertex 2.81183 -4.04036 7
      vertex 2.82812 -4.01276 2
      vertex 2.82812 -4.01276 7
    endloop
  endfacet
  facet normal 0.861187 -0.508288 0
    outer loop
      vertex 2.82812 -4.01276 2
      vertex 2.81183 -4.04036 7
      vertex 2.81183 -4.04036 2
    endloop
  endfacet
  facet normal 0.865305 -0.501245 0
    outer loop
      vertex 2.82812 -4.01276 7
      vertex 2.87825 -3.92622 2
      vertex 2.87825 -3.92622 7
    endloop
  endfacet
  facet normal 0.865305 -0.501245 0
    outer loop
      vertex 2.87825 -3.92622 2
      vertex 2.82812 -4.01276 7
      vertex 2.82812 -4.01276 2
    endloop
  endfacet
  facet normal 0.869366 -0.494169 0
    outer loop
      vertex 2.87825 -3.92622 7
      vertex 2.8942 -3.89816 2
      vertex 2.8942 -3.89816 7
    endloop
  endfacet
  facet normal 0.869366 -0.494169 0
    outer loop
      vertex 2.8942 -3.89816 2
      vertex 2.87825 -3.92622 7
      vertex 2.87825 -3.92622 2
    endloop
  endfacet
  facet normal 0.873595 -0.486653 0
    outer loop
      vertex 2.8942 -3.89816 7
      vertex 2.94286 -3.81081 2
      vertex 2.94286 -3.81081 7
    endloop
  endfacet
  facet normal 0.873595 -0.486653 0
    outer loop
      vertex 2.94286 -3.81081 2
      vertex 2.8942 -3.89816 7
      vertex 2.8942 -3.89816 2
    endloop
  endfacet
  facet normal 0.877908 -0.47883 0
    outer loop
      vertex 2.94286 -3.81081 7
      vertex 2.95805 -3.78296 2
      vertex 2.95805 -3.78296 7
    endloop
  endfacet
  facet normal 0.877908 -0.47883 0
    outer loop
      vertex 2.95805 -3.78296 2
      vertex 2.94286 -3.81081 7
      vertex 2.94286 -3.81081 2
    endloop
  endfacet
  facet normal 0.881535 -0.472119 0
    outer loop
      vertex 2.95805 -3.78296 7
      vertex 3.00526 -3.69481 2
      vertex 3.00526 -3.69481 7
    endloop
  endfacet
  facet normal 0.881535 -0.472119 0
    outer loop
      vertex 3.00526 -3.69481 2
      vertex 2.95805 -3.78296 7
      vertex 2.95805 -3.78296 2
    endloop
  endfacet
  facet normal 0.885343 -0.464938 0
    outer loop
      vertex 3.00526 -3.69481 7
      vertex 3.02019 -3.66638 2
      vertex 3.02019 -3.66638 7
    endloop
  endfacet
  facet normal 0.885343 -0.464938 0
    outer loop
      vertex 3.02019 -3.66638 2
      vertex 3.00526 -3.69481 7
      vertex 3.00526 -3.69481 2
    endloop
  endfacet
  facet normal 0.88931 -0.457305 0
    outer loop
      vertex 3.02019 -3.66638 7
      vertex 3.06592 -3.57745 2
      vertex 3.06592 -3.57745 7
    endloop
  endfacet
  facet normal 0.88931 -0.457305 0
    outer loop
      vertex 3.06592 -3.57745 2
      vertex 3.02019 -3.66638 7
      vertex 3.02019 -3.66638 2
    endloop
  endfacet
  facet normal 0.893041 -0.449975 0
    outer loop
      vertex 3.06592 -3.57745 7
      vertex 3.08025 -3.54901 2
      vertex 3.08025 -3.54901 7
    endloop
  endfacet
  facet normal 0.893041 -0.449975 0
    outer loop
      vertex 3.08025 -3.54901 2
      vertex 3.06592 -3.57745 7
      vertex 3.06592 -3.57745 2
    endloop
  endfacet
  facet normal 0.896755 -0.442527 0
    outer loop
      vertex 3.08025 -3.54901 7
      vertex 3.1245 -3.45934 2
      vertex 3.1245 -3.45934 7
    endloop
  endfacet
  facet normal 0.896755 -0.442527 0
    outer loop
      vertex 3.1245 -3.45934 2
      vertex 3.08025 -3.54901 7
      vertex 3.08025 -3.54901 2
    endloop
  endfacet
  facet normal 0.900451 -0.434958 0
    outer loop
      vertex 3.1245 -3.45934 7
      vertex 3.13846 -3.43044 2
      vertex 3.13846 -3.43044 7
    endloop
  endfacet
  facet normal 0.900451 -0.434958 0
    outer loop
      vertex 3.13846 -3.43044 2
      vertex 3.1245 -3.45934 7
      vertex 3.1245 -3.45934 2
    endloop
  endfacet
  facet normal 0.904051 -0.427424 0
    outer loop
      vertex 3.13846 -3.43044 7
      vertex 3.1812 -3.34004 2
      vertex 3.1812 -3.34004 7
    endloop
  endfacet
  facet normal 0.904051 -0.427424 0
    outer loop
      vertex 3.1812 -3.34004 2
      vertex 3.13846 -3.43044 7
      vertex 3.13846 -3.43044 2
    endloop
  endfacet
  facet normal 0.907476 -0.420105 0
    outer loop
      vertex 3.1812 -3.34004 7
      vertex 3.19469 -3.3109 2
      vertex 3.19469 -3.3109 7
    endloop
  endfacet
  facet normal 0.907476 -0.420105 0
    outer loop
      vertex 3.19469 -3.3109 2
      vertex 3.1812 -3.34004 7
      vertex 3.1812 -3.34004 2
    endloop
  endfacet
  facet normal 0.911057 -0.412281 0
    outer loop
      vertex 3.19469 -3.3109 7
      vertex 3.23592 -3.21979 2
      vertex 3.23592 -3.21979 7
    endloop
  endfacet
  facet normal 0.911057 -0.412281 0
    outer loop
      vertex 3.23592 -3.21979 2
      vertex 3.19469 -3.3109 7
      vertex 3.19469 -3.3109 2
    endloop
  endfacet
  facet normal 0.914393 -0.404829 0
    outer loop
      vertex 3.23592 -3.21979 7
      vertex 3.24883 -3.19063 2
      vertex 3.24883 -3.19063 7
    endloop
  endfacet
  facet normal 0.914393 -0.404829 0
    outer loop
      vertex 3.24883 -3.19063 2
      vertex 3.23592 -3.21979 7
      vertex 3.23592 -3.21979 2
    endloop
  endfacet
  facet normal 0.9178 -0.397043 0
    outer loop
      vertex 3.24883 -3.19063 7
      vertex 3.28853 -3.09886 2
      vertex 3.28853 -3.09886 7
    endloop
  endfacet
  facet normal 0.9178 -0.397043 0
    outer loop
      vertex 3.28853 -3.09886 2
      vertex 3.24883 -3.19063 7
      vertex 3.24883 -3.19063 2
    endloop
  endfacet
  facet normal 0.921121 -0.389276 0
    outer loop
      vertex 3.28853 -3.09886 7
      vertex 3.30109 -3.06914 2
      vertex 3.30109 -3.06914 7
    endloop
  endfacet
  facet normal 0.921121 -0.389276 0
    outer loop
      vertex 3.30109 -3.06914 2
      vertex 3.28853 -3.09886 7
      vertex 3.28853 -3.09886 2
    endloop
  endfacet
  facet normal 0.924338 -0.381574 0
    outer loop
      vertex 3.30109 -3.06914 7
      vertex 3.33925 -2.9767 2
      vertex 3.33925 -2.9767 7
    endloop
  endfacet
  facet normal 0.924338 -0.381574 0
    outer loop
      vertex 3.33925 -2.9767 2
      vertex 3.30109 -3.06914 7
      vertex 3.30109 -3.06914 2
    endloop
  endfacet
  facet normal 0.927358 -0.374175 0
    outer loop
      vertex 3.33925 -2.9767 7
      vertex 3.35106 -2.94743 2
      vertex 3.35106 -2.94743 7
    endloop
  endfacet
  facet normal 0.927358 -0.374175 0
    outer loop
      vertex 3.35106 -2.94743 2
      vertex 3.33925 -2.9767 7
      vertex 3.33925 -2.9767 2
    endloop
  endfacet
  facet normal 0.93045 -0.36642 0
    outer loop
      vertex 3.35106 -2.94743 7
      vertex 3.3877 -2.85439 2
      vertex 3.3877 -2.85439 7
    endloop
  endfacet
  facet normal 0.93045 -0.36642 0
    outer loop
      vertex 3.3877 -2.85439 2
      vertex 3.35106 -2.94743 7
      vertex 3.35106 -2.94743 2
    endloop
  endfacet
  facet normal 0.933641 -0.358211 0
    outer loop
      vertex 3.3877 -2.85439 7
      vertex 3.39926 -2.82426 2
      vertex 3.39926 -2.82426 7
    endloop
  endfacet
  facet normal 0.933641 -0.358211 0
    outer loop
      vertex 3.39926 -2.82426 2
      vertex 3.3877 -2.85439 7
      vertex 3.3877 -2.85439 2
    endloop
  endfacet
  facet normal 0.936477 -0.350729 0
    outer loop
      vertex 3.39926 -2.82426 7
      vertex 3.43433 -2.73062 2
      vertex 3.43433 -2.73062 7
    endloop
  endfacet
  facet normal 0.936477 -0.350729 0
    outer loop
      vertex 3.43433 -2.73062 2
      vertex 3.39926 -2.82426 7
      vertex 3.39926 -2.82426 2
    endloop
  endfacet
  facet normal 0.939471 -0.342627 0
    outer loop
      vertex 3.43433 -2.73062 7
      vertex 3.44522 -2.70076 2
      vertex 3.44522 -2.70076 7
    endloop
  endfacet
  facet normal 0.939471 -0.342627 0
    outer loop
      vertex 3.44522 -2.70076 2
      vertex 3.43433 -2.73062 7
      vertex 3.43433 -2.73062 2
    endloop
  endfacet
  facet normal 0.942173 -0.335126 0
    outer loop
      vertex 3.44522 -2.70076 7
      vertex 3.47873 -2.60655 2
      vertex 3.47873 -2.60655 7
    endloop
  endfacet
  facet normal 0.942173 -0.335126 0
    outer loop
      vertex 3.47873 -2.60655 2
      vertex 3.44522 -2.70076 7
      vertex 3.44522 -2.70076 2
    endloop
  endfacet
  facet normal 0.944876 -0.327429 0
    outer loop
      vertex 3.47873 -2.60655 7
      vertex 3.48932 -2.57599 2
      vertex 3.48932 -2.57599 7
    endloop
  endfacet
  facet normal 0.944876 -0.327429 0
    outer loop
      vertex 3.48932 -2.57599 2
      vertex 3.47873 -2.60655 7
      vertex 3.47873 -2.60655 2
    endloop
  endfacet
  facet normal 0.947689 -0.319196 0
    outer loop
      vertex 3.48932 -2.57599 7
      vertex 3.52124 -2.48122 2
      vertex 3.52124 -2.48122 7
    endloop
  endfacet
  facet normal 0.947689 -0.319196 0
    outer loop
      vertex 3.52124 -2.48122 2
      vertex 3.48932 -2.57599 7
      vertex 3.48932 -2.57599 2
    endloop
  endfacet
  facet normal 0.950373 -0.311112 0
    outer loop
      vertex 3.52124 -2.48122 7
      vertex 3.5311 -2.4511 2
      vertex 3.5311 -2.4511 7
    endloop
  endfacet
  facet normal 0.950373 -0.311112 0
    outer loop
      vertex 3.5311 -2.4511 2
      vertex 3.52124 -2.48122 7
      vertex 3.52124 -2.48122 2
    endloop
  endfacet
  facet normal 0.952829 -0.303509 0
    outer loop
      vertex 3.5311 -2.4511 7
      vertex 3.56145 -2.35582 2
      vertex 3.56145 -2.35582 7
    endloop
  endfacet
  facet normal 0.952829 -0.303509 0
    outer loop
      vertex 3.56145 -2.35582 2
      vertex 3.5311 -2.4511 7
      vertex 3.5311 -2.4511 2
    endloop
  endfacet
  facet normal 0.955361 -0.29544 0
    outer loop
      vertex 3.56145 -2.35582 7
      vertex 3.57095 -2.3251 2
      vertex 3.57095 -2.3251 7
    endloop
  endfacet
  facet normal 0.955361 -0.29544 0
    outer loop
      vertex 3.57095 -2.3251 2
      vertex 3.56145 -2.35582 7
      vertex 3.56145 -2.35582 2
    endloop
  endfacet
  facet normal 0.957766 -0.28755 0
    outer loop
      vertex 3.57095 -2.3251 7
      vertex 3.5997 -2.22934 2
      vertex 3.5997 -2.22934 7
    endloop
  endfacet
  facet normal 0.957766 -0.28755 0
    outer loop
      vertex 3.5997 -2.22934 2
      vertex 3.57095 -2.3251 7
      vertex 3.57095 -2.3251 2
    endloop
  endfacet
  facet normal 0.960151 -0.279482 0
    outer loop
      vertex 3.5997 -2.22934 7
      vertex 3.60861 -2.19873 2
      vertex 3.60861 -2.19873 7
    endloop
  endfacet
  facet normal 0.960151 -0.279482 0
    outer loop
      vertex 3.60861 -2.19873 2
      vertex 3.5997 -2.22934 7
      vertex 3.5997 -2.22934 2
    endloop
  endfacet
  facet normal 0.962417 -0.271577 0
    outer loop
      vertex 3.60861 -2.19873 7
      vertex 3.63577 -2.10248 2
      vertex 3.63577 -2.10248 7
    endloop
  endfacet
  facet normal 0.962417 -0.271577 0
    outer loop
      vertex 3.63577 -2.10248 2
      vertex 3.60861 -2.19873 7
      vertex 3.60861 -2.19873 2
    endloop
  endfacet
  facet normal 0.964598 -0.263723 0
    outer loop
      vertex 3.63577 -2.10248 7
      vertex 3.64424 -2.0715 2
      vertex 3.64424 -2.0715 7
    endloop
  endfacet
  facet normal 0.964598 -0.263723 0
    outer loop
      vertex 3.64424 -2.0715 2
      vertex 3.63577 -2.10248 7
      vertex 3.63577 -2.10248 2
    endloop
  endfacet
  facet normal 0.966833 -0.255409 0
    outer loop
      vertex 3.64424 -2.0715 7
      vertex 3.66978 -1.97482 2
      vertex 3.66978 -1.97482 7
    endloop
  endfacet
  facet normal 0.966833 -0.255409 0
    outer loop
      vertex 3.66978 -1.97482 2
      vertex 3.64424 -2.0715 7
      vertex 3.64424 -2.0715 2
    endloop
  endfacet
  facet normal 0.968935 -0.247315 0
    outer loop
      vertex 3.66978 -1.97482 7
      vertex 3.67769 -1.94383 2
      vertex 3.67769 -1.94383 7
    endloop
  endfacet
  facet normal 0.968935 -0.247315 0
    outer loop
      vertex 3.67769 -1.94383 2
      vertex 3.66978 -1.97482 7
      vertex 3.66978 -1.97482 2
    endloop
  endfacet
  facet normal 0.970955 -0.239263 0
    outer loop
      vertex 3.67769 -1.94383 7
      vertex 3.70161 -1.84676 2
      vertex 3.70161 -1.84676 7
    endloop
  endfacet
  facet normal 0.970955 -0.239263 0
    outer loop
      vertex 3.70161 -1.84676 2
      vertex 3.67769 -1.94383 7
      vertex 3.67769 -1.94383 2
    endloop
  endfacet
  facet normal 0.972833 -0.231508 0
    outer loop
      vertex 3.70161 -1.84676 7
      vertex 3.70903 -1.81558 2
      vertex 3.70903 -1.81558 7
    endloop
  endfacet
  facet normal 0.972833 -0.231508 0
    outer loop
      vertex 3.70903 -1.81558 2
      vertex 3.70161 -1.84676 7
      vertex 3.70161 -1.84676 2
    endloop
  endfacet
  facet normal 0.974801 -0.223077 0
    outer loop
      vertex 3.70903 -1.81558 7
      vertex 3.73134 -1.71809 2
      vertex 3.73134 -1.71809 7
    endloop
  endfacet
  facet normal 0.974801 -0.223077 0
    outer loop
      vertex 3.73134 -1.71809 2
      vertex 3.70903 -1.81558 7
      vertex 3.70903 -1.81558 2
    endloop
  endfacet
  facet normal 0.976601 -0.21506 0
    outer loop
      vertex 3.73134 -1.71809 7
      vertex 3.73816 -1.68712 2
      vertex 3.73816 -1.68712 7
    endloop
  endfacet
  facet normal 0.976601 -0.21506 0
    outer loop
      vertex 3.73816 -1.68712 2
      vertex 3.73134 -1.71809 7
      vertex 3.73134 -1.71809 2
    endloop
  endfacet
  facet normal 0.978359 -0.206913 0
    outer loop
      vertex 3.73816 -1.68712 7
      vertex 3.75885 -1.58929 2
      vertex 3.75885 -1.58929 7
    endloop
  endfacet
  facet normal 0.978359 -0.206913 0
    outer loop
      vertex 3.75885 -1.58929 2
      vertex 3.73816 -1.68712 7
      vertex 3.73816 -1.68712 2
    endloop
  endfacet
  facet normal 0.980102 -0.198494 0
    outer loop
      vertex 3.75885 -1.58929 7
      vertex 3.76527 -1.55759 2
      vertex 3.76527 -1.55759 7
    endloop
  endfacet
  facet normal 0.980102 -0.198494 0
    outer loop
      vertex 3.76527 -1.55759 2
      vertex 3.75885 -1.58929 7
      vertex 3.75885 -1.58929 2
    endloop
  endfacet
  facet normal 0.981691 -0.190479 0
    outer loop
      vertex 3.76527 -1.55759 7
      vertex 3.78432 -1.45941 2
      vertex 3.78432 -1.45941 7
    endloop
  endfacet
  facet normal 0.981691 -0.190479 0
    outer loop
      vertex 3.78432 -1.45941 2
      vertex 3.76527 -1.55759 7
      vertex 3.76527 -1.55759 2
    endloop
  endfacet
  facet normal 0.983251 -0.182258 0
    outer loop
      vertex 3.78432 -1.45941 7
      vertex 3.79012 -1.42812 2
      vertex 3.79012 -1.42812 7
    endloop
  endfacet
  facet normal 0.983251 -0.182258 0
    outer loop
      vertex 3.79012 -1.42812 2
      vertex 3.78432 -1.45941 7
      vertex 3.78432 -1.45941 2
    endloop
  endfacet
  facet normal 0.984727 -0.174105 0
    outer loop
      vertex 3.79012 -1.42812 7
      vertex 3.80753 -1.32965 2
      vertex 3.80753 -1.32965 7
    endloop
  endfacet
  facet normal 0.984727 -0.174105 0
    outer loop
      vertex 3.80753 -1.32965 2
      vertex 3.79012 -1.42812 7
      vertex 3.79012 -1.42812 2
    endloop
  endfacet
  facet normal 0.986148 -0.165865 0
    outer loop
      vertex 3.80753 -1.32965 7
      vertex 3.81285 -1.29802 2
      vertex 3.81285 -1.29802 7
    endloop
  endfacet
  facet normal 0.986148 -0.165865 0
    outer loop
      vertex 3.81285 -1.29802 2
      vertex 3.80753 -1.32965 7
      vertex 3.80753 -1.32965 2
    endloop
  endfacet
  facet normal 0.9875 -0.157616 0
    outer loop
      vertex 3.81285 -1.29802 7
      vertex 3.82861 -1.19928 2
      vertex 3.82861 -1.19928 7
    endloop
  endfacet
  facet normal 0.9875 -0.157616 0
    outer loop
      vertex 3.82861 -1.19928 2
      vertex 3.81285 -1.29802 7
      vertex 3.81285 -1.29802 2
    endloop
  endfacet
  facet normal 0.988744 -0.149619 0
    outer loop
      vertex 3.82861 -1.19928 7
      vertex 3.83336 -1.16789 2
      vertex 3.83336 -1.16789 7
    endloop
  endfacet
  facet normal 0.988744 -0.149619 0
    outer loop
      vertex 3.83336 -1.16789 2
      vertex 3.82861 -1.19928 7
      vertex 3.82861 -1.19928 2
    endloop
  endfacet
  facet normal 0.989967 -0.141295 0
    outer loop
      vertex 3.83336 -1.16789 7
      vertex 3.84749 -1.06889 2
      vertex 3.84749 -1.06889 7
    endloop
  endfacet
  facet normal 0.989967 -0.141295 0
    outer loop
      vertex 3.84749 -1.06889 2
      vertex 3.83336 -1.16789 7
      vertex 3.83336 -1.16789 2
    endloop
  endfacet
  facet normal 0.99116 -0.132673 0
    outer loop
      vertex 3.84749 -1.06889 7
      vertex 3.85176 -1.03699 2
      vertex 3.85176 -1.03699 7
    endloop
  endfacet
  facet normal 0.99116 -0.132673 0
    outer loop
      vertex 3.85176 -1.03699 2
      vertex 3.84749 -1.06889 7
      vertex 3.84749 -1.06889 2
    endloop
  endfacet
  facet normal 0.992194 -0.124706 0
    outer loop
      vertex 3.85176 -1.03699 7
      vertex 3.86423 -0.937775 2
      vertex 3.86423 -0.937775 7
    endloop
  endfacet
  facet normal 0.992194 -0.124706 0
    outer loop
      vertex 3.86423 -0.937775 2
      vertex 3.85176 -1.03699 7
      vertex 3.85176 -1.03699 2
    endloop
  endfacet
  facet normal 0.993183 -0.116564 0
    outer loop
      vertex 3.86423 -0.937775 7
      vertex 3.86798 -0.905823 2
      vertex 3.86798 -0.905823 7
    endloop
  endfacet
  facet normal 0.993183 -0.116564 0
    outer loop
      vertex 3.86798 -0.905823 2
      vertex 3.86423 -0.937775 7
      vertex 3.86423 -0.937775 2
    endloop
  endfacet
  facet normal 0.99415 -0.108004 0
    outer loop
      vertex 3.86798 -0.905823 7
      vertex 3.87878 -0.806412 2
      vertex 3.87878 -0.806412 7
    endloop
  endfacet
  facet normal 0.99415 -0.108004 0
    outer loop
      vertex 3.87878 -0.806412 2
      vertex 3.86798 -0.905823 7
      vertex 3.86798 -0.905823 2
    endloop
  endfacet
  facet normal 0.994989 -0.09998 0
    outer loop
      vertex 3.87878 -0.806412 7
      vertex 3.88196 -0.774765 2
      vertex 3.88196 -0.774765 7
    endloop
  endfacet
  facet normal 0.994989 -0.09998 0
    outer loop
      vertex 3.88196 -0.774765 2
      vertex 3.87878 -0.806412 7
      vertex 3.87878 -0.806412 2
    endloop
  endfacet
  facet normal 0.995805 -0.0915014 0
    outer loop
      vertex 3.88196 -0.774765 7
      vertex 3.89111 -0.675186 2
      vertex 3.89111 -0.675186 7
    endloop
  endfacet
  facet normal 0.995805 -0.0915014 0
    outer loop
      vertex 3.89111 -0.675186 2
      vertex 3.88196 -0.774765 7
      vertex 3.88196 -0.774765 2
    endloop
  endfacet
  facet normal 0.996549 -0.0830042 0
    outer loop
      vertex 3.89111 -0.675186 7
      vertex 3.89377 -0.64325 2
      vertex 3.89377 -0.64325 7
    endloop
  endfacet
  facet normal 0.996549 -0.0830042 0
    outer loop
      vertex 3.89377 -0.64325 2
      vertex 3.89111 -0.675186 7
      vertex 3.89111 -0.675186 2
    endloop
  endfacet
  facet normal 0.997191 -0.0749016 0
    outer loop
      vertex 3.89377 -0.64325 7
      vertex 3.90126 -0.543533 2
      vertex 3.90126 -0.543533 7
    endloop
  endfacet
  facet normal 0.997191 -0.0749016 0
    outer loop
      vertex 3.90126 -0.543533 2
      vertex 3.89377 -0.64325 7
      vertex 3.89377 -0.64325 2
    endloop
  endfacet
  facet normal 0.99776 -0.0668904 0
    outer loop
      vertex 3.90126 -0.543533 7
      vertex 3.9034 -0.511612 2
      vertex 3.9034 -0.511612 7
    endloop
  endfacet
  facet normal 0.99776 -0.0668904 0
    outer loop
      vertex 3.9034 -0.511612 2
      vertex 3.90126 -0.543533 7
      vertex 3.90126 -0.543533 2
    endloop
  endfacet
  facet normal 0.998299 -0.058304 0
    outer loop
      vertex 3.9034 -0.511612 7
      vertex 3.90923 -0.411789 2
      vertex 3.90923 -0.411789 7
    endloop
  endfacet
  facet normal 0.998299 -0.058304 0
    outer loop
      vertex 3.90923 -0.411789 2
      vertex 3.9034 -0.511612 7
      vertex 3.9034 -0.511612 2
    endloop
  endfacet
  facet normal 0.998747 -0.0500359 0
    outer loop
      vertex 3.90923 -0.411789 7
      vertex 3.91083 -0.379852 2
      vertex 3.91083 -0.379852 7
    endloop
  endfacet
  facet normal 0.998747 -0.0500359 0
    outer loop
      vertex 3.91083 -0.379852 2
      vertex 3.90923 -0.411789 7
      vertex 3.90923 -0.411789 2
    endloop
  endfacet
  facet normal 0.999134 -0.0415998 0
    outer loop
      vertex 3.91083 -0.379852 7
      vertex 3.91499 -0.279938 2
      vertex 3.91499 -0.279938 7
    endloop
  endfacet
  facet normal 0.999134 -0.0415998 0
    outer loop
      vertex 3.91499 -0.279938 2
      vertex 3.91083 -0.379852 7
      vertex 3.91083 -0.379852 2
    endloop
  endfacet
  facet normal 0.999439 -0.0334847 0
    outer loop
      vertex 3.91499 -0.279938 7
      vertex 3.91606 -0.248001 2
      vertex 3.91606 -0.248001 7
    endloop
  endfacet
  facet normal 0.999439 -0.0334847 0
    outer loop
      vertex 3.91606 -0.248001 2
      vertex 3.91499 -0.279938 7
      vertex 3.91499 -0.279938 2
    endloop
  endfacet
  facet normal 0.999687 -0.0250022 0
    outer loop
      vertex 3.91606 -0.248001 7
      vertex 3.91856 -0.148041 2
      vertex 3.91856 -0.148041 7
    endloop
  endfacet
  facet normal 0.999687 -0.0250022 0
    outer loop
      vertex 3.91856 -0.148041 2
      vertex 3.91606 -0.248001 7
      vertex 3.91606 -0.248001 2
    endloop
  endfacet
  facet normal 0.999857 -0.0169059 0
    outer loop
      vertex 3.91856 -0.148041 7
      vertex 3.9191 -0.116104 2
      vertex 3.9191 -0.116104 7
    endloop
  endfacet
  facet normal 0.999857 -0.0169059 0
    outer loop
      vertex 3.9191 -0.116104 2
      vertex 3.91856 -0.148041 7
      vertex 3.91856 -0.148041 2
    endloop
  endfacet
  facet normal 0.999965 -0.00840048 0
    outer loop
      vertex 3.9191 -0.116104 7
      vertex 3.91994 -0.0161133 2
      vertex 3.91994 -0.0161133 7
    endloop
  endfacet
  facet normal 0.999965 -0.00840048 0
    outer loop
      vertex 3.91994 -0.0161133 2
      vertex 3.9191 -0.116104 7
      vertex 3.9191 -0.116104 2
    endloop
  endfacet
  facet normal 1 -0 0
    outer loop
      vertex 3.91994 -0.0161133 7
      vertex 3.91994 0.0161133 2
      vertex 3.91994 0.0161133 7
    endloop
  endfacet
  facet normal 1 0 0
    outer loop
      vertex 3.91994 0.0161133 2
      vertex 3.91994 -0.0161133 7
      vertex 3.91994 -0.0161133 2
    endloop
  endfacet
  facet normal 0.999965 0.00840048 0
    outer loop
      vertex 3.91994 0.0161133 7
      vertex 3.9191 0.116104 2
      vertex 3.9191 0.116104 7
    endloop
  endfacet
  facet normal 0.999965 0.00840048 0
    outer loop
      vertex 3.9191 0.116104 2
      vertex 3.91994 0.0161133 7
      vertex 3.91994 0.0161133 2
    endloop
  endfacet
  facet normal 0.999857 0.0169059 0
    outer loop
      vertex 3.9191 0.116104 7
      vertex 3.91856 0.148041 2
      vertex 3.91856 0.148041 7
    endloop
  endfacet
  facet normal 0.999857 0.0169059 0
    outer loop
      vertex 3.91856 0.148041 2
      vertex 3.9191 0.116104 7
      vertex 3.9191 0.116104 2
    endloop
  endfacet
  facet normal 0.999687 0.0250022 0
    outer loop
      vertex 3.91856 0.148041 7
      vertex 3.91606 0.248001 2
      vertex 3.91606 0.248001 7
    endloop
  endfacet
  facet normal 0.999687 0.0250022 0
    outer loop
      vertex 3.91606 0.248001 2
      vertex 3.91856 0.148041 7
      vertex 3.91856 0.148041 2
    endloop
  endfacet
  facet normal 0.999439 0.0334847 0
    outer loop
      vertex 3.91606 0.248001 7
      vertex 3.91499 0.279938 2
      vertex 3.91499 0.279938 7
    endloop
  endfacet
  facet normal 0.999439 0.0334847 0
    outer loop
      vertex 3.91499 0.279938 2
      vertex 3.91606 0.248001 7
      vertex 3.91606 0.248001 2
    endloop
  endfacet
  facet normal 0.999134 0.0415998 0
    outer loop
      vertex 3.91499 0.279938 7
      vertex 3.91083 0.379852 2
      vertex 3.91083 0.379852 7
    endloop
  endfacet
  facet normal 0.999134 0.0415998 0
    outer loop
      vertex 3.91083 0.379852 2
      vertex 3.91499 0.279938 7
      vertex 3.91499 0.279938 2
    endloop
  endfacet
  facet normal 0.998747 0.0500359 0
    outer loop
      vertex 3.91083 0.379852 7
      vertex 3.90923 0.411789 2
      vertex 3.90923 0.411789 7
    endloop
  endfacet
  facet normal 0.998747 0.0500359 0
    outer loop
      vertex 3.90923 0.411789 2
      vertex 3.91083 0.379852 7
      vertex 3.91083 0.379852 2
    endloop
  endfacet
  facet normal 0.998299 0.058304 0
    outer loop
      vertex 3.90923 0.411789 7
      vertex 3.9034 0.511612 2
      vertex 3.9034 0.511612 7
    endloop
  endfacet
  facet normal 0.998299 0.058304 0
    outer loop
      vertex 3.9034 0.511612 2
      vertex 3.90923 0.411789 7
      vertex 3.90923 0.411789 2
    endloop
  endfacet
  facet normal 0.99776 0.0668904 0
    outer loop
      vertex 3.9034 0.511612 7
      vertex 3.90126 0.543533 2
      vertex 3.90126 0.543533 7
    endloop
  endfacet
  facet normal 0.99776 0.0668904 0
    outer loop
      vertex 3.90126 0.543533 2
      vertex 3.9034 0.511612 7
      vertex 3.9034 0.511612 2
    endloop
  endfacet
  facet normal 0.997191 0.0749016 0
    outer loop
      vertex 3.90126 0.543533 7
      vertex 3.89377 0.64325 2
      vertex 3.89377 0.64325 7
    endloop
  endfacet
  facet normal 0.997191 0.0749016 0
    outer loop
      vertex 3.89377 0.64325 2
      vertex 3.90126 0.543533 7
      vertex 3.90126 0.543533 2
    endloop
  endfacet
  facet normal 0.996549 0.0830042 0
    outer loop
      vertex 3.89377 0.64325 7
      vertex 3.89111 0.675186 2
      vertex 3.89111 0.675186 7
    endloop
  endfacet
  facet normal 0.996549 0.0830042 0
    outer loop
      vertex 3.89111 0.675186 2
      vertex 3.89377 0.64325 7
      vertex 3.89377 0.64325 2
    endloop
  endfacet
  facet normal 0.995805 0.0915014 0
    outer loop
      vertex 3.89111 0.675186 7
      vertex 3.88196 0.774765 2
      vertex 3.88196 0.774765 7
    endloop
  endfacet
  facet normal 0.995805 0.0915014 0
    outer loop
      vertex 3.88196 0.774765 2
      vertex 3.89111 0.675186 7
      vertex 3.89111 0.675186 2
    endloop
  endfacet
  facet normal 0.994989 0.09998 0
    outer loop
      vertex 3.88196 0.774765 7
      vertex 3.87878 0.806412 2
      vertex 3.87878 0.806412 7
    endloop
  endfacet
  facet normal 0.994989 0.09998 0
    outer loop
      vertex 3.87878 0.806412 2
      vertex 3.88196 0.774765 7
      vertex 3.88196 0.774765 2
    endloop
  endfacet
  facet normal 0.99415 0.108004 0
    outer loop
      vertex 3.87878 0.806412 7
      vertex 3.86798 0.905823 2
      vertex 3.86798 0.905823 7
    endloop
  endfacet
  facet normal 0.99415 0.108004 0
    outer loop
      vertex 3.86798 0.905823 2
      vertex 3.87878 0.806412 7
      vertex 3.87878 0.806412 2
    endloop
  endfacet
  facet normal 0.993183 0.116564 0
    outer loop
      vertex 3.86798 0.905823 7
      vertex 3.86423 0.937775 2
      vertex 3.86423 0.937775 7
    endloop
  endfacet
  facet normal 0.993183 0.116564 0
    outer loop
      vertex 3.86423 0.937775 2
      vertex 3.86798 0.905823 7
      vertex 3.86798 0.905823 2
    endloop
  endfacet
  facet normal 0.992194 0.124706 0
    outer loop
      vertex 3.86423 0.937775 7
      vertex 3.85176 1.03699 2
      vertex 3.85176 1.03699 7
    endloop
  endfacet
  facet normal 0.992194 0.124706 0
    outer loop
      vertex 3.85176 1.03699 2
      vertex 3.86423 0.937775 7
      vertex 3.86423 0.937775 2
    endloop
  endfacet
  facet normal 0.99116 0.132673 0
    outer loop
      vertex 3.85176 1.03699 7
      vertex 3.84749 1.06889 2
      vertex 3.84749 1.06889 7
    endloop
  endfacet
  facet normal 0.99116 0.132673 0
    outer loop
      vertex 3.84749 1.06889 2
      vertex 3.85176 1.03699 7
      vertex 3.85176 1.03699 2
    endloop
  endfacet
  facet normal 0.989967 0.141295 0
    outer loop
      vertex 3.84749 1.06889 7
      vertex 3.83336 1.16789 2
      vertex 3.83336 1.16789 7
    endloop
  endfacet
  facet normal 0.989967 0.141295 0
    outer loop
      vertex 3.83336 1.16789 2
      vertex 3.84749 1.06889 7
      vertex 3.84749 1.06889 2
    endloop
  endfacet
  facet normal 0.988744 0.149619 0
    outer loop
      vertex 3.83336 1.16789 7
      vertex 3.82861 1.19928 2
      vertex 3.82861 1.19928 7
    endloop
  endfacet
  facet normal 0.988744 0.149619 0
    outer loop
      vertex 3.82861 1.19928 2
      vertex 3.83336 1.16789 7
      vertex 3.83336 1.16789 2
    endloop
  endfacet
  facet normal 0.9875 0.157616 0
    outer loop
      vertex 3.82861 1.19928 7
      vertex 3.81285 1.29802 2
      vertex 3.81285 1.29802 7
    endloop
  endfacet
  facet normal 0.9875 0.157616 0
    outer loop
      vertex 3.81285 1.29802 2
      vertex 3.82861 1.19928 7
      vertex 3.82861 1.19928 2
    endloop
  endfacet
  facet normal 0.986148 0.165865 0
    outer loop
      vertex 3.81285 1.29802 7
      vertex 3.80753 1.32965 2
      vertex 3.80753 1.32965 7
    endloop
  endfacet
  facet normal 0.986148 0.165865 0
    outer loop
      vertex 3.80753 1.32965 2
      vertex 3.81285 1.29802 7
      vertex 3.81285 1.29802 2
    endloop
  endfacet
  facet normal 0.984727 0.174105 0
    outer loop
      vertex 3.80753 1.32965 7
      vertex 3.79012 1.42812 2
      vertex 3.79012 1.42812 7
    endloop
  endfacet
  facet normal 0.984727 0.174105 0
    outer loop
      vertex 3.79012 1.42812 2
      vertex 3.80753 1.32965 7
      vertex 3.80753 1.32965 2
    endloop
  endfacet
  facet normal 0.983251 0.182258 0
    outer loop
      vertex 3.79012 1.42812 7
      vertex 3.78432 1.45941 2
      vertex 3.78432 1.45941 7
    endloop
  endfacet
  facet normal 0.983251 0.182258 0
    outer loop
      vertex 3.78432 1.45941 2
      vertex 3.79012 1.42812 7
      vertex 3.79012 1.42812 2
    endloop
  endfacet
  facet normal 0.981691 0.190479 0
    outer loop
      vertex 3.78432 1.45941 7
      vertex 3.76527 1.55759 2
      vertex 3.76527 1.55759 7
    endloop
  endfacet
  facet normal 0.981691 0.190479 0
    outer loop
      vertex 3.76527 1.55759 2
      vertex 3.78432 1.45941 7
      vertex 3.78432 1.45941 2
    endloop
  endfacet
  facet normal 0.980102 0.198494 0
    outer loop
      vertex 3.76527 1.55759 7
      vertex 3.75885 1.58929 2
      vertex 3.75885 1.58929 7
    endloop
  endfacet
  facet normal 0.980102 0.198494 0
    outer loop
      vertex 3.75885 1.58929 2
      vertex 3.76527 1.55759 7
      vertex 3.76527 1.55759 2
    endloop
  endfacet
  facet normal 0.978359 0.206913 0
    outer loop
      vertex 3.75885 1.58929 7
      vertex 3.73816 1.68712 2
      vertex 3.73816 1.68712 7
    endloop
  endfacet
  facet normal 0.978359 0.206913 0
    outer loop
      vertex 3.73816 1.68712 2
      vertex 3.75885 1.58929 7
      vertex 3.75885 1.58929 2
    endloop
  endfacet
  facet normal 0.976601 0.21506 0
    outer loop
      vertex 3.73816 1.68712 7
      vertex 3.73134 1.71809 2
      vertex 3.73134 1.71809 7
    endloop
  endfacet
  facet normal 0.976601 0.21506 0
    outer loop
      vertex 3.73134 1.71809 2
      vertex 3.73816 1.68712 7
      vertex 3.73816 1.68712 2
    endloop
  endfacet
  facet normal 0.974801 0.223077 0
    outer loop
      vertex 3.73134 1.71809 7
      vertex 3.70903 1.81558 2
      vertex 3.70903 1.81558 7
    endloop
  endfacet
  facet normal 0.974801 0.223077 0
    outer loop
      vertex 3.70903 1.81558 2
      vertex 3.73134 1.71809 7
      vertex 3.73134 1.71809 2
    endloop
  endfacet
  facet normal 0.972833 0.231508 0
    outer loop
      vertex 3.70903 1.81558 7
      vertex 3.70161 1.84676 2
      vertex 3.70161 1.84676 7
    endloop
  endfacet
  facet normal 0.972833 0.231508 0
    outer loop
      vertex 3.70161 1.84676 2
      vertex 3.70903 1.81558 7
      vertex 3.70903 1.81558 2
    endloop
  endfacet
  facet normal 0.970955 0.239263 0
    outer loop
      vertex 3.70161 1.84676 7
      vertex 3.67769 1.94383 2
      vertex 3.67769 1.94383 7
    endloop
  endfacet
  facet normal 0.970955 0.239263 0
    outer loop
      vertex 3.67769 1.94383 2
      vertex 3.70161 1.84676 7
      vertex 3.70161 1.84676 2
    endloop
  endfacet
  facet normal 0.968935 0.247315 0
    outer loop
      vertex 3.67769 1.94383 7
      vertex 3.66978 1.97482 2
      vertex 3.66978 1.97482 7
    endloop
  endfacet
  facet normal 0.968935 0.247315 0
    outer loop
      vertex 3.66978 1.97482 2
      vertex 3.67769 1.94383 7
      vertex 3.67769 1.94383 2
    endloop
  endfacet
  facet normal 0.966833 0.255409 0
    outer loop
      vertex 3.66978 1.97482 7
      vertex 3.64424 2.0715 2
      vertex 3.64424 2.0715 7
    endloop
  endfacet
  facet normal 0.966833 0.255409 0
    outer loop
      vertex 3.64424 2.0715 2
      vertex 3.66978 1.97482 7
      vertex 3.66978 1.97482 2
    endloop
  endfacet
  facet normal 0.964598 0.263723 0
    outer loop
      vertex 3.64424 2.0715 7
      vertex 3.63577 2.10248 2
      vertex 3.63577 2.10248 7
    endloop
  endfacet
  facet normal 0.964598 0.263723 0
    outer loop
      vertex 3.63577 2.10248 2
      vertex 3.64424 2.0715 7
      vertex 3.64424 2.0715 2
    endloop
  endfacet
  facet normal 0.962417 0.271577 0
    outer loop
      vertex 3.63577 2.10248 7
      vertex 3.60861 2.19873 2
      vertex 3.60861 2.19873 7
    endloop
  endfacet
  facet normal 0.962417 0.271577 0
    outer loop
      vertex 3.60861 2.19873 2
      vertex 3.63577 2.10248 7
      vertex 3.63577 2.10248 2
    endloop
  endfacet
  facet normal 0.960151 0.279482 0
    outer loop
      vertex 3.60861 2.19873 7
      vertex 3.5997 2.22934 2
      vertex 3.5997 2.22934 7
    endloop
  endfacet
  facet normal 0.960151 0.279482 0
    outer loop
      vertex 3.5997 2.22934 2
      vertex 3.60861 2.19873 7
      vertex 3.60861 2.19873 2
    endloop
  endfacet
  facet normal 0.957766 0.28755 0
    outer loop
      vertex 3.5997 2.22934 7
      vertex 3.57095 2.3251 2
      vertex 3.57095 2.3251 7
    endloop
  endfacet
  facet normal 0.957766 0.28755 0
    outer loop
      vertex 3.57095 2.3251 2
      vertex 3.5997 2.22934 7
      vertex 3.5997 2.22934 2
    endloop
  endfacet
  facet normal 0.955361 0.29544 0
    outer loop
      vertex 3.57095 2.3251 7
      vertex 3.56145 2.35582 2
      vertex 3.56145 2.35582 7
    endloop
  endfacet
  facet normal 0.955361 0.29544 0
    outer loop
      vertex 3.56145 2.35582 2
      vertex 3.57095 2.3251 7
      vertex 3.57095 2.3251 2
    endloop
  endfacet
  facet normal 0.952829 0.303509 0
    outer loop
      vertex 3.56145 2.35582 7
      vertex 3.5311 2.4511 2
      vertex 3.5311 2.4511 7
    endloop
  endfacet
  facet normal 0.952829 0.303509 0
    outer loop
      vertex 3.5311 2.4511 2
      vertex 3.56145 2.35582 7
      vertex 3.56145 2.35582 2
    endloop
  endfacet
  facet normal 0.950373 0.311112 0
    outer loop
      vertex 3.5311 2.4511 7
      vertex 3.52124 2.48122 2
      vertex 3.52124 2.48122 7
    endloop
  endfacet
  facet normal 0.950373 0.311112 0
    outer loop
      vertex 3.52124 2.48122 2
      vertex 3.5311 2.4511 7
      vertex 3.5311 2.4511 2
    endloop
  endfacet
  facet normal 0.947689 0.319196 0
    outer loop
      vertex 3.52124 2.48122 7
      vertex 3.48932 2.57599 2
      vertex 3.48932 2.57599 7
    endloop
  endfacet
  facet normal 0.947689 0.319196 0
    outer loop
      vertex 3.48932 2.57599 2
      vertex 3.52124 2.48122 7
      vertex 3.52124 2.48122 2
    endloop
  endfacet
  facet normal 0.944876 0.327429 0
    outer loop
      vertex 3.48932 2.57599 7
      vertex 3.47873 2.60655 2
      vertex 3.47873 2.60655 7
    endloop
  endfacet
  facet normal 0.944876 0.327429 0
    outer loop
      vertex 3.47873 2.60655 2
      vertex 3.48932 2.57599 7
      vertex 3.48932 2.57599 2
    endloop
  endfacet
  facet normal 0.942173 0.335126 0
    outer loop
      vertex 3.47873 2.60655 7
      vertex 3.44522 2.70076 2
      vertex 3.44522 2.70076 7
    endloop
  endfacet
  facet normal 0.942173 0.335126 0
    outer loop
      vertex 3.44522 2.70076 2
      vertex 3.47873 2.60655 7
      vertex 3.47873 2.60655 2
    endloop
  endfacet
  facet normal 0.939471 0.342627 0
    outer loop
      vertex 3.44522 2.70076 7
      vertex 3.43433 2.73062 2
      vertex 3.43433 2.73062 7
    endloop
  endfacet
  facet normal 0.939471 0.342627 0
    outer loop
      vertex 3.43433 2.73062 2
      vertex 3.44522 2.70076 7
      vertex 3.44522 2.70076 2
    endloop
  endfacet
  facet normal 0.936477 0.350729 0
    outer loop
      vertex 3.43433 2.73062 7
      vertex 3.39926 2.82426 2
      vertex 3.39926 2.82426 7
    endloop
  endfacet
  facet normal 0.936477 0.350729 0
    outer loop
      vertex 3.39926 2.82426 2
      vertex 3.43433 2.73062 7
      vertex 3.43433 2.73062 2
    endloop
  endfacet
  facet normal 0.933641 0.358211 0
    outer loop
      vertex 3.39926 2.82426 7
      vertex 3.3877 2.85439 2
      vertex 3.3877 2.85439 7
    endloop
  endfacet
  facet normal 0.933641 0.358211 0
    outer loop
      vertex 3.3877 2.85439 2
      vertex 3.39926 2.82426 7
      vertex 3.39926 2.82426 2
    endloop
  endfacet
  facet normal 0.93045 0.36642 0
    outer loop
      vertex 3.3877 2.85439 7
      vertex 3.35106 2.94743 2
      vertex 3.35106 2.94743 7
    endloop
  endfacet
  facet normal 0.93045 0.36642 0
    outer loop
      vertex 3.35106 2.94743 2
      vertex 3.3877 2.85439 7
      vertex 3.3877 2.85439 2
    endloop
  endfacet
  facet normal 0.927358 0.374175 0
    outer loop
      vertex 3.35106 2.94743 7
      vertex 3.33925 2.9767 2
      vertex 3.33925 2.9767 7
    endloop
  endfacet
  facet normal 0.927358 0.374175 0
    outer loop
      vertex 3.33925 2.9767 2
      vertex 3.35106 2.94743 7
      vertex 3.35106 2.94743 2
    endloop
  endfacet
  facet normal 0.924338 0.381574 0
    outer loop
      vertex 3.33925 2.9767 7
      vertex 3.30109 3.06914 2
      vertex 3.30109 3.06914 7
    endloop
  endfacet
  facet normal 0.924338 0.381574 0
    outer loop
      vertex 3.30109 3.06914 2
      vertex 3.33925 2.9767 7
      vertex 3.33925 2.9767 2
    endloop
  endfacet
  facet normal 0.921121 0.389276 0
    outer loop
      vertex 3.30109 3.06914 7
      vertex 3.28853 3.09886 2
      vertex 3.28853 3.09886 7
    endloop
  endfacet
  facet normal 0.921121 0.389276 0
    outer loop
      vertex 3.28853 3.09886 2
      vertex 3.30109 3.06914 7
      vertex 3.30109 3.06914 2
    endloop
  endfacet
  facet normal 0.9178 0.397043 0
    outer loop
      vertex 3.28853 3.09886 7
      vertex 3.24883 3.19063 2
      vertex 3.24883 3.19063 7
    endloop
  endfacet
  facet normal 0.9178 0.397043 0
    outer loop
      vertex 3.24883 3.19063 2
      vertex 3.28853 3.09886 7
      vertex 3.28853 3.09886 2
    endloop
  endfacet
  facet normal 0.914393 0.404829 0
    outer loop
      vertex 3.24883 3.19063 7
      vertex 3.23592 3.21979 2
      vertex 3.23592 3.21979 7
    endloop
  endfacet
  facet normal 0.914393 0.404829 0
    outer loop
      vertex 3.23592 3.21979 2
      vertex 3.24883 3.19063 7
      vertex 3.24883 3.19063 2
    endloop
  endfacet
  facet normal 0.911057 0.412281 0
    outer loop
      vertex 3.23592 3.21979 7
      vertex 3.19469 3.3109 2
      vertex 3.19469 3.3109 7
    endloop
  endfacet
  facet normal 0.911057 0.412281 0
    outer loop
      vertex 3.19469 3.3109 2
      vertex 3.23592 3.21979 7
      vertex 3.23592 3.21979 2
    endloop
  endfacet
  facet normal 0.907476 0.420105 0
    outer loop
      vertex 3.19469 3.3109 7
      vertex 3.1812 3.34004 2
      vertex 3.1812 3.34004 7
    endloop
  endfacet
  facet normal 0.907476 0.420105 0
    outer loop
      vertex 3.1812 3.34004 2
      vertex 3.19469 3.3109 7
      vertex 3.19469 3.3109 2
    endloop
  endfacet
  facet normal 0.904051 0.427424 0
    outer loop
      vertex 3.1812 3.34004 7
      vertex 3.13846 3.43044 2
      vertex 3.13846 3.43044 7
    endloop
  endfacet
  facet normal 0.904051 0.427424 0
    outer loop
      vertex 3.13846 3.43044 2
      vertex 3.1812 3.34004 7
      vertex 3.1812 3.34004 2
    endloop
  endfacet
  facet normal 0.900451 0.434958 0
    outer loop
      vertex 3.13846 3.43044 7
      vertex 3.1245 3.45934 2
      vertex 3.1245 3.45934 7
    endloop
  endfacet
  facet normal 0.900451 0.434958 0
    outer loop
      vertex 3.1245 3.45934 2
      vertex 3.13846 3.43044 7
      vertex 3.13846 3.43044 2
    endloop
  endfacet
  facet normal 0.896755 0.442527 0
    outer loop
      vertex 3.1245 3.45934 7
      vertex 3.08025 3.54901 2
      vertex 3.08025 3.54901 7
    endloop
  endfacet
  facet normal 0.896755 0.442527 0
    outer loop
      vertex 3.08025 3.54901 2
      vertex 3.1245 3.45934 7
      vertex 3.1245 3.45934 2
    endloop
  endfacet
  facet normal 0.893041 0.449975 0
    outer loop
      vertex 3.08025 3.54901 7
      vertex 3.06592 3.57745 2
      vertex 3.06592 3.57745 7
    endloop
  endfacet
  facet normal 0.893041 0.449975 0
    outer loop
      vertex 3.06592 3.57745 2
      vertex 3.08025 3.54901 7
      vertex 3.08025 3.54901 2
    endloop
  endfacet
  facet normal 0.88931 0.457305 0
    outer loop
      vertex 3.06592 3.57745 7
      vertex 3.02019 3.66638 2
      vertex 3.02019 3.66638 7
    endloop
  endfacet
  facet normal 0.88931 0.457305 0
    outer loop
      vertex 3.02019 3.66638 2
      vertex 3.06592 3.57745 7
      vertex 3.06592 3.57745 2
    endloop
  endfacet
  facet normal 0.885343 0.464938 0
    outer loop
      vertex 3.02019 3.66638 7
      vertex 3.00526 3.69481 2
      vertex 3.00526 3.69481 7
    endloop
  endfacet
  facet normal 0.885343 0.464938 0
    outer loop
      vertex 3.00526 3.69481 2
      vertex 3.02019 3.66638 7
      vertex 3.02019 3.66638 2
    endloop
  endfacet
  facet normal 0.881535 0.472119 0
    outer loop
      vertex 3.00526 3.69481 7
      vertex 2.95805 3.78296 2
      vertex 2.95805 3.78296 7
    endloop
  endfacet
  facet normal 0.881535 0.472119 0
    outer loop
      vertex 2.95805 3.78296 2
      vertex 3.00526 3.69481 7
      vertex 3.00526 3.69481 2
    endloop
  endfacet
  facet normal 0.877908 0.47883 0
    outer loop
      vertex 2.95805 3.78296 7
      vertex 2.94286 3.81081 2
      vertex 2.94286 3.81081 7
    endloop
  endfacet
  facet normal 0.877908 0.47883 0
    outer loop
      vertex 2.94286 3.81081 2
      vertex 2.95805 3.78296 7
      vertex 2.95805 3.78296 2
    endloop
  endfacet
  facet normal 0.873595 0.486653 0
    outer loop
      vertex 2.94286 3.81081 7
      vertex 2.8942 3.89816 2
      vertex 2.8942 3.89816 7
    endloop
  endfacet
  facet normal 0.873595 0.486653 0
    outer loop
      vertex 2.8942 3.89816 2
      vertex 2.94286 3.81081 7
      vertex 2.94286 3.81081 2
    endloop
  endfacet
  facet normal 0.869366 0.494169 0
    outer loop
      vertex 2.8942 3.89816 7
      vertex 2.87825 3.92622 2
      vertex 2.87825 3.92622 7
    endloop
  endfacet
  facet normal 0.869366 0.494169 0
    outer loop
      vertex 2.87825 3.92622 2
      vertex 2.8942 3.89816 7
      vertex 2.8942 3.89816 2
    endloop
  endfacet
  facet normal 0.865305 0.501245 0
    outer loop
      vertex 2.87825 3.92622 7
      vertex 2.82812 4.01276 2
      vertex 2.82812 4.01276 7
    endloop
  endfacet
  facet normal 0.865305 0.501245 0
    outer loop
      vertex 2.82812 4.01276 2
      vertex 2.87825 3.92622 7
      vertex 2.87825 3.92622 2
    endloop
  endfacet
  facet normal 0.861187 0.508288 0
    outer loop
      vertex 2.82812 4.01276 7
      vertex 2.81183 4.04036 2
      vertex 2.81183 4.04036 7
    endloop
  endfacet
  facet normal 0.861187 0.508288 0
    outer loop
      vertex 2.81183 4.04036 2
      vertex 2.82812 4.01276 7
      vertex 2.82812 4.01276 2
    endloop
  endfacet
  facet normal 0.856822 0.515613 0
    outer loop
      vertex 2.81183 4.04036 7
      vertex 2.76027 4.12604 2
      vertex 2.76027 4.12604 7
    endloop
  endfacet
  facet normal 0.856822 0.515613 0
    outer loop
      vertex 2.76027 4.12604 2
      vertex 2.81183 4.04036 7
      vertex 2.81183 4.04036 2
    endloop
  endfacet
  facet normal 0.85247 0.522777 0
    outer loop
      vertex 2.76027 4.12604 7
      vertex 2.7437 4.15306 2
      vertex 2.7437 4.15306 7
    endloop
  endfacet
  facet normal 0.85247 0.522777 0
    outer loop
      vertex 2.7437 4.15306 2
      vertex 2.76027 4.12604 7
      vertex 2.76027 4.12604 2
    endloop
  endfacet
  facet normal 0.848161 0.529738 0
    outer loop
      vertex 2.7437 4.15306 7
      vertex 2.69073 4.23787 2
      vertex 2.69073 4.23787 7
    endloop
  endfacet
  facet normal 0.848161 0.529738 0
    outer loop
      vertex 2.69073 4.23787 2
      vertex 2.7437 4.15306 7
      vertex 2.7437 4.15306 2
    endloop
  endfacet
  facet normal 0.843738 0.536755 0
    outer loop
      vertex 2.69073 4.23787 7
      vertex 2.67349 4.26497 2
      vertex 2.67349 4.26497 7
    endloop
  endfacet
  facet normal 0.843738 0.536755 0
    outer loop
      vertex 2.67349 4.26497 2
      vertex 2.69073 4.23787 7
      vertex 2.69073 4.23787 2
    endloop
  endfacet
  facet normal 0.83921 0.543807 0
    outer loop
      vertex 2.67349 4.26497 7
      vertex 2.61911 4.34889 2
      vertex 2.61911 4.34889 7
    endloop
  endfacet
  facet normal 0.83921 0.543807 0
    outer loop
      vertex 2.61911 4.34889 2
      vertex 2.67349 4.26497 7
      vertex 2.67349 4.26497 2
    endloop
  endfacet
  facet normal 0.834535 0.550955 0
    outer loop
      vertex 2.61911 4.34889 7
      vertex 2.60143 4.37567 2
      vertex 2.60143 4.37567 7
    endloop
  endfacet
  facet normal 0.834535 0.550955 0
    outer loop
      vertex 2.60143 4.37567 2
      vertex 2.61911 4.34889 7
      vertex 2.61911 4.34889 2
    endloop
  endfacet
  facet normal 0.829952 0.557835 0
    outer loop
      vertex 2.60143 4.37567 7
      vertex 2.54565 4.45866 2
      vertex 2.54565 4.45866 7
    endloop
  endfacet
  facet normal 0.829952 0.557835 0
    outer loop
      vertex 2.54565 4.45866 2
      vertex 2.60143 4.37567 7
      vertex 2.60143 4.37567 2
    endloop
  endfacet
  facet normal 0.825569 0.564301 0
    outer loop
      vertex 2.54565 4.45866 7
      vertex 2.52768 4.48495 2
      vertex 2.52768 4.48495 7
    endloop
  endfacet
  facet normal 0.825569 0.564301 0
    outer loop
      vertex 2.52768 4.48495 2
      vertex 2.54565 4.45866 7
      vertex 2.54565 4.45866 2
    endloop
  endfacet
  facet normal 0.820681 0.571387 0
    outer loop
      vertex 2.52768 4.48495 7
      vertex 2.47054 4.56702 2
      vertex 2.47054 4.56702 7
    endloop
  endfacet
  facet normal 0.820681 0.571387 0
    outer loop
      vertex 2.47054 4.56702 2
      vertex 2.52768 4.48495 7
      vertex 2.52768 4.48495 2
    endloop
  endfacet
  facet normal 0.815744 0.578414 0
    outer loop
      vertex 2.47054 4.56702 7
      vertex 2.45192 4.59328 2
      vertex 2.45192 4.59328 7
    endloop
  endfacet
  facet normal 0.815744 0.578414 0
    outer loop
      vertex 2.45192 4.59328 2
      vertex 2.47054 4.56702 7
      vertex 2.47054 4.56702 2
    endloop
  endfacet
  facet normal 0.810927 0.585147 0
    outer loop
      vertex 2.45192 4.59328 7
      vertex 2.3934 4.67438 2
      vertex 2.3934 4.67438 7
    endloop
  endfacet
  facet normal 0.810927 0.585147 0
    outer loop
      vertex 2.3934 4.67438 2
      vertex 2.45192 4.59328 7
      vertex 2.45192 4.59328 2
    endloop
  endfacet
  facet normal 0.806105 0.591772 0
    outer loop
      vertex 2.3934 4.67438 7
      vertex 2.37457 4.70003 2
      vertex 2.37457 4.70003 7
    endloop
  endfacet
  facet normal 0.806105 0.591772 0
    outer loop
      vertex 2.37457 4.70003 2
      vertex 2.3934 4.67438 7
      vertex 2.3934 4.67438 2
    endloop
  endfacet
  facet normal 0.801163 0.598447 0
    outer loop
      vertex 2.37457 4.70003 7
      vertex 2.31473 4.78014 2
      vertex 2.31473 4.78014 7
    endloop
  endfacet
  facet normal 0.801163 0.598447 0
    outer loop
      vertex 2.31473 4.78014 2
      vertex 2.37457 4.70003 7
      vertex 2.37457 4.70003 2
    endloop
  endfacet
  facet normal 0.795855 0.605487 0
    outer loop
      vertex 2.31473 4.78014 7
      vertex 2.29536 4.8056 2
      vertex 2.29536 4.8056 7
    endloop
  endfacet
  facet normal 0.795855 0.605487 0
    outer loop
      vertex 2.29536 4.8056 2
      vertex 2.31473 4.78014 7
      vertex 2.31473 4.78014 2
    endloop
  endfacet
  facet normal 0.791056 0.611743 0
    outer loop
      vertex 2.29536 4.8056 7
      vertex 2.23419 4.8847 2
      vertex 2.23419 4.8847 7
    endloop
  endfacet
  facet normal 0.791056 0.611743 0
    outer loop
      vertex 2.23419 4.8847 2
      vertex 2.29536 4.8056 7
      vertex 2.29536 4.8056 2
    endloop
  endfacet
  facet normal 0.785973 0.618261 0
    outer loop
      vertex 2.23419 4.8847 7
      vertex 2.21432 4.90996 2
      vertex 2.21432 4.90996 7
    endloop
  endfacet
  facet normal 0.785973 0.618261 0
    outer loop
      vertex 2.21432 4.90996 2
      vertex 2.23419 4.8847 7
      vertex 2.23419 4.8847 2
    endloop
  endfacet
  facet normal 0.780713 0.62489 0
    outer loop
      vertex 2.21432 4.90996 7
      vertex 2.15184 4.98802 2
      vertex 2.15184 4.98802 7
    endloop
  endfacet
  facet normal 0.780713 0.62489 0
    outer loop
      vertex 2.15184 4.98802 2
      vertex 2.21432 4.90996 7
      vertex 2.21432 4.90996 2
    endloop
  endfacet
  facet normal 0.775455 0.631402 0
    outer loop
      vertex 2.15184 4.98802 7
      vertex 2.13159 5.01289 2
      vertex 2.13159 5.01289 7
    endloop
  endfacet
  facet normal 0.775455 0.631402 0
    outer loop
      vertex 2.13159 5.01289 2
      vertex 2.15184 4.98802 7
      vertex 2.15184 4.98802 2
    endloop
  endfacet
  facet normal 0.770161 0.63785 0
    outer loop
      vertex 2.13159 5.01289 7
      vertex 2.06781 5.0899 2
      vertex 2.06781 5.0899 7
    endloop
  endfacet
  facet normal 0.770161 0.63785 0
    outer loop
      vertex 2.06781 5.0899 2
      vertex 2.13159 5.01289 7
      vertex 2.13159 5.01289 2
    endloop
  endfacet
  facet normal 0.764887 0.644165 0
    outer loop
      vertex 2.06781 5.0899 7
      vertex 2.04732 5.11423 2
      vertex 2.04732 5.11423 7
    endloop
  endfacet
  facet normal 0.764887 0.644165 0
    outer loop
      vertex 2.04732 5.11423 2
      vertex 2.06781 5.0899 7
      vertex 2.06781 5.0899 2
    endloop
  endfacet
  facet normal 0.759461 0.650552 0
    outer loop
      vertex 2.04732 5.11423 7
      vertex 1.98227 5.19017 2
      vertex 1.98227 5.19017 7
    endloop
  endfacet
  facet normal 0.759461 0.650552 0
    outer loop
      vertex 1.98227 5.19017 2
      vertex 2.04732 5.11423 7
      vertex 2.04732 5.11423 2
    endloop
  endfacet
  facet normal 0.754316 0.656511 0
    outer loop
      vertex 1.98227 5.19017 7
      vertex 1.96126 5.21431 2
      vertex 1.96126 5.21431 7
    endloop
  endfacet
  facet normal 0.754316 0.656511 0
    outer loop
      vertex 1.96126 5.21431 2
      vertex 1.98227 5.19017 7
      vertex 1.98227 5.19017 2
    endloop
  endfacet
  facet normal 0.748512 0.663122 0
    outer loop
      vertex 1.96126 5.21431 7
      vertex 1.89494 5.28917 2
      vertex 1.89494 5.28917 7
    endloop
  endfacet
  facet normal 0.748512 0.663122 0
    outer loop
      vertex 1.89494 5.28917 2
      vertex 1.96126 5.21431 7
      vertex 1.96126 5.21431 2
    endloop
  endfacet
  facet normal 0.742737 0.669584 0
    outer loop
      vertex 1.89494 5.28917 7
      vertex 1.87343 5.31303 2
      vertex 1.87343 5.31303 7
    endloop
  endfacet
  facet normal 0.742737 0.669584 0
    outer loop
      vertex 1.87343 5.31303 2
      vertex 1.89494 5.28917 7
      vertex 1.89494 5.28917 2
    endloop
  endfacet
  facet normal 0.737333 0.67553 0
    outer loop
      vertex 1.87343 5.31303 7
      vertex 1.80588 5.38676 2
      vertex 1.80588 5.38676 7
    endloop
  endfacet
  facet normal 0.737333 0.67553 0
    outer loop
      vertex 1.80588 5.38676 2
      vertex 1.87343 5.31303 7
      vertex 1.87343 5.31303 2
    endloop
  endfacet
  facet normal 0.731707 0.68162 0
    outer loop
      vertex 1.80588 5.38676 7
      vertex 1.78397 5.41028 2
      vertex 1.78397 5.41028 7
    endloop
  endfacet
  facet normal 0.731707 0.68162 0
    outer loop
      vertex 1.78397 5.41028 2
      vertex 1.80588 5.38676 7
      vertex 1.80588 5.38676 2
    endloop
  endfacet
  facet normal 0.725853 0.68785 0
    outer loop
      vertex 1.78397 5.41028 7
      vertex 1.71519 5.48286 2
      vertex 1.71519 5.48286 7
    endloop
  endfacet
  facet normal 0.725853 0.68785 0
    outer loop
      vertex 1.71519 5.48286 2
      vertex 1.78397 5.41028 7
      vertex 1.78397 5.41028 2
    endloop
  endfacet
  facet normal 0.72039 0.693569 0
    outer loop
      vertex 1.71519 5.48286 7
      vertex 1.69321 5.50569 2
      vertex 1.69321 5.50569 7
    endloop
  endfacet
  facet normal 0.72039 0.693569 0
    outer loop
      vertex 1.69321 5.50569 2
      vertex 1.71519 5.48286 7
      vertex 1.71519 5.48286 2
    endloop
  endfacet
  facet normal 0.714469 0.699667 0
    outer loop
      vertex 1.69321 5.50569 7
      vertex 1.62325 5.57713 2
      vertex 1.62325 5.57713 7
    endloop
  endfacet
  facet normal 0.714469 0.699667 0
    outer loop
      vertex 1.62325 5.57713 2
      vertex 1.69321 5.50569 7
      vertex 1.69321 5.50569 2
    endloop
  endfacet
  facet normal 0.708817 0.705393 0
    outer loop
      vertex 1.62325 5.57713 7
      vertex 1.60059 5.5999 2
      vertex 1.60059 5.5999 7
    endloop
  endfacet
  facet normal 0.708817 0.705393 0
    outer loop
      vertex 1.60059 5.5999 2
      vertex 1.62325 5.57713 7
      vertex 1.62325 5.57713 2
    endloop
  endfacet
  facet normal 0.702643 0.711542 -0
    outer loop
      vertex 1.60059 5.5999 2
      vertex 1.52943 5.67017 7
      vertex 1.60059 5.5999 7
    endloop
  endfacet
  facet normal 0.702643 0.711542 0
    outer loop
      vertex 1.52943 5.67017 7
      vertex 1.60059 5.5999 2
      vertex 1.52943 5.67017 2
    endloop
  endfacet
  facet normal 0.696523 0.717535 -0
    outer loop
      vertex 1.52943 5.67017 2
      vertex 1.50655 5.69238 7
      vertex 1.52943 5.67017 7
    endloop
  endfacet
  facet normal 0.696523 0.717535 0
    outer loop
      vertex 1.50655 5.69238 7
      vertex 1.52943 5.67017 2
      vertex 1.50655 5.69238 2
    endloop
  endfacet
  facet normal 0.690723 0.723119 -0
    outer loop
      vertex 1.50655 5.69238 2
      vertex 1.43423 5.76146 7
      vertex 1.50655 5.69238 7
    endloop
  endfacet
  facet normal 0.690723 0.723119 0
    outer loop
      vertex 1.43423 5.76146 7
      vertex 1.50655 5.69238 2
      vertex 1.43423 5.76146 2
    endloop
  endfacet
  facet normal 0.684976 0.728566 -0
    outer loop
      vertex 1.43423 5.76146 2
      vertex 1.41083 5.78346 7
      vertex 1.43423 5.76146 7
    endloop
  endfacet
  facet normal 0.684976 0.728566 0
    outer loop
      vertex 1.41083 5.78346 7
      vertex 1.43423 5.76146 2
      vertex 1.41083 5.78346 2
    endloop
  endfacet
  facet normal 0.678554 0.73455 -0
    outer loop
      vertex 1.41083 5.78346 2
      vertex 1.33737 5.85132 7
      vertex 1.41083 5.78346 7
    endloop
  endfacet
  facet normal 0.678554 0.73455 0
    outer loop
      vertex 1.33737 5.85132 7
      vertex 1.41083 5.78346 2
      vertex 1.33737 5.85132 2
    endloop
  endfacet
  facet normal 0.672438 0.740154 -0
    outer loop
      vertex 1.33737 5.85132 2
      vertex 1.31387 5.87267 7
      vertex 1.33737 5.85132 7
    endloop
  endfacet
  facet normal 0.672438 0.740154 0
    outer loop
      vertex 1.31387 5.87267 7
      vertex 1.33737 5.85132 2
      vertex 1.31387 5.87267 2
    endloop
  endfacet
  facet normal 0.666336 0.745652 -0
    outer loop
      vertex 1.31387 5.87267 2
      vertex 1.23932 5.93929 7
      vertex 1.31387 5.87267 7
    endloop
  endfacet
  facet normal 0.666336 0.745652 0
    outer loop
      vertex 1.23932 5.93929 7
      vertex 1.31387 5.87267 2
      vertex 1.23932 5.93929 2
    endloop
  endfacet
  facet normal 0.660109 0.75117 -0
    outer loop
      vertex 1.23932 5.93929 2
      vertex 1.21515 5.96053 7
      vertex 1.23932 5.93929 7
    endloop
  endfacet
  facet normal 0.660109 0.75117 0
    outer loop
      vertex 1.21515 5.96053 7
      vertex 1.23932 5.93929 2
      vertex 1.21515 5.96053 2
    endloop
  endfacet
  facet normal 0.653669 0.75678 -0
    outer loop
      vertex 1.21515 5.96053 2
      vertex 1.13948 6.02589 7
      vertex 1.21515 5.96053 7
    endloop
  endfacet
  facet normal 0.653669 0.75678 0
    outer loop
      vertex 1.13948 6.02589 7
      vertex 1.21515 5.96053 2
      vertex 1.13948 6.02589 2
    endloop
  endfacet
  facet normal 0.647412 0.76214 -0
    outer loop
      vertex 1.13948 6.02589 2
      vertex 1.1151 6.0466 7
      vertex 1.13948 6.02589 7
    endloop
  endfacet
  facet normal 0.647412 0.76214 0
    outer loop
      vertex 1.1151 6.0466 7
      vertex 1.13948 6.02589 2
      vertex 1.1151 6.0466 2
    endloop
  endfacet
  facet normal 0.64102 0.767524 -0
    outer loop
      vertex 1.1151 6.0466 2
      vertex 1.03835 6.1107 7
      vertex 1.1151 6.0466 7
    endloop
  endfacet
  facet normal 0.64102 0.767524 0
    outer loop
      vertex 1.03835 6.1107 7
      vertex 1.1151 6.0466 2
      vertex 1.03835 6.1107 2
    endloop
  endfacet
  facet normal 0.634527 0.772901 -0
    outer loop
      vertex 1.03835 6.1107 2
      vertex 1.01355 6.13106 7
      vertex 1.03835 6.1107 7
    endloop
  endfacet
  facet normal 0.634527 0.772901 0
    outer loop
      vertex 1.01355 6.13106 7
      vertex 1.03835 6.1107 2
      vertex 1.01355 6.13106 2
    endloop
  endfacet
  facet normal 0.62808 0.778149 -0
    outer loop
      vertex 1.01355 6.13106 2
      vertex 0.935745 6.19386 7
      vertex 1.01355 6.13106 7
    endloop
  endfacet
  facet normal 0.62808 0.778149 0
    outer loop
      vertex 0.935745 6.19386 7
      vertex 1.01355 6.13106 2
      vertex 0.935745 6.19386 2
    endloop
  endfacet
  facet normal 0.621969 0.783042 -0
    outer loop
      vertex 0.935745 6.19386 2
      vertex 0.910767 6.2137 7
      vertex 0.935745 6.19386 7
    endloop
  endfacet
  facet normal 0.621969 0.783042 0
    outer loop
      vertex 0.910767 6.2137 7
      vertex 0.935745 6.19386 2
      vertex 0.910767 6.2137 2
    endloop
  endfacet
  facet normal 0.615109 0.788442 -0
    outer loop
      vertex 0.910767 6.2137 2
      vertex 0.831924 6.27521 7
      vertex 0.910767 6.2137 7
    endloop
  endfacet
  facet normal 0.615109 0.788442 0
    outer loop
      vertex 0.831924 6.27521 7
      vertex 0.910767 6.2137 2
      vertex 0.831924 6.27521 2
    endloop
  endfacet
  facet normal 0.608403 0.793628 -0
    outer loop
      vertex 0.831924 6.27521 2
      vertex 0.806396 6.29478 7
      vertex 0.831924 6.27521 7
    endloop
  endfacet
  facet normal 0.608403 0.793628 0
    outer loop
      vertex 0.806396 6.29478 7
      vertex 0.831924 6.27521 2
      vertex 0.806396 6.29478 2
    endloop
  endfacet
  facet normal 0.601867 0.798596 -0
    outer loop
      vertex 0.806396 6.29478 2
      vertex 0.726532 6.35497 7
      vertex 0.806396 6.29478 7
    endloop
  endfacet
  facet normal 0.601867 0.798596 0
    outer loop
      vertex 0.726532 6.35497 7
      vertex 0.806396 6.29478 2
      vertex 0.726532 6.35497 2
    endloop
  endfacet
  facet normal 0.594867 0.803824 -0
    outer loop
      vertex 0.726532 6.35497 2
      vertex 0.700912 6.37393 7
      vertex 0.726532 6.35497 7
    endloop
  endfacet
  facet normal 0.594867 0.803824 0
    outer loop
      vertex 0.700912 6.37393 7
      vertex 0.726532 6.35497 2
      vertex 0.700912 6.37393 2
    endloop
  endfacet
  facet normal 0.588476 0.808515 -0
    outer loop
      vertex 0.700912 6.37393 2
      vertex 0.620071 6.43277 7
      vertex 0.700912 6.37393 7
    endloop
  endfacet
  facet normal 0.588476 0.808515 0
    outer loop
      vertex 0.620071 6.43277 7
      vertex 0.700912 6.37393 2
      vertex 0.620071 6.43277 2
    endloop
  endfacet
  facet normal 0.581476 0.813564 -0
    outer loop
      vertex 0.620071 6.43277 2
      vertex 0.594131 6.45131 7
      vertex 0.620071 6.43277 7
    endloop
  endfacet
  facet normal 0.581476 0.813564 0
    outer loop
      vertex 0.594131 6.45131 7
      vertex 0.620071 6.43277 2
      vertex 0.594131 6.45131 2
    endloop
  endfacet
  facet normal 0.574925 0.818206 -0
    outer loop
      vertex 0.594131 6.45131 2
      vertex 0.512314 6.5088 7
      vertex 0.594131 6.45131 7
    endloop
  endfacet
  facet normal 0.574925 0.818206 0
    outer loop
      vertex 0.512314 6.5088 7
      vertex 0.594131 6.45131 2
      vertex 0.512314 6.5088 2
    endloop
  endfacet
  facet normal 0.568618 0.822601 -0
    outer loop
      vertex 0.512314 6.5088 2
      vertex 0.48584 6.5271 7
      vertex 0.512314 6.5088 7
    endloop
  endfacet
  facet normal 0.568618 0.822601 0
    outer loop
      vertex 0.48584 6.5271 7
      vertex 0.512314 6.5088 2
      vertex 0.48584 6.5271 2
    endloop
  endfacet
  facet normal 0.561149 0.827715 -0
    outer loop
      vertex 0.48584 6.5271 2
      vertex 0.403061 6.58322 7
      vertex 0.48584 6.5271 7
    endloop
  endfacet
  facet normal 0.561149 0.827715 0
    outer loop
      vertex 0.403061 6.58322 7
      vertex 0.48584 6.5271 2
      vertex 0.403061 6.58322 2
    endloop
  endfacet
  facet normal 0.553806 0.832646 -0
    outer loop
      vertex 0.403061 6.58322 2
      vertex 0.376404 6.60095 7
      vertex 0.403061 6.58322 7
    endloop
  endfacet
  facet normal 0.553806 0.832646 0
    outer loop
      vertex 0.376404 6.60095 7
      vertex 0.403061 6.58322 2
      vertex 0.376404 6.60095 2
    endloop
  endfacet
  facet normal 0.547297 0.836938 -0
    outer loop
      vertex 0.376404 6.60095 2
      vertex 0.292725 6.65567 7
      vertex 0.376404 6.60095 7
    endloop
  endfacet
  facet normal 0.547297 0.836938 0
    outer loop
      vertex 0.292725 6.65567 7
      vertex 0.376404 6.60095 2
      vertex 0.292725 6.65567 2
    endloop
  endfacet
  facet normal 0.540443 0.841381 -0
    outer loop
      vertex 0.292725 6.65567 2
      vertex 0.265854 6.67293 7
      vertex 0.292725 6.65567 7
    endloop
  endfacet
  facet normal 0.540443 0.841381 0
    outer loop
      vertex 0.265854 6.67293 7
      vertex 0.292725 6.65567 2
      vertex 0.265854 6.67293 2
    endloop
  endfacet
  facet normal 0.533289 0.845933 -0
    outer loop
      vertex 0.265854 6.67293 2
      vertex 0.181259 6.72626 7
      vertex 0.265854 6.67293 7
    endloop
  endfacet
  facet normal 0.533289 0.845933 0
    outer loop
      vertex 0.181259 6.72626 7
      vertex 0.265854 6.67293 2
      vertex 0.181259 6.72626 2
    endloop
  endfacet
  facet normal 0.526055 0.85045 -0
    outer loop
      vertex 0.181259 6.72626 2
      vertex 0.154083 6.74307 7
      vertex 0.181259 6.72626 7
    endloop
  endfacet
  facet normal 0.526055 0.85045 0
    outer loop
      vertex 0.154083 6.74307 7
      vertex 0.181259 6.72626 2
      vertex 0.154083 6.74307 2
    endloop
  endfacet
  facet normal 0.519132 0.854694 -0
    outer loop
      vertex 0.154083 6.74307 2
      vertex 0.0686188 6.79498 7
      vertex 0.154083 6.74307 7
    endloop
  endfacet
  facet normal 0.519132 0.854694 0
    outer loop
      vertex 0.0686188 6.79498 7
      vertex 0.154083 6.74307 2
      vertex 0.0686188 6.79498 2
    endloop
  endfacet
  facet normal 0.51208 0.858938 -0
    outer loop
      vertex 0.0686188 6.79498 2
      vertex 0.0410767 6.8114 7
      vertex 0.0686188 6.79498 7
    endloop
  endfacet
  facet normal 0.51208 0.858938 0
    outer loop
      vertex 0.0410767 6.8114 7
      vertex 0.0686188 6.79498 2
      vertex 0.0410767 6.8114 2
    endloop
  endfacet
  facet normal 0.50482 0.863225 -0
    outer loop
      vertex 0.0410767 6.8114 2
      vertex -0.0452423 6.86188 7
      vertex 0.0410767 6.8114 7
    endloop
  endfacet
  facet normal 0.50482 0.863225 0
    outer loop
      vertex -0.0452423 6.86188 7
      vertex 0.0410767 6.8114 2
      vertex -0.0452423 6.86188 2
    endloop
  endfacet
  facet normal 0.497601 0.867406 -0
    outer loop
      vertex -0.0452423 6.86188 2
      vertex -0.0729065 6.87775 7
      vertex -0.0452423 6.86188 7
    endloop
  endfacet
  facet normal 0.497601 0.867406 0
    outer loop
      vertex -0.0729065 6.87775 7
      vertex -0.0452423 6.86188 2
      vertex -0.0729065 6.87775 2
    endloop
  endfacet
  facet normal 0.490363 0.871519 -0
    outer loop
      vertex -0.0729065 6.87775 2
      vertex -0.160065 6.92679 7
      vertex -0.0729065 6.87775 7
    endloop
  endfacet
  facet normal 0.490363 0.871519 0
    outer loop
      vertex -0.160065 6.92679 7
      vertex -0.0729065 6.87775 2
      vertex -0.160065 6.92679 2
    endloop
  endfacet
  facet normal 0.48316 0.875532 -0
    outer loop
      vertex -0.160065 6.92679 2
      vertex -0.18808 6.94225 7
      vertex -0.160065 6.92679 7
    endloop
  endfacet
  facet normal 0.48316 0.875532 0
    outer loop
      vertex -0.18808 6.94225 7
      vertex -0.160065 6.92679 2
      vertex -0.18808 6.94225 2
    endloop
  endfacet
  facet normal 0.475741 0.879586 -0
    outer loop
      vertex -0.18808 6.94225 2
      vertex -0.276031 6.98982 7
      vertex -0.18808 6.94225 7
    endloop
  endfacet
  facet normal 0.475741 0.879586 0
    outer loop
      vertex -0.276031 6.98982 7
      vertex -0.18808 6.94225 2
      vertex -0.276031 6.98982 2
    endloop
  endfacet
  facet normal 0.46867 0.883373 -0
    outer loop
      vertex -0.276031 6.98982 2
      vertex -0.304398 7.00487 7
      vertex -0.276031 6.98982 7
    endloop
  endfacet
  facet normal 0.46867 0.883373 0
    outer loop
      vertex -0.304398 7.00487 7
      vertex -0.276031 6.98982 2
      vertex -0.304398 7.00487 2
    endloop
  endfacet
  facet normal 0.460966 0.887418 -0
    outer loop
      vertex -0.304398 7.00487 2
      vertex -0.393127 7.05096 7
      vertex -0.304398 7.00487 7
    endloop
  endfacet
  facet normal 0.460966 0.887418 0
    outer loop
      vertex -0.393127 7.05096 7
      vertex -0.304398 7.00487 2
      vertex -0.393127 7.05096 2
    endloop
  endfacet
  facet normal 0.453596 0.891207 -0
    outer loop
      vertex -0.393127 7.05096 2
      vertex -0.421616 7.06546 7
      vertex -0.393127 7.05096 7
    endloop
  endfacet
  facet normal 0.453596 0.891207 0
    outer loop
      vertex -0.421616 7.06546 7
      vertex -0.393127 7.05096 2
      vertex -0.421616 7.06546 2
    endloop
  endfacet
  facet normal 0.446205 0.894931 -0
    outer loop
      vertex -0.421616 7.06546 2
      vertex -0.511108 7.11008 7
      vertex -0.421616 7.06546 7
    endloop
  endfacet
  facet normal 0.446205 0.894931 0
    outer loop
      vertex -0.511108 7.11008 7
      vertex -0.421616 7.06546 2
      vertex -0.511108 7.11008 2
    endloop
  endfacet
  facet normal 0.438522 0.89872 -0
    outer loop
      vertex -0.511108 7.11008 2
      vertex -0.539841 7.1241 7
      vertex -0.511108 7.11008 7
    endloop
  endfacet
  facet normal 0.438522 0.89872 0
    outer loop
      vertex -0.539841 7.1241 7
      vertex -0.511108 7.11008 2
      vertex -0.539841 7.1241 2
    endloop
  endfacet
  facet normal 0.431202 0.902255 -0
    outer loop
      vertex -0.539841 7.1241 2
      vertex -0.630066 7.16722 7
      vertex -0.539841 7.1241 7
    endloop
  endfacet
  facet normal 0.431202 0.902255 0
    outer loop
      vertex -0.630066 7.16722 7
      vertex -0.539841 7.1241 2
      vertex -0.630066 7.16722 2
    endloop
  endfacet
  facet normal 0.423781 0.905765 -0
    outer loop
      vertex -0.630066 7.16722 2
      vertex -0.659027 7.18077 7
      vertex -0.630066 7.16722 7
    endloop
  endfacet
  facet normal 0.423781 0.905765 0
    outer loop
      vertex -0.659027 7.18077 7
      vertex -0.630066 7.16722 2
      vertex -0.659027 7.18077 2
    endloop
  endfacet
  facet normal 0.416118 0.90931 -0
    outer loop
      vertex -0.659027 7.18077 2
      vertex -0.749954 7.22238 7
      vertex -0.659027 7.18077 7
    endloop
  endfacet
  facet normal 0.416118 0.90931 0
    outer loop
      vertex -0.749954 7.22238 7
      vertex -0.659027 7.18077 2
      vertex -0.749954 7.22238 2
    endloop
  endfacet
  facet normal 0.408874 0.912591 -0
    outer loop
      vertex -0.749954 7.22238 2
      vertex -0.779282 7.23552 7
      vertex -0.749954 7.22238 7
    endloop
  endfacet
  facet normal 0.408874 0.912591 0
    outer loop
      vertex -0.779282 7.23552 7
      vertex -0.749954 7.22238 2
      vertex -0.779282 7.23552 2
    endloop
  endfacet
  facet normal 0.400813 0.91616 -0
    outer loop
      vertex -0.779282 7.23552 2
      vertex -0.870895 7.2756 7
      vertex -0.779282 7.23552 7
    endloop
  endfacet
  facet normal 0.400813 0.91616 0
    outer loop
      vertex -0.870895 7.2756 7
      vertex -0.779282 7.23552 2
      vertex -0.870895 7.2756 2
    endloop
  endfacet
  facet normal 0.393034 0.919524 -0
    outer loop
      vertex -0.870895 7.2756 2
      vertex -0.900116 7.28809 7
      vertex -0.870895 7.2756 7
    endloop
  endfacet
  facet normal 0.393034 0.919524 0
    outer loop
      vertex -0.900116 7.28809 7
      vertex -0.870895 7.2756 2
      vertex -0.900116 7.28809 2
    endloop
  endfacet
  facet normal 0.385556 0.922684 -0
    outer loop
      vertex -0.900116 7.28809 2
      vertex -0.992371 7.32664 7
      vertex -0.900116 7.28809 7
    endloop
  endfacet
  facet normal 0.385556 0.922684 0
    outer loop
      vertex -0.992371 7.32664 7
      vertex -0.900116 7.28809 2
      vertex -0.992371 7.32664 2
    endloop
  endfacet
  facet normal 0.378379 0.925651 -0
    outer loop
      vertex -0.992371 7.32664 2
      vertex -1.02229 7.33887 7
      vertex -0.992371 7.32664 7
    endloop
  endfacet
  facet normal 0.378379 0.925651 0
    outer loop
      vertex -1.02229 7.33887 7
      vertex -0.992371 7.32664 2
      vertex -1.02229 7.33887 2
    endloop
  endfacet
  facet normal 0.370011 0.929027 -0
    outer loop
      vertex -1.02229 7.33887 2
      vertex -1.11519 7.37587 7
      vertex -1.02229 7.33887 7
    endloop
  endfacet
  facet normal 0.370011 0.929027 0
    outer loop
      vertex -1.11519 7.37587 7
      vertex -1.02229 7.33887 2
      vertex -1.11519 7.37587 2
    endloop
  endfacet
  facet normal 0.362598 0.931946 -0
    outer loop
      vertex -1.11519 7.37587 2
      vertex -1.14485 7.38741 7
      vertex -1.11519 7.37587 7
    endloop
  endfacet
  facet normal 0.362598 0.931946 0
    outer loop
      vertex -1.14485 7.38741 7
      vertex -1.11519 7.37587 2
      vertex -1.14485 7.38741 2
    endloop
  endfacet
  facet normal 0.354573 0.935028 -0
    outer loop
      vertex -1.14485 7.38741 2
      vertex -1.23836 7.42287 7
      vertex -1.14485 7.38741 7
    endloop
  endfacet
  facet normal 0.354573 0.935028 0
    outer loop
      vertex -1.23836 7.42287 7
      vertex -1.14485 7.38741 2
      vertex -1.23836 7.42287 2
    endloop
  endfacet
  facet normal 0.346573 0.938023 -0
    outer loop
      vertex -1.23836 7.42287 2
      vertex -1.26843 7.43398 7
      vertex -1.23836 7.42287 7
    endloop
  endfacet
  facet normal 0.346573 0.938023 0
    outer loop
      vertex -1.26843 7.43398 7
      vertex -1.23836 7.42287 2
      vertex -1.26843 7.43398 2
    endloop
  endfacet
  facet normal 0.338851 0.94084 -0
    outer loop
      vertex -1.26843 7.43398 2
      vertex -1.3625 7.46786 7
      vertex -1.26843 7.43398 7
    endloop
  endfacet
  facet normal 0.338851 0.94084 0
    outer loop
      vertex -1.3625 7.46786 7
      vertex -1.26843 7.43398 2
      vertex -1.3625 7.46786 2
    endloop
  endfacet
  facet normal 0.331191 0.943564 -0
    outer loop
      vertex -1.3625 7.46786 2
      vertex -1.3925 7.47839 7
      vertex -1.3625 7.46786 7
    endloop
  endfacet
  facet normal 0.331191 0.943564 0
    outer loop
      vertex -1.3925 7.47839 7
      vertex -1.3625 7.46786 2
      vertex -1.3925 7.47839 2
    endloop
  endfacet
  facet normal 0.323358 0.946277 -0
    outer loop
      vertex -1.3925 7.47839 2
      vertex -1.48714 7.51073 7
      vertex -1.3925 7.47839 7
    endloop
  endfacet
  facet normal 0.323358 0.946277 0
    outer loop
      vertex -1.48714 7.51073 7
      vertex -1.3925 7.47839 2
      vertex -1.48714 7.51073 2
    endloop
  endfacet
  facet normal 0.315207 0.949023 -0
    outer loop
      vertex -1.48714 7.51073 2
      vertex -1.51782 7.52092 7
      vertex -1.48714 7.51073 7
    endloop
  endfacet
  facet normal 0.315207 0.949023 0
    outer loop
      vertex -1.51782 7.52092 7
      vertex -1.48714 7.51073 2
      vertex -1.51782 7.52092 2
    endloop
  endfacet
  facet normal 0.307304 0.951611 -0
    outer loop
      vertex -1.51782 7.52092 2
      vertex -1.61298 7.55165 7
      vertex -1.51782 7.52092 7
    endloop
  endfacet
  facet normal 0.307304 0.951611 0
    outer loop
      vertex -1.61298 7.55165 7
      vertex -1.51782 7.52092 2
      vertex -1.61298 7.55165 2
    endloop
  endfacet
  facet normal 0.29995 0.953955 -0
    outer loop
      vertex -1.61298 7.55165 2
      vertex -1.64313 7.56113 7
      vertex -1.61298 7.55165 7
    endloop
  endfacet
  facet normal 0.29995 0.953955 0
    outer loop
      vertex -1.64313 7.56113 7
      vertex -1.61298 7.55165 2
      vertex -1.64313 7.56113 2
    endloop
  endfacet
  facet normal 0.291639 0.956528 -0
    outer loop
      vertex -1.64313 7.56113 2
      vertex -1.73877 7.59029 7
      vertex -1.64313 7.56113 7
    endloop
  endfacet
  facet normal 0.291639 0.956528 0
    outer loop
      vertex -1.73877 7.59029 7
      vertex -1.64313 7.56113 2
      vertex -1.73877 7.59029 2
    endloop
  endfacet
  facet normal 0.283294 0.959033 -0
    outer loop
      vertex -1.73877 7.59029 2
      vertex -1.76961 7.5994 7
      vertex -1.73877 7.59029 7
    endloop
  endfacet
  facet normal 0.283294 0.959033 0
    outer loop
      vertex -1.76961 7.5994 7
      vertex -1.73877 7.59029 2
      vertex -1.76961 7.5994 2
    endloop
  endfacet
  facet normal 0.2755 0.961301 -0
    outer loop
      vertex -1.76961 7.5994 2
      vertex -1.86574 7.62695 7
      vertex -1.76961 7.5994 7
    endloop
  endfacet
  facet normal 0.2755 0.961301 0
    outer loop
      vertex -1.86574 7.62695 7
      vertex -1.76961 7.5994 2
      vertex -1.86574 7.62695 2
    endloop
  endfacet
  facet normal 0.26774 0.963491 -0
    outer loop
      vertex -1.86574 7.62695 2
      vertex -1.89676 7.63557 7
      vertex -1.86574 7.62695 7
    endloop
  endfacet
  facet normal 0.26774 0.963491 0
    outer loop
      vertex -1.89676 7.63557 7
      vertex -1.86574 7.62695 2
      vertex -1.89676 7.63557 2
    endloop
  endfacet
  facet normal 0.259418 0.965765 -0
    outer loop
      vertex -1.89676 7.63557 2
      vertex -1.99333 7.66151 7
      vertex -1.89676 7.63557 7
    endloop
  endfacet
  facet normal 0.259418 0.965765 0
    outer loop
      vertex -1.99333 7.66151 7
      vertex -1.89676 7.63557 2
      vertex -1.99333 7.66151 2
    endloop
  endfacet
  facet normal 0.251192 0.967937 -0
    outer loop
      vertex -1.99333 7.66151 2
      vertex -2.02408 7.66949 7
      vertex -1.99333 7.66151 7
    endloop
  endfacet
  facet normal 0.251192 0.967937 0
    outer loop
      vertex -2.02408 7.66949 7
      vertex -1.99333 7.66151 2
      vertex -2.02408 7.66949 2
    endloop
  endfacet
  facet normal 0.24343 0.969919 -0
    outer loop
      vertex -2.02408 7.66949 2
      vertex -2.12106 7.69383 7
      vertex -2.02408 7.66949 7
    endloop
  endfacet
  facet normal 0.24343 0.969919 0
    outer loop
      vertex -2.12106 7.69383 7
      vertex -2.02408 7.66949 2
      vertex -2.12106 7.69383 2
    endloop
  endfacet
  facet normal 0.235242 0.971937 -0
    outer loop
      vertex -2.12106 7.69383 2
      vertex -2.15213 7.70135 7
      vertex -2.12106 7.69383 7
    endloop
  endfacet
  facet normal 0.235242 0.971937 0
    outer loop
      vertex -2.15213 7.70135 7
      vertex -2.12106 7.69383 2
      vertex -2.15213 7.70135 2
    endloop
  endfacet
  facet normal 0.227305 0.973824 -0
    outer loop
      vertex -2.15213 7.70135 2
      vertex -2.24951 7.72408 7
      vertex -2.15213 7.70135 7
    endloop
  endfacet
  facet normal 0.227305 0.973824 0
    outer loop
      vertex -2.24951 7.72408 7
      vertex -2.15213 7.70135 2
      vertex -2.24951 7.72408 2
    endloop
  endfacet
  facet normal 0.218742 0.975783 -0
    outer loop
      vertex -2.24951 7.72408 2
      vertex -2.28087 7.73111 7
      vertex -2.24951 7.72408 7
    endloop
  endfacet
  facet normal 0.218742 0.975783 0
    outer loop
      vertex -2.28087 7.73111 7
      vertex -2.24951 7.72408 2
      vertex -2.28087 7.73111 2
    endloop
  endfacet
  facet normal 0.210902 0.977507 -0
    outer loop
      vertex -2.28087 7.73111 2
      vertex -2.37862 7.7522 7
      vertex -2.28087 7.73111 7
    endloop
  endfacet
  facet normal 0.210902 0.977507 0
    outer loop
      vertex -2.37862 7.7522 7
      vertex -2.28087 7.73111 2
      vertex -2.37862 7.7522 2
    endloop
  endfacet
  facet normal 0.203081 0.979162 -0
    outer loop
      vertex -2.37862 7.7522 2
      vertex -2.40996 7.7587 7
      vertex -2.37862 7.7522 7
    endloop
  endfacet
  facet normal 0.203081 0.979162 0
    outer loop
      vertex -2.40996 7.7587 7
      vertex -2.37862 7.7522 2
      vertex -2.40996 7.7587 2
    endloop
  endfacet
  facet normal 0.19452 0.980899 -0
    outer loop
      vertex -2.40996 7.7587 2
      vertex -2.50804 7.77815 7
      vertex -2.40996 7.7587 7
    endloop
  endfacet
  facet normal 0.19452 0.980899 0
    outer loop
      vertex -2.50804 7.77815 7
      vertex -2.40996 7.7587 2
      vertex -2.50804 7.77815 2
    endloop
  endfacet
  facet normal 0.186349 0.982484 -0
    outer loop
      vertex -2.50804 7.77815 2
      vertex -2.53941 7.7841 7
      vertex -2.50804 7.77815 7
    endloop
  endfacet
  facet normal 0.186349 0.982484 0
    outer loop
      vertex -2.53941 7.7841 7
      vertex -2.50804 7.77815 2
      vertex -2.53941 7.7841 2
    endloop
  endfacet
  facet normal 0.178278 0.98398 -0
    outer loop
      vertex -2.53941 7.7841 2
      vertex -2.63782 7.80193 7
      vertex -2.53941 7.7841 7
    endloop
  endfacet
  facet normal 0.178278 0.98398 0
    outer loop
      vertex -2.63782 7.80193 7
      vertex -2.53941 7.7841 2
      vertex -2.63782 7.80193 2
    endloop
  endfacet
  facet normal 0.169604 0.985512 -0
    outer loop
      vertex -2.63782 7.80193 2
      vertex -2.66943 7.80737 7
      vertex -2.63782 7.80193 7
    endloop
  endfacet
  facet normal 0.169604 0.985512 0
    outer loop
      vertex -2.66943 7.80737 7
      vertex -2.63782 7.80193 2
      vertex -2.66943 7.80737 2
    endloop
  endfacet
  facet normal 0.161804 0.986823 -0
    outer loop
      vertex -2.66943 7.80737 2
      vertex -2.76811 7.82355 7
      vertex -2.66943 7.80737 7
    endloop
  endfacet
  facet normal 0.161804 0.986823 0
    outer loop
      vertex -2.76811 7.82355 7
      vertex -2.66943 7.80737 2
      vertex -2.76811 7.82355 2
    endloop
  endfacet
  facet normal 0.153301 0.98818 -0
    outer loop
      vertex -2.76811 7.82355 2
      vertex -2.79976 7.82846 7
      vertex -2.76811 7.82355 7
    endloop
  endfacet
  facet normal 0.153301 0.98818 0
    outer loop
      vertex -2.79976 7.82846 7
      vertex -2.76811 7.82355 2
      vertex -2.79976 7.82846 2
    endloop
  endfacet
  facet normal 0.145298 0.989388 -0
    outer loop
      vertex -2.79976 7.82846 2
      vertex -2.8987 7.84299 7
      vertex -2.79976 7.82846 7
    endloop
  endfacet
  facet normal 0.145298 0.989388 0
    outer loop
      vertex -2.8987 7.84299 7
      vertex -2.79976 7.82846 2
      vertex -2.8987 7.84299 2
    endloop
  endfacet
  facet normal 0.137439 0.99051 -0
    outer loop
      vertex -2.8987 7.84299 2
      vertex -2.93005 7.84734 7
      vertex -2.8987 7.84299 7
    endloop
  endfacet
  facet normal 0.137439 0.99051 0
    outer loop
      vertex -2.93005 7.84734 7
      vertex -2.8987 7.84299 2
      vertex -2.93005 7.84734 2
    endloop
  endfacet
  facet normal 0.128895 0.991658 -0
    outer loop
      vertex -2.93005 7.84734 2
      vertex -3.02922 7.86023 7
      vertex -2.93005 7.84734 7
    endloop
  endfacet
  facet normal 0.128895 0.991658 0
    outer loop
      vertex -3.02922 7.86023 7
      vertex -2.93005 7.84734 2
      vertex -3.02922 7.86023 2
    endloop
  endfacet
  facet normal 0.120617 0.992699 -0
    outer loop
      vertex -3.02922 7.86023 2
      vertex -3.0614 7.86414 7
      vertex -3.02922 7.86023 7
    endloop
  endfacet
  facet normal 0.120617 0.992699 0
    outer loop
      vertex -3.0614 7.86414 7
      vertex -3.02922 7.86023 2
      vertex -3.0614 7.86414 2
    endloop
  endfacet
  facet normal 0.112122 0.993694 -0
    outer loop
      vertex -3.0614 7.86414 2
      vertex -3.16075 7.87535 7
      vertex -3.0614 7.86414 7
    endloop
  endfacet
  facet normal 0.112122 0.993694 0
    outer loop
      vertex -3.16075 7.87535 7
      vertex -3.0614 7.86414 2
      vertex -3.16075 7.87535 2
    endloop
  endfacet
  facet normal 0.103884 0.994589 -0
    outer loop
      vertex -3.16075 7.87535 2
      vertex -3.19244 7.87866 7
      vertex -3.16075 7.87535 7
    endloop
  endfacet
  facet normal 0.103884 0.994589 0
    outer loop
      vertex -3.19244 7.87866 7
      vertex -3.16075 7.87535 2
      vertex -3.19244 7.87866 2
    endloop
  endfacet
  facet normal 0.0956914 0.995411 -0
    outer loop
      vertex -3.19244 7.87866 2
      vertex -3.29199 7.88823 7
      vertex -3.19244 7.87866 7
    endloop
  endfacet
  facet normal 0.0956914 0.995411 0
    outer loop
      vertex -3.29199 7.88823 7
      vertex -3.19244 7.87866 2
      vertex -3.29199 7.88823 2
    endloop
  endfacet
  facet normal 0.0875537 0.99616 -0
    outer loop
      vertex -3.29199 7.88823 2
      vertex -3.32362 7.89101 7
      vertex -3.29199 7.88823 7
    endloop
  endfacet
  facet normal 0.0875537 0.99616 0
    outer loop
      vertex -3.32362 7.89101 7
      vertex -3.29199 7.88823 2
      vertex -3.32362 7.89101 2
    endloop
  endfacet
  facet normal 0.0791967 0.996859 -0
    outer loop
      vertex -3.32362 7.89101 2
      vertex -3.42331 7.89893 7
      vertex -3.32362 7.89101 7
    endloop
  endfacet
  facet normal 0.0791967 0.996859 0
    outer loop
      vertex -3.42331 7.89893 7
      vertex -3.32362 7.89101 2
      vertex -3.42331 7.89893 2
    endloop
  endfacet
  facet normal 0.0706088 0.997504 -0
    outer loop
      vertex -3.42331 7.89893 2
      vertex -3.45552 7.90121 7
      vertex -3.42331 7.89893 7
    endloop
  endfacet
  facet normal 0.0706088 0.997504 0
    outer loop
      vertex -3.45552 7.90121 7
      vertex -3.42331 7.89893 2
      vertex -3.45552 7.90121 2
    endloop
  endfacet
  facet normal 0.062509 0.998044 -0
    outer loop
      vertex -3.45552 7.90121 2
      vertex -3.55531 7.90746 7
      vertex -3.45552 7.90121 7
    endloop
  endfacet
  facet normal 0.062509 0.998044 0
    outer loop
      vertex -3.55531 7.90746 7
      vertex -3.45552 7.90121 2
      vertex -3.55531 7.90746 2
    endloop
  endfacet
  facet normal 0.0537395 0.998555 -0
    outer loop
      vertex -3.55531 7.90746 2
      vertex -3.58727 7.90918 7
      vertex -3.55531 7.90746 7
    endloop
  endfacet
  facet normal 0.0537395 0.998555 0
    outer loop
      vertex -3.58727 7.90918 7
      vertex -3.55531 7.90746 2
      vertex -3.58727 7.90918 2
    endloop
  endfacet
  facet normal 0.0458023 0.998951 -0
    outer loop
      vertex -3.58727 7.90918 2
      vertex -3.68716 7.91376 7
      vertex -3.58727 7.90918 7
    endloop
  endfacet
  facet normal 0.0458023 0.998951 0
    outer loop
      vertex -3.68716 7.91376 7
      vertex -3.58727 7.90918 2
      vertex -3.68716 7.91376 2
    endloop
  endfacet
  facet normal 0.0375557 0.999295 -0
    outer loop
      vertex -3.68716 7.91376 2
      vertex -3.71909 7.91496 7
      vertex -3.68716 7.91376 7
    endloop
  endfacet
  facet normal 0.0375557 0.999295 0
    outer loop
      vertex -3.71909 7.91496 7
      vertex -3.68716 7.91376 2
      vertex -3.71909 7.91496 2
    endloop
  endfacet
  facet normal 0.0292051 0.999573 -0
    outer loop
      vertex -3.71909 7.91496 2
      vertex -3.81903 7.91788 7
      vertex -3.71909 7.91496 7
    endloop
  endfacet
  facet normal 0.0292051 0.999573 0
    outer loop
      vertex -3.81903 7.91788 7
      vertex -3.71909 7.91496 2
      vertex -3.81903 7.91788 2
    endloop
  endfacet
  facet normal 0.0203401 0.999793 -0
    outer loop
      vertex -3.81903 7.91788 2
      vertex -3.85098 7.91853 7
      vertex -3.81903 7.91788 7
    endloop
  endfacet
  facet normal 0.0203401 0.999793 0
    outer loop
      vertex -3.85098 7.91853 7
      vertex -3.81903 7.91788 2
      vertex -3.85098 7.91853 2
    endloop
  endfacet
  facet normal 0.0125003 0.999922 -0
    outer loop
      vertex -3.85098 7.91853 2
      vertex -3.95097 7.91978 7
      vertex -3.85098 7.91853 7
    endloop
  endfacet
  facet normal 0.0125003 0.999922 0
    outer loop
      vertex -3.95097 7.91978 7
      vertex -3.85098 7.91853 2
      vertex -3.95097 7.91978 2
    endloop
  endfacet
  facet normal 0.00666097 0.999978 -0
    outer loop
      vertex -3.95097 7.91978 2
      vertex -3.97499 7.91994 7
      vertex -3.95097 7.91978 7
    endloop
  endfacet
  facet normal 0.00666097 0.999978 0
    outer loop
      vertex -3.97499 7.91994 7
      vertex -3.95097 7.91978 2
      vertex -3.97499 7.91994 2
    endloop
  endfacet
  facet normal 0 1 -0
    outer loop
      vertex -3.97499 7.91994 2
      vertex -5.28 7.91994 7
      vertex -3.97499 7.91994 7
    endloop
  endfacet
  facet normal 0 1 0
    outer loop
      vertex -5.28 7.91994 7
      vertex -3.97499 7.91994 2
      vertex -5.28 7.91994 2
    endloop
  endfacet
  facet normal 1 -0 0
    outer loop
      vertex -5.28 7.91994 7
      vertex -5.28 13.9798 2
      vertex -5.28 13.9798 7
    endloop
  endfacet
  facet normal 1 0 0
    outer loop
      vertex -5.28 13.9798 2
      vertex -5.28 7.91994 7
      vertex -5.28 7.91994 2
    endloop
  endfacet
  facet normal 0.999784 -0.0208047 0
    outer loop
      vertex -5.28 13.9798 7
      vertex -5.27856 14.049 2
      vertex -5.27856 14.049 7
    endloop
  endfacet
  facet normal 0.999784 -0.0208047 0
    outer loop
      vertex -5.27856 14.049 2
      vertex -5.28 13.9798 7
      vertex -5.28 13.9798 2
    endloop
  endfacet
  facet normal 0.998309 -0.0581294 0
    outer loop
      vertex -5.27856 14.049 7
      vertex -5.27672 14.0806 2
      vertex -5.27672 14.0806 7
    endloop
  endfacet
  facet normal 0.998309 -0.0581294 0
    outer loop
      vertex -5.27672 14.0806 2
      vertex -5.27856 14.049 7
      vertex -5.27856 14.049 2
    endloop
  endfacet
  facet normal 0.995852 -0.0909859 0
    outer loop
      vertex -5.27672 14.0806 7
      vertex -5.27344 14.1165 2
      vertex -5.27344 14.1165 7
    endloop
  endfacet
  facet normal 0.995852 -0.0909859 0
    outer loop
      vertex -5.27344 14.1165 2
      vertex -5.27672 14.0806 7
      vertex -5.27672 14.0806 2
    endloop
  endfacet
  facet normal 0.992209 -0.124584 0
    outer loop
      vertex -5.27344 14.1165 7
      vertex -5.26897 14.1521 2
      vertex -5.26897 14.1521 7
    endloop
  endfacet
  facet normal 0.992209 -0.124584 0
    outer loop
      vertex -5.26897 14.1521 2
      vertex -5.27344 14.1165 7
      vertex -5.27344 14.1165 2
    endloop
  endfacet
  facet normal 0.98758 -0.157115 0
    outer loop
      vertex -5.26897 14.1521 7
      vertex -5.26337 14.1873 2
      vertex -5.26337 14.1873 7
    endloop
  endfacet
  facet normal 0.98758 -0.157115 0
    outer loop
      vertex -5.26337 14.1873 2
      vertex -5.26897 14.1521 7
      vertex -5.26897 14.1521 2
    endloop
  endfacet
  facet normal 0.981685 -0.190513 0
    outer loop
      vertex -5.26337 14.1873 7
      vertex -5.2565 14.2227 2
      vertex -5.2565 14.2227 7
    endloop
  endfacet
  facet normal 0.981685 -0.190513 0
    outer loop
      vertex -5.2565 14.2227 2
      vertex -5.26337 14.1873 7
      vertex -5.26337 14.1873 2
    endloop
  endfacet
  facet normal 0.97491 -0.2226 0
    outer loop
      vertex -5.2565 14.2227 7
      vertex -5.24844 14.258 2
      vertex -5.24844 14.258 7
    endloop
  endfacet
  facet normal 0.97491 -0.2226 0
    outer loop
      vertex -5.24844 14.258 2
      vertex -5.2565 14.2227 7
      vertex -5.2565 14.2227 2
    endloop
  endfacet
  facet normal 0.967067 -0.254521 0
    outer loop
      vertex -5.24844 14.258 7
      vertex -5.23936 14.2925 2
      vertex -5.23936 14.2925 7
    endloop
  endfacet
  facet normal 0.967067 -0.254521 0
    outer loop
      vertex -5.23936 14.2925 2
      vertex -5.24844 14.258 7
      vertex -5.24844 14.258 2
    endloop
  endfacet
  facet normal 0.958057 -0.286577 0
    outer loop
      vertex -5.23936 14.2925 7
      vertex -5.22913 14.3267 2
      vertex -5.22913 14.3267 7
    endloop
  endfacet
  facet normal 0.958057 -0.286577 0
    outer loop
      vertex -5.22913 14.3267 2
      vertex -5.23936 14.2925 7
      vertex -5.23936 14.2925 2
    endloop
  endfacet
  facet normal 0.947872 -0.318652 0
    outer loop
      vertex -5.22913 14.3267 7
      vertex -5.2177 14.3607 2
      vertex -5.2177 14.3607 7
    endloop
  endfacet
  facet normal 0.947872 -0.318652 0
    outer loop
      vertex -5.2177 14.3607 2
      vertex -5.22913 14.3267 7
      vertex -5.22913 14.3267 2
    endloop
  endfacet
  facet normal 0.936986 -0.349366 0
    outer loop
      vertex -5.2177 14.3607 7
      vertex -5.20506 14.3946 2
      vertex -5.20506 14.3946 7
    endloop
  endfacet
  facet normal 0.936986 -0.349366 0
    outer loop
      vertex -5.20506 14.3946 2
      vertex -5.2177 14.3607 7
      vertex -5.2177 14.3607 2
    endloop
  endfacet
  facet normal 0.92455 -0.381061 0
    outer loop
      vertex -5.20506 14.3946 7
      vertex -5.1915 14.4275 2
      vertex -5.1915 14.4275 7
    endloop
  endfacet
  facet normal 0.92455 -0.381061 0
    outer loop
      vertex -5.1915 14.4275 2
      vertex -5.20506 14.3946 7
      vertex -5.20506 14.3946 2
    endloop
  endfacet
  facet normal 0.911457 -0.411395 0
    outer loop
      vertex -5.1915 14.4275 7
      vertex -5.17656 14.4606 2
      vertex -5.17656 14.4606 7
    endloop
  endfacet
  facet normal 0.911457 -0.411395 0
    outer loop
      vertex -5.17656 14.4606 2
      vertex -5.1915 14.4275 7
      vertex -5.1915 14.4275 2
    endloop
  endfacet
  facet normal 0.897454 -0.441107 0
    outer loop
      vertex -5.17656 14.4606 7
      vertex -5.16093 14.4924 2
      vertex -5.16093 14.4924 7
    endloop
  endfacet
  facet normal 0.897454 -0.441107 0
    outer loop
      vertex -5.16093 14.4924 2
      vertex -5.17656 14.4606 7
      vertex -5.17656 14.4606 2
    endloop
  endfacet
  facet normal 0.881742 -0.471732 0
    outer loop
      vertex -5.16093 14.4924 7
      vertex -5.14381 14.5244 2
      vertex -5.14381 14.5244 7
    endloop
  endfacet
  facet normal 0.881742 -0.471732 0
    outer loop
      vertex -5.14381 14.5244 2
      vertex -5.16093 14.4924 7
      vertex -5.16093 14.4924 2
    endloop
  endfacet
  facet normal 0.866204 -0.49969 0
    outer loop
      vertex -5.14381 14.5244 7
      vertex -5.1261 14.5551 2
      vertex -5.1261 14.5551 7
    endloop
  endfacet
  facet normal 0.866204 -0.49969 0
    outer loop
      vertex -5.1261 14.5551 2
      vertex -5.14381 14.5244 7
      vertex -5.14381 14.5244 2
    endloop
  endfacet
  facet normal 0.84958 -0.527459 0
    outer loop
      vertex -5.1261 14.5551 7
      vertex -5.10704 14.5858 2
      vertex -5.10704 14.5858 7
    endloop
  endfacet
  facet normal 0.84958 -0.527459 0
    outer loop
      vertex -5.10704 14.5858 2
      vertex -5.1261 14.5551 7
      vertex -5.1261 14.5551 2
    endloop
  endfacet
  facet normal 0.830461 -0.557077 0
    outer loop
      vertex -5.10704 14.5858 7
      vertex -5.08705 14.6156 2
      vertex -5.08705 14.6156 7
    endloop
  endfacet
  facet normal 0.830461 -0.557077 0
    outer loop
      vertex -5.08705 14.6156 2
      vertex -5.10704 14.5858 7
      vertex -5.10704 14.5858 2
    endloop
  endfacet
  facet normal 0.811719 -0.584048 0
    outer loop
      vertex -5.08705 14.6156 7
      vertex -5.06604 14.6448 2
      vertex -5.06604 14.6448 7
    endloop
  endfacet
  facet normal 0.811719 -0.584048 0
    outer loop
      vertex -5.06604 14.6448 2
      vertex -5.08705 14.6156 7
      vertex -5.08705 14.6156 2
    endloop
  endfacet
  facet normal 0.792356 -0.610059 0
    outer loop
      vertex -5.06604 14.6448 7
      vertex -5.04402 14.6734 2
      vertex -5.04402 14.6734 7
    endloop
  endfacet
  facet normal 0.792356 -0.610059 0
    outer loop
      vertex -5.04402 14.6734 2
      vertex -5.06604 14.6448 7
      vertex -5.06604 14.6448 2
    endloop
  endfacet
  facet normal 0.770788 -0.637091 0
    outer loop
      vertex -5.04402 14.6734 7
      vertex -5.02129 14.7009 2
      vertex -5.02129 14.7009 7
    endloop
  endfacet
  facet normal 0.770788 -0.637091 0
    outer loop
      vertex -5.02129 14.7009 2
      vertex -5.04402 14.6734 7
      vertex -5.04402 14.6734 2
    endloop
  endfacet
  facet normal 0.749911 -0.661539 0
    outer loop
      vertex -5.02129 14.7009 7
      vertex -4.99756 14.7278 2
      vertex -4.99756 14.7278 7
    endloop
  endfacet
  facet normal 0.749911 -0.661539 0
    outer loop
      vertex -4.99756 14.7278 2
      vertex -5.02129 14.7009 7
      vertex -5.02129 14.7009 2
    endloop
  endfacet
  facet normal 0.72723 -0.686394 0
    outer loop
      vertex -4.99756 14.7278 7
      vertex -4.97302 14.7538 2
      vertex -4.97302 14.7538 7
    endloop
  endfacet
  facet normal 0.72723 -0.686394 0
    outer loop
      vertex -4.97302 14.7538 2
      vertex -4.99756 14.7278 7
      vertex -4.99756 14.7278 2
    endloop
  endfacet
  facet normal 0.704596 -0.709609 0
    outer loop
      vertex -4.97302 14.7538 2
      vertex -4.94754 14.7791 7
      vertex -4.97302 14.7538 7
    endloop
  endfacet
  facet normal 0.704596 -0.709609 0
    outer loop
      vertex -4.94754 14.7791 7
      vertex -4.97302 14.7538 2
      vertex -4.94754 14.7791 2
    endloop
  endfacet
  facet normal 0.679882 -0.733321 0
    outer loop
      vertex -4.94754 14.7791 2
      vertex -4.92133 14.8034 7
      vertex -4.94754 14.7791 7
    endloop
  endfacet
  facet normal 0.679882 -0.733321 0
    outer loop
      vertex -4.92133 14.8034 7
      vertex -4.94754 14.7791 2
      vertex -4.92133 14.8034 2
    endloop
  endfacet
  facet normal 0.655906 -0.754843 0
    outer loop
      vertex -4.92133 14.8034 2
      vertex -4.89394 14.8272 7
      vertex -4.92133 14.8034 7
    endloop
  endfacet
  facet normal 0.655906 -0.754843 0
    outer loop
      vertex -4.89394 14.8272 7
      vertex -4.92133 14.8034 2
      vertex -4.89394 14.8272 2
    endloop
  endfacet
  facet normal 0.630708 -0.776021 0
    outer loop
      vertex -4.89394 14.8272 2
      vertex -4.86601 14.8499 7
      vertex -4.89394 14.8272 7
    endloop
  endfacet
  facet normal 0.630708 -0.776021 0
    outer loop
      vertex -4.86601 14.8499 7
      vertex -4.89394 14.8272 2
      vertex -4.86601 14.8499 2
    endloop
  endfacet
  facet normal 0.602069 -0.798444 0
    outer loop
      vertex -4.86601 14.8499 2
      vertex -4.83763 14.8713 7
      vertex -4.86601 14.8499 7
    endloop
  endfacet
  facet normal 0.602069 -0.798444 0
    outer loop
      vertex -4.83763 14.8713 7
      vertex -4.86601 14.8499 2
      vertex -4.83763 14.8713 2
    endloop
  endfacet
  facet normal 0.577162 -0.816629 0
    outer loop
      vertex -4.83763 14.8713 2
      vertex -4.8082 14.8921 7
      vertex -4.83763 14.8713 7
    endloop
  endfacet
  facet normal 0.577162 -0.816629 0
    outer loop
      vertex -4.8082 14.8921 7
      vertex -4.83763 14.8713 2
      vertex -4.8082 14.8921 2
    endloop
  endfacet
  facet normal 0.550861 -0.834597 0
    outer loop
      vertex -4.8082 14.8921 2
      vertex -4.77805 14.912 7
      vertex -4.8082 14.8921 7
    endloop
  endfacet
  facet normal 0.550861 -0.834597 0
    outer loop
      vertex -4.77805 14.912 7
      vertex -4.8082 14.8921 2
      vertex -4.77805 14.912 2
    endloop
  endfacet
  facet normal 0.520306 -0.85398 0
    outer loop
      vertex -4.77805 14.912 2
      vertex -4.74785 14.9304 7
      vertex -4.77805 14.912 7
    endloop
  endfacet
  facet normal 0.520306 -0.85398 0
    outer loop
      vertex -4.74785 14.9304 7
      vertex -4.77805 14.912 2
      vertex -4.74785 14.9304 2
    endloop
  endfacet
  facet normal 0.493152 -0.869943 0
    outer loop
      vertex -4.74785 14.9304 2
      vertex -4.71645 14.9482 7
      vertex -4.74785 14.9304 7
    endloop
  endfacet
  facet normal 0.493152 -0.869943 0
    outer loop
      vertex -4.71645 14.9482 7
      vertex -4.74785 14.9304 2
      vertex -4.71645 14.9482 2
    endloop
  endfacet
  facet normal 0.464834 -0.885398 0
    outer loop
      vertex -4.71645 14.9482 2
      vertex -4.68445 14.965 7
      vertex -4.71645 14.9482 7
    endloop
  endfacet
  facet normal 0.464834 -0.885398 0
    outer loop
      vertex -4.68445 14.965 7
      vertex -4.71645 14.9482 2
      vertex -4.68445 14.965 2
    endloop
  endfacet
  facet normal 0.432329 -0.901716 0
    outer loop
      vertex -4.68445 14.965 2
      vertex -4.65233 14.9804 7
      vertex -4.68445 14.965 7
    endloop
  endfacet
  facet normal 0.432329 -0.901716 0
    outer loop
      vertex -4.65233 14.9804 7
      vertex -4.68445 14.965 2
      vertex -4.65233 14.9804 2
    endloop
  endfacet
  facet normal 0.40439 -0.914587 0
    outer loop
      vertex -4.65233 14.9804 2
      vertex -4.61931 14.995 7
      vertex -4.65233 14.9804 7
    endloop
  endfacet
  facet normal 0.40439 -0.914587 0
    outer loop
      vertex -4.61931 14.995 7
      vertex -4.65233 14.9804 2
      vertex -4.61931 14.995 2
    endloop
  endfacet
  facet normal 0.372363 -0.928087 0
    outer loop
      vertex -4.61931 14.995 2
      vertex -4.58641 15.0082 7
      vertex -4.61931 14.995 7
    endloop
  endfacet
  facet normal 0.372363 -0.928087 0
    outer loop
      vertex -4.58641 15.0082 7
      vertex -4.61931 14.995 2
      vertex -4.58641 15.0082 2
    endloop
  endfacet
  facet normal 0.342364 -0.939568 0
    outer loop
      vertex -4.58641 15.0082 2
      vertex -4.55238 15.0206 7
      vertex -4.58641 15.0082 7
    endloop
  endfacet
  facet normal 0.342364 -0.939568 0
    outer loop
      vertex -4.55238 15.0206 7
      vertex -4.58641 15.0082 2
      vertex -4.55238 15.0206 2
    endloop
  endfacet
  facet normal 0.310402 -0.950605 0
    outer loop
      vertex -4.55238 15.0206 2
      vertex -4.51808 15.0318 7
      vertex -4.55238 15.0206 7
    endloop
  endfacet
  facet normal 0.310402 -0.950605 0
    outer loop
      vertex -4.51808 15.0318 7
      vertex -4.55238 15.0206 2
      vertex -4.51808 15.0318 2
    endloop
  endfacet
  facet normal 0.278993 -0.960293 0
    outer loop
      vertex -4.51808 15.0318 2
      vertex -4.48366 15.0418 7
      vertex -4.51808 15.0318 7
    endloop
  endfacet
  facet normal 0.278993 -0.960293 0
    outer loop
      vertex -4.48366 15.0418 7
      vertex -4.51808 15.0318 2
      vertex -4.48366 15.0418 2
    endloop
  endfacet
  facet normal 0.247839 -0.968801 0
    outer loop
      vertex -4.48366 15.0418 2
      vertex -4.44887 15.0507 7
      vertex -4.48366 15.0418 7
    endloop
  endfacet
  facet normal 0.247839 -0.968801 0
    outer loop
      vertex -4.44887 15.0507 7
      vertex -4.48366 15.0418 2
      vertex -4.44887 15.0507 2
    endloop
  endfacet
  facet normal 0.213128 -0.977024 0
    outer loop
      vertex -4.44887 15.0507 2
      vertex -4.41403 15.0583 7
      vertex -4.44887 15.0507 7
    endloop
  endfacet
  facet normal 0.213128 -0.977024 0
    outer loop
      vertex -4.41403 15.0583 7
      vertex -4.44887 15.0507 2
      vertex -4.41403 15.0583 2
    endloop
  endfacet
  facet normal 0.180992 -0.983485 0
    outer loop
      vertex -4.41403 15.0583 2
      vertex -4.37871 15.0648 7
      vertex -4.41403 15.0583 7
    endloop
  endfacet
  facet normal 0.180992 -0.983485 0
    outer loop
      vertex -4.37871 15.0648 7
      vertex -4.41403 15.0583 2
      vertex -4.37871 15.0648 2
    endloop
  endfacet
  facet normal 0.151048 -0.988526 0
    outer loop
      vertex -4.37871 15.0648 2
      vertex -4.34337 15.0702 7
      vertex -4.37871 15.0648 7
    endloop
  endfacet
  facet normal 0.151048 -0.988526 0
    outer loop
      vertex -4.34337 15.0702 7
      vertex -4.37871 15.0648 2
      vertex -4.34337 15.0702 2
    endloop
  endfacet
  facet normal 0.115218 -0.99334 0
    outer loop
      vertex -4.34337 15.0702 2
      vertex -4.30716 15.0744 7
      vertex -4.34337 15.0702 7
    endloop
  endfacet
  facet normal 0.115218 -0.99334 0
    outer loop
      vertex -4.30716 15.0744 7
      vertex -4.34337 15.0702 2
      vertex -4.30716 15.0744 2
    endloop
  endfacet
  facet normal 0.0841598 -0.996452 0
    outer loop
      vertex -4.30716 15.0744 2
      vertex -4.27164 15.0774 7
      vertex -4.30716 15.0744 7
    endloop
  endfacet
  facet normal 0.0841598 -0.996452 0
    outer loop
      vertex -4.27164 15.0774 7
      vertex -4.30716 15.0744 2
      vertex -4.27164 15.0774 2
    endloop
  endfacet
  facet normal 0.0480893 -0.998843 0
    outer loop
      vertex -4.27164 15.0774 2
      vertex -4.23633 15.0791 7
      vertex -4.27164 15.0774 7
    endloop
  endfacet
  facet normal 0.0480893 -0.998843 0
    outer loop
      vertex -4.23633 15.0791 7
      vertex -4.27164 15.0774 2
      vertex -4.23633 15.0791 2
    endloop
  endfacet
  facet normal 0.017043 -0.999855 0
    outer loop
      vertex -4.23633 15.0791 2
      vertex -4.18353 15.08 7
      vertex -4.23633 15.0791 7
    endloop
  endfacet
  facet normal 0.017043 -0.999855 0
    outer loop
      vertex -4.18353 15.08 7
      vertex -4.23633 15.0791 2
      vertex -4.18353 15.08 2
    endloop
  endfacet
  facet normal 0 -1 0
    outer loop
      vertex -4.18353 15.08 2
      vertex 4.17984 15.08 7
      vertex -4.18353 15.08 7
    endloop
  endfacet
  facet normal 0 -1 -0
    outer loop
      vertex 4.17984 15.08 7
      vertex -4.18353 15.08 2
      vertex 4.17984 15.08 2
    endloop
  endfacet
  facet normal -0.0202505 -0.999795 0
    outer loop
      vertex 4.17984 15.08 2
      vertex 4.24896 15.0786 7
      vertex 4.17984 15.08 7
    endloop
  endfacet
  facet normal -0.0202505 -0.999795 -0
    outer loop
      vertex 4.24896 15.0786 7
      vertex 4.17984 15.08 2
      vertex 4.24896 15.0786 2
    endloop
  endfacet
  facet normal -0.0599804 -0.9982 0
    outer loop
      vertex 4.24896 15.0786 2
      vertex 4.28058 15.0767 7
      vertex 4.24896 15.0786 7
    endloop
  endfacet
  facet normal -0.0599804 -0.9982 -0
    outer loop
      vertex 4.28058 15.0767 7
      vertex 4.24896 15.0786 2
      vertex 4.28058 15.0767 2
    endloop
  endfacet
  facet normal -0.0914856 -0.995806 0
    outer loop
      vertex 4.28058 15.0767 2
      vertex 4.3165 15.0734 7
      vertex 4.28058 15.0767 7
    endloop
  endfacet
  facet normal -0.0914856 -0.995806 -0
    outer loop
      vertex 4.3165 15.0734 7
      vertex 4.28058 15.0767 2
      vertex 4.3165 15.0734 2
    endloop
  endfacet
  facet normal -0.122662 -0.992448 0
    outer loop
      vertex 4.3165 15.0734 2
      vertex 4.3521 15.069 7
      vertex 4.3165 15.0734 7
    endloop
  endfacet
  facet normal -0.122662 -0.992448 -0
    outer loop
      vertex 4.3521 15.069 7
      vertex 4.3165 15.0734 2
      vertex 4.3521 15.069 2
    endloop
  endfacet
  facet normal -0.157246 -0.98756 0
    outer loop
      vertex 4.3521 15.069 2
      vertex 4.38727 15.0634 7
      vertex 4.3521 15.069 7
    endloop
  endfacet
  facet normal -0.157246 -0.98756 -0
    outer loop
      vertex 4.38727 15.0634 7
      vertex 4.3521 15.069 2
      vertex 4.38727 15.0634 2
    endloop
  endfacet
  facet normal -0.190951 -0.9816 0
    outer loop
      vertex 4.38727 15.0634 2
      vertex 4.42274 15.0565 7
      vertex 4.38727 15.0634 7
    endloop
  endfacet
  facet normal -0.190951 -0.9816 -0
    outer loop
      vertex 4.42274 15.0565 7
      vertex 4.38727 15.0634 2
      vertex 4.42274 15.0565 2
    endloop
  endfacet
  facet normal -0.223649 -0.97467 0
    outer loop
      vertex 4.42274 15.0565 2
      vertex 4.45804 15.0484 7
      vertex 4.42274 15.0565 7
    endloop
  endfacet
  facet normal -0.223649 -0.97467 -0
    outer loop
      vertex 4.45804 15.0484 7
      vertex 4.42274 15.0565 2
      vertex 4.45804 15.0484 2
    endloop
  endfacet
  facet normal -0.252628 -0.967564 0
    outer loop
      vertex 4.45804 15.0484 2
      vertex 4.49251 15.0394 7
      vertex 4.45804 15.0484 7
    endloop
  endfacet
  facet normal -0.252628 -0.967564 -0
    outer loop
      vertex 4.49251 15.0394 7
      vertex 4.45804 15.0484 2
      vertex 4.49251 15.0394 2
    endloop
  endfacet
  facet normal -0.28853 -0.957471 0
    outer loop
      vertex 4.49251 15.0394 2
      vertex 4.52669 15.0291 7
      vertex 4.49251 15.0394 7
    endloop
  endfacet
  facet normal -0.28853 -0.957471 -0
    outer loop
      vertex 4.52669 15.0291 7
      vertex 4.49251 15.0394 2
      vertex 4.52669 15.0291 2
    endloop
  endfacet
  facet normal -0.317732 -0.94818 0
    outer loop
      vertex 4.52669 15.0291 2
      vertex 4.56071 15.0177 7
      vertex 4.52669 15.0291 7
    endloop
  endfacet
  facet normal -0.317732 -0.94818 -0
    outer loop
      vertex 4.56071 15.0177 7
      vertex 4.52669 15.0291 2
      vertex 4.56071 15.0177 2
    endloop
  endfacet
  facet normal -0.348847 -0.93718 0
    outer loop
      vertex 4.56071 15.0177 2
      vertex 4.59456 15.0051 7
      vertex 4.56071 15.0177 7
    endloop
  endfacet
  facet normal -0.348847 -0.93718 -0
    outer loop
      vertex 4.59456 15.0051 7
      vertex 4.56071 15.0177 2
      vertex 4.59456 15.0051 2
    endloop
  endfacet
  facet normal -0.381625 -0.924317 0
    outer loop
      vertex 4.59456 15.0051 2
      vertex 4.6275 14.9915 7
      vertex 4.59456 15.0051 7
    endloop
  endfacet
  facet normal -0.381625 -0.924317 -0
    outer loop
      vertex 4.6275 14.9915 7
      vertex 4.59456 15.0051 2
      vertex 4.6275 14.9915 2
    endloop
  endfacet
  facet normal -0.410376 -0.911916 0
    outer loop
      vertex 4.6275 14.9915 2
      vertex 4.66061 14.9766 7
      vertex 4.6275 14.9915 7
    endloop
  endfacet
  facet normal -0.410376 -0.911916 -0
    outer loop
      vertex 4.66061 14.9766 7
      vertex 4.6275 14.9915 2
      vertex 4.66061 14.9766 2
    endloop
  endfacet
  facet normal -0.443144 -0.89645 0
    outer loop
      vertex 4.66061 14.9766 2
      vertex 4.69237 14.9609 7
      vertex 4.66061 14.9766 7
    endloop
  endfacet
  facet normal -0.443144 -0.89645 -0
    outer loop
      vertex 4.69237 14.9609 7
      vertex 4.66061 14.9766 2
      vertex 4.69237 14.9609 2
    endloop
  endfacet
  facet normal -0.470503 -0.882399 0
    outer loop
      vertex 4.69237 14.9609 2
      vertex 4.72444 14.9438 7
      vertex 4.69237 14.9609 7
    endloop
  endfacet
  facet normal -0.470503 -0.882399 -0
    outer loop
      vertex 4.72444 14.9438 7
      vertex 4.69237 14.9609 2
      vertex 4.72444 14.9438 2
    endloop
  endfacet
  facet normal -0.499478 -0.866326 0
    outer loop
      vertex 4.72444 14.9438 2
      vertex 4.75514 14.9261 7
      vertex 4.72444 14.9438 7
    endloop
  endfacet
  facet normal -0.499478 -0.866326 -0
    outer loop
      vertex 4.75514 14.9261 7
      vertex 4.72444 14.9438 2
      vertex 4.75514 14.9261 2
    endloop
  endfacet
  facet normal -0.529376 -0.848387 0
    outer loop
      vertex 4.75514 14.9261 2
      vertex 4.78575 14.907 7
      vertex 4.75514 14.9261 7
    endloop
  endfacet
  facet normal -0.529376 -0.848387 -0
    outer loop
      vertex 4.78575 14.907 7
      vertex 4.75514 14.9261 2
      vertex 4.78575 14.907 2
    endloop
  endfacet
  facet normal -0.5547 -0.83205 0
    outer loop
      vertex 4.78575 14.907 2
      vertex 4.8156 14.8871 7
      vertex 4.78575 14.907 7
    endloop
  endfacet
  facet normal -0.5547 -0.83205 -0
    outer loop
      vertex 4.8156 14.8871 7
      vertex 4.78575 14.907 2
      vertex 4.8156 14.8871 2
    endloop
  endfacet
  facet normal -0.585693 -0.810533 0
    outer loop
      vertex 4.8156 14.8871 2
      vertex 4.8448 14.866 7
      vertex 4.8156 14.8871 7
    endloop
  endfacet
  facet normal -0.585693 -0.810533 -0
    outer loop
      vertex 4.8448 14.866 7
      vertex 4.8156 14.8871 2
      vertex 4.8448 14.866 2
    endloop
  endfacet
  facet normal -0.609711 -0.792624 0
    outer loop
      vertex 4.8448 14.866 2
      vertex 4.8734 14.844 7
      vertex 4.8448 14.866 7
    endloop
  endfacet
  facet normal -0.609711 -0.792624 -0
    outer loop
      vertex 4.8734 14.844 7
      vertex 4.8448 14.866 2
      vertex 4.8734 14.844 2
    endloop
  endfacet
  facet normal -0.636041 -0.771655 0
    outer loop
      vertex 4.8734 14.844 2
      vertex 4.90094 14.8213 7
      vertex 4.8734 14.844 7
    endloop
  endfacet
  facet normal -0.636041 -0.771655 -0
    outer loop
      vertex 4.90094 14.8213 7
      vertex 4.8734 14.844 2
      vertex 4.90094 14.8213 2
    endloop
  endfacet
  facet normal -0.661206 -0.750204 0
    outer loop
      vertex 4.90094 14.8213 2
      vertex 4.92783 14.7976 7
      vertex 4.90094 14.8213 7
    endloop
  endfacet
  facet normal -0.661206 -0.750204 -0
    outer loop
      vertex 4.92783 14.7976 7
      vertex 4.90094 14.8213 2
      vertex 4.92783 14.7976 2
    endloop
  endfacet
  facet normal -0.68714 -0.726525 0
    outer loop
      vertex 4.92783 14.7976 2
      vertex 4.95384 14.773 7
      vertex 4.92783 14.7976 7
    endloop
  endfacet
  facet normal -0.68714 -0.726525 -0
    outer loop
      vertex 4.95384 14.773 7
      vertex 4.92783 14.7976 2
      vertex 4.95384 14.773 2
    endloop
  endfacet
  facet normal -0.710442 -0.703756 0
    outer loop
      vertex 4.9791 14.7475 2
      vertex 4.95384 14.773 7
      vertex 4.95384 14.773 2
    endloop
  endfacet
  facet normal -0.710442 -0.703756 0
    outer loop
      vertex 4.95384 14.773 7
      vertex 4.9791 14.7475 2
      vertex 4.9791 14.7475 7
    endloop
  endfacet
  facet normal -0.732774 -0.680473 0
    outer loop
      vertex 5.00343 14.7213 2
      vertex 4.9791 14.7475 7
      vertex 4.9791 14.7475 2
    endloop
  endfacet
  facet normal -0.732774 -0.680473 0
    outer loop
      vertex 4.9791 14.7475 7
      vertex 5.00343 14.7213 2
      vertex 5.00343 14.7213 7
    endloop
  endfacet
  facet normal -0.755507 -0.65514 0
    outer loop
      vertex 5.02719 14.6939 2
      vertex 5.00343 14.7213 7
      vertex 5.00343 14.7213 2
    endloop
  endfacet
  facet normal -0.755507 -0.65514 0
    outer loop
      vertex 5.00343 14.7213 7
      vertex 5.02719 14.6939 2
      vertex 5.02719 14.6939 7
    endloop
  endfacet
  facet normal -0.776233 -0.630446 0
    outer loop
      vertex 5.04985 14.666 2
      vertex 5.02719 14.6939 7
      vertex 5.02719 14.6939 2
    endloop
  endfacet
  facet normal -0.776233 -0.630446 0
    outer loop
      vertex 5.02719 14.6939 7
      vertex 5.04985 14.666 2
      vertex 5.04985 14.666 7
    endloop
  endfacet
  facet normal -0.797567 -0.60323 0
    outer loop
      vertex 5.07133 14.6376 2
      vertex 5.04985 14.666 7
      vertex 5.04985 14.666 2
    endloop
  endfacet
  facet normal -0.797567 -0.60323 0
    outer loop
      vertex 5.04985 14.666 7
      vertex 5.07133 14.6376 2
      vertex 5.07133 14.6376 7
    endloop
  endfacet
  facet normal -0.816352 -0.577555 0
    outer loop
      vertex 5.09213 14.6082 2
      vertex 5.07133 14.6376 7
      vertex 5.07133 14.6376 2
    endloop
  endfacet
  facet normal -0.816352 -0.577555 0
    outer loop
      vertex 5.07133 14.6376 7
      vertex 5.09213 14.6082 2
      vertex 5.09213 14.6082 7
    endloop
  endfacet
  facet normal -0.835778 -0.549067 0
    outer loop
      vertex 5.11197 14.578 2
      vertex 5.09213 14.6082 7
      vertex 5.09213 14.6082 2
    endloop
  endfacet
  facet normal -0.835778 -0.549067 0
    outer loop
      vertex 5.09213 14.6082 7
      vertex 5.11197 14.578 2
      vertex 5.11197 14.578 7
    endloop
  endfacet
  facet normal -0.852455 -0.522801 0
    outer loop
      vertex 5.13043 14.5479 2
      vertex 5.11197 14.578 7
      vertex 5.11197 14.578 2
    endloop
  endfacet
  facet normal -0.852455 -0.522801 0
    outer loop
      vertex 5.11197 14.578 7
      vertex 5.13043 14.5479 2
      vertex 5.13043 14.5479 7
    endloop
  endfacet
  facet normal -0.870851 -0.491547 0
    outer loop
      vertex 5.14821 14.5164 2
      vertex 5.13043 14.5479 7
      vertex 5.13043 14.5479 2
    endloop
  endfacet
  facet normal -0.870851 -0.491547 0
    outer loop
      vertex 5.13043 14.5479 7
      vertex 5.14821 14.5164 2
      vertex 5.14821 14.5164 7
    endloop
  endfacet
  facet normal -0.885484 -0.464671 0
    outer loop
      vertex 5.16495 14.4845 2
      vertex 5.14821 14.5164 7
      vertex 5.14821 14.5164 2
    endloop
  endfacet
  facet normal -0.885484 -0.464671 0
    outer loop
      vertex 5.14821 14.5164 7
      vertex 5.16495 14.4845 2
      vertex 5.16495 14.4845 7
    endloop
  endfacet
  facet normal -0.90137 -0.43305 0
    outer loop
      vertex 5.18042 14.4523 2
      vertex 5.16495 14.4845 7
      vertex 5.16495 14.4845 2
    endloop
  endfacet
  facet normal -0.90137 -0.43305 0
    outer loop
      vertex 5.16495 14.4845 7
      vertex 5.18042 14.4523 2
      vertex 5.18042 14.4523 7
    endloop
  endfacet
  facet normal -0.914803 -0.4039 0
    outer loop
      vertex 5.19499 14.4193 2
      vertex 5.18042 14.4523 7
      vertex 5.18042 14.4523 2
    endloop
  endfacet
  facet normal -0.914803 -0.4039 0
    outer loop
      vertex 5.18042 14.4523 7
      vertex 5.19499 14.4193 2
      vertex 5.19499 14.4193 7
    endloop
  endfacet
  facet normal -0.927794 -0.373092 0
    outer loop
      vertex 5.20822 14.3864 2
      vertex 5.19499 14.4193 7
      vertex 5.19499 14.4193 2
    endloop
  endfacet
  facet normal -0.927794 -0.373092 0
    outer loop
      vertex 5.19499 14.4193 7
      vertex 5.20822 14.3864 2
      vertex 5.20822 14.3864 7
    endloop
  endfacet
  facet normal -0.939648 -0.342142 0
    outer loop
      vertex 5.2206 14.3524 2
      vertex 5.20822 14.3864 7
      vertex 5.20822 14.3864 2
    endloop
  endfacet
  facet normal -0.939648 -0.342142 0
    outer loop
      vertex 5.20822 14.3864 7
      vertex 5.2206 14.3524 2
      vertex 5.2206 14.3524 7
    endloop
  endfacet
  facet normal -0.950524 -0.310652 0
    outer loop
      vertex 5.23181 14.3181 2
      vertex 5.2206 14.3524 7
      vertex 5.2206 14.3524 2
    endloop
  endfacet
  facet normal -0.950524 -0.310652 0
    outer loop
      vertex 5.2206 14.3524 7
      vertex 5.23181 14.3181 2
      vertex 5.23181 14.3181 7
    endloop
  endfacet
  facet normal -0.96025 -0.279142 0
    outer loop
      vertex 5.24181 14.2837 2
      vertex 5.23181 14.3181 7
      vertex 5.23181 14.3181 2
    endloop
  endfacet
  facet normal -0.96025 -0.279142 0
    outer loop
      vertex 5.23181 14.3181 7
      vertex 5.24181 14.2837 2
      vertex 5.24181 14.2837 7
    endloop
  endfacet
  facet normal -0.969152 -0.246465 0
    outer loop
      vertex 5.25066 14.2489 2
      vertex 5.24181 14.2837 7
      vertex 5.24181 14.2837 2
    endloop
  endfacet
  facet normal -0.969152 -0.246465 0
    outer loop
      vertex 5.24181 14.2837 7
      vertex 5.25066 14.2489 2
      vertex 5.25066 14.2489 7
    endloop
  endfacet
  facet normal -0.97675 -0.214381 0
    outer loop
      vertex 5.25832 14.214 2
      vertex 5.25066 14.2489 7
      vertex 5.25066 14.2489 2
    endloop
  endfacet
  facet normal -0.97675 -0.214381 0
    outer loop
      vertex 5.25066 14.2489 7
      vertex 5.25832 14.214 2
      vertex 5.25832 14.214 7
    endloop
  endfacet
  facet normal -0.983417 -0.181361 0
    outer loop
      vertex 5.26483 14.1787 2
      vertex 5.25832 14.214 7
      vertex 5.25832 14.214 2
    endloop
  endfacet
  facet normal -0.983417 -0.181361 0
    outer loop
      vertex 5.25832 14.214 7
      vertex 5.26483 14.1787 2
      vertex 5.26483 14.1787 7
    endloop
  endfacet
  facet normal -0.988792 -0.149299 0
    outer loop
      vertex 5.27016 14.1434 2
      vertex 5.26483 14.1787 7
      vertex 5.26483 14.1787 2
    endloop
  endfacet
  facet normal -0.988792 -0.149299 0
    outer loop
      vertex 5.26483 14.1787 7
      vertex 5.27016 14.1434 2
      vertex 5.27016 14.1434 7
    endloop
  endfacet
  facet normal -0.99321 -0.116332 0
    outer loop
      vertex 5.2744 14.1072 2
      vertex 5.27016 14.1434 7
      vertex 5.27016 14.1434 2
    endloop
  endfacet
  facet normal -0.99321 -0.116332 0
    outer loop
      vertex 5.27016 14.1434 7
      vertex 5.2744 14.1072 2
      vertex 5.2744 14.1072 7
    endloop
  endfacet
  facet normal -0.996561 -0.0828601 0
    outer loop
      vertex 5.27736 14.0716 2
      vertex 5.2744 14.1072 7
      vertex 5.2744 14.1072 2
    endloop
  endfacet
  facet normal -0.996561 -0.0828601 0
    outer loop
      vertex 5.2744 14.1072 7
      vertex 5.27736 14.0716 2
      vertex 5.27736 14.0716 7
    endloop
  endfacet
  facet normal -0.998773 -0.0495143 0
    outer loop
      vertex 5.27911 14.0363 2
      vertex 5.27736 14.0716 7
      vertex 5.27736 14.0716 2
    endloop
  endfacet
  facet normal -0.998773 -0.0495143 0
    outer loop
      vertex 5.27736 14.0716 7
      vertex 5.27911 14.0363 2
      vertex 5.27911 14.0363 7
    endloop
  endfacet
  facet normal -0.999858 -0.0168537 0
    outer loop
      vertex 5.28 13.9835 2
      vertex 5.27911 14.0363 7
      vertex 5.27911 14.0363 2
    endloop
  endfacet
  facet normal -0.999858 -0.0168537 0
    outer loop
      vertex 5.27911 14.0363 7
      vertex 5.28 13.9835 2
      vertex 5.28 13.9835 7
    endloop
  endfacet
  facet normal -1 0 0
    outer loop
      vertex 5.28 -13.9798 2
      vertex 5.28 13.9835 7
      vertex 5.28 13.9835 2
    endloop
  endfacet
  facet normal -1 -0 0
    outer loop
      vertex 5.28 13.9835 7
      vertex 5.28 -13.9798 2
      vertex 5.28 -13.9798 7
    endloop
  endfacet
  facet normal -0.999784 0.0208047 0
    outer loop
      vertex 5.27856 -14.049 2
      vertex 5.28 -13.9798 7
      vertex 5.28 -13.9798 2
    endloop
  endfacet
  facet normal -0.999784 0.0208047 0
    outer loop
      vertex 5.28 -13.9798 7
      vertex 5.27856 -14.049 2
      vertex 5.27856 -14.049 7
    endloop
  endfacet
  facet normal -0.998309 0.0581294 0
    outer loop
      vertex 5.27672 -14.0806 2
      vertex 5.27856 -14.049 7
      vertex 5.27856 -14.049 2
    endloop
  endfacet
  facet normal -0.998309 0.0581294 0
    outer loop
      vertex 5.27856 -14.049 7
      vertex 5.27672 -14.0806 2
      vertex 5.27672 -14.0806 7
    endloop
  endfacet
  facet normal -0.995852 0.0909859 0
    outer loop
      vertex 5.27344 -14.1165 2
      vertex 5.27672 -14.0806 7
      vertex 5.27672 -14.0806 2
    endloop
  endfacet
  facet normal -0.995852 0.0909859 0
    outer loop
      vertex 5.27672 -14.0806 7
      vertex 5.27344 -14.1165 2
      vertex 5.27344 -14.1165 7
    endloop
  endfacet
  facet normal -0.992209 0.124584 0
    outer loop
      vertex 5.26897 -14.1521 2
      vertex 5.27344 -14.1165 7
      vertex 5.27344 -14.1165 2
    endloop
  endfacet
  facet normal -0.992209 0.124584 0
    outer loop
      vertex 5.27344 -14.1165 7
      vertex 5.26897 -14.1521 2
      vertex 5.26897 -14.1521 7
    endloop
  endfacet
  facet normal -0.98758 0.157115 0
    outer loop
      vertex 5.26337 -14.1873 2
      vertex 5.26897 -14.1521 7
      vertex 5.26897 -14.1521 2
    endloop
  endfacet
  facet normal -0.98758 0.157115 0
    outer loop
      vertex 5.26897 -14.1521 7
      vertex 5.26337 -14.1873 2
      vertex 5.26337 -14.1873 7
    endloop
  endfacet
  facet normal -0.981685 0.190513 0
    outer loop
      vertex 5.2565 -14.2227 2
      vertex 5.26337 -14.1873 7
      vertex 5.26337 -14.1873 2
    endloop
  endfacet
  facet normal -0.981685 0.190513 0
    outer loop
      vertex 5.26337 -14.1873 7
      vertex 5.2565 -14.2227 2
      vertex 5.2565 -14.2227 7
    endloop
  endfacet
  facet normal -0.97491 0.2226 0
    outer loop
      vertex 5.24844 -14.258 2
      vertex 5.2565 -14.2227 7
      vertex 5.2565 -14.2227 2
    endloop
  endfacet
  facet normal -0.97491 0.2226 0
    outer loop
      vertex 5.2565 -14.2227 7
      vertex 5.24844 -14.258 2
      vertex 5.24844 -14.258 7
    endloop
  endfacet
  facet normal -0.967067 0.254521 0
    outer loop
      vertex 5.23936 -14.2925 2
      vertex 5.24844 -14.258 7
      vertex 5.24844 -14.258 2
    endloop
  endfacet
  facet normal -0.967067 0.254521 0
    outer loop
      vertex 5.24844 -14.258 7
      vertex 5.23936 -14.2925 2
      vertex 5.23936 -14.2925 7
    endloop
  endfacet
  facet normal -0.958057 0.286577 0
    outer loop
      vertex 5.22913 -14.3267 2
      vertex 5.23936 -14.2925 7
      vertex 5.23936 -14.2925 2
    endloop
  endfacet
  facet normal -0.958057 0.286577 0
    outer loop
      vertex 5.23936 -14.2925 7
      vertex 5.22913 -14.3267 2
      vertex 5.22913 -14.3267 7
    endloop
  endfacet
  facet normal -0.947872 0.318652 0
    outer loop
      vertex 5.2177 -14.3607 2
      vertex 5.22913 -14.3267 7
      vertex 5.22913 -14.3267 2
    endloop
  endfacet
  facet normal -0.947872 0.318652 0
    outer loop
      vertex 5.22913 -14.3267 7
      vertex 5.2177 -14.3607 2
      vertex 5.2177 -14.3607 7
    endloop
  endfacet
  facet normal -0.936986 0.349366 0
    outer loop
      vertex 5.20506 -14.3946 2
      vertex 5.2177 -14.3607 7
      vertex 5.2177 -14.3607 2
    endloop
  endfacet
  facet normal -0.936986 0.349366 0
    outer loop
      vertex 5.2177 -14.3607 7
      vertex 5.20506 -14.3946 2
      vertex 5.20506 -14.3946 7
    endloop
  endfacet
  facet normal -0.92455 0.381061 0
    outer loop
      vertex 5.1915 -14.4275 2
      vertex 5.20506 -14.3946 7
      vertex 5.20506 -14.3946 2
    endloop
  endfacet
  facet normal -0.92455 0.381061 0
    outer loop
      vertex 5.20506 -14.3946 7
      vertex 5.1915 -14.4275 2
      vertex 5.1915 -14.4275 7
    endloop
  endfacet
  facet normal -0.911457 0.411395 0
    outer loop
      vertex 5.17656 -14.4606 2
      vertex 5.1915 -14.4275 7
      vertex 5.1915 -14.4275 2
    endloop
  endfacet
  facet normal -0.911457 0.411395 0
    outer loop
      vertex 5.1915 -14.4275 7
      vertex 5.17656 -14.4606 2
      vertex 5.17656 -14.4606 7
    endloop
  endfacet
  facet normal -0.897454 0.441107 0
    outer loop
      vertex 5.16093 -14.4924 2
      vertex 5.17656 -14.4606 7
      vertex 5.17656 -14.4606 2
    endloop
  endfacet
  facet normal -0.897454 0.441107 0
    outer loop
      vertex 5.17656 -14.4606 7
      vertex 5.16093 -14.4924 2
      vertex 5.16093 -14.4924 7
    endloop
  endfacet
  facet normal -0.881742 0.471732 0
    outer loop
      vertex 5.14381 -14.5244 2
      vertex 5.16093 -14.4924 7
      vertex 5.16093 -14.4924 2
    endloop
  endfacet
  facet normal -0.881742 0.471732 0
    outer loop
      vertex 5.16093 -14.4924 7
      vertex 5.14381 -14.5244 2
      vertex 5.14381 -14.5244 7
    endloop
  endfacet
  facet normal -0.866204 0.49969 0
    outer loop
      vertex 5.1261 -14.5551 2
      vertex 5.14381 -14.5244 7
      vertex 5.14381 -14.5244 2
    endloop
  endfacet
  facet normal -0.866204 0.49969 0
    outer loop
      vertex 5.14381 -14.5244 7
      vertex 5.1261 -14.5551 2
      vertex 5.1261 -14.5551 7
    endloop
  endfacet
  facet normal -0.84958 0.527459 0
    outer loop
      vertex 5.10704 -14.5858 2
      vertex 5.1261 -14.5551 7
      vertex 5.1261 -14.5551 2
    endloop
  endfacet
  facet normal -0.84958 0.527459 0
    outer loop
      vertex 5.1261 -14.5551 7
      vertex 5.10704 -14.5858 2
      vertex 5.10704 -14.5858 7
    endloop
  endfacet
  facet normal -0.830461 0.557077 0
    outer loop
      vertex 5.08705 -14.6156 2
      vertex 5.10704 -14.5858 7
      vertex 5.10704 -14.5858 2
    endloop
  endfacet
  facet normal -0.830461 0.557077 0
    outer loop
      vertex 5.10704 -14.5858 7
      vertex 5.08705 -14.6156 2
      vertex 5.08705 -14.6156 7
    endloop
  endfacet
  facet normal -0.811719 0.584048 0
    outer loop
      vertex 5.06604 -14.6448 2
      vertex 5.08705 -14.6156 7
      vertex 5.08705 -14.6156 2
    endloop
  endfacet
  facet normal -0.811719 0.584048 0
    outer loop
      vertex 5.08705 -14.6156 7
      vertex 5.06604 -14.6448 2
      vertex 5.06604 -14.6448 7
    endloop
  endfacet
  facet normal -0.792356 0.610059 0
    outer loop
      vertex 5.04402 -14.6734 2
      vertex 5.06604 -14.6448 7
      vertex 5.06604 -14.6448 2
    endloop
  endfacet
  facet normal -0.792356 0.610059 0
    outer loop
      vertex 5.06604 -14.6448 7
      vertex 5.04402 -14.6734 2
      vertex 5.04402 -14.6734 7
    endloop
  endfacet
  facet normal -0.770788 0.637091 0
    outer loop
      vertex 5.02129 -14.7009 2
      vertex 5.04402 -14.6734 7
      vertex 5.04402 -14.6734 2
    endloop
  endfacet
  facet normal -0.770788 0.637091 0
    outer loop
      vertex 5.04402 -14.6734 7
      vertex 5.02129 -14.7009 2
      vertex 5.02129 -14.7009 7
    endloop
  endfacet
  facet normal -0.749911 0.661539 0
    outer loop
      vertex 4.99756 -14.7278 2
      vertex 5.02129 -14.7009 7
      vertex 5.02129 -14.7009 2
    endloop
  endfacet
  facet normal -0.749911 0.661539 0
    outer loop
      vertex 5.02129 -14.7009 7
      vertex 4.99756 -14.7278 2
      vertex 4.99756 -14.7278 7
    endloop
  endfacet
  facet normal -0.72723 0.686394 0
    outer loop
      vertex 4.97302 -14.7538 2
      vertex 4.99756 -14.7278 7
      vertex 4.99756 -14.7278 2
    endloop
  endfacet
  facet normal -0.72723 0.686394 0
    outer loop
      vertex 4.99756 -14.7278 7
      vertex 4.97302 -14.7538 2
      vertex 4.97302 -14.7538 7
    endloop
  endfacet
  facet normal -0.704596 0.709609 0
    outer loop
      vertex 4.97302 -14.7538 2
      vertex 4.94754 -14.7791 7
      vertex 4.97302 -14.7538 7
    endloop
  endfacet
  facet normal -0.704596 0.709609 0
    outer loop
      vertex 4.94754 -14.7791 7
      vertex 4.97302 -14.7538 2
      vertex 4.94754 -14.7791 2
    endloop
  endfacet
  facet normal -0.679882 0.733321 0
    outer loop
      vertex 4.94754 -14.7791 2
      vertex 4.92133 -14.8034 7
      vertex 4.94754 -14.7791 7
    endloop
  endfacet
  facet normal -0.679882 0.733321 0
    outer loop
      vertex 4.92133 -14.8034 7
      vertex 4.94754 -14.7791 2
      vertex 4.92133 -14.8034 2
    endloop
  endfacet
  facet normal -0.655906 0.754843 0
    outer loop
      vertex 4.92133 -14.8034 2
      vertex 4.89394 -14.8272 7
      vertex 4.92133 -14.8034 7
    endloop
  endfacet
  facet normal -0.655906 0.754843 0
    outer loop
      vertex 4.89394 -14.8272 7
      vertex 4.92133 -14.8034 2
      vertex 4.89394 -14.8272 2
    endloop
  endfacet
  facet normal -0.630708 0.776021 0
    outer loop
      vertex 4.89394 -14.8272 2
      vertex 4.86601 -14.8499 7
      vertex 4.89394 -14.8272 7
    endloop
  endfacet
  facet normal -0.630708 0.776021 0
    outer loop
      vertex 4.86601 -14.8499 7
      vertex 4.89394 -14.8272 2
      vertex 4.86601 -14.8499 2
    endloop
  endfacet
  facet normal -0.602069 0.798444 0
    outer loop
      vertex 4.86601 -14.8499 2
      vertex 4.83763 -14.8713 7
      vertex 4.86601 -14.8499 7
    endloop
  endfacet
  facet normal -0.602069 0.798444 0
    outer loop
      vertex 4.83763 -14.8713 7
      vertex 4.86601 -14.8499 2
      vertex 4.83763 -14.8713 2
    endloop
  endfacet
  facet normal -0.577162 0.816629 0
    outer loop
      vertex 4.83763 -14.8713 2
      vertex 4.8082 -14.8921 7
      vertex 4.83763 -14.8713 7
    endloop
  endfacet
  facet normal -0.577162 0.816629 0
    outer loop
      vertex 4.8082 -14.8921 7
      vertex 4.83763 -14.8713 2
      vertex 4.8082 -14.8921 2
    endloop
  endfacet
  facet normal -0.550861 0.834597 0
    outer loop
      vertex 4.8082 -14.8921 2
      vertex 4.77805 -14.912 7
      vertex 4.8082 -14.8921 7
    endloop
  endfacet
  facet normal -0.550861 0.834597 0
    outer loop
      vertex 4.77805 -14.912 7
      vertex 4.8082 -14.8921 2
      vertex 4.77805 -14.912 2
    endloop
  endfacet
  facet normal -0.520306 0.85398 0
    outer loop
      vertex 4.77805 -14.912 2
      vertex 4.74785 -14.9304 7
      vertex 4.77805 -14.912 7
    endloop
  endfacet
  facet normal -0.520306 0.85398 0
    outer loop
      vertex 4.74785 -14.9304 7
      vertex 4.77805 -14.912 2
      vertex 4.74785 -14.9304 2
    endloop
  endfacet
  facet normal -0.493152 0.869943 0
    outer loop
      vertex 4.74785 -14.9304 2
      vertex 4.71645 -14.9482 7
      vertex 4.74785 -14.9304 7
    endloop
  endfacet
  facet normal -0.493152 0.869943 0
    outer loop
      vertex 4.71645 -14.9482 7
      vertex 4.74785 -14.9304 2
      vertex 4.71645 -14.9482 2
    endloop
  endfacet
  facet normal -0.464834 0.885398 0
    outer loop
      vertex 4.71645 -14.9482 2
      vertex 4.68445 -14.965 7
      vertex 4.71645 -14.9482 7
    endloop
  endfacet
  facet normal -0.464834 0.885398 0
    outer loop
      vertex 4.68445 -14.965 7
      vertex 4.71645 -14.9482 2
      vertex 4.68445 -14.965 2
    endloop
  endfacet
  facet normal -0.432329 0.901716 0
    outer loop
      vertex 4.68445 -14.965 2
      vertex 4.65233 -14.9804 7
      vertex 4.68445 -14.965 7
    endloop
  endfacet
  facet normal -0.432329 0.901716 0
    outer loop
      vertex 4.65233 -14.9804 7
      vertex 4.68445 -14.965 2
      vertex 4.65233 -14.9804 2
    endloop
  endfacet
  facet normal -0.40439 0.914587 0
    outer loop
      vertex 4.65233 -14.9804 2
      vertex 4.61931 -14.995 7
      vertex 4.65233 -14.9804 7
    endloop
  endfacet
  facet normal -0.40439 0.914587 0
    outer loop
      vertex 4.61931 -14.995 7
      vertex 4.65233 -14.9804 2
      vertex 4.61931 -14.995 2
    endloop
  endfacet
  facet normal -0.372363 0.928087 0
    outer loop
      vertex 4.61931 -14.995 2
      vertex 4.58641 -15.0082 7
      vertex 4.61931 -14.995 7
    endloop
  endfacet
  facet normal -0.372363 0.928087 0
    outer loop
      vertex 4.58641 -15.0082 7
      vertex 4.61931 -14.995 2
      vertex 4.58641 -15.0082 2
    endloop
  endfacet
  facet normal -0.342364 0.939568 0
    outer loop
      vertex 4.58641 -15.0082 2
      vertex 4.55238 -15.0206 7
      vertex 4.58641 -15.0082 7
    endloop
  endfacet
  facet normal -0.342364 0.939568 0
    outer loop
      vertex 4.55238 -15.0206 7
      vertex 4.58641 -15.0082 2
      vertex 4.55238 -15.0206 2
    endloop
  endfacet
  facet normal -0.310402 0.950605 0
    outer loop
      vertex 4.55238 -15.0206 2
      vertex 4.51808 -15.0318 7
      vertex 4.55238 -15.0206 7
    endloop
  endfacet
  facet normal -0.310402 0.950605 0
    outer loop
      vertex 4.51808 -15.0318 7
      vertex 4.55238 -15.0206 2
      vertex 4.51808 -15.0318 2
    endloop
  endfacet
  facet normal -0.278993 0.960293 0
    outer loop
      vertex 4.51808 -15.0318 2
      vertex 4.48366 -15.0418 7
      vertex 4.51808 -15.0318 7
    endloop
  endfacet
  facet normal -0.278993 0.960293 0
    outer loop
      vertex 4.48366 -15.0418 7
      vertex 4.51808 -15.0318 2
      vertex 4.48366 -15.0418 2
    endloop
  endfacet
  facet normal -0.247839 0.968801 0
    outer loop
      vertex 4.48366 -15.0418 2
      vertex 4.44887 -15.0507 7
      vertex 4.48366 -15.0418 7
    endloop
  endfacet
  facet normal -0.247839 0.968801 0
    outer loop
      vertex 4.44887 -15.0507 7
      vertex 4.48366 -15.0418 2
      vertex 4.44887 -15.0507 2
    endloop
  endfacet
  facet normal -0.213128 0.977024 0
    outer loop
      vertex 4.44887 -15.0507 2
      vertex 4.41403 -15.0583 7
      vertex 4.44887 -15.0507 7
    endloop
  endfacet
  facet normal -0.213128 0.977024 0
    outer loop
      vertex 4.41403 -15.0583 7
      vertex 4.44887 -15.0507 2
      vertex 4.41403 -15.0583 2
    endloop
  endfacet
  facet normal -0.180992 0.983485 0
    outer loop
      vertex 4.41403 -15.0583 2
      vertex 4.37871 -15.0648 7
      vertex 4.41403 -15.0583 7
    endloop
  endfacet
  facet normal -0.180992 0.983485 0
    outer loop
      vertex 4.37871 -15.0648 7
      vertex 4.41403 -15.0583 2
      vertex 4.37871 -15.0648 2
    endloop
  endfacet
  facet normal -0.151048 0.988526 0
    outer loop
      vertex 4.37871 -15.0648 2
      vertex 4.34337 -15.0702 7
      vertex 4.37871 -15.0648 7
    endloop
  endfacet
  facet normal -0.151048 0.988526 0
    outer loop
      vertex 4.34337 -15.0702 7
      vertex 4.37871 -15.0648 2
      vertex 4.34337 -15.0702 2
    endloop
  endfacet
  facet normal -0.115218 0.99334 0
    outer loop
      vertex 4.34337 -15.0702 2
      vertex 4.30716 -15.0744 7
      vertex 4.34337 -15.0702 7
    endloop
  endfacet
  facet normal -0.115218 0.99334 0
    outer loop
      vertex 4.30716 -15.0744 7
      vertex 4.34337 -15.0702 2
      vertex 4.30716 -15.0744 2
    endloop
  endfacet
  facet normal -0.0841598 0.996452 0
    outer loop
      vertex 4.30716 -15.0744 2
      vertex 4.27164 -15.0774 7
      vertex 4.30716 -15.0744 7
    endloop
  endfacet
  facet normal -0.0841598 0.996452 0
    outer loop
      vertex 4.27164 -15.0774 7
      vertex 4.30716 -15.0744 2
      vertex 4.27164 -15.0774 2
    endloop
  endfacet
  facet normal -0.0480893 0.998843 0
    outer loop
      vertex 4.27164 -15.0774 2
      vertex 4.23633 -15.0791 7
      vertex 4.27164 -15.0774 7
    endloop
  endfacet
  facet normal -0.0480893 0.998843 0
    outer loop
      vertex 4.23633 -15.0791 7
      vertex 4.27164 -15.0774 2
      vertex 4.23633 -15.0791 2
    endloop
  endfacet
  facet normal -0.017043 0.999855 0
    outer loop
      vertex 4.23633 -15.0791 2
      vertex 4.18353 -15.08 7
      vertex 4.23633 -15.0791 7
    endloop
  endfacet
  facet normal -0.017043 0.999855 0
    outer loop
      vertex 4.18353 -15.08 7
      vertex 4.23633 -15.0791 2
      vertex 4.18353 -15.08 2
    endloop
  endfacet
  facet normal 0 1 -0
    outer loop
      vertex 4.18353 -15.08 2
      vertex -4.17984 -15.08 7
      vertex 4.18353 -15.08 7
    endloop
  endfacet
  facet normal 0 1 0
    outer loop
      vertex -4.17984 -15.08 7
      vertex 4.18353 -15.08 2
      vertex -4.17984 -15.08 2
    endloop
  endfacet
endsolid OpenSCAD_Model
