solid OpenSCAD_Model
  facet normal 0 0 -1
    outer loop
      vertex 7.09999 -6.62601 0
      vertex -0.501236 -0.0997162 0
      vertex -0.5 0 0
    endloop
  endfacet
  facet normal 0 0 -1
    outer loop
      vertex 1.78273 -12.0973 0
      vertex -0.504959 -0.199371 0
      vertex -0.501236 -0.0997162 0
    endloop
  endfacet
  facet normal 0 0 -1
    outer loop
      vertex 1.78273 -12.0973 0
      vertex -0.511185 -0.29892 0
      vertex -0.504959 -0.199371 0
    endloop
  endfacet
  facet normal 0 0 -1
    outer loop
      vertex 1.78273 -12.0973 0
      vertex -0.519867 -0.39827 0
      vertex -0.511185 -0.29892 0
    endloop
  endfacet
  facet normal 0 0 -1
    outer loop
      vertex 1.78273 -12.0973 0
      vertex -0.531036 -0.49736 0
      vertex -0.519867 -0.39827 0
    endloop
  endfacet
  facet normal 0 0 -1
    outer loop
      vertex 1.78273 -12.0973 0
      vertex -0.544662 -0.596161 0
      vertex -0.531036 -0.49736 0
    endloop
  endfacet
  facet normal 0 0 -1
    outer loop
      vertex 1.78273 -12.0973 0
      vertex -0.56076 -0.69458 0
      vertex -0.544662 -0.596161 0
    endloop
  endfacet
  facet normal 0 0 -1
    outer loop
      vertex 1.78273 -12.0973 0
      vertex -0.5793 -0.792572 0
      vertex -0.56076 -0.69458 0
    endloop
  endfacet
  facet normal 0 0 -1
    outer loop
      vertex 1.78273 -12.0973 0
      vertex -0.600281 -0.890076 0
      vertex -0.5793 -0.792572 0
    endloop
  endfacet
  facet normal 0 0 -1
    outer loop
      vertex 1.78273 -12.0973 0
      vertex -0.623688 -0.987015 0
      vertex -0.600281 -0.890076 0
    endloop
  endfacet
  facet normal 0 0 -1
    outer loop
      vertex 1.78273 -12.0973 0
      vertex -0.64949 -1.08336 0
      vertex -0.623688 -0.987015 0
    endloop
  endfacet
  facet normal 0 0 -1
    outer loop
      vertex 1.78273 -12.0973 0
      vertex -0.677704 -1.17902 0
      vertex -0.64949 -1.08336 0
    endloop
  endfacet
  facet normal 0 0 -1
    outer loop
      vertex 1.78273 -12.0973 0
      vertex -0.708282 -1.27394 0
      vertex -0.677704 -1.17902 0
    endloop
  endfacet
  facet normal 0 0 -1
    outer loop
      vertex 1.78273 -12.0973 0
      vertex -0.741226 -1.36807 0
      vertex -0.708282 -1.27394 0
    endloop
  endfacet
  facet normal 0 0 -1
    outer loop
      vertex 1.78273 -12.0973 0
      vertex -0.776505 -1.46135 0
      vertex -0.741226 -1.36807 0
    endloop
  endfacet
  facet normal 0 0 -1
    outer loop
      vertex 1.78273 -12.0973 0
      vertex -0.814087 -1.55373 0
      vertex -0.776505 -1.46135 0
    endloop
  endfacet
  facet normal 0 0 -1
    outer loop
      vertex 1.78273 -12.0973 0
      vertex -0.853973 -1.64514 0
      vertex -0.814087 -1.55373 0
    endloop
  endfacet
  facet normal 0 0 -1
    outer loop
      vertex 1.78273 -12.0973 0
      vertex -0.896118 -1.73553 0
      vertex -0.853973 -1.64514 0
    endloop
  endfacet
  facet normal 0 0 -1
    outer loop
      vertex 1.78273 -12.0973 0
      vertex -0.940506 -1.82483 0
      vertex -0.896118 -1.73553 0
    endloop
  endfacet
  facet normal 0 0 -1
    outer loop
      vertex 1.78273 -12.0973 0
      vertex -0.987106 -1.91301 0
      vertex -0.940506 -1.82483 0
    endloop
  endfacet
  facet normal 0 0 -1
    outer loop
      vertex 1.78273 -12.0973 0
      vertex -1.03589 -2 0
      vertex -0.987106 -1.91301 0
    endloop
  endfacet
  facet normal 0 0 -1
    outer loop
      vertex 1.78273 -12.0973 0
      vertex -1.08682 -2.08574 0
      vertex -1.03589 -2 0
    endloop
  endfacet
  facet normal 0 0 -1
    outer loop
      vertex 1.78273 -12.0973 0
      vertex -1.13989 -2.17018 0
      vertex -1.08682 -2.08574 0
    endloop
  endfacet
  facet normal 0 0 -1
    outer loop
      vertex 1.78273 -12.0973 0
      vertex -1.19504 -2.25327 0
      vertex -1.13989 -2.17018 0
    endloop
  endfacet
  facet normal 0 0 -1
    outer loop
      vertex 1.78273 -12.0973 0
      vertex -1.25224 -2.33496 0
      vertex -1.19504 -2.25327 0
    endloop
  endfacet
  facet normal 0 0 -1
    outer loop
      vertex 1.78273 -12.0973 0
      vertex -1.31146 -2.41521 0
      vertex -1.25224 -2.33496 0
    endloop
  endfacet
  facet normal 0 0 -1
    outer loop
      vertex 1.78273 -12.0973 0
      vertex -1.37267 -2.49396 0
      vertex -1.31146 -2.41521 0
    endloop
  endfacet
  facet normal 0 0 -1
    outer loop
      vertex 1.78273 -12.0973 0
      vertex -1.43582 -2.57114 0
      vertex -1.37267 -2.49396 0
    endloop
  endfacet
  facet normal 0 0 -1
    outer loop
      vertex 1.78273 -12.0973 0
      vertex -1.50087 -2.64673 0
      vertex -1.43582 -2.57114 0
    endloop
  endfacet
  facet normal 0 0 -1
    outer loop
      vertex 1.78273 -12.0973 0
      vertex -1.56778 -2.72069 0
      vertex -1.50087 -2.64673 0
    endloop
  endfacet
  facet normal 0 0 -1
    outer loop
      vertex -2.41425 -3.41316 0
      vertex 1.62083 -12.1 0
      vertex -1.62601 -12.1 0
    endloop
  endfacet
  facet normal 0 0 -1
    outer loop
      vertex 1.78273 -12.0973 0
      vertex -1.63652 -2.79294 0
      vertex -1.56778 -2.72069 0
    endloop
  endfacet
  facet normal 0 0 -1
    outer loop
      vertex 1.78273 -12.0973 0
      vertex -1.70705 -2.86346 0
      vertex -1.63652 -2.79294 0
    endloop
  endfacet
  facet normal 0 0 -1
    outer loop
      vertex 1.78273 -12.0973 0
      vertex -1.7793 -2.93221 0
      vertex -1.70705 -2.86346 0
    endloop
  endfacet
  facet normal 0 0 -1
    outer loop
      vertex -3.13191 -3.75876 0
      vertex -1.62601 -12.1 0
      vertex -1.82335 -12.0959 0
    endloop
  endfacet
  facet normal 0 0 -1
    outer loop
      vertex 1.78273 -12.0973 0
      vertex -1.85326 -2.99911 0
      vertex -1.7793 -2.93221 0
    endloop
  endfacet
  facet normal 0 0 -1
    outer loop
      vertex 1.62083 -12.1 0
      vertex -1.92885 -3.06416 0
      vertex -1.85326 -2.99911 0
    endloop
  endfacet
  facet normal 0 0 -1
    outer loop
      vertex 1.62083 -12.1 0
      vertex -2.00603 -3.12732 0
      vertex -1.92885 -3.06416 0
    endloop
  endfacet
  facet normal 0 0 -1
    outer loop
      vertex -3.13191 -3.75876 0
      vertex -1.82335 -12.0959 0
      vertex -2.01091 -12.085 0
    endloop
  endfacet
  facet normal 0 0 -1
    outer loop
      vertex 1.62083 -12.1 0
      vertex -2.08478 -3.18852 0
      vertex -2.00603 -3.12732 0
    endloop
  endfacet
  facet normal 0 0 -1
    outer loop
      vertex 1.62083 -12.1 0
      vertex -2.16502 -3.24774 0
      vertex -2.08478 -3.18852 0
    endloop
  endfacet
  facet normal 0 0 -1
    outer loop
      vertex -3.13191 -3.75876 0
      vertex -2.01091 -12.085 0
      vertex -2.19305 -12.0683 0
    endloop
  endfacet
  facet normal 0 0 -1
    outer loop
      vertex 1.62083 -12.1 0
      vertex -2.24672 -3.30495 0
      vertex -2.16502 -3.24774 0
    endloop
  endfacet
  facet normal 0 0 -1
    outer loop
      vertex 1.62083 -12.1 0
      vertex -2.3298 -3.36009 0
      vertex -2.24672 -3.30495 0
    endloop
  endfacet
  facet normal 0 0 -1
    outer loop
      vertex -3.13191 -3.75876 0
      vertex -2.19305 -12.0683 0
      vertex -2.37463 -12.0455 0
    endloop
  endfacet
  facet normal 0 0 -1
    outer loop
      vertex 1.62083 -12.1 0
      vertex -2.41425 -3.41316 0
      vertex -2.3298 -3.36009 0
    endloop
  endfacet
  facet normal 0 0 -1
    outer loop
      vertex -1.62601 -12.1 0
      vertex -2.5 -3.4641 0
      vertex -2.41425 -3.41316 0
    endloop
  endfacet
  facet normal 0 0 -1
    outer loop
      vertex -3.13191 -3.75876 0
      vertex -2.37463 -12.0455 0
      vertex -2.55522 -12.0168 0
    endloop
  endfacet
  facet normal 0 0 -1
    outer loop
      vertex -1.62601 -12.1 0
      vertex -2.58698 -3.51288 0
      vertex -2.5 -3.4641 0
    endloop
  endfacet
  facet normal 0 0 -1
    outer loop
      vertex -1.62601 -12.1 0
      vertex -2.67516 -3.55948 0
      vertex -2.58698 -3.51288 0
    endloop
  endfacet
  facet normal 0 0 -1
    outer loop
      vertex -3.22604 -3.7917 0
      vertex -2.55522 -12.0168 0
      vertex -2.73463 -11.982 0
    endloop
  endfacet
  facet normal 0 0 -1
    outer loop
      vertex -1.62601 -12.1 0
      vertex -2.76445 -3.60387 0
      vertex -2.67516 -3.55948 0
    endloop
  endfacet
  facet normal 0 0 -1
    outer loop
      vertex -1.62601 -12.1 0
      vertex -2.85484 -3.64601 0
      vertex -2.76445 -3.60387 0
    endloop
  endfacet
  facet normal 0 0 -1
    outer loop
      vertex -3.22604 -3.7917 0
      vertex -2.73463 -11.982 0
      vertex -2.91277 -11.9414 0
    endloop
  endfacet
  facet normal 0 0 -1
    outer loop
      vertex -1.62601 -12.1 0
      vertex -2.94626 -3.6859 0
      vertex -2.85484 -3.64601 0
    endloop
  endfacet
  facet normal 0 0 -1
    outer loop
      vertex -1.62601 -12.1 0
      vertex -3.03864 -3.72348 0
      vertex -2.94626 -3.6859 0
    endloop
  endfacet
  facet normal 0 0 -1
    outer loop
      vertex -3.22604 -3.7917 0
      vertex -2.91277 -11.9414 0
      vertex -3.08969 -11.8948 0
    endloop
  endfacet
  facet normal 0 0 -1
    outer loop
      vertex -1.62601 -12.1 0
      vertex -3.13191 -3.75876 0
      vertex -3.03864 -3.72348 0
    endloop
  endfacet
  facet normal 0 0 -1
    outer loop
      vertex -2.55522 -12.0168 0
      vertex -3.22604 -3.7917 0
      vertex -3.13191 -3.75876 0
    endloop
  endfacet
  facet normal 0 0 -1
    outer loop
      vertex -3.26486 -11.8423 0
      vertex -3.22604 -3.7917 0
      vertex -3.08969 -11.8948 0
    endloop
  endfacet
  facet normal 0 0 -1
    outer loop
      vertex -3.26486 -11.8423 0
      vertex -3.32097 -3.82228 0
      vertex -3.22604 -3.7917 0
    endloop
  endfacet
  facet normal 0 0 -1
    outer loop
      vertex -3.43823 -11.7841 0
      vertex -3.32097 -3.82228 0
      vertex -3.26486 -11.8423 0
    endloop
  endfacet
  facet normal 0 0 -1
    outer loop
      vertex -3.60953 -11.7201 0
      vertex -3.32097 -3.82228 0
      vertex -3.43823 -11.7841 0
    endloop
  endfacet
  facet normal 0 0 -1
    outer loop
      vertex -3.77844 -11.6506 0
      vertex -3.32097 -3.82228 0
      vertex -3.60953 -11.7201 0
    endloop
  endfacet
  facet normal 0 0 -1
    outer loop
      vertex -3.94522 -11.5753 0
      vertex -3.32097 -3.82228 0
      vertex -3.77844 -11.6506 0
    endloop
  endfacet
  facet normal 0 0 -1
    outer loop
      vertex -3.32097 -3.82228 0
      vertex -3.94522 -11.5753 0
      vertex -3.41663 -3.85049 0
    endloop
  endfacet
  facet normal 0 0 -1
    outer loop
      vertex -4.10941 -11.4945 0
      vertex -3.41663 -3.85049 0
      vertex -3.94522 -11.5753 0
    endloop
  endfacet
  facet normal 0 0 -1
    outer loop
      vertex -4.2706 -11.4085 0
      vertex -3.41663 -3.85049 0
      vertex -4.10941 -11.4945 0
    endloop
  endfacet
  facet normal 0 0 -1
    outer loop
      vertex -4.42892 -11.3171 0
      vertex -3.41663 -3.85049 0
      vertex -4.2706 -11.4085 0
    endloop
  endfacet
  facet normal 0 0 -1
    outer loop
      vertex -4.58427 -11.2204 0
      vertex -3.41663 -3.85049 0
      vertex -4.42892 -11.3171 0
    endloop
  endfacet
  facet normal 0 0 -1
    outer loop
      vertex -3.41663 -3.85049 0
      vertex -4.58427 -11.2204 0
      vertex -3.51297 -3.8763 0
    endloop
  endfacet
  facet normal 0 0 -1
    outer loop
      vertex -4.73611 -11.1187 0
      vertex -3.51297 -3.8763 0
      vertex -4.58427 -11.2204 0
    endloop
  endfacet
  facet normal 0 0 -1
    outer loop
      vertex -4.88457 -11.0119 0
      vertex -3.51297 -3.8763 0
      vertex -4.73611 -11.1187 0
    endloop
  endfacet
  facet normal 0 0 -1
    outer loop
      vertex -5.02936 -10.9004 0
      vertex -3.51297 -3.8763 0
      vertex -4.88457 -11.0119 0
    endloop
  endfacet
  facet normal 0 0 -1
    outer loop
      vertex -5.17044 -10.784 0
      vertex -3.51297 -3.8763 0
      vertex -5.02936 -10.9004 0
    endloop
  endfacet
  facet normal 0 0 -1
    outer loop
      vertex -3.51297 -3.8763 0
      vertex -5.17044 -10.784 0
      vertex -3.60991 -3.8997 0
    endloop
  endfacet
  facet normal 0 0 -1
    outer loop
      vertex -5.3076 -10.6629 0
      vertex -3.60991 -3.8997 0
      vertex -5.17044 -10.784 0
    endloop
  endfacet
  facet normal 0 0 -1
    outer loop
      vertex -5.44058 -10.5375 0
      vertex -3.60991 -3.8997 0
      vertex -5.3076 -10.6629 0
    endloop
  endfacet
  facet normal 0 0 -1
    outer loop
      vertex -5.56927 -10.4077 0
      vertex -3.60991 -3.8997 0
      vertex -5.44058 -10.5375 0
    endloop
  endfacet
  facet normal 0 0 -1
    outer loop
      vertex -5.69366 -10.2736 0
      vertex -3.60991 -3.8997 0
      vertex -5.56927 -10.4077 0
    endloop
  endfacet
  facet normal 0 0 -1
    outer loop
      vertex -3.60991 -3.8997 0
      vertex -5.69366 -10.2736 0
      vertex -3.70741 -3.92068 0
    endloop
  endfacet
  facet normal 0 0 -1
    outer loop
      vertex -5.81349 -10.1355 0
      vertex -3.70741 -3.92068 0
      vertex -5.69366 -10.2736 0
    endloop
  endfacet
  facet normal 0 0 -1
    outer loop
      vertex -5.92868 -9.99355 0
      vertex -3.70741 -3.92068 0
      vertex -5.81349 -10.1355 0
    endloop
  endfacet
  facet normal 0 0 -1
    outer loop
      vertex -6.03911 -9.84775 0
      vertex -3.70741 -3.92068 0
      vertex -5.92868 -9.99355 0
    endloop
  endfacet
  facet normal 0 0 -1
    outer loop
      vertex -3.70741 -3.92068 0
      vertex -6.03911 -9.84775 0
      vertex -3.8054 -3.93922 0
    endloop
  endfacet
  facet normal 0 0 -1
    outer loop
      vertex -6.14449 -9.69858 0
      vertex -3.8054 -3.93922 0
      vertex -6.03911 -9.84775 0
    endloop
  endfacet
  facet normal 0 0 -1
    outer loop
      vertex -6.245 -9.54581 0
      vertex -3.8054 -3.93922 0
      vertex -6.14449 -9.69858 0
    endloop
  endfacet
  facet normal 0 0 -1
    outer loop
      vertex -6.34047 -9.38956 0
      vertex -3.8054 -3.93922 0
      vertex -6.245 -9.54581 0
    endloop
  endfacet
  facet normal 0 0 -1
    outer loop
      vertex -6.43056 -9.23047 0
      vertex -3.8054 -3.93922 0
      vertex -6.34047 -9.38956 0
    endloop
  endfacet
  facet normal 0 0 -1
    outer loop
      vertex -3.8054 -3.93922 0
      vertex -6.43056 -9.23047 0
      vertex -3.90382 -3.95532 0
    endloop
  endfacet
  facet normal 0 0 -1
    outer loop
      vertex -6.51527 -9.06856 0
      vertex -3.90382 -3.95532 0
      vertex -6.43056 -9.23047 0
    endloop
  endfacet
  facet normal 0 0 -1
    outer loop
      vertex -6.59459 -8.90385 0
      vertex -3.90382 -3.95532 0
      vertex -6.51527 -9.06856 0
    endloop
  endfacet
  facet normal 0 0 -1
    outer loop
      vertex -6.66844 -8.73651 0
      vertex -3.90382 -3.95532 0
      vertex -6.59459 -8.90385 0
    endloop
  endfacet
  facet normal 0 0 -1
    outer loop
      vertex -3.90382 -3.95532 0
      vertex -6.66844 -8.73651 0
      vertex -4.00262 -3.96895 0
    endloop
  endfacet
  facet normal 0 0 -1
    outer loop
      vertex -6.73668 -8.56679 0
      vertex -4.00262 -3.96895 0
      vertex -6.66844 -8.73651 0
    endloop
  endfacet
  facet normal 0 0 -1
    outer loop
      vertex -6.79919 -8.395 0
      vertex -4.00262 -3.96895 0
      vertex -6.73668 -8.56679 0
    endloop
  endfacet
  facet normal 0 0 -1
    outer loop
      vertex -4.00262 -3.96895 0
      vertex -6.79919 -8.395 0
      vertex -4.10172 -3.98012 0
    endloop
  endfacet
  facet normal 0 0 -1
    outer loop
      vertex -6.85593 -8.22136 0
      vertex -4.10172 -3.98012 0
      vertex -6.79919 -8.395 0
    endloop
  endfacet
  facet normal 0 0 -1
    outer loop
      vertex -6.90697 -8.04565 0
      vertex -4.10172 -3.98012 0
      vertex -6.85593 -8.22136 0
    endloop
  endfacet
  facet normal 0 0 -1
    outer loop
      vertex -6.95207 -7.86842 0
      vertex -4.10172 -3.98012 0
      vertex -6.90697 -8.04565 0
    endloop
  endfacet
  facet normal 0 0 -1
    outer loop
      vertex -4.10172 -3.98012 0
      vertex -6.95207 -7.86842 0
      vertex -4.20107 -3.9888 0
    endloop
  endfacet
  facet normal 0 0 -1
    outer loop
      vertex -6.99127 -7.6899 0
      vertex -4.20107 -3.9888 0
      vertex -6.95207 -7.86842 0
    endloop
  endfacet
  facet normal 0 0 -1
    outer loop
      vertex -7.02454 -7.50996 0
      vertex -4.20107 -3.9888 0
      vertex -6.99127 -7.6899 0
    endloop
  endfacet
  facet normal 0 0 -1
    outer loop
      vertex -4.20107 -3.9888 0
      vertex -7.02454 -7.50996 0
      vertex -4.30061 -3.99503 0
    endloop
  endfacet
  facet normal 0 0 -1
    outer loop
      vertex -7.05177 -7.32928 0
      vertex -4.30061 -3.99503 0
      vertex -7.02454 -7.50996 0
    endloop
  endfacet
  facet normal 0 0 -1
    outer loop
      vertex -7.07298 -7.1478 0
      vertex -4.30061 -3.99503 0
      vertex -7.05177 -7.32928 0
    endloop
  endfacet
  facet normal 0 0 -1
    outer loop
      vertex -4.30061 -3.99503 0
      vertex -7.07298 -7.1478 0
      vertex -4.40027 -3.99875 0
    endloop
  endfacet
  facet normal 0 0 -1
    outer loop
      vertex -7.0882 -6.96538 0
      vertex -4.40027 -3.99875 0
      vertex -7.07298 -7.1478 0
    endloop
  endfacet
  facet normal 0 0 -1
    outer loop
      vertex -7.09729 -6.78273 0
      vertex -4.40027 -3.99875 0
      vertex -7.0882 -6.96538 0
    endloop
  endfacet
  facet normal 0 0 -1
    outer loop
      vertex -4.40027 -3.99875 0
      vertex -7.09729 -6.78273 0
      vertex -4.5 -4 0
    endloop
  endfacet
  facet normal 0 0 -1
    outer loop
      vertex -7.09999 -6.62083 0
      vertex -4.5 -4 0
      vertex -7.09729 -6.78273 0
    endloop
  endfacet
  facet normal -0 0 -1
    outer loop
      vertex -4.5 -4 0
      vertex -7.09999 -6.62083 0
      vertex -7.09999 -4 0
    endloop
  endfacet
  facet normal 0 0 -1
    outer loop
      vertex -0.5 0 0
      vertex 7.09999 6.62083 0
      vertex 7.09999 -6.62601 0
    endloop
  endfacet
  facet normal 0 0 -1
    outer loop
      vertex -0.501236 -0.0997162 0
      vertex 7.09999 -6.62601 0
      vertex 7.09589 -6.82335 0
    endloop
  endfacet
  facet normal 0 0 -1
    outer loop
      vertex -0.501236 0.0997162 0
      vertex 7.09999 6.62083 0
      vertex -0.5 0 0
    endloop
  endfacet
  facet normal 0 0 -1
    outer loop
      vertex -0.501236 -0.0997162 0
      vertex 7.09589 -6.82335 0
      vertex 7.08496 -7.01091 0
    endloop
  endfacet
  facet normal 0 0 -1
    outer loop
      vertex -0.504959 0.199371 0
      vertex 7.09999 6.62083 0
      vertex -0.501236 0.0997162 0
    endloop
  endfacet
  facet normal 0 0 -1
    outer loop
      vertex -0.501236 -0.0997162 0
      vertex 7.08496 -7.01091 0
      vertex 7.06828 -7.19305 0
    endloop
  endfacet
  facet normal 0 0 -1
    outer loop
      vertex -0.511185 0.29892 0
      vertex 7.09999 6.62083 0
      vertex -0.504959 0.199371 0
    endloop
  endfacet
  facet normal 0 0 -1
    outer loop
      vertex -0.501236 -0.0997162 0
      vertex 7.06828 -7.19305 0
      vertex 7.04552 -7.37463 0
    endloop
  endfacet
  facet normal 0 0 -1
    outer loop
      vertex -0.519867 0.39827 0
      vertex 7.09999 6.62083 0
      vertex -0.511185 0.29892 0
    endloop
  endfacet
  facet normal 0 0 -1
    outer loop
      vertex -0.501236 -0.0997162 0
      vertex 7.04552 -7.37463 0
      vertex 7.01675 -7.55522 0
    endloop
  endfacet
  facet normal 0 0 -1
    outer loop
      vertex -0.531036 0.49736 0
      vertex 7.09999 6.62083 0
      vertex -0.519867 0.39827 0
    endloop
  endfacet
  facet normal 0 0 -1
    outer loop
      vertex -0.501236 -0.0997162 0
      vertex 7.01675 -7.55522 0
      vertex 6.98203 -7.73463 0
    endloop
  endfacet
  facet normal 0 0 -1
    outer loop
      vertex -0.544662 0.596161 0
      vertex 7.09999 6.62083 0
      vertex -0.531036 0.49736 0
    endloop
  endfacet
  facet normal 0 0 -1
    outer loop
      vertex -0.501236 -0.0997162 0
      vertex 6.98203 -7.73463 0
      vertex 6.94138 -7.91277 0
    endloop
  endfacet
  facet normal 0 0 -1
    outer loop
      vertex -0.56076 0.69458 0
      vertex 7.09999 6.62083 0
      vertex -0.544662 0.596161 0
    endloop
  endfacet
  facet normal 0 0 -1
    outer loop
      vertex -0.501236 -0.0997162 0
      vertex 6.94138 -7.91277 0
      vertex 6.89476 -8.08969 0
    endloop
  endfacet
  facet normal 0 0 -1
    outer loop
      vertex -0.5793 0.792572 0
      vertex 7.09999 6.62083 0
      vertex -0.56076 0.69458 0
    endloop
  endfacet
  facet normal 0 0 -1
    outer loop
      vertex -0.501236 -0.0997162 0
      vertex 6.89476 -8.08969 0
      vertex 6.84232 -8.26486 0
    endloop
  endfacet
  facet normal 0 0 -1
    outer loop
      vertex -0.600281 0.890076 0
      vertex 7.09999 6.62083 0
      vertex -0.5793 0.792572 0
    endloop
  endfacet
  facet normal 0 0 -1
    outer loop
      vertex -0.501236 -0.0997162 0
      vertex 6.84232 -8.26486 0
      vertex 6.78407 -8.43823 0
    endloop
  endfacet
  facet normal 0 0 -1
    outer loop
      vertex -0.623688 0.987015 0
      vertex 7.09999 6.62083 0
      vertex -0.600281 0.890076 0
    endloop
  endfacet
  facet normal 0 0 -1
    outer loop
      vertex -0.501236 -0.0997162 0
      vertex 6.78407 -8.43823 0
      vertex 6.72009 -8.60953 0
    endloop
  endfacet
  facet normal 0 0 -1
    outer loop
      vertex -0.64949 1.08336 0
      vertex 7.09999 6.62083 0
      vertex -0.623688 0.987015 0
    endloop
  endfacet
  facet normal 0 0 -1
    outer loop
      vertex -0.501236 -0.0997162 0
      vertex 6.72009 -8.60953 0
      vertex 6.65056 -8.77844 0
    endloop
  endfacet
  facet normal 0 0 -1
    outer loop
      vertex -0.677704 1.17902 0
      vertex 7.09999 6.62083 0
      vertex -0.64949 1.08336 0
    endloop
  endfacet
  facet normal 0 0 -1
    outer loop
      vertex -0.501236 -0.0997162 0
      vertex 6.65056 -8.77844 0
      vertex 6.5753 -8.94522 0
    endloop
  endfacet
  facet normal 0 0 -1
    outer loop
      vertex -0.708282 1.27394 0
      vertex 7.09999 6.62083 0
      vertex -0.677704 1.17902 0
    endloop
  endfacet
  facet normal 0 0 -1
    outer loop
      vertex -0.501236 -0.0997162 0
      vertex 6.5753 -8.94522 0
      vertex 6.49454 -9.10941 0
    endloop
  endfacet
  facet normal 0 0 -1
    outer loop
      vertex -0.741226 1.36807 0
      vertex 7.09999 6.62083 0
      vertex -0.708282 1.27394 0
    endloop
  endfacet
  facet normal 0 0 -1
    outer loop
      vertex -0.501236 -0.0997162 0
      vertex 6.49454 -9.10941 0
      vertex 6.40848 -9.2706 0
    endloop
  endfacet
  facet normal 0 0 -1
    outer loop
      vertex -0.776505 1.46135 0
      vertex 7.09999 6.62083 0
      vertex -0.741226 1.36807 0
    endloop
  endfacet
  facet normal 0 0 -1
    outer loop
      vertex -0.501236 -0.0997162 0
      vertex 6.40848 -9.2706 0
      vertex 6.31709 -9.42892 0
    endloop
  endfacet
  facet normal 0 0 -1
    outer loop
      vertex -0.814087 1.55373 0
      vertex 7.09999 6.62083 0
      vertex -0.776505 1.46135 0
    endloop
  endfacet
  facet normal 0 0 -1
    outer loop
      vertex -0.501236 -0.0997162 0
      vertex 6.31709 -9.42892 0
      vertex 6.22037 -9.58427 0
    endloop
  endfacet
  facet normal 0 0 -1
    outer loop
      vertex -0.853973 1.64514 0
      vertex 7.09999 6.62083 0
      vertex -0.814087 1.55373 0
    endloop
  endfacet
  facet normal 0 0 -1
    outer loop
      vertex -0.501236 -0.0997162 0
      vertex 6.22037 -9.58427 0
      vertex 6.11867 -9.73611 0
    endloop
  endfacet
  facet normal 0 0 -1
    outer loop
      vertex -0.896118 1.73553 0
      vertex 7.09999 6.62083 0
      vertex -0.853973 1.64514 0
    endloop
  endfacet
  facet normal 0 0 -1
    outer loop
      vertex -0.501236 -0.0997162 0
      vertex 6.11867 -9.73611 0
      vertex 6.01195 -9.88457 0
    endloop
  endfacet
  facet normal 0 0 -1
    outer loop
      vertex -0.940506 1.82483 0
      vertex 7.09999 6.62083 0
      vertex -0.896118 1.73553 0
    endloop
  endfacet
  facet normal 0 0 -1
    outer loop
      vertex -0.501236 -0.0997162 0
      vertex 6.01195 -9.88457 0
      vertex 5.90036 -10.0294 0
    endloop
  endfacet
  facet normal 0 0 -1
    outer loop
      vertex -0.987106 1.91301 0
      vertex 7.09999 6.62083 0
      vertex -0.940506 1.82483 0
    endloop
  endfacet
  facet normal 0 0 -1
    outer loop
      vertex -0.501236 -0.0997162 0
      vertex 5.90036 -10.0294 0
      vertex 5.78398 -10.1704 0
    endloop
  endfacet
  facet normal 0 0 -1
    outer loop
      vertex -1.03589 2 0
      vertex 7.09999 6.62083 0
      vertex -0.987106 1.91301 0
    endloop
  endfacet
  facet normal 0 0 -1
    outer loop
      vertex -0.501236 -0.0997162 0
      vertex 5.78398 -10.1704 0
      vertex 5.66292 -10.3076 0
    endloop
  endfacet
  facet normal 0 0 -1
    outer loop
      vertex -1.08682 2.08574 0
      vertex 7.09999 6.62083 0
      vertex -1.03589 2 0
    endloop
  endfacet
  facet normal 0 0 -1
    outer loop
      vertex -0.501236 -0.0997162 0
      vertex 5.66292 -10.3076 0
      vertex 5.53746 -10.4406 0
    endloop
  endfacet
  facet normal 0 0 -1
    outer loop
      vertex -1.13989 2.17018 0
      vertex 7.09999 6.62083 0
      vertex -1.08682 2.08574 0
    endloop
  endfacet
  facet normal 0 0 -1
    outer loop
      vertex -0.501236 -0.0997162 0
      vertex 5.53746 -10.4406 0
      vertex 5.40767 -10.5693 0
    endloop
  endfacet
  facet normal 0 0 -1
    outer loop
      vertex -1.19504 2.25327 0
      vertex 7.09999 6.62083 0
      vertex -1.13989 2.17018 0
    endloop
  endfacet
  facet normal 0 0 -1
    outer loop
      vertex -0.501236 -0.0997162 0
      vertex 5.40767 -10.5693 0
      vertex 5.27364 -10.6937 0
    endloop
  endfacet
  facet normal 0 0 -1
    outer loop
      vertex -1.25224 2.33496 0
      vertex 7.09999 6.62083 0
      vertex -1.19504 2.25327 0
    endloop
  endfacet
  facet normal 0 0 -1
    outer loop
      vertex -0.501236 -0.0997162 0
      vertex 5.27364 -10.6937 0
      vertex 5.13553 -10.8135 0
    endloop
  endfacet
  facet normal 0 0 -1
    outer loop
      vertex -1.31146 2.41521 0
      vertex 7.09999 6.62083 0
      vertex -1.25224 2.33496 0
    endloop
  endfacet
  facet normal 0 0 -1
    outer loop
      vertex -0.501236 -0.0997162 0
      vertex 5.13553 -10.8135 0
      vertex 4.99355 -10.9287 0
    endloop
  endfacet
  facet normal 0 0 -1
    outer loop
      vertex -1.37267 2.49396 0
      vertex 7.09999 6.62083 0
      vertex -1.31146 2.41521 0
    endloop
  endfacet
  facet normal 0 0 -1
    outer loop
      vertex -0.501236 -0.0997162 0
      vertex 4.99355 -10.9287 0
      vertex 4.84775 -11.0391 0
    endloop
  endfacet
  facet normal 0 0 -1
    outer loop
      vertex -1.43582 2.57114 0
      vertex 7.09999 6.62083 0
      vertex -1.37267 2.49396 0
    endloop
  endfacet
  facet normal 0 0 -1
    outer loop
      vertex -0.501236 -0.0997162 0
      vertex 4.84775 -11.0391 0
      vertex 4.69858 -11.1445 0
    endloop
  endfacet
  facet normal 0 0 -1
    outer loop
      vertex -1.50087 2.64673 0
      vertex 7.09999 6.62083 0
      vertex -1.43582 2.57114 0
    endloop
  endfacet
  facet normal 0 0 -1
    outer loop
      vertex -0.501236 -0.0997162 0
      vertex 4.69858 -11.1445 0
      vertex 4.54581 -11.245 0
    endloop
  endfacet
  facet normal 0 0 -1
    outer loop
      vertex -1.56778 2.72069 0
      vertex 7.09999 6.62083 0
      vertex -1.50087 2.64673 0
    endloop
  endfacet
  facet normal 0 0 -1
    outer loop
      vertex -0.501236 -0.0997162 0
      vertex 4.54581 -11.245 0
      vertex 4.38956 -11.3405 0
    endloop
  endfacet
  facet normal 0 0 -1
    outer loop
      vertex -1.63652 2.79294 0
      vertex 7.09999 6.62083 0
      vertex -1.56778 2.72069 0
    endloop
  endfacet
  facet normal 0 0 -1
    outer loop
      vertex -0.501236 -0.0997162 0
      vertex 4.38956 -11.3405 0
      vertex 4.23047 -11.4306 0
    endloop
  endfacet
  facet normal 0 0 -1
    outer loop
      vertex -1.70705 2.86346 0
      vertex 7.09999 6.62083 0
      vertex -1.63652 2.79294 0
    endloop
  endfacet
  facet normal 0 0 -1
    outer loop
      vertex -0.501236 -0.0997162 0
      vertex 4.23047 -11.4306 0
      vertex 4.06856 -11.5153 0
    endloop
  endfacet
  facet normal -0 0 -1
    outer loop
      vertex 7.09999 6.62083 0
      vertex -1.70705 2.86346 0
      vertex 7.09729 6.78273 0
    endloop
  endfacet
  facet normal 0 0 -1
    outer loop
      vertex -0.501236 -0.0997162 0
      vertex 4.06856 -11.5153 0
      vertex 3.90385 -11.5946 0
    endloop
  endfacet
  facet normal -0 0 -1
    outer loop
      vertex 7.09729 6.78273 0
      vertex -1.70705 2.86346 0
      vertex 7.0882 6.96538 0
    endloop
  endfacet
  facet normal 0 0 -1
    outer loop
      vertex -0.501236 -0.0997162 0
      vertex 3.90385 -11.5946 0
      vertex 3.73651 -11.6684 0
    endloop
  endfacet
  facet normal -0 0 -1
    outer loop
      vertex 7.0882 6.96538 0
      vertex -1.70705 2.86346 0
      vertex 7.07298 7.1478 0
    endloop
  endfacet
  facet normal 0 0 -1
    outer loop
      vertex -0.501236 -0.0997162 0
      vertex 3.73651 -11.6684 0
      vertex 3.56679 -11.7367 0
    endloop
  endfacet
  facet normal -0 0 -1
    outer loop
      vertex 7.07298 7.1478 0
      vertex -1.70705 2.86346 0
      vertex 7.05177 7.32928 0
    endloop
  endfacet
  facet normal 0 0 -1
    outer loop
      vertex -0.501236 -0.0997162 0
      vertex 3.56679 -11.7367 0
      vertex 3.395 -11.7992 0
    endloop
  endfacet
  facet normal -0 0 -1
    outer loop
      vertex 7.05177 7.32928 0
      vertex -1.70705 2.86346 0
      vertex 7.02454 7.50996 0
    endloop
  endfacet
  facet normal 0 0 -1
    outer loop
      vertex -0.501236 -0.0997162 0
      vertex 3.395 -11.7992 0
      vertex 3.22136 -11.8559 0
    endloop
  endfacet
  facet normal -0 0 -1
    outer loop
      vertex 7.02454 7.50996 0
      vertex -1.70705 2.86346 0
      vertex 6.99127 7.6899 0
    endloop
  endfacet
  facet normal 0 0 -1
    outer loop
      vertex -0.501236 -0.0997162 0
      vertex 3.22136 -11.8559 0
      vertex 3.04565 -11.907 0
    endloop
  endfacet
  facet normal -0 0 -1
    outer loop
      vertex 6.99127 7.6899 0
      vertex -1.70705 2.86346 0
      vertex 6.95207 7.86842 0
    endloop
  endfacet
  facet normal 0 0 -1
    outer loop
      vertex -0.501236 -0.0997162 0
      vertex 3.04565 -11.907 0
      vertex 2.86842 -11.9521 0
    endloop
  endfacet
  facet normal -0 0 -1
    outer loop
      vertex 6.95207 7.86842 0
      vertex -1.70705 2.86346 0
      vertex 6.90697 8.04565 0
    endloop
  endfacet
  facet normal 0 0 -1
    outer loop
      vertex -0.501236 -0.0997162 0
      vertex 2.86842 -11.9521 0
      vertex 2.6899 -11.9913 0
    endloop
  endfacet
  facet normal -0 0 -1
    outer loop
      vertex 6.90697 8.04565 0
      vertex -1.70705 2.86346 0
      vertex 6.85593 8.22136 0
    endloop
  endfacet
  facet normal 0 0 -1
    outer loop
      vertex -0.501236 -0.0997162 0
      vertex 2.6899 -11.9913 0
      vertex 2.50996 -12.0245 0
    endloop
  endfacet
  facet normal -0 0 -1
    outer loop
      vertex 6.85593 8.22136 0
      vertex -1.70705 2.86346 0
      vertex 6.79919 8.395 0
    endloop
  endfacet
  facet normal 0 0 -1
    outer loop
      vertex -0.501236 -0.0997162 0
      vertex 2.50996 -12.0245 0
      vertex 2.32928 -12.0518 0
    endloop
  endfacet
  facet normal -0 0 -1
    outer loop
      vertex 6.79919 8.395 0
      vertex -1.70705 2.86346 0
      vertex 6.73668 8.56679 0
    endloop
  endfacet
  facet normal 0 0 -1
    outer loop
      vertex -0.501236 -0.0997162 0
      vertex 2.32928 -12.0518 0
      vertex 2.1478 -12.073 0
    endloop
  endfacet
  facet normal -0 0 -1
    outer loop
      vertex 6.73668 8.56679 0
      vertex -1.70705 2.86346 0
      vertex 6.66844 8.73651 0
    endloop
  endfacet
  facet normal 0 0 -1
    outer loop
      vertex -0.501236 -0.0997162 0
      vertex 2.1478 -12.073 0
      vertex 1.96538 -12.0882 0
    endloop
  endfacet
  facet normal -0 0 -1
    outer loop
      vertex 6.66844 8.73651 0
      vertex -1.70705 2.86346 0
      vertex 6.59459 8.90385 0
    endloop
  endfacet
  facet normal 0 0 -1
    outer loop
      vertex -0.501236 -0.0997162 0
      vertex 1.96538 -12.0882 0
      vertex 1.78273 -12.0973 0
    endloop
  endfacet
  facet normal -0 0 -1
    outer loop
      vertex 6.59459 8.90385 0
      vertex -1.70705 2.86346 0
      vertex 6.51527 9.06856 0
    endloop
  endfacet
  facet normal 0 0 -1
    outer loop
      vertex -1.85326 -2.99911 0
      vertex 1.78273 -12.0973 0
      vertex 1.62083 -12.1 0
    endloop
  endfacet
  facet normal -0 0 -1
    outer loop
      vertex 6.51527 9.06856 0
      vertex -1.70705 2.86346 0
      vertex 6.43056 9.23047 0
    endloop
  endfacet
  facet normal 0 0 -1
    outer loop
      vertex -1.7793 2.93221 0
      vertex 6.43056 9.23047 0
      vertex -1.70705 2.86346 0
    endloop
  endfacet
  facet normal -0 0 -1
    outer loop
      vertex 6.43056 9.23047 0
      vertex -1.7793 2.93221 0
      vertex 6.34047 9.38956 0
    endloop
  endfacet
  facet normal -0 0 -1
    outer loop
      vertex 6.34047 9.38956 0
      vertex -1.7793 2.93221 0
      vertex 6.245 9.54581 0
    endloop
  endfacet
  facet normal -0 0 -1
    outer loop
      vertex 6.245 9.54581 0
      vertex -1.7793 2.93221 0
      vertex 6.14449 9.69858 0
    endloop
  endfacet
  facet normal -0 0 -1
    outer loop
      vertex 6.14449 9.69858 0
      vertex -1.7793 2.93221 0
      vertex 6.03911 9.84775 0
    endloop
  endfacet
  facet normal -0 0 -1
    outer loop
      vertex 6.03911 9.84775 0
      vertex -1.7793 2.93221 0
      vertex 5.92868 9.99355 0
    endloop
  endfacet
  facet normal -0 0 -1
    outer loop
      vertex 5.92868 9.99355 0
      vertex -1.7793 2.93221 0
      vertex 5.81349 10.1355 0
    endloop
  endfacet
  facet normal -0 0 -1
    outer loop
      vertex 5.81349 10.1355 0
      vertex -1.7793 2.93221 0
      vertex 5.69366 10.2736 0
    endloop
  endfacet
  facet normal -0 0 -1
    outer loop
      vertex 5.69366 10.2736 0
      vertex -1.7793 2.93221 0
      vertex 5.56927 10.4077 0
    endloop
  endfacet
  facet normal -0 0 -1
    outer loop
      vertex 5.56927 10.4077 0
      vertex -1.7793 2.93221 0
      vertex 5.44058 10.5375 0
    endloop
  endfacet
  facet normal -0 0 -1
    outer loop
      vertex 5.44058 10.5375 0
      vertex -1.7793 2.93221 0
      vertex 5.3076 10.6629 0
    endloop
  endfacet
  facet normal -0 0 -1
    outer loop
      vertex 5.3076 10.6629 0
      vertex -1.7793 2.93221 0
      vertex 5.17044 10.784 0
    endloop
  endfacet
  facet normal -0 0 -1
    outer loop
      vertex 5.17044 10.784 0
      vertex -1.7793 2.93221 0
      vertex 5.02936 10.9004 0
    endloop
  endfacet
  facet normal -0 0 -1
    outer loop
      vertex 5.02936 10.9004 0
      vertex -1.7793 2.93221 0
      vertex 4.88457 11.0119 0
    endloop
  endfacet
  facet normal -0 0 -1
    outer loop
      vertex 4.88457 11.0119 0
      vertex -1.7793 2.93221 0
      vertex 4.73611 11.1187 0
    endloop
  endfacet
  facet normal -0 0 -1
    outer loop
      vertex 4.73611 11.1187 0
      vertex -1.7793 2.93221 0
      vertex 4.58427 11.2204 0
    endloop
  endfacet
  facet normal -0 0 -1
    outer loop
      vertex 4.58427 11.2204 0
      vertex -1.7793 2.93221 0
      vertex 4.42892 11.3171 0
    endloop
  endfacet
  facet normal -0 0 -1
    outer loop
      vertex 4.42892 11.3171 0
      vertex -1.7793 2.93221 0
      vertex 4.2706 11.4085 0
    endloop
  endfacet
  facet normal -0 0 -1
    outer loop
      vertex 4.2706 11.4085 0
      vertex -1.7793 2.93221 0
      vertex 4.10941 11.4945 0
    endloop
  endfacet
  facet normal -0 0 -1
    outer loop
      vertex 4.10941 11.4945 0
      vertex -1.7793 2.93221 0
      vertex 3.94522 11.5753 0
    endloop
  endfacet
  facet normal -0 0 -1
    outer loop
      vertex 3.94522 11.5753 0
      vertex -1.7793 2.93221 0
      vertex 3.77844 11.6506 0
    endloop
  endfacet
  facet normal -0 0 -1
    outer loop
      vertex 3.77844 11.6506 0
      vertex -1.7793 2.93221 0
      vertex 3.60953 11.7201 0
    endloop
  endfacet
  facet normal -0 0 -1
    outer loop
      vertex 3.60953 11.7201 0
      vertex -1.7793 2.93221 0
      vertex 3.43823 11.7841 0
    endloop
  endfacet
  facet normal -0 0 -1
    outer loop
      vertex 3.43823 11.7841 0
      vertex -1.7793 2.93221 0
      vertex 3.26486 11.8423 0
    endloop
  endfacet
  facet normal -0 0 -1
    outer loop
      vertex 3.26486 11.8423 0
      vertex -1.7793 2.93221 0
      vertex 3.08969 11.8948 0
    endloop
  endfacet
  facet normal -0 0 -1
    outer loop
      vertex 3.08969 11.8948 0
      vertex -1.7793 2.93221 0
      vertex 2.91277 11.9414 0
    endloop
  endfacet
  facet normal -0 0 -1
    outer loop
      vertex 2.91277 11.9414 0
      vertex -1.7793 2.93221 0
      vertex 2.73463 11.982 0
    endloop
  endfacet
  facet normal -0 0 -1
    outer loop
      vertex 2.73463 11.982 0
      vertex -1.7793 2.93221 0
      vertex 2.55522 12.0168 0
    endloop
  endfacet
  facet normal 0 0 -1
    outer loop
      vertex -1.85326 2.99911 0
      vertex 2.55522 12.0168 0
      vertex -1.7793 2.93221 0
    endloop
  endfacet
  facet normal -0 0 -1
    outer loop
      vertex 2.55522 12.0168 0
      vertex -1.85326 2.99911 0
      vertex 2.37463 12.0455 0
    endloop
  endfacet
  facet normal -0 0 -1
    outer loop
      vertex 2.37463 12.0455 0
      vertex -1.85326 2.99911 0
      vertex 2.19305 12.0683 0
    endloop
  endfacet
  facet normal -0 0 -1
    outer loop
      vertex 2.19305 12.0683 0
      vertex -1.85326 2.99911 0
      vertex 2.01091 12.085 0
    endloop
  endfacet
  facet normal -0 0 -1
    outer loop
      vertex 2.01091 12.085 0
      vertex -1.85326 2.99911 0
      vertex 1.82335 12.0959 0
    endloop
  endfacet
  facet normal -0 0 -1
    outer loop
      vertex 1.82335 12.0959 0
      vertex -1.85326 2.99911 0
      vertex 1.62601 12.1 0
    endloop
  endfacet
  facet normal 0 0 -1
    outer loop
      vertex -1.92885 3.06416 0
      vertex 1.62601 12.1 0
      vertex -1.85326 2.99911 0
    endloop
  endfacet
  facet normal 0 0 -1
    outer loop
      vertex -2.00603 3.12732 0
      vertex 1.62601 12.1 0
      vertex -1.92885 3.06416 0
    endloop
  endfacet
  facet normal 0 0 -1
    outer loop
      vertex -2.08478 3.18852 0
      vertex 1.62601 12.1 0
      vertex -2.00603 3.12732 0
    endloop
  endfacet
  facet normal 0 0 -1
    outer loop
      vertex -2.16502 3.24774 0
      vertex 1.62601 12.1 0
      vertex -2.08478 3.18852 0
    endloop
  endfacet
  facet normal 0 0 -1
    outer loop
      vertex -2.24672 3.30495 0
      vertex 1.62601 12.1 0
      vertex -2.16502 3.24774 0
    endloop
  endfacet
  facet normal 0 0 -1
    outer loop
      vertex -2.3298 3.36009 0
      vertex 1.62601 12.1 0
      vertex -2.24672 3.30495 0
    endloop
  endfacet
  facet normal 0 0 -1
    outer loop
      vertex -2.41425 3.41316 0
      vertex 1.62601 12.1 0
      vertex -2.3298 3.36009 0
    endloop
  endfacet
  facet normal -0 0 -1
    outer loop
      vertex 1.62601 12.1 0
      vertex -2.41425 3.41316 0
      vertex -1.62083 12.1 0
    endloop
  endfacet
  facet normal 0 0 -1
    outer loop
      vertex -2.5 3.4641 0
      vertex -1.62083 12.1 0
      vertex -2.41425 3.41316 0
    endloop
  endfacet
  facet normal 0 0 -1
    outer loop
      vertex -2.58698 3.51288 0
      vertex -1.62083 12.1 0
      vertex -2.5 3.4641 0
    endloop
  endfacet
  facet normal 0 0 -1
    outer loop
      vertex -2.67516 3.55948 0
      vertex -1.62083 12.1 0
      vertex -2.58698 3.51288 0
    endloop
  endfacet
  facet normal 0 0 -1
    outer loop
      vertex -2.76445 3.60387 0
      vertex -1.62083 12.1 0
      vertex -2.67516 3.55948 0
    endloop
  endfacet
  facet normal 0 0 -1
    outer loop
      vertex -2.85484 3.64601 0
      vertex -1.62083 12.1 0
      vertex -2.76445 3.60387 0
    endloop
  endfacet
  facet normal 0 0 -1
    outer loop
      vertex -2.94626 3.6859 0
      vertex -1.62083 12.1 0
      vertex -2.85484 3.64601 0
    endloop
  endfacet
  facet normal 0 0 -1
    outer loop
      vertex -3.03864 3.72348 0
      vertex -1.62083 12.1 0
      vertex -2.94626 3.6859 0
    endloop
  endfacet
  facet normal 0 0 -1
    outer loop
      vertex -3.13191 3.75876 0
      vertex -1.62083 12.1 0
      vertex -3.03864 3.72348 0
    endloop
  endfacet
  facet normal 0 0 -1
    outer loop
      vertex -1.62083 12.1 0
      vertex -3.13191 3.75876 0
      vertex -1.78273 12.0973 0
    endloop
  endfacet
  facet normal 0 0 -1
    outer loop
      vertex -1.78273 12.0973 0
      vertex -3.13191 3.75876 0
      vertex -1.96538 12.0882 0
    endloop
  endfacet
  facet normal 0 0 -1
    outer loop
      vertex -1.96538 12.0882 0
      vertex -3.13191 3.75876 0
      vertex -2.1478 12.073 0
    endloop
  endfacet
  facet normal 0 0 -1
    outer loop
      vertex -2.1478 12.073 0
      vertex -3.13191 3.75876 0
      vertex -2.32928 12.0518 0
    endloop
  endfacet
  facet normal 0 0 -1
    outer loop
      vertex -2.32928 12.0518 0
      vertex -3.13191 3.75876 0
      vertex -2.50996 12.0245 0
    endloop
  endfacet
  facet normal 0 0 -1
    outer loop
      vertex -3.22604 3.7917 0
      vertex -2.50996 12.0245 0
      vertex -3.13191 3.75876 0
    endloop
  endfacet
  facet normal 0 0 -1
    outer loop
      vertex -2.50996 12.0245 0
      vertex -3.22604 3.7917 0
      vertex -2.6899 11.9913 0
    endloop
  endfacet
  facet normal 0 0 -1
    outer loop
      vertex -2.6899 11.9913 0
      vertex -3.22604 3.7917 0
      vertex -2.86842 11.9521 0
    endloop
  endfacet
  facet normal 0 0 -1
    outer loop
      vertex -2.86842 11.9521 0
      vertex -3.22604 3.7917 0
      vertex -3.04565 11.907 0
    endloop
  endfacet
  facet normal 0 0 -1
    outer loop
      vertex -3.04565 11.907 0
      vertex -3.22604 3.7917 0
      vertex -3.22136 11.8559 0
    endloop
  endfacet
  facet normal 0 0 -1
    outer loop
      vertex -3.32097 3.82228 0
      vertex -3.22136 11.8559 0
      vertex -3.22604 3.7917 0
    endloop
  endfacet
  facet normal 0 0 -1
    outer loop
      vertex -3.32097 3.82228 0
      vertex -3.395 11.7992 0
      vertex -3.22136 11.8559 0
    endloop
  endfacet
  facet normal 0 0 -1
    outer loop
      vertex -3.90385 11.5946 0
      vertex -3.32097 3.82228 0
      vertex -3.41663 3.85049 0
    endloop
  endfacet
  facet normal 0 0 -1
    outer loop
      vertex -4.54581 11.245 0
      vertex -3.41663 3.85049 0
      vertex -3.51297 3.8763 0
    endloop
  endfacet
  facet normal 0 0 -1
    outer loop
      vertex -3.32097 3.82228 0
      vertex -3.56679 11.7367 0
      vertex -3.395 11.7992 0
    endloop
  endfacet
  facet normal 0 0 -1
    outer loop
      vertex -5.13553 10.8135 0
      vertex -3.51297 3.8763 0
      vertex -3.60991 3.8997 0
    endloop
  endfacet
  facet normal 0 0 -1
    outer loop
      vertex -5.66292 10.3076 0
      vertex -3.60991 3.8997 0
      vertex -3.70741 3.92068 0
    endloop
  endfacet
  facet normal 0 0 -1
    outer loop
      vertex -3.32097 3.82228 0
      vertex -3.73651 11.6684 0
      vertex -3.56679 11.7367 0
    endloop
  endfacet
  facet normal 0 0 -1
    outer loop
      vertex -6.11867 9.73611 0
      vertex -3.70741 3.92068 0
      vertex -3.8054 3.93922 0
    endloop
  endfacet
  facet normal 0 0 -1
    outer loop
      vertex -6.40848 9.2706 0
      vertex -3.8054 3.93922 0
      vertex -3.90382 3.95532 0
    endloop
  endfacet
  facet normal 0 0 -1
    outer loop
      vertex -3.32097 3.82228 0
      vertex -3.90385 11.5946 0
      vertex -3.73651 11.6684 0
    endloop
  endfacet
  facet normal 0 0 -1
    outer loop
      vertex -6.65056 8.77844 0
      vertex -3.90382 3.95532 0
      vertex -4.00262 3.96895 0
    endloop
  endfacet
  facet normal 0 0 -1
    outer loop
      vertex -3.41663 3.85049 0
      vertex -4.06856 11.5153 0
      vertex -3.90385 11.5946 0
    endloop
  endfacet
  facet normal 0 0 -1
    outer loop
      vertex -6.78407 8.43823 0
      vertex -4.00262 3.96895 0
      vertex -4.10172 3.98012 0
    endloop
  endfacet
  facet normal 0 0 -1
    outer loop
      vertex -6.94138 7.91277 0
      vertex -4.10172 3.98012 0
      vertex -4.20107 3.9888 0
    endloop
  endfacet
  facet normal 0 0 -1
    outer loop
      vertex -3.41663 3.85049 0
      vertex -4.23047 11.4306 0
      vertex -4.06856 11.5153 0
    endloop
  endfacet
  facet normal 0 0 -1
    outer loop
      vertex -7.01675 7.55522 0
      vertex -4.20107 3.9888 0
      vertex -4.30061 3.99503 0
    endloop
  endfacet
  facet normal 0 0 -1
    outer loop
      vertex -3.41663 3.85049 0
      vertex -4.38956 11.3405 0
      vertex -4.23047 11.4306 0
    endloop
  endfacet
  facet normal 0 0 -1
    outer loop
      vertex -7.06828 7.19305 0
      vertex -4.30061 3.99503 0
      vertex -4.40027 3.99875 0
    endloop
  endfacet
  facet normal 0 0 -1
    outer loop
      vertex -7.09589 6.82335 0
      vertex -4.40027 3.99875 0
      vertex -4.5 4 0
    endloop
  endfacet
  facet normal 0 0 -1
    outer loop
      vertex -3.41663 3.85049 0
      vertex -4.54581 11.245 0
      vertex -4.38956 11.3405 0
    endloop
  endfacet
  facet normal 0 0 -1
    outer loop
      vertex -3.51297 3.8763 0
      vertex -4.69858 11.1445 0
      vertex -4.54581 11.245 0
    endloop
  endfacet
  facet normal 0 0 -1
    outer loop
      vertex -3.51297 3.8763 0
      vertex -4.84775 11.0391 0
      vertex -4.69858 11.1445 0
    endloop
  endfacet
  facet normal 0 0 -1
    outer loop
      vertex -3.51297 3.8763 0
      vertex -4.99355 10.9287 0
      vertex -4.84775 11.0391 0
    endloop
  endfacet
  facet normal 0 0 -1
    outer loop
      vertex -3.51297 3.8763 0
      vertex -5.13553 10.8135 0
      vertex -4.99355 10.9287 0
    endloop
  endfacet
  facet normal 0 0 -1
    outer loop
      vertex -3.60991 3.8997 0
      vertex -5.27364 10.6937 0
      vertex -5.13553 10.8135 0
    endloop
  endfacet
  facet normal 0 0 -1
    outer loop
      vertex -3.60991 3.8997 0
      vertex -5.40767 10.5693 0
      vertex -5.27364 10.6937 0
    endloop
  endfacet
  facet normal 0 0 -1
    outer loop
      vertex -3.60991 3.8997 0
      vertex -5.53746 10.4406 0
      vertex -5.40767 10.5693 0
    endloop
  endfacet
  facet normal 0 0 -1
    outer loop
      vertex -3.60991 3.8997 0
      vertex -5.66292 10.3076 0
      vertex -5.53746 10.4406 0
    endloop
  endfacet
  facet normal 0 0 -1
    outer loop
      vertex -3.70741 3.92068 0
      vertex -5.78398 10.1704 0
      vertex -5.66292 10.3076 0
    endloop
  endfacet
  facet normal 0 0 -1
    outer loop
      vertex -3.70741 3.92068 0
      vertex -5.90036 10.0294 0
      vertex -5.78398 10.1704 0
    endloop
  endfacet
  facet normal 0 0 -1
    outer loop
      vertex -3.70741 3.92068 0
      vertex -6.01195 9.88457 0
      vertex -5.90036 10.0294 0
    endloop
  endfacet
  facet normal 0 0 -1
    outer loop
      vertex -3.70741 3.92068 0
      vertex -6.11867 9.73611 0
      vertex -6.01195 9.88457 0
    endloop
  endfacet
  facet normal 0 0 -1
    outer loop
      vertex -3.8054 3.93922 0
      vertex -6.22037 9.58427 0
      vertex -6.11867 9.73611 0
    endloop
  endfacet
  facet normal 0 0 -1
    outer loop
      vertex -3.8054 3.93922 0
      vertex -6.31709 9.42892 0
      vertex -6.22037 9.58427 0
    endloop
  endfacet
  facet normal 0 0 -1
    outer loop
      vertex -3.8054 3.93922 0
      vertex -6.40848 9.2706 0
      vertex -6.31709 9.42892 0
    endloop
  endfacet
  facet normal 0 0 -1
    outer loop
      vertex -3.90382 3.95532 0
      vertex -6.49454 9.10941 0
      vertex -6.40848 9.2706 0
    endloop
  endfacet
  facet normal 0 0 -1
    outer loop
      vertex -3.90382 3.95532 0
      vertex -6.5753 8.94522 0
      vertex -6.49454 9.10941 0
    endloop
  endfacet
  facet normal 0 0 -1
    outer loop
      vertex -3.90382 3.95532 0
      vertex -6.65056 8.77844 0
      vertex -6.5753 8.94522 0
    endloop
  endfacet
  facet normal 0 0 -1
    outer loop
      vertex -4.00262 3.96895 0
      vertex -6.72009 8.60953 0
      vertex -6.65056 8.77844 0
    endloop
  endfacet
  facet normal 0 0 -1
    outer loop
      vertex -4.00262 3.96895 0
      vertex -6.78407 8.43823 0
      vertex -6.72009 8.60953 0
    endloop
  endfacet
  facet normal 0 0 -1
    outer loop
      vertex -4.10172 3.98012 0
      vertex -6.84232 8.26486 0
      vertex -6.78407 8.43823 0
    endloop
  endfacet
  facet normal 0 0 -1
    outer loop
      vertex -4.10172 3.98012 0
      vertex -6.89476 8.08969 0
      vertex -6.84232 8.26486 0
    endloop
  endfacet
  facet normal 0 0 -1
    outer loop
      vertex -4.10172 3.98012 0
      vertex -6.94138 7.91277 0
      vertex -6.89476 8.08969 0
    endloop
  endfacet
  facet normal 0 0 -1
    outer loop
      vertex -4.20107 3.9888 0
      vertex -6.98203 7.73463 0
      vertex -6.94138 7.91277 0
    endloop
  endfacet
  facet normal 0 0 -1
    outer loop
      vertex -4.20107 3.9888 0
      vertex -7.01675 7.55522 0
      vertex -6.98203 7.73463 0
    endloop
  endfacet
  facet normal 0 0 -1
    outer loop
      vertex -4.30061 3.99503 0
      vertex -7.04552 7.37463 0
      vertex -7.01675 7.55522 0
    endloop
  endfacet
  facet normal 0 0 -1
    outer loop
      vertex -4.30061 3.99503 0
      vertex -7.06828 7.19305 0
      vertex -7.04552 7.37463 0
    endloop
  endfacet
  facet normal 0 0 -1
    outer loop
      vertex -4.40027 3.99875 0
      vertex -7.08496 7.01091 0
      vertex -7.06828 7.19305 0
    endloop
  endfacet
  facet normal 0 0 -1
    outer loop
      vertex -4.40027 3.99875 0
      vertex -7.09589 6.82335 0
      vertex -7.08496 7.01091 0
    endloop
  endfacet
  facet normal 0 0 -1
    outer loop
      vertex -7.09999 6.62601 0
      vertex -4.5 4 0
      vertex -7.09999 4 0
    endloop
  endfacet
  facet normal 0 0 -1
    outer loop
      vertex -4.5 4 0
      vertex -7.09999 6.62601 0
      vertex -7.09589 6.82335 0
    endloop
  endfacet
  facet normal 0 0 1
    outer loop
      vertex 2.67999 6.58353 2
      vertex 1.41861 0.12352 2
      vertex 1.41985 0.0238037 2
    endloop
  endfacet
  facet normal 0 0 1
    outer loop
      vertex 2.67999 6.58353 2
      vertex 1.41742 0.171402 2
      vertex 1.41861 0.12352 2
    endloop
  endfacet
  facet normal 0 0 1
    outer loop
      vertex 2.67999 6.58353 2
      vertex 1.4137 0.271057 2
      vertex 1.41742 0.171402 2
    endloop
  endfacet
  facet normal 0 0 1
    outer loop
      vertex 2.67999 6.58353 2
      vertex 1.4113 0.319214 2
      vertex 1.4137 0.271057 2
    endloop
  endfacet
  facet normal 0 0 1
    outer loop
      vertex 2.67999 6.58353 2
      vertex 1.40508 0.418762 2
      vertex 1.4113 0.319214 2
    endloop
  endfacet
  facet normal 0 0 1
    outer loop
      vertex 2.67999 6.58353 2
      vertex 1.40152 0.46608 2
      vertex 1.40508 0.418762 2
    endloop
  endfacet
  facet normal 0 0 1
    outer loop
      vertex 2.67999 6.58353 2
      vertex 1.39284 0.56543 2
      vertex 1.40152 0.46608 2
    endloop
  endfacet
  facet normal 0 0 1
    outer loop
      vertex 2.67999 6.58353 2
      vertex 1.38805 0.613327 2
      vertex 1.39284 0.56543 2
    endloop
  endfacet
  facet normal 0 0 1
    outer loop
      vertex 2.67999 6.58353 2
      vertex 1.37688 0.712418 2
      vertex 1.38805 0.613327 2
    endloop
  endfacet
  facet normal 0 0 1
    outer loop
      vertex 2.67999 6.58353 2
      vertex 1.37096 0.759674 2
      vertex 1.37688 0.712418 2
    endloop
  endfacet
  facet normal 0 0 1
    outer loop
      vertex 2.67999 6.58353 2
      vertex 1.35733 0.858475 2
      vertex 1.37096 0.759674 2
    endloop
  endfacet
  facet normal 0 0 1
    outer loop
      vertex 2.67999 6.58353 2
      vertex 1.35016 0.906082 2
      vertex 1.35733 0.858475 2
    endloop
  endfacet
  facet normal 0 0 1
    outer loop
      vertex 2.67999 6.58353 2
      vertex 1.33406 1.0045 2
      vertex 1.35016 0.906082 2
    endloop
  endfacet
  facet normal 0 0 1
    outer loop
      vertex 2.67999 6.58353 2
      vertex 1.32578 1.0515 2
      vertex 1.33406 1.0045 2
    endloop
  endfacet
  facet normal 0 0 1
    outer loop
      vertex 2.67999 6.58353 2
      vertex 1.30724 1.14949 2
      vertex 1.32578 1.0515 2
    endloop
  endfacet
  facet normal 0 0 1
    outer loop
      vertex 2.67999 6.58353 2
      vertex 1.29773 1.19647 2
      vertex 1.30724 1.14949 2
    endloop
  endfacet
  facet normal 0 0 1
    outer loop
      vertex 2.67999 6.58353 2
      vertex 1.27675 1.29398 2
      vertex 1.29773 1.19647 2
    endloop
  endfacet
  facet normal 0 0 1
    outer loop
      vertex 2.67999 6.58353 2
      vertex 1.26608 1.34073 2
      vertex 1.27675 1.29398 2
    endloop
  endfacet
  facet normal 0 0 1
    outer loop
      vertex 2.67999 6.58353 2
      vertex 1.24268 1.43767 2
      vertex 1.26608 1.34073 2
    endloop
  endfacet
  facet normal 0 0 1
    outer loop
      vertex 2.67999 6.58353 2
      vertex 1.23096 1.48372 2
      vertex 1.24268 1.43767 2
    endloop
  endfacet
  facet normal 0 0 1
    outer loop
      vertex 2.67999 6.58353 2
      vertex 1.20515 1.58006 2
      vertex 1.23096 1.48372 2
    endloop
  endfacet
  facet normal 0 0 1
    outer loop
      vertex 2.67999 6.58353 2
      vertex 1.19208 1.62651 2
      vertex 1.20515 1.58006 2
    endloop
  endfacet
  facet normal 0 0 1
    outer loop
      vertex 2.67999 6.58353 2
      vertex 1.16386 1.72217 2
      vertex 1.19208 1.62651 2
    endloop
  endfacet
  facet normal 0 0 1
    outer loop
      vertex 2.67999 6.58353 2
      vertex 1.14981 1.76773 2
      vertex 1.16386 1.72217 2
    endloop
  endfacet
  facet normal 0 0 1
    outer loop
      vertex 2.67999 6.58353 2
      vertex 1.11923 1.86266 2
      vertex 1.14981 1.76773 2
    endloop
  endfacet
  facet normal 0 0 1
    outer loop
      vertex 2.67999 6.58353 2
      vertex 1.10394 1.90817 2
      vertex 1.11923 1.86266 2
    endloop
  endfacet
  facet normal 0 0 1
    outer loop
      vertex 2.67999 6.58353 2
      vertex 1.071 2.0023 2
      vertex 1.10394 1.90817 2
    endloop
  endfacet
  facet normal 0 0 1
    outer loop
      vertex 2.67999 6.58353 2
      vertex 1.05463 2.04729 2
      vertex 1.071 2.0023 2
    endloop
  endfacet
  facet normal 0 0 1
    outer loop
      vertex 2.67999 6.58353 2
      vertex 1.01935 2.14056 2
      vertex 1.05463 2.04729 2
    endloop
  endfacet
  facet normal 0 0 1
    outer loop
      vertex 2.67999 6.58353 2
      vertex 1.00195 2.18489 2
      vertex 1.01935 2.14056 2
    endloop
  endfacet
  facet normal 0 0 1
    outer loop
      vertex 2.67999 6.58353 2
      vertex 0.964371 2.27727 2
      vertex 1.00195 2.18489 2
    endloop
  endfacet
  facet normal 0 0 1
    outer loop
      vertex 2.67999 6.58353 2
      vertex 0.945694 2.32156 2
      vertex 0.964371 2.27727 2
    endloop
  endfacet
  facet normal 0 0 1
    outer loop
      vertex 2.67999 6.58353 2
      vertex 0.905807 2.41298 2
      vertex 0.945694 2.32156 2
    endloop
  endfacet
  facet normal 0 0 1
    outer loop
      vertex 2.67999 6.58353 2
      vertex 0.886185 2.45647 2
      vertex 0.905807 2.41298 2
    endloop
  endfacet
  facet normal 0 0 1
    outer loop
      vertex 2.67999 6.58353 2
      vertex 0.84404 2.54686 2
      vertex 0.886185 2.45647 2
    endloop
  endfacet
  facet normal 0 0 1
    outer loop
      vertex 2.67999 6.58353 2
      vertex 0.823181 2.59018 2
      vertex 0.84404 2.54686 2
    endloop
  endfacet
  facet normal 0 0 1
    outer loop
      vertex 2.67999 6.58353 2
      vertex 0.778793 2.67947 2
      vertex 0.823181 2.59018 2
    endloop
  endfacet
  facet normal 0 0 1
    outer loop
      vertex 2.67999 6.58353 2
      vertex 0.757034 2.72192 2
      vertex 0.778793 2.67947 2
    endloop
  endfacet
  facet normal 0 0 1
    outer loop
      vertex 2.67999 6.58353 2
      vertex 0.710434 2.8101 2
      vertex 0.757034 2.72192 2
    endloop
  endfacet
  facet normal 0 0 1
    outer loop
      vertex 2.67999 6.58353 2
      vertex 0.687546 2.85213 2
      vertex 0.710434 2.8101 2
    endloop
  endfacet
  facet normal 0 0 1
    outer loop
      vertex 2.67999 6.58353 2
      vertex 0.638763 2.93912 2
      vertex 0.687546 2.85213 2
    endloop
  endfacet
  facet normal 0 0 1
    outer loop
      vertex 2.67999 6.58353 2
      vertex 0.614807 2.98061 2
      vertex 0.638763 2.93912 2
    endloop
  endfacet
  facet normal 0 0 1
    outer loop
      vertex 2.67999 6.58353 2
      vertex 0.563873 3.06635 2
      vertex 0.614807 2.98061 2
    endloop
  endfacet
  facet normal 0 0 1
    outer loop
      vertex 2.67999 6.58353 2
      vertex 0.538788 3.10741 2
      vertex 0.563873 3.06635 2
    endloop
  endfacet
  facet normal 0 0 1
    outer loop
      vertex 2.67999 6.58353 2
      vertex 0.485718 3.19185 2
      vertex 0.538788 3.10741 2
    endloop
  endfacet
  facet normal 0 0 1
    outer loop
      vertex 2.67999 6.58353 2
      vertex 0.459808 3.23195 2
      vertex 0.485718 3.19185 2
    endloop
  endfacet
  facet normal 0 0 1
    outer loop
      vertex 2.67999 6.58353 2
      vertex 0.404663 3.31503 2
      vertex 0.459808 3.23195 2
    endloop
  endfacet
  facet normal 0 0 1
    outer loop
      vertex 2.67999 6.58353 2
      vertex 0.377716 3.35455 2
      vertex 0.404663 3.31503 2
    endloop
  endfacet
  facet normal 0 0 1
    outer loop
      vertex 2.67999 6.58353 2
      vertex 0.320511 3.43625 2
      vertex 0.377716 3.35455 2
    endloop
  endfacet
  facet normal 0 0 1
    outer loop
      vertex 2.67999 6.58353 2
      vertex 0.292633 3.47504 2
      vertex 0.320511 3.43625 2
    endloop
  endfacet
  facet normal 0 0 1
    outer loop
      vertex 2.67999 6.58353 2
      vertex 0.233414 3.55528 2
      vertex 0.292633 3.47504 2
    endloop
  endfacet
  facet normal 0 0 1
    outer loop
      vertex 2.67999 6.58353 2
      vertex 0.204544 3.5934 2
      vertex 0.233414 3.55528 2
    endloop
  endfacet
  facet normal 0 0 1
    outer loop
      vertex 2.67999 6.58353 2
      vertex 0.143341 3.67215 2
      vertex 0.204544 3.5934 2
    endloop
  endfacet
  facet normal 0 0 1
    outer loop
      vertex 2.67999 6.58353 2
      vertex 0.113235 3.70988 2
      vertex 0.143341 3.67215 2
    endloop
  endfacet
  facet normal 0 0 1
    outer loop
      vertex 2.67999 6.58353 2
      vertex 0.0500793 3.78706 2
      vertex 0.113235 3.70988 2
    endloop
  endfacet
  facet normal 0 0 1
    outer loop
      vertex 2.67999 6.58353 2
      vertex 0.019516 3.82349 2
      vertex 0.0500793 3.78706 2
    endloop
  endfacet
  facet normal 0 0 1
    outer loop
      vertex 2.67999 6.58353 2
      vertex -0.0455322 3.89908 2
      vertex 0.019516 3.82349 2
    endloop
  endfacet
  facet normal 0 0 1
    outer loop
      vertex 2.67999 6.58353 2
      vertex -0.0770721 3.93481 2
      vertex -0.0455322 3.89908 2
    endloop
  endfacet
  facet normal 0 0 1
    outer loop
      vertex 2.67999 6.58353 2
      vertex -0.143982 4.00877 2
      vertex -0.0770721 3.93481 2
    endloop
  endfacet
  facet normal 0 0 1
    outer loop
      vertex 2.67999 6.58353 2
      vertex -0.176773 4.04413 2
      vertex -0.143982 4.00877 2
    endloop
  endfacet
  facet normal 0 0 1
    outer loop
      vertex 2.67999 6.58353 2
      vertex -0.245514 4.11638 2
      vertex -0.176773 4.04413 2
    endloop
  endfacet
  facet normal 0 0 1
    outer loop
      vertex 2.67999 6.58353 2
      vertex -0.27887 4.15059 2
      vertex -0.245514 4.11638 2
    endloop
  endfacet
  facet normal 0 0 1
    outer loop
      vertex 2.67999 6.58353 2
      vertex -0.349396 4.22112 2
      vertex -0.27887 4.15059 2
    endloop
  endfacet
  facet normal 0 0 1
    outer loop
      vertex 2.67999 6.58353 2
      vertex -0.383606 4.25447 2
      vertex -0.349396 4.22112 2
    endloop
  endfacet
  facet normal 0 0 1
    outer loop
      vertex 2.67999 6.58353 2
      vertex -0.455856 4.32321 2
      vertex -0.383606 4.25447 2
    endloop
  endfacet
  facet normal 0 0 1
    outer loop
      vertex 2.67999 6.58353 2
      vertex -0.491211 4.356 2
      vertex -0.455856 4.32321 2
    endloop
  endfacet
  facet normal 0 0 1
    outer loop
      vertex 1.57983 7.67999 2
      vertex -0.56517 4.42291 2
      vertex -0.491211 4.356 2
    endloop
  endfacet
  facet normal 0 0 1
    outer loop
      vertex 1.57983 7.67999 2
      vertex -0.600906 4.45445 2
      vertex -0.56517 4.42291 2
    endloop
  endfacet
  facet normal 0 0 1
    outer loop
      vertex 1.57983 7.67999 2
      vertex -0.676498 4.5195 2
      vertex -0.600906 4.45445 2
    endloop
  endfacet
  facet normal 0 0 1
    outer loop
      vertex 1.57983 7.67999 2
      vertex -0.712921 4.55006 2
      vertex -0.676498 4.5195 2
    endloop
  endfacet
  facet normal 0 0 1
    outer loop
      vertex 1.57983 7.67999 2
      vertex -0.7901 4.61322 2
      vertex -0.712921 4.55006 2
    endloop
  endfacet
  facet normal 0 0 1
    outer loop
      vertex 1.57983 7.67999 2
      vertex -0.827835 4.64333 2
      vertex -0.7901 4.61322 2
    endloop
  endfacet
  facet normal 0 0 1
    outer loop
      vertex 1.57983 7.67999 2
      vertex -0.906586 4.70453 2
      vertex -0.827835 4.64333 2
    endloop
  endfacet
  facet normal 0 0 1
    outer loop
      vertex 1.57983 7.67999 2
      vertex -0.944702 4.7334 2
      vertex -0.906586 4.70453 2
    endloop
  endfacet
  facet normal 0 0 1
    outer loop
      vertex 1.57983 7.67999 2
      vertex -1.02495 4.79262 2
      vertex -0.944702 4.7334 2
    endloop
  endfacet
  facet normal 0 0 1
    outer loop
      vertex 1.57983 7.67999 2
      vertex -1.06374 4.8205 2
      vertex -1.02495 4.79262 2
    endloop
  endfacet
  facet normal 0 0 1
    outer loop
      vertex 1.57983 7.67999 2
      vertex -1.14543 4.8777 2
      vertex -1.06374 4.8205 2
    endloop
  endfacet
  facet normal -0 0 1
    outer loop
      vertex -1.58353 7.67999 2
      vertex -1.14543 4.8777 2
      vertex 1.57983 7.67999 2
    endloop
  endfacet
  facet normal 0 0 1
    outer loop
      vertex -1.14543 4.8777 2
      vertex -1.58353 7.67999 2
      vertex -1.18495 4.90465 2
    endloop
  endfacet
  facet normal 0 0 1
    outer loop
      vertex -1.18495 4.90465 2
      vertex -1.58353 7.67999 2
      vertex -1.26804 4.95979 2
    endloop
  endfacet
  facet normal 0 0 1
    outer loop
      vertex -1.26804 4.95979 2
      vertex -1.58353 7.67999 2
      vertex -1.30814 4.9857 2
    endloop
  endfacet
  facet normal 0 0 1
    outer loop
      vertex -1.30814 4.9857 2
      vertex -1.58353 7.67999 2
      vertex -1.39258 5.03877 2
    endloop
  endfacet
  facet normal 0 0 1
    outer loop
      vertex -1.39258 5.03877 2
      vertex -1.58353 7.67999 2
      vertex -1.43376 5.06393 2
    endloop
  endfacet
  facet normal 0 0 1
    outer loop
      vertex -1.43376 5.06393 2
      vertex -1.58353 7.67999 2
      vertex -1.51952 5.11487 2
    endloop
  endfacet
  facet normal 0 0 1
    outer loop
      vertex -1.51952 5.11487 2
      vertex -1.58353 7.67999 2
      vertex -1.56076 5.13869 2
    endloop
  endfacet
  facet normal 0 0 1
    outer loop
      vertex -2.67999 6.57983 2
      vertex -1.58353 7.67999 2
      vertex -1.63632 7.67911 2
    endloop
  endfacet
  facet normal 0 0 1
    outer loop
      vertex -1.58353 7.67999 2
      vertex -1.64774 5.18747 2
      vertex -1.56076 5.13869 2
    endloop
  endfacet
  facet normal 0 0 1
    outer loop
      vertex -2.67999 6.57983 2
      vertex -1.63632 7.67911 2
      vertex -1.67163 7.67735 2
    endloop
  endfacet
  facet normal 0 0 1
    outer loop
      vertex -1.58353 7.67999 2
      vertex -1.68988 5.21042 2
      vertex -1.64774 5.18747 2
    endloop
  endfacet
  facet normal 0 0 1
    outer loop
      vertex -2.67999 6.57983 2
      vertex -1.67163 7.67735 2
      vertex -1.70715 7.67439 2
    endloop
  endfacet
  facet normal 0 0 1
    outer loop
      vertex -2.67999 6.57983 2
      vertex -1.70715 7.67439 2
      vertex -1.74336 7.67015 2
    endloop
  endfacet
  facet normal 0 0 1
    outer loop
      vertex -1.58353 7.67999 2
      vertex -1.77806 5.25702 2
      vertex -1.68988 5.21042 2
    endloop
  endfacet
  facet normal 0 0 1
    outer loop
      vertex -2.67999 6.57983 2
      vertex -1.74336 7.67015 2
      vertex -1.7787 7.66483 2
    endloop
  endfacet
  facet normal 0 0 1
    outer loop
      vertex -2.67999 6.57983 2
      vertex -1.7787 7.66483 2
      vertex -1.81403 7.65831 2
    endloop
  endfacet
  facet normal 0 0 1
    outer loop
      vertex -1.58353 7.67999 2
      vertex -1.82051 5.27878 2
      vertex -1.77806 5.25702 2
    endloop
  endfacet
  facet normal 0 0 1
    outer loop
      vertex -2.67999 6.57983 2
      vertex -1.81403 7.65831 2
      vertex -1.84886 7.65065 2
    endloop
  endfacet
  facet normal 0 0 1
    outer loop
      vertex -2.67999 6.57983 2
      vertex -1.84886 7.65065 2
      vertex -1.88365 7.6418 2
    endloop
  endfacet
  facet normal 0 0 1
    outer loop
      vertex -1.58353 7.67999 2
      vertex -1.90981 5.32317 2
      vertex -1.82051 5.27878 2
    endloop
  endfacet
  facet normal 0 0 1
    outer loop
      vertex -2.67999 6.57983 2
      vertex -1.88365 7.6418 2
      vertex -1.91808 7.63181 2
    endloop
  endfacet
  facet normal 0 0 1
    outer loop
      vertex -2.67999 6.57983 2
      vertex -1.91808 7.63181 2
      vertex -1.95238 7.62059 2
    endloop
  endfacet
  facet normal 0 0 1
    outer loop
      vertex -1.58353 7.67999 2
      vertex -1.95312 5.34402 2
      vertex -1.90981 5.32317 2
    endloop
  endfacet
  facet normal 0 0 1
    outer loop
      vertex -2.67999 6.57983 2
      vertex -1.95238 7.62059 2
      vertex -1.9864 7.60822 2
    endloop
  endfacet
  facet normal 0 0 1
    outer loop
      vertex -2.67999 6.57983 2
      vertex -1.9864 7.60822 2
      vertex -2.0193 7.59499 2
    endloop
  endfacet
  facet normal 0 0 1
    outer loop
      vertex -1.58353 7.67999 2
      vertex -2.67999 6.57983 2
      vertex -1.95312 5.34402 2
    endloop
  endfacet
  facet normal 0 0 1
    outer loop
      vertex -2.67999 6.57983 2
      vertex -2.0193 7.59499 2
      vertex -2.05232 7.58041 2
    endloop
  endfacet
  facet normal 0 0 1
    outer loop
      vertex -2.67999 6.57983 2
      vertex -2.05232 7.58041 2
      vertex -2.08444 7.56494 2
    endloop
  endfacet
  facet normal 0 0 1
    outer loop
      vertex -1.95312 5.34402 2
      vertex -2.67999 6.57983 2
      vertex -2.04352 5.38617 2
    endloop
  endfacet
  facet normal 0 0 1
    outer loop
      vertex -2.67999 6.57983 2
      vertex -2.08444 7.56494 2
      vertex -2.11644 7.5482 2
    endloop
  endfacet
  facet normal 0 0 1
    outer loop
      vertex -2.67999 6.57983 2
      vertex -2.11644 7.5482 2
      vertex -2.14784 7.53043 2
    endloop
  endfacet
  facet normal 0 0 1
    outer loop
      vertex -2.67999 6.57983 2
      vertex -2.14784 7.53043 2
      vertex -2.17804 7.51196 2
    endloop
  endfacet
  facet normal 0 0 1
    outer loop
      vertex -2.04352 5.38617 2
      vertex -2.67999 6.57983 2
      vertex -2.08701 5.40579 2
    endloop
  endfacet
  facet normal 0 0 1
    outer loop
      vertex -2.67999 6.57983 2
      vertex -2.17804 7.51196 2
      vertex -2.20819 7.49213 2
    endloop
  endfacet
  facet normal 0 0 1
    outer loop
      vertex -2.08701 5.40579 2
      vertex -2.67999 6.57983 2
      vertex -2.17842 5.44568 2
    endloop
  endfacet
  facet normal 0 0 1
    outer loop
      vertex -2.67999 6.57983 2
      vertex -2.20819 7.49213 2
      vertex -2.23763 7.47133 2
    endloop
  endfacet
  facet normal 0 0 1
    outer loop
      vertex -2.67999 6.57983 2
      vertex -2.23763 7.47133 2
      vertex -2.26601 7.44984 2
    endloop
  endfacet
  facet normal 0 0 1
    outer loop
      vertex -2.67999 6.57983 2
      vertex -2.26601 7.44984 2
      vertex -2.29393 7.42719 2
    endloop
  endfacet
  facet normal 0 0 1
    outer loop
      vertex -2.17842 5.44568 2
      vertex -2.67999 6.57983 2
      vertex -2.22272 5.46436 2
    endloop
  endfacet
  facet normal 0 0 1
    outer loop
      vertex -2.67999 6.57983 2
      vertex -2.29393 7.42719 2
      vertex -2.32132 7.40343 2
    endloop
  endfacet
  facet normal 0 0 1
    outer loop
      vertex -2.67999 6.57983 2
      vertex -2.32132 7.40343 2
      vertex -2.34753 7.37909 2
    endloop
  endfacet
  facet normal 0 0 1
    outer loop
      vertex -2.22272 5.46436 2
      vertex -2.67999 6.57983 2
      vertex -2.31509 5.50194 2
    endloop
  endfacet
  facet normal 0 0 1
    outer loop
      vertex -2.67999 6.57983 2
      vertex -2.34753 7.37909 2
      vertex -2.37302 7.35384 2
    endloop
  endfacet
  facet normal 0 0 1
    outer loop
      vertex -2.67999 6.57983 2
      vertex -2.37302 7.35384 2
      vertex -2.39755 7.32782 2
    endloop
  endfacet
  facet normal 0 0 1
    outer loop
      vertex -2.67999 6.57983 2
      vertex -2.39755 7.32782 2
      vertex -2.42128 7.30093 2
    endloop
  endfacet
  facet normal 0 0 1
    outer loop
      vertex -2.67999 6.57983 2
      vertex -2.42128 7.30093 2
      vertex -2.44402 7.27339 2
    endloop
  endfacet
  facet normal 0 0 1
    outer loop
      vertex -2.31509 5.50194 2
      vertex -2.67999 6.57983 2
      vertex -2.35942 5.51933 2
    endloop
  endfacet
  facet normal 0 0 1
    outer loop
      vertex -2.67999 6.57983 2
      vertex -2.44402 7.27339 2
      vertex -2.46603 7.2448 2
    endloop
  endfacet
  facet normal 0 0 1
    outer loop
      vertex -2.67999 6.57983 2
      vertex -2.46603 7.2448 2
      vertex -2.48705 7.21559 2
    endloop
  endfacet
  facet normal 0 0 1
    outer loop
      vertex -2.35942 5.51933 2
      vertex -2.67999 6.57983 2
      vertex -2.4527 5.55461 2
    endloop
  endfacet
  facet normal 0 0 1
    outer loop
      vertex -2.67999 6.57983 2
      vertex -2.48705 7.21559 2
      vertex -2.50703 7.18575 2
    endloop
  endfacet
  facet normal 0 0 1
    outer loop
      vertex -2.67999 6.57983 2
      vertex -2.50703 7.18575 2
      vertex -2.52609 7.15514 2
    endloop
  endfacet
  facet normal 0 0 1
    outer loop
      vertex -2.67999 6.57983 2
      vertex -2.52609 7.15514 2
      vertex -2.54381 7.12444 2
    endloop
  endfacet
  facet normal 0 0 1
    outer loop
      vertex -2.67999 6.57983 2
      vertex -2.54381 7.12444 2
      vertex -2.56093 7.09236 2
    endloop
  endfacet
  facet normal 0 0 1
    outer loop
      vertex -2.67999 6.57983 2
      vertex -2.56093 7.09236 2
      vertex -2.57655 7.06061 2
    endloop
  endfacet
  facet normal 0 0 1
    outer loop
      vertex -2.67999 6.57983 2
      vertex -2.57655 7.06061 2
      vertex -2.59149 7.0275 2
    endloop
  endfacet
  facet normal 0 0 1
    outer loop
      vertex -2.4527 5.55461 2
      vertex -2.67999 6.57983 2
      vertex -2.49768 5.57098 2
    endloop
  endfacet
  facet normal 0 0 1
    outer loop
      vertex -2.67999 6.57983 2
      vertex -2.59149 7.0275 2
      vertex -2.60506 6.99455 2
    endloop
  endfacet
  facet normal 0 0 1
    outer loop
      vertex -2.67999 6.57983 2
      vertex -2.60506 6.99455 2
      vertex -2.61769 6.96071 2
    endloop
  endfacet
  facet normal 0 0 1
    outer loop
      vertex -2.67999 6.57983 2
      vertex -2.61769 6.96071 2
      vertex -2.62912 6.92668 2
    endloop
  endfacet
  facet normal 0 0 1
    outer loop
      vertex -2.49768 5.57098 2
      vertex -2.67999 6.57983 2
      vertex -2.59181 5.60393 2
    endloop
  endfacet
  facet normal 0 0 1
    outer loop
      vertex -2.67999 6.57983 2
      vertex -2.62912 6.92668 2
      vertex -2.63936 6.8925 2
    endloop
  endfacet
  facet normal 0 0 1
    outer loop
      vertex -2.67999 6.57983 2
      vertex -2.63936 6.8925 2
      vertex -2.64844 6.85803 2
    endloop
  endfacet
  facet normal 0 0 1
    outer loop
      vertex -2.67999 6.57983 2
      vertex -2.64844 6.85803 2
      vertex -2.65649 6.82274 2
    endloop
  endfacet
  facet normal 0 0 1
    outer loop
      vertex -2.67999 6.57983 2
      vertex -2.65649 6.82274 2
      vertex -2.66336 6.78726 2
    endloop
  endfacet
  facet normal 0 0 1
    outer loop
      vertex -2.67999 6.57983 2
      vertex -2.66336 6.78726 2
      vertex -2.66896 6.75209 2
    endloop
  endfacet
  facet normal 0 0 1
    outer loop
      vertex -2.67999 6.57983 2
      vertex -2.66896 6.75209 2
      vertex -2.67343 6.71649 2
    endloop
  endfacet
  facet normal 0 0 1
    outer loop
      vertex -2.67999 6.57983 2
      vertex -2.67343 6.71649 2
      vertex -2.67671 6.68057 2
    endloop
  endfacet
  facet normal 0 0 1
    outer loop
      vertex -2.67999 6.57983 2
      vertex -2.67671 6.68057 2
      vertex -2.67856 6.64896 2
    endloop
  endfacet
  facet normal 0 0 1
    outer loop
      vertex -2.59181 5.60393 2
      vertex -2.67999 6.57983 2
      vertex -2.63733 5.61922 2
    endloop
  endfacet
  facet normal 0 0 1
    outer loop
      vertex -2.63733 5.61922 2
      vertex -2.67999 6.57983 2
      vertex -2.67999 5.63297 2
    endloop
  endfacet
  facet normal 0 0 1
    outer loop
      vertex 1.57983 7.67999 2
      vertex 2.67999 6.58353 2
      vertex 2.67911 6.63632 2
    endloop
  endfacet
  facet normal 0 0 1
    outer loop
      vertex 2.67999 6.58353 2
      vertex 1.41985 0.0238037 2
      vertex 2.67999 -6.57983 2
    endloop
  endfacet
  facet normal 0 0 1
    outer loop
      vertex 1.57983 7.67999 2
      vertex 2.67911 6.63632 2
      vertex 2.67735 6.67163 2
    endloop
  endfacet
  facet normal -0 0 1
    outer loop
      vertex 1.41985 -0.0238037 2
      vertex 2.67999 -6.57983 2
      vertex 1.41985 0.0238037 2
    endloop
  endfacet
  facet normal 0 0 1
    outer loop
      vertex 1.57983 7.67999 2
      vertex 2.67735 6.67163 2
      vertex 2.67439 6.70715 2
    endloop
  endfacet
  facet normal -0 0 1
    outer loop
      vertex 1.41861 -0.12352 2
      vertex 2.67999 -6.57983 2
      vertex 1.41985 -0.0238037 2
    endloop
  endfacet
  facet normal 0 0 1
    outer loop
      vertex 1.57983 7.67999 2
      vertex 2.67439 6.70715 2
      vertex 2.67015 6.74336 2
    endloop
  endfacet
  facet normal -0 0 1
    outer loop
      vertex 1.41742 -0.171402 2
      vertex 2.67999 -6.57983 2
      vertex 1.41861 -0.12352 2
    endloop
  endfacet
  facet normal 0 0 1
    outer loop
      vertex 1.57983 7.67999 2
      vertex 2.67015 6.74336 2
      vertex 2.66483 6.7787 2
    endloop
  endfacet
  facet normal -0 0 1
    outer loop
      vertex 1.4137 -0.271057 2
      vertex 2.67999 -6.57983 2
      vertex 1.41742 -0.171402 2
    endloop
  endfacet
  facet normal 0 0 1
    outer loop
      vertex 1.57983 7.67999 2
      vertex 2.66483 6.7787 2
      vertex 2.65831 6.81403 2
    endloop
  endfacet
  facet normal -0 0 1
    outer loop
      vertex 1.4113 -0.319214 2
      vertex 2.67999 -6.57983 2
      vertex 1.4137 -0.271057 2
    endloop
  endfacet
  facet normal 0 0 1
    outer loop
      vertex 1.57983 7.67999 2
      vertex 2.65831 6.81403 2
      vertex 2.65065 6.84886 2
    endloop
  endfacet
  facet normal -0 0 1
    outer loop
      vertex 1.40508 -0.418762 2
      vertex 2.67999 -6.57983 2
      vertex 1.4113 -0.319214 2
    endloop
  endfacet
  facet normal 0 0 1
    outer loop
      vertex 1.57983 7.67999 2
      vertex 2.65065 6.84886 2
      vertex 2.6418 6.88365 2
    endloop
  endfacet
  facet normal -0 0 1
    outer loop
      vertex 1.40152 -0.46608 2
      vertex 2.67999 -6.57983 2
      vertex 1.40508 -0.418762 2
    endloop
  endfacet
  facet normal 0 0 1
    outer loop
      vertex 1.57983 7.67999 2
      vertex 2.6418 6.88365 2
      vertex 2.63181 6.91808 2
    endloop
  endfacet
  facet normal -0 0 1
    outer loop
      vertex 1.39284 -0.56543 2
      vertex 2.67999 -6.57983 2
      vertex 1.40152 -0.46608 2
    endloop
  endfacet
  facet normal 0 0 1
    outer loop
      vertex 1.57983 7.67999 2
      vertex 2.63181 6.91808 2
      vertex 2.62059 6.95238 2
    endloop
  endfacet
  facet normal -0 0 1
    outer loop
      vertex 1.38805 -0.613327 2
      vertex 2.67999 -6.57983 2
      vertex 1.39284 -0.56543 2
    endloop
  endfacet
  facet normal 0 0 1
    outer loop
      vertex 1.57983 7.67999 2
      vertex 2.62059 6.95238 2
      vertex 2.60822 6.9864 2
    endloop
  endfacet
  facet normal -0 0 1
    outer loop
      vertex 1.37688 -0.712418 2
      vertex 2.67999 -6.57983 2
      vertex 1.38805 -0.613327 2
    endloop
  endfacet
  facet normal 0 0 1
    outer loop
      vertex 1.57983 7.67999 2
      vertex 2.60822 6.9864 2
      vertex 2.59499 7.0193 2
    endloop
  endfacet
  facet normal -0 0 1
    outer loop
      vertex 1.37096 -0.759674 2
      vertex 2.67999 -6.57983 2
      vertex 1.37688 -0.712418 2
    endloop
  endfacet
  facet normal 0 0 1
    outer loop
      vertex 1.57983 7.67999 2
      vertex 2.59499 7.0193 2
      vertex 2.58041 7.05232 2
    endloop
  endfacet
  facet normal -0 0 1
    outer loop
      vertex 1.35733 -0.858475 2
      vertex 2.67999 -6.57983 2
      vertex 1.37096 -0.759674 2
    endloop
  endfacet
  facet normal 0 0 1
    outer loop
      vertex 1.57983 7.67999 2
      vertex 2.58041 7.05232 2
      vertex 2.56494 7.08444 2
    endloop
  endfacet
  facet normal -0 0 1
    outer loop
      vertex 1.35016 -0.906082 2
      vertex 2.67999 -6.57983 2
      vertex 1.35733 -0.858475 2
    endloop
  endfacet
  facet normal 0 0 1
    outer loop
      vertex 1.57983 7.67999 2
      vertex 2.56494 7.08444 2
      vertex 2.5482 7.11644 2
    endloop
  endfacet
  facet normal -0 0 1
    outer loop
      vertex 1.33406 -1.0045 2
      vertex 2.67999 -6.57983 2
      vertex 1.35016 -0.906082 2
    endloop
  endfacet
  facet normal 0 0 1
    outer loop
      vertex 1.57983 7.67999 2
      vertex 2.5482 7.11644 2
      vertex 2.53043 7.14784 2
    endloop
  endfacet
  facet normal -0 0 1
    outer loop
      vertex 1.32578 -1.0515 2
      vertex 2.67999 -6.57983 2
      vertex 1.33406 -1.0045 2
    endloop
  endfacet
  facet normal 0 0 1
    outer loop
      vertex 1.57983 7.67999 2
      vertex 2.53043 7.14784 2
      vertex 2.51196 7.17804 2
    endloop
  endfacet
  facet normal -0 0 1
    outer loop
      vertex 1.30724 -1.14949 2
      vertex 2.67999 -6.57983 2
      vertex 1.32578 -1.0515 2
    endloop
  endfacet
  facet normal 0 0 1
    outer loop
      vertex 1.57983 7.67999 2
      vertex 2.51196 7.17804 2
      vertex 2.49213 7.20819 2
    endloop
  endfacet
  facet normal -0 0 1
    outer loop
      vertex 1.29773 -1.19647 2
      vertex 2.67999 -6.57983 2
      vertex 1.30724 -1.14949 2
    endloop
  endfacet
  facet normal 0 0 1
    outer loop
      vertex 1.57983 7.67999 2
      vertex 2.49213 7.20819 2
      vertex 2.47133 7.23763 2
    endloop
  endfacet
  facet normal -0 0 1
    outer loop
      vertex 1.27675 -1.29398 2
      vertex 2.67999 -6.57983 2
      vertex 1.29773 -1.19647 2
    endloop
  endfacet
  facet normal 0 0 1
    outer loop
      vertex 1.57983 7.67999 2
      vertex 2.47133 7.23763 2
      vertex 2.44984 7.26601 2
    endloop
  endfacet
  facet normal -0 0 1
    outer loop
      vertex 1.26608 -1.34073 2
      vertex 2.67999 -6.57983 2
      vertex 1.27675 -1.29398 2
    endloop
  endfacet
  facet normal 0 0 1
    outer loop
      vertex 1.57983 7.67999 2
      vertex 2.44984 7.26601 2
      vertex 2.42719 7.29393 2
    endloop
  endfacet
  facet normal -0 0 1
    outer loop
      vertex 1.24268 -1.43767 2
      vertex 2.67999 -6.57983 2
      vertex 1.26608 -1.34073 2
    endloop
  endfacet
  facet normal 0 0 1
    outer loop
      vertex 1.57983 7.67999 2
      vertex 2.42719 7.29393 2
      vertex 2.40343 7.32132 2
    endloop
  endfacet
  facet normal -0 0 1
    outer loop
      vertex 1.23096 -1.48372 2
      vertex 2.67999 -6.57983 2
      vertex 1.24268 -1.43767 2
    endloop
  endfacet
  facet normal 0 0 1
    outer loop
      vertex 1.57983 7.67999 2
      vertex 2.40343 7.32132 2
      vertex 2.37909 7.34753 2
    endloop
  endfacet
  facet normal -0 0 1
    outer loop
      vertex 1.20515 -1.58006 2
      vertex 2.67999 -6.57983 2
      vertex 1.23096 -1.48372 2
    endloop
  endfacet
  facet normal 0 0 1
    outer loop
      vertex 1.57983 7.67999 2
      vertex 2.37909 7.34753 2
      vertex 2.35384 7.37302 2
    endloop
  endfacet
  facet normal -0 0 1
    outer loop
      vertex 1.19208 -1.62651 2
      vertex 2.67999 -6.57983 2
      vertex 1.20515 -1.58006 2
    endloop
  endfacet
  facet normal 0 0 1
    outer loop
      vertex 1.57983 7.67999 2
      vertex 2.35384 7.37302 2
      vertex 2.32782 7.39755 2
    endloop
  endfacet
  facet normal -0 0 1
    outer loop
      vertex 1.16386 -1.72217 2
      vertex 2.67999 -6.57983 2
      vertex 1.19208 -1.62651 2
    endloop
  endfacet
  facet normal 0 0 1
    outer loop
      vertex 1.57983 7.67999 2
      vertex 2.32782 7.39755 2
      vertex 2.30093 7.42128 2
    endloop
  endfacet
  facet normal -0 0 1
    outer loop
      vertex 1.14981 -1.76773 2
      vertex 2.67999 -6.57983 2
      vertex 1.16386 -1.72217 2
    endloop
  endfacet
  facet normal 0 0 1
    outer loop
      vertex 1.57983 7.67999 2
      vertex 2.30093 7.42128 2
      vertex 2.27339 7.44402 2
    endloop
  endfacet
  facet normal -0 0 1
    outer loop
      vertex 1.11923 -1.86266 2
      vertex 2.67999 -6.57983 2
      vertex 1.14981 -1.76773 2
    endloop
  endfacet
  facet normal 0 0 1
    outer loop
      vertex 1.57983 7.67999 2
      vertex 2.27339 7.44402 2
      vertex 2.2448 7.46603 2
    endloop
  endfacet
  facet normal -0 0 1
    outer loop
      vertex 1.10394 -1.90817 2
      vertex 2.67999 -6.57983 2
      vertex 1.11923 -1.86266 2
    endloop
  endfacet
  facet normal 0 0 1
    outer loop
      vertex 1.57983 7.67999 2
      vertex 2.2448 7.46603 2
      vertex 2.21559 7.48705 2
    endloop
  endfacet
  facet normal -0 0 1
    outer loop
      vertex 1.071 -2.0023 2
      vertex 2.67999 -6.57983 2
      vertex 1.10394 -1.90817 2
    endloop
  endfacet
  facet normal 0 0 1
    outer loop
      vertex 1.57983 7.67999 2
      vertex 2.21559 7.48705 2
      vertex 2.18575 7.50703 2
    endloop
  endfacet
  facet normal -0 0 1
    outer loop
      vertex 1.05463 -2.04729 2
      vertex 2.67999 -6.57983 2
      vertex 1.071 -2.0023 2
    endloop
  endfacet
  facet normal 0 0 1
    outer loop
      vertex 1.57983 7.67999 2
      vertex 2.18575 7.50703 2
      vertex 2.15514 7.52609 2
    endloop
  endfacet
  facet normal -0 0 1
    outer loop
      vertex 1.01935 -2.14056 2
      vertex 2.67999 -6.57983 2
      vertex 1.05463 -2.04729 2
    endloop
  endfacet
  facet normal 0 0 1
    outer loop
      vertex 1.57983 7.67999 2
      vertex 2.15514 7.52609 2
      vertex 2.12444 7.54381 2
    endloop
  endfacet
  facet normal -0 0 1
    outer loop
      vertex 1.00195 -2.18489 2
      vertex 2.67999 -6.57983 2
      vertex 1.01935 -2.14056 2
    endloop
  endfacet
  facet normal 0 0 1
    outer loop
      vertex 1.57983 7.67999 2
      vertex 2.12444 7.54381 2
      vertex 2.09236 7.56093 2
    endloop
  endfacet
  facet normal -0 0 1
    outer loop
      vertex 0.964371 -2.27727 2
      vertex 2.67999 -6.57983 2
      vertex 1.00195 -2.18489 2
    endloop
  endfacet
  facet normal 0 0 1
    outer loop
      vertex 1.57983 7.67999 2
      vertex 2.09236 7.56093 2
      vertex 2.06061 7.57655 2
    endloop
  endfacet
  facet normal -0 0 1
    outer loop
      vertex 0.945694 -2.32156 2
      vertex 2.67999 -6.57983 2
      vertex 0.964371 -2.27727 2
    endloop
  endfacet
  facet normal 0 0 1
    outer loop
      vertex 1.57983 7.67999 2
      vertex 2.06061 7.57655 2
      vertex 2.0275 7.59149 2
    endloop
  endfacet
  facet normal -0 0 1
    outer loop
      vertex 0.905807 -2.41298 2
      vertex 2.67999 -6.57983 2
      vertex 0.945694 -2.32156 2
    endloop
  endfacet
  facet normal 0 0 1
    outer loop
      vertex 1.57983 7.67999 2
      vertex 2.0275 7.59149 2
      vertex 1.99455 7.60506 2
    endloop
  endfacet
  facet normal -0 0 1
    outer loop
      vertex 0.886185 -2.45647 2
      vertex 2.67999 -6.57983 2
      vertex 0.905807 -2.41298 2
    endloop
  endfacet
  facet normal 0 0 1
    outer loop
      vertex 1.57983 7.67999 2
      vertex 1.99455 7.60506 2
      vertex 1.96071 7.61769 2
    endloop
  endfacet
  facet normal -0 0 1
    outer loop
      vertex 0.84404 -2.54686 2
      vertex 2.67999 -6.57983 2
      vertex 0.886185 -2.45647 2
    endloop
  endfacet
  facet normal 0 0 1
    outer loop
      vertex 1.57983 7.67999 2
      vertex 1.96071 7.61769 2
      vertex 1.92668 7.62912 2
    endloop
  endfacet
  facet normal -0 0 1
    outer loop
      vertex 0.823181 -2.59018 2
      vertex 2.67999 -6.57983 2
      vertex 0.84404 -2.54686 2
    endloop
  endfacet
  facet normal 0 0 1
    outer loop
      vertex 1.57983 7.67999 2
      vertex 1.92668 7.62912 2
      vertex 1.8925 7.63936 2
    endloop
  endfacet
  facet normal -0 0 1
    outer loop
      vertex 0.778793 -2.67947 2
      vertex 2.67999 -6.57983 2
      vertex 0.823181 -2.59018 2
    endloop
  endfacet
  facet normal 0 0 1
    outer loop
      vertex 1.57983 7.67999 2
      vertex 1.8925 7.63936 2
      vertex 1.85803 7.64844 2
    endloop
  endfacet
  facet normal -0 0 1
    outer loop
      vertex 0.757034 -2.72192 2
      vertex 2.67999 -6.57983 2
      vertex 0.778793 -2.67947 2
    endloop
  endfacet
  facet normal 0 0 1
    outer loop
      vertex 1.57983 7.67999 2
      vertex 1.85803 7.64844 2
      vertex 1.82274 7.65649 2
    endloop
  endfacet
  facet normal -0 0 1
    outer loop
      vertex 0.710434 -2.8101 2
      vertex 2.67999 -6.57983 2
      vertex 0.757034 -2.72192 2
    endloop
  endfacet
  facet normal 0 0 1
    outer loop
      vertex 1.57983 7.67999 2
      vertex 1.82274 7.65649 2
      vertex 1.78726 7.66336 2
    endloop
  endfacet
  facet normal -0 0 1
    outer loop
      vertex 0.687546 -2.85213 2
      vertex 2.67999 -6.57983 2
      vertex 0.710434 -2.8101 2
    endloop
  endfacet
  facet normal 0 0 1
    outer loop
      vertex 1.57983 7.67999 2
      vertex 1.78726 7.66336 2
      vertex 1.75209 7.66896 2
    endloop
  endfacet
  facet normal -0 0 1
    outer loop
      vertex 0.638763 -2.93912 2
      vertex 2.67999 -6.57983 2
      vertex 0.687546 -2.85213 2
    endloop
  endfacet
  facet normal 0 0 1
    outer loop
      vertex 1.57983 7.67999 2
      vertex 1.75209 7.66896 2
      vertex 1.71649 7.67343 2
    endloop
  endfacet
  facet normal -0 0 1
    outer loop
      vertex 0.614807 -2.98061 2
      vertex 2.67999 -6.57983 2
      vertex 0.638763 -2.93912 2
    endloop
  endfacet
  facet normal 0 0 1
    outer loop
      vertex 1.57983 7.67999 2
      vertex 1.71649 7.67343 2
      vertex 1.68057 7.67671 2
    endloop
  endfacet
  facet normal -0 0 1
    outer loop
      vertex 0.563873 -3.06635 2
      vertex 2.67999 -6.57983 2
      vertex 0.614807 -2.98061 2
    endloop
  endfacet
  facet normal 0 0 1
    outer loop
      vertex 1.57983 7.67999 2
      vertex 1.68057 7.67671 2
      vertex 1.64896 7.67856 2
    endloop
  endfacet
  facet normal -0 0 1
    outer loop
      vertex 0.538788 -3.10741 2
      vertex 2.67999 -6.57983 2
      vertex 0.563873 -3.06635 2
    endloop
  endfacet
  facet normal -0 0 1
    outer loop
      vertex 0.485718 -3.19185 2
      vertex 2.67999 -6.57983 2
      vertex 0.538788 -3.10741 2
    endloop
  endfacet
  facet normal 0 0 1
    outer loop
      vertex -0.491211 4.356 2
      vertex 2.67999 6.58353 2
      vertex 1.57983 7.67999 2
    endloop
  endfacet
  facet normal -0 0 1
    outer loop
      vertex 0.459808 -3.23195 2
      vertex 2.67999 -6.57983 2
      vertex 0.485718 -3.19185 2
    endloop
  endfacet
  facet normal -0 0 1
    outer loop
      vertex 0.404663 -3.31503 2
      vertex 2.67999 -6.57983 2
      vertex 0.459808 -3.23195 2
    endloop
  endfacet
  facet normal -0 0 1
    outer loop
      vertex 0.377716 -3.35455 2
      vertex 2.67999 -6.57983 2
      vertex 0.404663 -3.31503 2
    endloop
  endfacet
  facet normal -0 0 1
    outer loop
      vertex 0.320511 -3.43625 2
      vertex 2.67999 -6.57983 2
      vertex 0.377716 -3.35455 2
    endloop
  endfacet
  facet normal -0 0 1
    outer loop
      vertex 0.292633 -3.47504 2
      vertex 2.67999 -6.57983 2
      vertex 0.320511 -3.43625 2
    endloop
  endfacet
  facet normal -0 0 1
    outer loop
      vertex 0.233414 -3.55528 2
      vertex 2.67999 -6.57983 2
      vertex 0.292633 -3.47504 2
    endloop
  endfacet
  facet normal -0 0 1
    outer loop
      vertex 0.204544 -3.5934 2
      vertex 2.67999 -6.57983 2
      vertex 0.233414 -3.55528 2
    endloop
  endfacet
  facet normal -0 0 1
    outer loop
      vertex 0.143341 -3.67215 2
      vertex 2.67999 -6.57983 2
      vertex 0.204544 -3.5934 2
    endloop
  endfacet
  facet normal -0 0 1
    outer loop
      vertex 0.113235 -3.70988 2
      vertex 2.67999 -6.57983 2
      vertex 0.143341 -3.67215 2
    endloop
  endfacet
  facet normal -0 0 1
    outer loop
      vertex 0.0500793 -3.78706 2
      vertex 2.67999 -6.57983 2
      vertex 0.113235 -3.70988 2
    endloop
  endfacet
  facet normal -0 0 1
    outer loop
      vertex 0.019516 -3.82349 2
      vertex 2.67999 -6.57983 2
      vertex 0.0500793 -3.78706 2
    endloop
  endfacet
  facet normal -0 0 1
    outer loop
      vertex -0.0455322 -3.89908 2
      vertex 2.67999 -6.57983 2
      vertex 0.019516 -3.82349 2
    endloop
  endfacet
  facet normal -0 0 1
    outer loop
      vertex -0.0770721 -3.93481 2
      vertex 2.67999 -6.57983 2
      vertex -0.0455322 -3.89908 2
    endloop
  endfacet
  facet normal -0 0 1
    outer loop
      vertex -0.143982 -4.00877 2
      vertex 2.67999 -6.57983 2
      vertex -0.0770721 -3.93481 2
    endloop
  endfacet
  facet normal -0 0 1
    outer loop
      vertex -0.176773 -4.04413 2
      vertex 2.67999 -6.57983 2
      vertex -0.143982 -4.00877 2
    endloop
  endfacet
  facet normal -0 0 1
    outer loop
      vertex -0.245514 -4.11638 2
      vertex 2.67999 -6.57983 2
      vertex -0.176773 -4.04413 2
    endloop
  endfacet
  facet normal -0 0 1
    outer loop
      vertex -0.27887 -4.15059 2
      vertex 2.67999 -6.57983 2
      vertex -0.245514 -4.11638 2
    endloop
  endfacet
  facet normal -0 0 1
    outer loop
      vertex -0.349396 -4.22112 2
      vertex 2.67999 -6.57983 2
      vertex -0.27887 -4.15059 2
    endloop
  endfacet
  facet normal -0 0 1
    outer loop
      vertex -0.383606 -4.25447 2
      vertex 2.67999 -6.57983 2
      vertex -0.349396 -4.22112 2
    endloop
  endfacet
  facet normal -0 0 1
    outer loop
      vertex -0.455856 -4.32321 2
      vertex 2.67999 -6.57983 2
      vertex -0.383606 -4.25447 2
    endloop
  endfacet
  facet normal -0 0 1
    outer loop
      vertex -0.491211 -4.356 2
      vertex 2.67999 -6.57983 2
      vertex -0.455856 -4.32321 2
    endloop
  endfacet
  facet normal 0 -0 1
    outer loop
      vertex 1.58353 -7.67999 2
      vertex 2.67999 -6.57983 2
      vertex -0.491211 -4.356 2
    endloop
  endfacet
  facet normal 0 0 1
    outer loop
      vertex 2.67856 -6.64896 2
      vertex 1.58353 -7.67999 2
      vertex 2.67671 -6.68057 2
    endloop
  endfacet
  facet normal 0 0 1
    outer loop
      vertex 2.67671 -6.68057 2
      vertex 1.58353 -7.67999 2
      vertex 2.67343 -6.71649 2
    endloop
  endfacet
  facet normal 0 0 1
    outer loop
      vertex 2.67343 -6.71649 2
      vertex 1.58353 -7.67999 2
      vertex 2.66896 -6.75209 2
    endloop
  endfacet
  facet normal 0 0 1
    outer loop
      vertex 2.66896 -6.75209 2
      vertex 1.58353 -7.67999 2
      vertex 2.66336 -6.78726 2
    endloop
  endfacet
  facet normal 0 0 1
    outer loop
      vertex 2.66336 -6.78726 2
      vertex 1.58353 -7.67999 2
      vertex 2.65649 -6.82274 2
    endloop
  endfacet
  facet normal 0 0 1
    outer loop
      vertex 2.64844 -6.85803 2
      vertex 1.58353 -7.67999 2
      vertex 2.63936 -6.8925 2
    endloop
  endfacet
  facet normal 0 0 1
    outer loop
      vertex 2.63936 -6.8925 2
      vertex 1.58353 -7.67999 2
      vertex 2.62912 -6.92668 2
    endloop
  endfacet
  facet normal 0 0 1
    outer loop
      vertex 2.62912 -6.92668 2
      vertex 1.58353 -7.67999 2
      vertex 2.61769 -6.96071 2
    endloop
  endfacet
  facet normal 0 0 1
    outer loop
      vertex 2.61769 -6.96071 2
      vertex 1.58353 -7.67999 2
      vertex 2.60506 -6.99455 2
    endloop
  endfacet
  facet normal 0 0 1
    outer loop
      vertex 2.59149 -7.0275 2
      vertex 1.58353 -7.67999 2
      vertex 2.57655 -7.06061 2
    endloop
  endfacet
  facet normal 0 0 1
    outer loop
      vertex 2.57655 -7.06061 2
      vertex 1.58353 -7.67999 2
      vertex 2.56093 -7.09236 2
    endloop
  endfacet
  facet normal 0 0 1
    outer loop
      vertex 2.56093 -7.09236 2
      vertex 1.58353 -7.67999 2
      vertex 2.54381 -7.12444 2
    endloop
  endfacet
  facet normal 0 0 1
    outer loop
      vertex 2.54381 -7.12444 2
      vertex 1.58353 -7.67999 2
      vertex 2.52609 -7.15514 2
    endloop
  endfacet
  facet normal 0 0 1
    outer loop
      vertex 2.52609 -7.15514 2
      vertex 1.58353 -7.67999 2
      vertex 2.50703 -7.18575 2
    endloop
  endfacet
  facet normal 0 0 1
    outer loop
      vertex 2.48705 -7.21559 2
      vertex 1.58353 -7.67999 2
      vertex 2.46603 -7.2448 2
    endloop
  endfacet
  facet normal 0 0 1
    outer loop
      vertex 2.46603 -7.2448 2
      vertex 1.58353 -7.67999 2
      vertex 2.44402 -7.27339 2
    endloop
  endfacet
  facet normal 0 0 1
    outer loop
      vertex 2.44402 -7.27339 2
      vertex 1.58353 -7.67999 2
      vertex 2.42128 -7.30093 2
    endloop
  endfacet
  facet normal 0 0 1
    outer loop
      vertex 2.42128 -7.30093 2
      vertex 1.58353 -7.67999 2
      vertex 2.39755 -7.32782 2
    endloop
  endfacet
  facet normal 0 0 1
    outer loop
      vertex 2.39755 -7.32782 2
      vertex 1.58353 -7.67999 2
      vertex 2.37302 -7.35384 2
    endloop
  endfacet
  facet normal 0 0 1
    outer loop
      vertex 2.34753 -7.37909 2
      vertex 1.58353 -7.67999 2
      vertex 2.32132 -7.40343 2
    endloop
  endfacet
  facet normal 0 0 1
    outer loop
      vertex 2.32132 -7.40343 2
      vertex 1.58353 -7.67999 2
      vertex 2.29393 -7.42719 2
    endloop
  endfacet
  facet normal 0 0 1
    outer loop
      vertex 2.29393 -7.42719 2
      vertex 1.58353 -7.67999 2
      vertex 2.26601 -7.44984 2
    endloop
  endfacet
  facet normal 0 0 1
    outer loop
      vertex 2.26601 -7.44984 2
      vertex 1.58353 -7.67999 2
      vertex 2.23763 -7.47133 2
    endloop
  endfacet
  facet normal 0 0 1
    outer loop
      vertex 2.23763 -7.47133 2
      vertex 1.58353 -7.67999 2
      vertex 2.20819 -7.49213 2
    endloop
  endfacet
  facet normal 0 0 1
    outer loop
      vertex 2.17804 -7.51196 2
      vertex 1.58353 -7.67999 2
      vertex 2.14784 -7.53043 2
    endloop
  endfacet
  facet normal 0 0 1
    outer loop
      vertex 2.14784 -7.53043 2
      vertex 1.58353 -7.67999 2
      vertex 2.11644 -7.5482 2
    endloop
  endfacet
  facet normal 0 0 1
    outer loop
      vertex 2.11644 -7.5482 2
      vertex 1.58353 -7.67999 2
      vertex 2.08444 -7.56494 2
    endloop
  endfacet
  facet normal 0 0 1
    outer loop
      vertex 2.08444 -7.56494 2
      vertex 1.58353 -7.67999 2
      vertex 2.05232 -7.58041 2
    endloop
  endfacet
  facet normal 0 0 1
    outer loop
      vertex 2.05232 -7.58041 2
      vertex 1.58353 -7.67999 2
      vertex 2.0193 -7.59499 2
    endloop
  endfacet
  facet normal 0 0 1
    outer loop
      vertex 1.9864 -7.60822 2
      vertex 1.58353 -7.67999 2
      vertex 1.95238 -7.62059 2
    endloop
  endfacet
  facet normal 0 0 1
    outer loop
      vertex 1.95238 -7.62059 2
      vertex 1.58353 -7.67999 2
      vertex 1.91808 -7.63181 2
    endloop
  endfacet
  facet normal 0 0 1
    outer loop
      vertex 1.91808 -7.63181 2
      vertex 1.58353 -7.67999 2
      vertex 1.88365 -7.6418 2
    endloop
  endfacet
  facet normal 0 0 1
    outer loop
      vertex 1.88365 -7.6418 2
      vertex 1.58353 -7.67999 2
      vertex 1.84886 -7.65065 2
    endloop
  endfacet
  facet normal 0 0 1
    outer loop
      vertex 1.84886 -7.65065 2
      vertex 1.58353 -7.67999 2
      vertex 1.81403 -7.65831 2
    endloop
  endfacet
  facet normal 0 0 1
    outer loop
      vertex 1.7787 -7.66483 2
      vertex 1.58353 -7.67999 2
      vertex 1.74336 -7.67015 2
    endloop
  endfacet
  facet normal 0 0 1
    outer loop
      vertex 1.74336 -7.67015 2
      vertex 1.58353 -7.67999 2
      vertex 1.70715 -7.67439 2
    endloop
  endfacet
  facet normal 0 0 1
    outer loop
      vertex 1.70715 -7.67439 2
      vertex 1.58353 -7.67999 2
      vertex 1.67163 -7.67735 2
    endloop
  endfacet
  facet normal 0 0 1
    outer loop
      vertex 1.67163 -7.67735 2
      vertex 1.58353 -7.67999 2
      vertex 1.63632 -7.67911 2
    endloop
  endfacet
  facet normal 0 0 1
    outer loop
      vertex 1.81403 -7.65831 2
      vertex 1.58353 -7.67999 2
      vertex 1.7787 -7.66483 2
    endloop
  endfacet
  facet normal 0 0 1
    outer loop
      vertex 2.0193 -7.59499 2
      vertex 1.58353 -7.67999 2
      vertex 1.9864 -7.60822 2
    endloop
  endfacet
  facet normal 0 0 1
    outer loop
      vertex 2.20819 -7.49213 2
      vertex 1.58353 -7.67999 2
      vertex 2.17804 -7.51196 2
    endloop
  endfacet
  facet normal 0 0 1
    outer loop
      vertex 2.37302 -7.35384 2
      vertex 1.58353 -7.67999 2
      vertex 2.34753 -7.37909 2
    endloop
  endfacet
  facet normal 0 0 1
    outer loop
      vertex 2.50703 -7.18575 2
      vertex 1.58353 -7.67999 2
      vertex 2.48705 -7.21559 2
    endloop
  endfacet
  facet normal 0 0 1
    outer loop
      vertex 2.60506 -6.99455 2
      vertex 1.58353 -7.67999 2
      vertex 2.59149 -7.0275 2
    endloop
  endfacet
  facet normal 0 0 1
    outer loop
      vertex 2.65649 -6.82274 2
      vertex 1.58353 -7.67999 2
      vertex 2.64844 -6.85803 2
    endloop
  endfacet
  facet normal 0 0 1
    outer loop
      vertex 2.67999 -6.57983 2
      vertex 1.58353 -7.67999 2
      vertex 2.67856 -6.64896 2
    endloop
  endfacet
  facet normal -0 0 1
    outer loop
      vertex -0.56517 -4.42291 2
      vertex 1.58353 -7.67999 2
      vertex -0.491211 -4.356 2
    endloop
  endfacet
  facet normal -0 0 1
    outer loop
      vertex -0.600906 -4.45445 2
      vertex 1.58353 -7.67999 2
      vertex -0.56517 -4.42291 2
    endloop
  endfacet
  facet normal -0 0 1
    outer loop
      vertex -0.676498 -4.5195 2
      vertex 1.58353 -7.67999 2
      vertex -0.600906 -4.45445 2
    endloop
  endfacet
  facet normal -0 0 1
    outer loop
      vertex -0.712921 -4.55006 2
      vertex 1.58353 -7.67999 2
      vertex -0.676498 -4.5195 2
    endloop
  endfacet
  facet normal -0 0 1
    outer loop
      vertex -0.7901 -4.61322 2
      vertex 1.58353 -7.67999 2
      vertex -0.712921 -4.55006 2
    endloop
  endfacet
  facet normal -0 0 1
    outer loop
      vertex -0.827835 -4.64333 2
      vertex 1.58353 -7.67999 2
      vertex -0.7901 -4.61322 2
    endloop
  endfacet
  facet normal -0 0 1
    outer loop
      vertex -0.906586 -4.70453 2
      vertex 1.58353 -7.67999 2
      vertex -0.827835 -4.64333 2
    endloop
  endfacet
  facet normal -0 0 1
    outer loop
      vertex -0.944702 -4.7334 2
      vertex 1.58353 -7.67999 2
      vertex -0.906586 -4.70453 2
    endloop
  endfacet
  facet normal -0 0 1
    outer loop
      vertex -1.02495 -4.79262 2
      vertex 1.58353 -7.67999 2
      vertex -0.944702 -4.7334 2
    endloop
  endfacet
  facet normal -0 0 1
    outer loop
      vertex -1.06374 -4.8205 2
      vertex 1.58353 -7.67999 2
      vertex -1.02495 -4.79262 2
    endloop
  endfacet
  facet normal -0 0 1
    outer loop
      vertex -1.14543 -4.8777 2
      vertex 1.58353 -7.67999 2
      vertex -1.06374 -4.8205 2
    endloop
  endfacet
  facet normal 0 0 1
    outer loop
      vertex -1.57983 -7.67999 2
      vertex -1.14543 -4.8777 2
      vertex -1.18495 -4.90465 2
    endloop
  endfacet
  facet normal 0 0 1
    outer loop
      vertex -1.57983 -7.67999 2
      vertex -1.18495 -4.90465 2
      vertex -1.26804 -4.95979 2
    endloop
  endfacet
  facet normal 0 0 1
    outer loop
      vertex -1.57983 -7.67999 2
      vertex -1.26804 -4.95979 2
      vertex -1.30814 -4.9857 2
    endloop
  endfacet
  facet normal 0 0 1
    outer loop
      vertex -1.57983 -7.67999 2
      vertex -1.30814 -4.9857 2
      vertex -1.39258 -5.03877 2
    endloop
  endfacet
  facet normal 0 0 1
    outer loop
      vertex -1.57983 -7.67999 2
      vertex -1.39258 -5.03877 2
      vertex -1.43376 -5.06393 2
    endloop
  endfacet
  facet normal 0 0 1
    outer loop
      vertex -1.57983 -7.67999 2
      vertex -1.43376 -5.06393 2
      vertex -1.51952 -5.11487 2
    endloop
  endfacet
  facet normal 0 0 1
    outer loop
      vertex -1.57983 -7.67999 2
      vertex -1.51952 -5.11487 2
      vertex -1.56076 -5.13869 2
    endloop
  endfacet
  facet normal 0 0 1
    outer loop
      vertex -1.14543 -4.8777 2
      vertex -1.57983 -7.67999 2
      vertex 1.58353 -7.67999 2
    endloop
  endfacet
  facet normal -0 0 1
    outer loop
      vertex -1.64774 -5.18747 2
      vertex -1.57983 -7.67999 2
      vertex -1.56076 -5.13869 2
    endloop
  endfacet
  facet normal -0 0 1
    outer loop
      vertex -1.68988 -5.21042 2
      vertex -1.57983 -7.67999 2
      vertex -1.64774 -5.18747 2
    endloop
  endfacet
  facet normal -0 0 1
    outer loop
      vertex -1.77806 -5.25702 2
      vertex -1.57983 -7.67999 2
      vertex -1.68988 -5.21042 2
    endloop
  endfacet
  facet normal -0 0 1
    outer loop
      vertex -1.82051 -5.27878 2
      vertex -1.57983 -7.67999 2
      vertex -1.77806 -5.25702 2
    endloop
  endfacet
  facet normal -0 0 1
    outer loop
      vertex -1.90981 -5.32317 2
      vertex -1.57983 -7.67999 2
      vertex -1.82051 -5.27878 2
    endloop
  endfacet
  facet normal -0 0 1
    outer loop
      vertex -1.95312 -5.34402 2
      vertex -1.57983 -7.67999 2
      vertex -1.90981 -5.32317 2
    endloop
  endfacet
  facet normal -0 0 1
    outer loop
      vertex -2.67999 -6.58353 2
      vertex -1.57983 -7.67999 2
      vertex -1.95312 -5.34402 2
    endloop
  endfacet
  facet normal 0 0 1
    outer loop
      vertex -1.57983 -7.67999 2
      vertex -2.67999 -6.58353 2
      vertex -1.64896 -7.67856 2
    endloop
  endfacet
  facet normal 0 0 1
    outer loop
      vertex -1.64896 -7.67856 2
      vertex -2.67999 -6.58353 2
      vertex -1.68057 -7.67671 2
    endloop
  endfacet
  facet normal 0 0 1
    outer loop
      vertex -1.68057 -7.67671 2
      vertex -2.67999 -6.58353 2
      vertex -1.71649 -7.67343 2
    endloop
  endfacet
  facet normal 0 0 1
    outer loop
      vertex -1.71649 -7.67343 2
      vertex -2.67999 -6.58353 2
      vertex -1.75209 -7.66896 2
    endloop
  endfacet
  facet normal 0 0 1
    outer loop
      vertex -1.75209 -7.66896 2
      vertex -2.67999 -6.58353 2
      vertex -1.78726 -7.66336 2
    endloop
  endfacet
  facet normal 0 0 1
    outer loop
      vertex -1.78726 -7.66336 2
      vertex -2.67999 -6.58353 2
      vertex -1.82274 -7.65649 2
    endloop
  endfacet
  facet normal 0 0 1
    outer loop
      vertex -1.82274 -7.65649 2
      vertex -2.67999 -6.58353 2
      vertex -1.85803 -7.64844 2
    endloop
  endfacet
  facet normal 0 0 1
    outer loop
      vertex -1.85803 -7.64844 2
      vertex -2.67999 -6.58353 2
      vertex -1.8925 -7.63936 2
    endloop
  endfacet
  facet normal 0 0 1
    outer loop
      vertex -1.8925 -7.63936 2
      vertex -2.67999 -6.58353 2
      vertex -1.92668 -7.62912 2
    endloop
  endfacet
  facet normal 0 0 1
    outer loop
      vertex -1.92668 -7.62912 2
      vertex -2.67999 -6.58353 2
      vertex -1.96071 -7.61769 2
    endloop
  endfacet
  facet normal 0 0 1
    outer loop
      vertex -1.96071 -7.61769 2
      vertex -2.67999 -6.58353 2
      vertex -1.99455 -7.60506 2
    endloop
  endfacet
  facet normal 0 0 1
    outer loop
      vertex -2.67999 -6.58353 2
      vertex -1.95312 -5.34402 2
      vertex -2.04352 -5.38617 2
    endloop
  endfacet
  facet normal 0 0 1
    outer loop
      vertex -1.99455 -7.60506 2
      vertex -2.67999 -6.58353 2
      vertex -2.0275 -7.59149 2
    endloop
  endfacet
  facet normal 0 0 1
    outer loop
      vertex -2.67999 -6.58353 2
      vertex -2.04352 -5.38617 2
      vertex -2.08701 -5.40579 2
    endloop
  endfacet
  facet normal 0 0 1
    outer loop
      vertex -2.0275 -7.59149 2
      vertex -2.67999 -6.58353 2
      vertex -2.06061 -7.57655 2
    endloop
  endfacet
  facet normal 0 0 1
    outer loop
      vertex -2.06061 -7.57655 2
      vertex -2.67999 -6.58353 2
      vertex -2.09236 -7.56093 2
    endloop
  endfacet
  facet normal 0 0 1
    outer loop
      vertex -2.09236 -7.56093 2
      vertex -2.67999 -6.58353 2
      vertex -2.12444 -7.54381 2
    endloop
  endfacet
  facet normal 0 0 1
    outer loop
      vertex -2.67999 -6.58353 2
      vertex -2.08701 -5.40579 2
      vertex -2.17842 -5.44568 2
    endloop
  endfacet
  facet normal 0 0 1
    outer loop
      vertex -2.12444 -7.54381 2
      vertex -2.67999 -6.58353 2
      vertex -2.15514 -7.52609 2
    endloop
  endfacet
  facet normal 0 0 1
    outer loop
      vertex -2.15514 -7.52609 2
      vertex -2.67999 -6.58353 2
      vertex -2.18575 -7.50703 2
    endloop
  endfacet
  facet normal 0 0 1
    outer loop
      vertex -2.67999 -6.58353 2
      vertex -2.17842 -5.44568 2
      vertex -2.22272 -5.46436 2
    endloop
  endfacet
  facet normal 0 0 1
    outer loop
      vertex -2.18575 -7.50703 2
      vertex -2.67999 -6.58353 2
      vertex -2.21559 -7.48705 2
    endloop
  endfacet
  facet normal 0 0 1
    outer loop
      vertex -2.21559 -7.48705 2
      vertex -2.67999 -6.58353 2
      vertex -2.2448 -7.46603 2
    endloop
  endfacet
  facet normal 0 0 1
    outer loop
      vertex -2.2448 -7.46603 2
      vertex -2.67999 -6.58353 2
      vertex -2.27339 -7.44402 2
    endloop
  endfacet
  facet normal 0 0 1
    outer loop
      vertex -2.67999 -6.58353 2
      vertex -2.22272 -5.46436 2
      vertex -2.31509 -5.50194 2
    endloop
  endfacet
  facet normal 0 0 1
    outer loop
      vertex -2.27339 -7.44402 2
      vertex -2.67999 -6.58353 2
      vertex -2.30093 -7.42128 2
    endloop
  endfacet
  facet normal 0 0 1
    outer loop
      vertex -2.30093 -7.42128 2
      vertex -2.67999 -6.58353 2
      vertex -2.32782 -7.39755 2
    endloop
  endfacet
  facet normal 0 0 1
    outer loop
      vertex -2.67999 -6.58353 2
      vertex -2.31509 -5.50194 2
      vertex -2.35942 -5.51933 2
    endloop
  endfacet
  facet normal 0 0 1
    outer loop
      vertex -2.32782 -7.39755 2
      vertex -2.67999 -6.58353 2
      vertex -2.35384 -7.37302 2
    endloop
  endfacet
  facet normal 0 0 1
    outer loop
      vertex -2.35384 -7.37302 2
      vertex -2.67999 -6.58353 2
      vertex -2.37909 -7.34753 2
    endloop
  endfacet
  facet normal 0 0 1
    outer loop
      vertex -2.37909 -7.34753 2
      vertex -2.67999 -6.58353 2
      vertex -2.40343 -7.32132 2
    endloop
  endfacet
  facet normal 0 0 1
    outer loop
      vertex -2.40343 -7.32132 2
      vertex -2.67999 -6.58353 2
      vertex -2.42719 -7.29393 2
    endloop
  endfacet
  facet normal 0 0 1
    outer loop
      vertex -2.67999 -6.58353 2
      vertex -2.35942 -5.51933 2
      vertex -2.4527 -5.55461 2
    endloop
  endfacet
  facet normal 0 0 1
    outer loop
      vertex -2.42719 -7.29393 2
      vertex -2.67999 -6.58353 2
      vertex -2.44984 -7.26601 2
    endloop
  endfacet
  facet normal 0 0 1
    outer loop
      vertex -2.44984 -7.26601 2
      vertex -2.67999 -6.58353 2
      vertex -2.47133 -7.23763 2
    endloop
  endfacet
  facet normal 0 0 1
    outer loop
      vertex -2.67999 -6.58353 2
      vertex -2.4527 -5.55461 2
      vertex -2.49768 -5.57098 2
    endloop
  endfacet
  facet normal 0 0 1
    outer loop
      vertex -2.47133 -7.23763 2
      vertex -2.67999 -6.58353 2
      vertex -2.49213 -7.20819 2
    endloop
  endfacet
  facet normal 0 0 1
    outer loop
      vertex -2.49213 -7.20819 2
      vertex -2.67999 -6.58353 2
      vertex -2.51196 -7.17804 2
    endloop
  endfacet
  facet normal 0 0 1
    outer loop
      vertex -2.51196 -7.17804 2
      vertex -2.67999 -6.58353 2
      vertex -2.53043 -7.14784 2
    endloop
  endfacet
  facet normal 0 0 1
    outer loop
      vertex -2.53043 -7.14784 2
      vertex -2.67999 -6.58353 2
      vertex -2.5482 -7.11644 2
    endloop
  endfacet
  facet normal 0 0 1
    outer loop
      vertex -2.5482 -7.11644 2
      vertex -2.67999 -6.58353 2
      vertex -2.56494 -7.08444 2
    endloop
  endfacet
  facet normal 0 0 1
    outer loop
      vertex -2.67999 -6.58353 2
      vertex -2.49768 -5.57098 2
      vertex -2.59181 -5.60393 2
    endloop
  endfacet
  facet normal 0 0 1
    outer loop
      vertex -2.56494 -7.08444 2
      vertex -2.67999 -6.58353 2
      vertex -2.58041 -7.05232 2
    endloop
  endfacet
  facet normal 0 0 1
    outer loop
      vertex -2.58041 -7.05232 2
      vertex -2.67999 -6.58353 2
      vertex -2.59499 -7.0193 2
    endloop
  endfacet
  facet normal 0 0 1
    outer loop
      vertex -2.59499 -7.0193 2
      vertex -2.67999 -6.58353 2
      vertex -2.60822 -6.9864 2
    endloop
  endfacet
  facet normal 0 0 1
    outer loop
      vertex -2.60822 -6.9864 2
      vertex -2.67999 -6.58353 2
      vertex -2.62059 -6.95238 2
    endloop
  endfacet
  facet normal 0 0 1
    outer loop
      vertex -2.67999 -6.58353 2
      vertex -2.59181 -5.60393 2
      vertex -2.63733 -5.61922 2
    endloop
  endfacet
  facet normal 0 0 1
    outer loop
      vertex -2.62059 -6.95238 2
      vertex -2.67999 -6.58353 2
      vertex -2.63181 -6.91808 2
    endloop
  endfacet
  facet normal 0 0 1
    outer loop
      vertex -2.63181 -6.91808 2
      vertex -2.67999 -6.58353 2
      vertex -2.6418 -6.88365 2
    endloop
  endfacet
  facet normal 0 0 1
    outer loop
      vertex -2.6418 -6.88365 2
      vertex -2.67999 -6.58353 2
      vertex -2.65065 -6.84886 2
    endloop
  endfacet
  facet normal 0 0 1
    outer loop
      vertex -2.65065 -6.84886 2
      vertex -2.67999 -6.58353 2
      vertex -2.65831 -6.81403 2
    endloop
  endfacet
  facet normal 0 0 1
    outer loop
      vertex -2.65831 -6.81403 2
      vertex -2.67999 -6.58353 2
      vertex -2.66483 -6.7787 2
    endloop
  endfacet
  facet normal 0 0 1
    outer loop
      vertex -2.66483 -6.7787 2
      vertex -2.67999 -6.58353 2
      vertex -2.67015 -6.74336 2
    endloop
  endfacet
  facet normal 0 0 1
    outer loop
      vertex -2.67015 -6.74336 2
      vertex -2.67999 -6.58353 2
      vertex -2.67439 -6.70715 2
    endloop
  endfacet
  facet normal 0 0 1
    outer loop
      vertex -2.67439 -6.70715 2
      vertex -2.67999 -6.58353 2
      vertex -2.67735 -6.67163 2
    endloop
  endfacet
  facet normal 0 0 1
    outer loop
      vertex -2.67999 -6.58353 2
      vertex -2.63733 -5.61922 2
      vertex -2.67999 -5.63297 2
    endloop
  endfacet
  facet normal 0 0 1
    outer loop
      vertex -2.67735 -6.67163 2
      vertex -2.67999 -6.58353 2
      vertex -2.67911 -6.63632 2
    endloop
  endfacet
  facet normal 0 0 1
    outer loop
      vertex -7.09999 -6.62083 2
      vertex -4.59999 -6.59999 2
      vertex -4.59999 -4 2
    endloop
  endfacet
  facet normal 0 0 1
    outer loop
      vertex -4.59999 -6.59999 2
      vertex -4.88457 -11.0119 2
      vertex -4.73611 -11.1187 2
    endloop
  endfacet
  facet normal 0 0 1
    outer loop
      vertex -4.59999 -6.59999 2
      vertex -5.02936 -10.9004 2
      vertex -4.88457 -11.0119 2
    endloop
  endfacet
  facet normal 0 0 1
    outer loop
      vertex -4.59999 -6.59999 2
      vertex -5.17044 -10.784 2
      vertex -5.02936 -10.9004 2
    endloop
  endfacet
  facet normal 0 0 1
    outer loop
      vertex -4.59999 -6.59999 2
      vertex -5.3076 -10.6629 2
      vertex -5.17044 -10.784 2
    endloop
  endfacet
  facet normal 0 0 1
    outer loop
      vertex -4.59999 -6.59999 2
      vertex -5.44058 -10.5375 2
      vertex -5.3076 -10.6629 2
    endloop
  endfacet
  facet normal 0 0 1
    outer loop
      vertex -4.59999 -6.59999 2
      vertex -5.56927 -10.4077 2
      vertex -5.44058 -10.5375 2
    endloop
  endfacet
  facet normal 0 0 1
    outer loop
      vertex -4.59999 -6.59999 2
      vertex -5.69366 -10.2736 2
      vertex -5.56927 -10.4077 2
    endloop
  endfacet
  facet normal 0 0 1
    outer loop
      vertex -4.59999 -6.59999 2
      vertex -5.81349 -10.1355 2
      vertex -5.69366 -10.2736 2
    endloop
  endfacet
  facet normal 0 0 1
    outer loop
      vertex -4.59999 -6.59999 2
      vertex -5.92868 -9.99355 2
      vertex -5.81349 -10.1355 2
    endloop
  endfacet
  facet normal 0 0 1
    outer loop
      vertex -4.59999 -6.59999 2
      vertex -6.03911 -9.84775 2
      vertex -5.92868 -9.99355 2
    endloop
  endfacet
  facet normal 0 0 1
    outer loop
      vertex -4.59999 -6.59999 2
      vertex -6.14449 -9.69858 2
      vertex -6.03911 -9.84775 2
    endloop
  endfacet
  facet normal 0 0 1
    outer loop
      vertex -4.59999 -6.59999 2
      vertex -6.245 -9.54581 2
      vertex -6.14449 -9.69858 2
    endloop
  endfacet
  facet normal 0 0 1
    outer loop
      vertex -4.59999 -6.59999 2
      vertex -6.34047 -9.38956 2
      vertex -6.245 -9.54581 2
    endloop
  endfacet
  facet normal 0 0 1
    outer loop
      vertex -4.59999 -6.59999 2
      vertex -6.43056 -9.23047 2
      vertex -6.34047 -9.38956 2
    endloop
  endfacet
  facet normal 0 0 1
    outer loop
      vertex -4.59999 -6.59999 2
      vertex -6.51527 -9.06856 2
      vertex -6.43056 -9.23047 2
    endloop
  endfacet
  facet normal 0 0 1
    outer loop
      vertex -4.59999 -6.59999 2
      vertex -6.59459 -8.90385 2
      vertex -6.51527 -9.06856 2
    endloop
  endfacet
  facet normal 0 0 1
    outer loop
      vertex -4.59999 -6.59999 2
      vertex -6.66844 -8.73651 2
      vertex -6.59459 -8.90385 2
    endloop
  endfacet
  facet normal 0 0 1
    outer loop
      vertex -4.59999 -6.59999 2
      vertex -6.73668 -8.56679 2
      vertex -6.66844 -8.73651 2
    endloop
  endfacet
  facet normal 0 0 1
    outer loop
      vertex -4.59999 -6.59999 2
      vertex -6.79919 -8.395 2
      vertex -6.73668 -8.56679 2
    endloop
  endfacet
  facet normal 0 0 1
    outer loop
      vertex -4.59999 -6.59999 2
      vertex -6.85593 -8.22136 2
      vertex -6.79919 -8.395 2
    endloop
  endfacet
  facet normal 0 0 1
    outer loop
      vertex -4.59999 -6.59999 2
      vertex -6.90697 -8.04565 2
      vertex -6.85593 -8.22136 2
    endloop
  endfacet
  facet normal 0 0 1
    outer loop
      vertex -4.59999 -6.59999 2
      vertex -6.95207 -7.86842 2
      vertex -6.90697 -8.04565 2
    endloop
  endfacet
  facet normal 0 0 1
    outer loop
      vertex -4.59999 -6.59999 2
      vertex -6.99127 -7.6899 2
      vertex -6.95207 -7.86842 2
    endloop
  endfacet
  facet normal 0 0 1
    outer loop
      vertex -4.59999 -6.59999 2
      vertex -7.02454 -7.50996 2
      vertex -6.99127 -7.6899 2
    endloop
  endfacet
  facet normal 0 0 1
    outer loop
      vertex -4.59999 -6.59999 2
      vertex -7.05177 -7.32928 2
      vertex -7.02454 -7.50996 2
    endloop
  endfacet
  facet normal 0 0 1
    outer loop
      vertex -4.59999 -6.59999 2
      vertex -7.07298 -7.1478 2
      vertex -7.05177 -7.32928 2
    endloop
  endfacet
  facet normal 0 0 1
    outer loop
      vertex -4.59999 -6.59999 2
      vertex -7.0882 -6.96538 2
      vertex -7.07298 -7.1478 2
    endloop
  endfacet
  facet normal 0 0 1
    outer loop
      vertex -4.59999 -6.59999 2
      vertex -7.09729 -6.78273 2
      vertex -7.0882 -6.96538 2
    endloop
  endfacet
  facet normal 0 0 1
    outer loop
      vertex -7.09999 -6.62083 2
      vertex -4.59999 -4 2
      vertex -7.09999 -4 2
    endloop
  endfacet
  facet normal 0 0 1
    outer loop
      vertex -4.59999 -6.59999 2
      vertex -7.09999 -6.62083 2
      vertex -7.09729 -6.78273 2
    endloop
  endfacet
  facet normal 0 0 1
    outer loop
      vertex 4.59999 6.59999 2
      vertex 7.09999 6.62083 2
      vertex 7.09729 6.78273 2
    endloop
  endfacet
  facet normal 0 0 1
    outer loop
      vertex 7.09999 6.62083 2
      vertex 4.59999 6.59999 2
      vertex 7.09999 -6.62601 2
    endloop
  endfacet
  facet normal 0 0 1
    outer loop
      vertex 4.59833 6.69971 2
      vertex 7.09729 6.78273 2
      vertex 7.0882 6.96538 2
    endloop
  endfacet
  facet normal 0 0 1
    outer loop
      vertex 7.09999 -6.62601 2
      vertex 4.59999 6.59999 2
      vertex 4.59999 -6.59999 2
    endloop
  endfacet
  facet normal 0 0 1
    outer loop
      vertex 4.59337 6.79932 2
      vertex 7.0882 6.96538 2
      vertex 7.07298 7.1478 2
    endloop
  endfacet
  facet normal 0 0 1
    outer loop
      vertex 7.09999 -6.62601 2
      vertex 4.59999 -6.59999 2
      vertex 7.09589 -6.82335 2
    endloop
  endfacet
  facet normal 0 0 1
    outer loop
      vertex 4.58508 6.8987 2
      vertex 7.07298 7.1478 2
      vertex 7.05177 7.32928 2
    endloop
  endfacet
  facet normal -0 0 1
    outer loop
      vertex 4.5974 -6.72462 2
      vertex 7.09589 -6.82335 2
      vertex 4.59999 -6.59999 2
    endloop
  endfacet
  facet normal 0 0 1
    outer loop
      vertex 4.5735 6.99774 2
      vertex 7.05177 7.32928 2
      vertex 7.02454 7.50996 2
    endloop
  endfacet
  facet normal 0 0 1
    outer loop
      vertex 7.09589 -6.82335 2
      vertex 4.5974 -6.72462 2
      vertex 7.08496 -7.01091 2
    endloop
  endfacet
  facet normal 0 0 1
    outer loop
      vertex 4.55864 7.09636 2
      vertex 7.02454 7.50996 2
      vertex 6.99127 7.6899 2
    endloop
  endfacet
  facet normal -0 0 1
    outer loop
      vertex 4.5916 -6.82419 2
      vertex 7.08496 -7.01091 2
      vertex 4.5974 -6.72462 2
    endloop
  endfacet
  facet normal 0 0 1
    outer loop
      vertex 4.54051 7.19443 2
      vertex 6.99127 7.6899 2
      vertex 6.95207 7.86842 2
    endloop
  endfacet
  facet normal 0 0 1
    outer loop
      vertex 7.08496 -7.01091 2
      vertex 4.5916 -6.82419 2
      vertex 7.06828 -7.19305 2
    endloop
  endfacet
  facet normal 0 0 1
    outer loop
      vertex 4.51912 7.29184 2
      vertex 6.95207 7.86842 2
      vertex 6.90697 8.04565 2
    endloop
  endfacet
  facet normal -0 0 1
    outer loop
      vertex 4.5825 -6.92349 2
      vertex 7.06828 -7.19305 2
      vertex 4.5916 -6.82419 2
    endloop
  endfacet
  facet normal 0 0 1
    outer loop
      vertex 4.49452 7.38849 2
      vertex 6.90697 8.04565 2
      vertex 6.85593 8.22136 2
    endloop
  endfacet
  facet normal 0 0 1
    outer loop
      vertex 7.06828 -7.19305 2
      vertex 4.5825 -6.92349 2
      vertex 7.04552 -7.37463 2
    endloop
  endfacet
  facet normal 0 0 1
    outer loop
      vertex 4.46671 7.48425 2
      vertex 6.85593 8.22136 2
      vertex 6.79919 8.395 2
    endloop
  endfacet
  facet normal -0 0 1
    outer loop
      vertex 4.5701 -7.02245 2
      vertex 7.04552 -7.37463 2
      vertex 4.5825 -6.92349 2
    endloop
  endfacet
  facet normal 0 0 1
    outer loop
      vertex 4.43573 7.57906 2
      vertex 6.79919 8.395 2
      vertex 6.73668 8.56679 2
    endloop
  endfacet
  facet normal 0 0 1
    outer loop
      vertex 7.04552 -7.37463 2
      vertex 4.5701 -7.02245 2
      vertex 7.01675 -7.55522 2
    endloop
  endfacet
  facet normal 0 0 1
    outer loop
      vertex 4.40163 7.67276 2
      vertex 6.73668 8.56679 2
      vertex 6.66844 8.73651 2
    endloop
  endfacet
  facet normal -0 0 1
    outer loop
      vertex 4.55441 -7.12094 2
      vertex 7.01675 -7.55522 2
      vertex 4.5701 -7.02245 2
    endloop
  endfacet
  facet normal 0 0 1
    outer loop
      vertex 4.36443 7.76529 2
      vertex 6.66844 8.73651 2
      vertex 6.59459 8.90385 2
    endloop
  endfacet
  facet normal 0 0 1
    outer loop
      vertex 7.01675 -7.55522 2
      vertex 4.55441 -7.12094 2
      vertex 6.98203 -7.73463 2
    endloop
  endfacet
  facet normal 0 0 1
    outer loop
      vertex 4.32416 7.85654 2
      vertex 6.59459 8.90385 2
      vertex 6.51527 9.06856 2
    endloop
  endfacet
  facet normal -0 0 1
    outer loop
      vertex 4.53546 -7.21884 2
      vertex 6.98203 -7.73463 2
      vertex 4.55441 -7.12094 2
    endloop
  endfacet
  facet normal 0 0 1
    outer loop
      vertex 4.28088 7.9464 2
      vertex 6.51527 9.06856 2
      vertex 6.43056 9.23047 2
    endloop
  endfacet
  facet normal 0 0 1
    outer loop
      vertex 6.98203 -7.73463 2
      vertex 4.53546 -7.21884 2
      vertex 6.94138 -7.91277 2
    endloop
  endfacet
  facet normal 0 0 1
    outer loop
      vertex 4.23465 8.03476 2
      vertex 6.43056 9.23047 2
      vertex 6.34047 9.38956 2
    endloop
  endfacet
  facet normal -0 0 1
    outer loop
      vertex 4.51328 -7.31607 2
      vertex 6.94138 -7.91277 2
      vertex 4.53546 -7.21884 2
    endloop
  endfacet
  facet normal 0 0 1
    outer loop
      vertex 4.18552 8.12154 2
      vertex 6.34047 9.38956 2
      vertex 6.245 9.54581 2
    endloop
  endfacet
  facet normal 0 0 1
    outer loop
      vertex 6.94138 -7.91277 2
      vertex 4.51328 -7.31607 2
      vertex 6.89476 -8.08969 2
    endloop
  endfacet
  facet normal 0 0 1
    outer loop
      vertex 4.13351 8.20663 2
      vertex 6.245 9.54581 2
      vertex 6.14449 9.69858 2
    endloop
  endfacet
  facet normal -0 0 1
    outer loop
      vertex 4.48787 -7.41251 2
      vertex 6.89476 -8.08969 2
      vertex 4.51328 -7.31607 2
    endloop
  endfacet
  facet normal 0 0 1
    outer loop
      vertex 4.0787 8.28995 2
      vertex 6.14449 9.69858 2
      vertex 6.03911 9.84775 2
    endloop
  endfacet
  facet normal 0 0 1
    outer loop
      vertex 6.89476 -8.08969 2
      vertex 4.48787 -7.41251 2
      vertex 6.84232 -8.26486 2
    endloop
  endfacet
  facet normal 0 0 1
    outer loop
      vertex 4.02116 8.3714 2
      vertex 6.03911 9.84775 2
      vertex 5.92868 9.99355 2
    endloop
  endfacet
  facet normal -0 0 1
    outer loop
      vertex 4.45926 -7.50806 2
      vertex 6.84232 -8.26486 2
      vertex 4.48787 -7.41251 2
    endloop
  endfacet
  facet normal 0 0 1
    outer loop
      vertex 3.96095 8.4509 2
      vertex 5.92868 9.99355 2
      vertex 5.81349 10.1355 2
    endloop
  endfacet
  facet normal 0 0 1
    outer loop
      vertex 6.84232 -8.26486 2
      vertex 4.45926 -7.50806 2
      vertex 6.78407 -8.43823 2
    endloop
  endfacet
  facet normal 0 0 1
    outer loop
      vertex 3.89812 8.52835 2
      vertex 5.81349 10.1355 2
      vertex 5.69366 10.2736 2
    endloop
  endfacet
  facet normal -0 0 1
    outer loop
      vertex 4.42751 -7.60258 2
      vertex 6.78407 -8.43823 2
      vertex 4.45926 -7.50806 2
    endloop
  endfacet
  facet normal 0 0 1
    outer loop
      vertex 3.83276 8.60367 2
      vertex 5.69366 10.2736 2
      vertex 5.56927 10.4077 2
    endloop
  endfacet
  facet normal 0 0 1
    outer loop
      vertex 6.78407 -8.43823 2
      vertex 4.42751 -7.60258 2
      vertex 6.72009 -8.60953 2
    endloop
  endfacet
  facet normal 0 0 1
    outer loop
      vertex 3.76492 8.67677 2
      vertex 5.56927 10.4077 2
      vertex 5.44058 10.5375 2
    endloop
  endfacet
  facet normal -0 0 1
    outer loop
      vertex 4.39261 -7.69601 2
      vertex 6.72009 -8.60953 2
      vertex 4.42751 -7.60258 2
    endloop
  endfacet
  facet normal 0 0 1
    outer loop
      vertex 3.6947 8.74759 2
      vertex 5.44058 10.5375 2
      vertex 5.3076 10.6629 2
    endloop
  endfacet
  facet normal 0 0 1
    outer loop
      vertex 6.72009 -8.60953 2
      vertex 4.39261 -7.69601 2
      vertex 6.65056 -8.77844 2
    endloop
  endfacet
  facet normal 0 0 1
    outer loop
      vertex 3.62216 8.81602 2
      vertex 5.3076 10.6629 2
      vertex 5.17044 10.784 2
    endloop
  endfacet
  facet normal -0 0 1
    outer loop
      vertex 4.35464 -7.78822 2
      vertex 6.65056 -8.77844 2
      vertex 4.39261 -7.69601 2
    endloop
  endfacet
  facet normal 0 0 1
    outer loop
      vertex 3.54739 8.88202 2
      vertex 5.17044 10.784 2
      vertex 5.02936 10.9004 2
    endloop
  endfacet
  facet normal 0 0 1
    outer loop
      vertex 6.65056 -8.77844 2
      vertex 4.35464 -7.78822 2
      vertex 6.5753 -8.94522 2
    endloop
  endfacet
  facet normal 0 0 1
    outer loop
      vertex 3.47046 8.94548 2
      vertex 5.02936 10.9004 2
      vertex 4.88457 11.0119 2
    endloop
  endfacet
  facet normal -0 0 1
    outer loop
      vertex 4.31363 -7.87914 2
      vertex 6.5753 -8.94522 2
      vertex 4.35464 -7.78822 2
    endloop
  endfacet
  facet normal 0 0 1
    outer loop
      vertex 3.39146 9.00636 2
      vertex 4.88457 11.0119 2
      vertex 4.73611 11.1187 2
    endloop
  endfacet
  facet normal 0 0 1
    outer loop
      vertex 6.5753 -8.94522 2
      vertex 4.31363 -7.87914 2
      vertex 6.49454 -9.10941 2
    endloop
  endfacet
  facet normal -0 0 1
    outer loop
      vertex 4.26961 -7.96863 2
      vertex 6.49454 -9.10941 2
      vertex 4.31363 -7.87914 2
    endloop
  endfacet
  facet normal 0 0 1
    outer loop
      vertex 7.09729 6.78273 2
      vertex 4.59833 6.69971 2
      vertex 4.59999 6.59999 2
    endloop
  endfacet
  facet normal 0 0 1
    outer loop
      vertex 7.0882 6.96538 2
      vertex 4.59337 6.79932 2
      vertex 4.59833 6.69971 2
    endloop
  endfacet
  facet normal 0 0 1
    outer loop
      vertex 7.07298 7.1478 2
      vertex 4.58508 6.8987 2
      vertex 4.59337 6.79932 2
    endloop
  endfacet
  facet normal 0 0 1
    outer loop
      vertex 3.31049 9.06458 2
      vertex 4.73611 11.1187 2
      vertex 4.58427 11.2204 2
    endloop
  endfacet
  facet normal 0 0 1
    outer loop
      vertex 7.05177 7.32928 2
      vertex 4.5735 6.99774 2
      vertex 4.58508 6.8987 2
    endloop
  endfacet
  facet normal 0 0 1
    outer loop
      vertex 7.02454 7.50996 2
      vertex 4.55864 7.09636 2
      vertex 4.5735 6.99774 2
    endloop
  endfacet
  facet normal 0 0 1
    outer loop
      vertex 6.99127 7.6899 2
      vertex 4.54051 7.19443 2
      vertex 4.55864 7.09636 2
    endloop
  endfacet
  facet normal 0 0 1
    outer loop
      vertex 6.95207 7.86842 2
      vertex 4.51912 7.29184 2
      vertex 4.54051 7.19443 2
    endloop
  endfacet
  facet normal 0 0 1
    outer loop
      vertex 6.90697 8.04565 2
      vertex 4.49452 7.38849 2
      vertex 4.51912 7.29184 2
    endloop
  endfacet
  facet normal 0 0 1
    outer loop
      vertex 6.85593 8.22136 2
      vertex 4.46671 7.48425 2
      vertex 4.49452 7.38849 2
    endloop
  endfacet
  facet normal 0 0 1
    outer loop
      vertex 6.79919 8.395 2
      vertex 4.43573 7.57906 2
      vertex 4.46671 7.48425 2
    endloop
  endfacet
  facet normal 0 0 1
    outer loop
      vertex 3.22763 9.12007 2
      vertex 4.58427 11.2204 2
      vertex 4.42892 11.3171 2
    endloop
  endfacet
  facet normal 0 0 1
    outer loop
      vertex 6.73668 8.56679 2
      vertex 4.40163 7.67276 2
      vertex 4.43573 7.57906 2
    endloop
  endfacet
  facet normal 0 0 1
    outer loop
      vertex 6.66844 8.73651 2
      vertex 4.36443 7.76529 2
      vertex 4.40163 7.67276 2
    endloop
  endfacet
  facet normal 0 0 1
    outer loop
      vertex 6.59459 8.90385 2
      vertex 4.32416 7.85654 2
      vertex 4.36443 7.76529 2
    endloop
  endfacet
  facet normal 0 0 1
    outer loop
      vertex 6.51527 9.06856 2
      vertex 4.28088 7.9464 2
      vertex 4.32416 7.85654 2
    endloop
  endfacet
  facet normal 0 0 1
    outer loop
      vertex 3.14297 9.17278 2
      vertex 4.42892 11.3171 2
      vertex 4.2706 11.4085 2
    endloop
  endfacet
  facet normal 0 0 1
    outer loop
      vertex 6.43056 9.23047 2
      vertex 4.23465 8.03476 2
      vertex 4.28088 7.9464 2
    endloop
  endfacet
  facet normal 0 0 1
    outer loop
      vertex 6.34047 9.38956 2
      vertex 4.18552 8.12154 2
      vertex 4.23465 8.03476 2
    endloop
  endfacet
  facet normal 0 0 1
    outer loop
      vertex 6.245 9.54581 2
      vertex 4.13351 8.20663 2
      vertex 4.18552 8.12154 2
    endloop
  endfacet
  facet normal 0 0 1
    outer loop
      vertex 3.05659 9.22264 2
      vertex 4.2706 11.4085 2
      vertex 4.10941 11.4945 2
    endloop
  endfacet
  facet normal 0 0 1
    outer loop
      vertex 6.14449 9.69858 2
      vertex 4.0787 8.28995 2
      vertex 4.13351 8.20663 2
    endloop
  endfacet
  facet normal 0 0 1
    outer loop
      vertex 6.03911 9.84775 2
      vertex 4.02116 8.3714 2
      vertex 4.0787 8.28995 2
    endloop
  endfacet
  facet normal 0 0 1
    outer loop
      vertex 5.92868 9.99355 2
      vertex 3.96095 8.4509 2
      vertex 4.02116 8.3714 2
    endloop
  endfacet
  facet normal 0 0 1
    outer loop
      vertex 2.96863 9.26961 2
      vertex 4.10941 11.4945 2
      vertex 3.94522 11.5753 2
    endloop
  endfacet
  facet normal 0 0 1
    outer loop
      vertex 5.81349 10.1355 2
      vertex 3.89812 8.52835 2
      vertex 3.96095 8.4509 2
    endloop
  endfacet
  facet normal 0 0 1
    outer loop
      vertex 5.69366 10.2736 2
      vertex 3.83276 8.60367 2
      vertex 3.89812 8.52835 2
    endloop
  endfacet
  facet normal 0 0 1
    outer loop
      vertex 2.87914 9.31363 2
      vertex 3.94522 11.5753 2
      vertex 3.77844 11.6506 2
    endloop
  endfacet
  facet normal 0 0 1
    outer loop
      vertex 5.56927 10.4077 2
      vertex 3.76492 8.67677 2
      vertex 3.83276 8.60367 2
    endloop
  endfacet
  facet normal 0 0 1
    outer loop
      vertex 5.44058 10.5375 2
      vertex 3.6947 8.74759 2
      vertex 3.76492 8.67677 2
    endloop
  endfacet
  facet normal 0 0 1
    outer loop
      vertex 5.3076 10.6629 2
      vertex 3.62216 8.81602 2
      vertex 3.6947 8.74759 2
    endloop
  endfacet
  facet normal 0 0 1
    outer loop
      vertex 2.78822 9.35464 2
      vertex 3.77844 11.6506 2
      vertex 3.60953 11.7201 2
    endloop
  endfacet
  facet normal 0 0 1
    outer loop
      vertex 5.17044 10.784 2
      vertex 3.54739 8.88202 2
      vertex 3.62216 8.81602 2
    endloop
  endfacet
  facet normal 0 0 1
    outer loop
      vertex 5.02936 10.9004 2
      vertex 3.47046 8.94548 2
      vertex 3.54739 8.88202 2
    endloop
  endfacet
  facet normal 0 0 1
    outer loop
      vertex 2.69601 9.39261 2
      vertex 3.60953 11.7201 2
      vertex 3.43823 11.7841 2
    endloop
  endfacet
  facet normal 0 0 1
    outer loop
      vertex 4.88457 11.0119 2
      vertex 3.39146 9.00636 2
      vertex 3.47046 8.94548 2
    endloop
  endfacet
  facet normal 0 0 1
    outer loop
      vertex 4.73611 11.1187 2
      vertex 3.31049 9.06458 2
      vertex 3.39146 9.00636 2
    endloop
  endfacet
  facet normal 0 0 1
    outer loop
      vertex 2.60258 9.42751 2
      vertex 3.43823 11.7841 2
      vertex 3.26486 11.8423 2
    endloop
  endfacet
  facet normal 0 0 1
    outer loop
      vertex 4.58427 11.2204 2
      vertex 3.22763 9.12007 2
      vertex 3.31049 9.06458 2
    endloop
  endfacet
  facet normal 0 0 1
    outer loop
      vertex 4.42892 11.3171 2
      vertex 3.14297 9.17278 2
      vertex 3.22763 9.12007 2
    endloop
  endfacet
  facet normal 0 0 1
    outer loop
      vertex 2.50806 9.45926 2
      vertex 3.26486 11.8423 2
      vertex 3.08969 11.8948 2
    endloop
  endfacet
  facet normal 0 0 1
    outer loop
      vertex 4.2706 11.4085 2
      vertex 3.05659 9.22264 2
      vertex 3.14297 9.17278 2
    endloop
  endfacet
  facet normal 0 0 1
    outer loop
      vertex 4.10941 11.4945 2
      vertex 2.96863 9.26961 2
      vertex 3.05659 9.22264 2
    endloop
  endfacet
  facet normal 0 0 1
    outer loop
      vertex 2.41251 9.48787 2
      vertex 3.08969 11.8948 2
      vertex 2.91277 11.9414 2
    endloop
  endfacet
  facet normal 0 0 1
    outer loop
      vertex 3.94522 11.5753 2
      vertex 2.87914 9.31363 2
      vertex 2.96863 9.26961 2
    endloop
  endfacet
  facet normal 0 0 1
    outer loop
      vertex 3.77844 11.6506 2
      vertex 2.78822 9.35464 2
      vertex 2.87914 9.31363 2
    endloop
  endfacet
  facet normal 0 0 1
    outer loop
      vertex 2.31607 9.51328 2
      vertex 2.91277 11.9414 2
      vertex 2.73463 11.982 2
    endloop
  endfacet
  facet normal 0 0 1
    outer loop
      vertex 3.60953 11.7201 2
      vertex 2.69601 9.39261 2
      vertex 2.78822 9.35464 2
    endloop
  endfacet
  facet normal 0 0 1
    outer loop
      vertex 3.43823 11.7841 2
      vertex 2.60258 9.42751 2
      vertex 2.69601 9.39261 2
    endloop
  endfacet
  facet normal 0 0 1
    outer loop
      vertex 2.21884 9.53546 2
      vertex 2.73463 11.982 2
      vertex 2.55522 12.0168 2
    endloop
  endfacet
  facet normal 0 0 1
    outer loop
      vertex 3.26486 11.8423 2
      vertex 2.50806 9.45926 2
      vertex 2.60258 9.42751 2
    endloop
  endfacet
  facet normal 0 0 1
    outer loop
      vertex 3.08969 11.8948 2
      vertex 2.41251 9.48787 2
      vertex 2.50806 9.45926 2
    endloop
  endfacet
  facet normal 0 0 1
    outer loop
      vertex 2.12094 9.55441 2
      vertex 2.55522 12.0168 2
      vertex 2.37463 12.0455 2
    endloop
  endfacet
  facet normal 0 0 1
    outer loop
      vertex 2.91277 11.9414 2
      vertex 2.31607 9.51328 2
      vertex 2.41251 9.48787 2
    endloop
  endfacet
  facet normal 0 0 1
    outer loop
      vertex 2.73463 11.982 2
      vertex 2.21884 9.53546 2
      vertex 2.31607 9.51328 2
    endloop
  endfacet
  facet normal 0 0 1
    outer loop
      vertex 2.02245 9.5701 2
      vertex 2.37463 12.0455 2
      vertex 2.19305 12.0683 2
    endloop
  endfacet
  facet normal 0 0 1
    outer loop
      vertex 2.55522 12.0168 2
      vertex 2.12094 9.55441 2
      vertex 2.21884 9.53546 2
    endloop
  endfacet
  facet normal 0 0 1
    outer loop
      vertex 2.37463 12.0455 2
      vertex 2.02245 9.5701 2
      vertex 2.12094 9.55441 2
    endloop
  endfacet
  facet normal 0 0 1
    outer loop
      vertex 1.92349 9.5825 2
      vertex 2.19305 12.0683 2
      vertex 2.01091 12.085 2
    endloop
  endfacet
  facet normal 0 0 1
    outer loop
      vertex 2.19305 12.0683 2
      vertex 1.92349 9.5825 2
      vertex 2.02245 9.5701 2
    endloop
  endfacet
  facet normal 0 0 1
    outer loop
      vertex 2.01091 12.085 2
      vertex 1.82419 9.5916 2
      vertex 1.92349 9.5825 2
    endloop
  endfacet
  facet normal 0 0 1
    outer loop
      vertex 1.82335 12.0959 2
      vertex 1.82419 9.5916 2
      vertex 2.01091 12.085 2
    endloop
  endfacet
  facet normal 0 0 1
    outer loop
      vertex 1.82335 12.0959 2
      vertex 1.72462 9.5974 2
      vertex 1.82419 9.5916 2
    endloop
  endfacet
  facet normal 0 0 1
    outer loop
      vertex 1.62601 12.1 2
      vertex 1.72462 9.5974 2
      vertex 1.82335 12.0959 2
    endloop
  endfacet
  facet normal 0 0 1
    outer loop
      vertex 1.62601 12.1 2
      vertex 1.59999 9.59999 2
      vertex 1.72462 9.5974 2
    endloop
  endfacet
  facet normal 0 0 1
    outer loop
      vertex 1.62601 12.1 2
      vertex -1.59999 9.59999 2
      vertex 1.59999 9.59999 2
    endloop
  endfacet
  facet normal -0 0 1
    outer loop
      vertex -1.62083 12.1 2
      vertex -1.59999 9.59999 2
      vertex 1.62601 12.1 2
    endloop
  endfacet
  facet normal 0 0 1
    outer loop
      vertex -1.62083 12.1 2
      vertex -1.69971 9.59833 2
      vertex -1.59999 9.59999 2
    endloop
  endfacet
  facet normal -0 0 1
    outer loop
      vertex -1.78273 12.0973 2
      vertex -1.69971 9.59833 2
      vertex -1.62083 12.1 2
    endloop
  endfacet
  facet normal 0 0 1
    outer loop
      vertex -1.78273 12.0973 2
      vertex -1.79932 9.59337 2
      vertex -1.69971 9.59833 2
    endloop
  endfacet
  facet normal -0 0 1
    outer loop
      vertex -1.96538 12.0882 2
      vertex -1.79932 9.59337 2
      vertex -1.78273 12.0973 2
    endloop
  endfacet
  facet normal 0 0 1
    outer loop
      vertex -1.79932 9.59337 2
      vertex -1.96538 12.0882 2
      vertex -1.8987 9.58508 2
    endloop
  endfacet
  facet normal -0 0 1
    outer loop
      vertex -2.1478 12.073 2
      vertex -1.8987 9.58508 2
      vertex -1.96538 12.0882 2
    endloop
  endfacet
  facet normal 0 0 1
    outer loop
      vertex -1.8987 9.58508 2
      vertex -2.1478 12.073 2
      vertex -1.99774 9.5735 2
    endloop
  endfacet
  facet normal -0 0 1
    outer loop
      vertex -2.32928 12.0518 2
      vertex -1.99774 9.5735 2
      vertex -2.1478 12.073 2
    endloop
  endfacet
  facet normal 0 0 1
    outer loop
      vertex -1.99774 9.5735 2
      vertex -2.32928 12.0518 2
      vertex -2.09636 9.55864 2
    endloop
  endfacet
  facet normal -0 0 1
    outer loop
      vertex -2.50996 12.0245 2
      vertex -2.09636 9.55864 2
      vertex -2.32928 12.0518 2
    endloop
  endfacet
  facet normal 0 0 1
    outer loop
      vertex -2.09636 9.55864 2
      vertex -2.50996 12.0245 2
      vertex -2.19443 9.54051 2
    endloop
  endfacet
  facet normal -0 0 1
    outer loop
      vertex -2.6899 11.9913 2
      vertex -2.19443 9.54051 2
      vertex -2.50996 12.0245 2
    endloop
  endfacet
  facet normal 0 0 1
    outer loop
      vertex -2.19443 9.54051 2
      vertex -2.6899 11.9913 2
      vertex -2.29184 9.51912 2
    endloop
  endfacet
  facet normal -0 0 1
    outer loop
      vertex -2.86842 11.9521 2
      vertex -2.29184 9.51912 2
      vertex -2.6899 11.9913 2
    endloop
  endfacet
  facet normal 0 0 1
    outer loop
      vertex -2.29184 9.51912 2
      vertex -2.86842 11.9521 2
      vertex -2.38849 9.49452 2
    endloop
  endfacet
  facet normal -0 0 1
    outer loop
      vertex -3.04565 11.907 2
      vertex -2.38849 9.49452 2
      vertex -2.86842 11.9521 2
    endloop
  endfacet
  facet normal 0 0 1
    outer loop
      vertex -2.38849 9.49452 2
      vertex -3.04565 11.907 2
      vertex -2.48425 9.46671 2
    endloop
  endfacet
  facet normal -0 0 1
    outer loop
      vertex -3.22136 11.8559 2
      vertex -2.48425 9.46671 2
      vertex -3.04565 11.907 2
    endloop
  endfacet
  facet normal 0 0 1
    outer loop
      vertex -2.48425 9.46671 2
      vertex -3.22136 11.8559 2
      vertex -2.57906 9.43573 2
    endloop
  endfacet
  facet normal -0 0 1
    outer loop
      vertex -3.395 11.7992 2
      vertex -2.57906 9.43573 2
      vertex -3.22136 11.8559 2
    endloop
  endfacet
  facet normal 0 0 1
    outer loop
      vertex -2.57906 9.43573 2
      vertex -3.395 11.7992 2
      vertex -2.67276 9.40163 2
    endloop
  endfacet
  facet normal -0 0 1
    outer loop
      vertex -3.56679 11.7367 2
      vertex -2.67276 9.40163 2
      vertex -3.395 11.7992 2
    endloop
  endfacet
  facet normal 0 0 1
    outer loop
      vertex -2.67276 9.40163 2
      vertex -3.56679 11.7367 2
      vertex -2.76529 9.36443 2
    endloop
  endfacet
  facet normal -0 0 1
    outer loop
      vertex -3.73651 11.6684 2
      vertex -2.76529 9.36443 2
      vertex -3.56679 11.7367 2
    endloop
  endfacet
  facet normal 0 0 1
    outer loop
      vertex -2.76529 9.36443 2
      vertex -3.73651 11.6684 2
      vertex -2.85654 9.32416 2
    endloop
  endfacet
  facet normal -0 0 1
    outer loop
      vertex -3.90385 11.5946 2
      vertex -2.85654 9.32416 2
      vertex -3.73651 11.6684 2
    endloop
  endfacet
  facet normal 0 0 1
    outer loop
      vertex -2.85654 9.32416 2
      vertex -3.90385 11.5946 2
      vertex -2.9464 9.28088 2
    endloop
  endfacet
  facet normal -0 0 1
    outer loop
      vertex -4.06856 11.5153 2
      vertex -2.9464 9.28088 2
      vertex -3.90385 11.5946 2
    endloop
  endfacet
  facet normal 0 0 1
    outer loop
      vertex -2.9464 9.28088 2
      vertex -4.06856 11.5153 2
      vertex -3.03476 9.23465 2
    endloop
  endfacet
  facet normal -0 0 1
    outer loop
      vertex -4.23047 11.4306 2
      vertex -3.03476 9.23465 2
      vertex -4.06856 11.5153 2
    endloop
  endfacet
  facet normal 0 0 1
    outer loop
      vertex -3.03476 9.23465 2
      vertex -4.23047 11.4306 2
      vertex -3.12154 9.18552 2
    endloop
  endfacet
  facet normal -0 0 1
    outer loop
      vertex -4.38956 11.3405 2
      vertex -3.12154 9.18552 2
      vertex -4.23047 11.4306 2
    endloop
  endfacet
  facet normal 0 0 1
    outer loop
      vertex -3.12154 9.18552 2
      vertex -4.38956 11.3405 2
      vertex -3.20663 9.13351 2
    endloop
  endfacet
  facet normal -0 0 1
    outer loop
      vertex -4.54581 11.245 2
      vertex -3.20663 9.13351 2
      vertex -4.38956 11.3405 2
    endloop
  endfacet
  facet normal 0 0 1
    outer loop
      vertex -3.20663 9.13351 2
      vertex -4.54581 11.245 2
      vertex -3.28995 9.0787 2
    endloop
  endfacet
  facet normal -0 0 1
    outer loop
      vertex -4.69858 11.1445 2
      vertex -3.28995 9.0787 2
      vertex -4.54581 11.245 2
    endloop
  endfacet
  facet normal 0 0 1
    outer loop
      vertex -3.28995 9.0787 2
      vertex -4.69858 11.1445 2
      vertex -3.3714 9.02116 2
    endloop
  endfacet
  facet normal -0 0 1
    outer loop
      vertex -4.84775 11.0391 2
      vertex -3.3714 9.02116 2
      vertex -4.69858 11.1445 2
    endloop
  endfacet
  facet normal 0 0 1
    outer loop
      vertex -3.3714 9.02116 2
      vertex -4.84775 11.0391 2
      vertex -3.4509 8.96095 2
    endloop
  endfacet
  facet normal -0 0 1
    outer loop
      vertex -4.99355 10.9287 2
      vertex -3.4509 8.96095 2
      vertex -4.84775 11.0391 2
    endloop
  endfacet
  facet normal 0 0 1
    outer loop
      vertex -3.4509 8.96095 2
      vertex -4.99355 10.9287 2
      vertex -3.52835 8.89812 2
    endloop
  endfacet
  facet normal -0 0 1
    outer loop
      vertex -5.13553 10.8135 2
      vertex -3.52835 8.89812 2
      vertex -4.99355 10.9287 2
    endloop
  endfacet
  facet normal 0 0 1
    outer loop
      vertex -3.52835 8.89812 2
      vertex -5.13553 10.8135 2
      vertex -3.60367 8.83276 2
    endloop
  endfacet
  facet normal -0 0 1
    outer loop
      vertex -5.27364 10.6937 2
      vertex -3.60367 8.83276 2
      vertex -5.13553 10.8135 2
    endloop
  endfacet
  facet normal 0 0 1
    outer loop
      vertex -3.60367 8.83276 2
      vertex -5.27364 10.6937 2
      vertex -3.67677 8.76492 2
    endloop
  endfacet
  facet normal -0 0 1
    outer loop
      vertex -5.40767 10.5693 2
      vertex -3.67677 8.76492 2
      vertex -5.27364 10.6937 2
    endloop
  endfacet
  facet normal 0 0 1
    outer loop
      vertex -3.67677 8.76492 2
      vertex -5.40767 10.5693 2
      vertex -3.74759 8.6947 2
    endloop
  endfacet
  facet normal -0 0 1
    outer loop
      vertex -5.53746 10.4406 2
      vertex -3.74759 8.6947 2
      vertex -5.40767 10.5693 2
    endloop
  endfacet
  facet normal 0 0 1
    outer loop
      vertex -3.74759 8.6947 2
      vertex -5.53746 10.4406 2
      vertex -3.81602 8.62216 2
    endloop
  endfacet
  facet normal -0 0 1
    outer loop
      vertex -5.66292 10.3076 2
      vertex -3.81602 8.62216 2
      vertex -5.53746 10.4406 2
    endloop
  endfacet
  facet normal 0 0 1
    outer loop
      vertex -3.81602 8.62216 2
      vertex -5.66292 10.3076 2
      vertex -3.88202 8.54739 2
    endloop
  endfacet
  facet normal -0 0 1
    outer loop
      vertex -5.78398 10.1704 2
      vertex -3.88202 8.54739 2
      vertex -5.66292 10.3076 2
    endloop
  endfacet
  facet normal 0 0 1
    outer loop
      vertex -3.88202 8.54739 2
      vertex -5.78398 10.1704 2
      vertex -3.94548 8.47046 2
    endloop
  endfacet
  facet normal -0 0 1
    outer loop
      vertex -5.90036 10.0294 2
      vertex -3.94548 8.47046 2
      vertex -5.78398 10.1704 2
    endloop
  endfacet
  facet normal 0 0 1
    outer loop
      vertex -3.94548 8.47046 2
      vertex -5.90036 10.0294 2
      vertex -4.00636 8.39146 2
    endloop
  endfacet
  facet normal -0 0 1
    outer loop
      vertex -6.01195 9.88457 2
      vertex -4.00636 8.39146 2
      vertex -5.90036 10.0294 2
    endloop
  endfacet
  facet normal 0 0 1
    outer loop
      vertex -4.00636 8.39146 2
      vertex -6.01195 9.88457 2
      vertex -4.06458 8.31049 2
    endloop
  endfacet
  facet normal -0 0 1
    outer loop
      vertex -6.11867 9.73611 2
      vertex -4.06458 8.31049 2
      vertex -6.01195 9.88457 2
    endloop
  endfacet
  facet normal 0 0 1
    outer loop
      vertex -4.06458 8.31049 2
      vertex -6.11867 9.73611 2
      vertex -4.12007 8.22763 2
    endloop
  endfacet
  facet normal -0 0 1
    outer loop
      vertex -6.22037 9.58427 2
      vertex -4.12007 8.22763 2
      vertex -6.11867 9.73611 2
    endloop
  endfacet
  facet normal 0 0 1
    outer loop
      vertex -4.12007 8.22763 2
      vertex -6.22037 9.58427 2
      vertex -4.17278 8.14297 2
    endloop
  endfacet
  facet normal -0 0 1
    outer loop
      vertex -6.31709 9.42892 2
      vertex -4.17278 8.14297 2
      vertex -6.22037 9.58427 2
    endloop
  endfacet
  facet normal 0 0 1
    outer loop
      vertex -4.17278 8.14297 2
      vertex -6.31709 9.42892 2
      vertex -4.22264 8.05659 2
    endloop
  endfacet
  facet normal -0 0 1
    outer loop
      vertex -6.40848 9.2706 2
      vertex -4.22264 8.05659 2
      vertex -6.31709 9.42892 2
    endloop
  endfacet
  facet normal 0 0 1
    outer loop
      vertex -4.22264 8.05659 2
      vertex -6.40848 9.2706 2
      vertex -4.26961 7.96863 2
    endloop
  endfacet
  facet normal -0 0 1
    outer loop
      vertex -6.49454 9.10941 2
      vertex -4.26961 7.96863 2
      vertex -6.40848 9.2706 2
    endloop
  endfacet
  facet normal 0 0 1
    outer loop
      vertex -4.26961 7.96863 2
      vertex -6.49454 9.10941 2
      vertex -4.31363 7.87914 2
    endloop
  endfacet
  facet normal -0 0 1
    outer loop
      vertex -6.5753 8.94522 2
      vertex -4.31363 7.87914 2
      vertex -6.49454 9.10941 2
    endloop
  endfacet
  facet normal 0 0 1
    outer loop
      vertex -4.31363 7.87914 2
      vertex -6.5753 8.94522 2
      vertex -4.35464 7.78822 2
    endloop
  endfacet
  facet normal -0 0 1
    outer loop
      vertex -6.65056 8.77844 2
      vertex -4.35464 7.78822 2
      vertex -6.5753 8.94522 2
    endloop
  endfacet
  facet normal 0 0 1
    outer loop
      vertex -4.35464 7.78822 2
      vertex -6.65056 8.77844 2
      vertex -4.39261 7.69601 2
    endloop
  endfacet
  facet normal -0 0 1
    outer loop
      vertex -6.72009 8.60953 2
      vertex -4.39261 7.69601 2
      vertex -6.65056 8.77844 2
    endloop
  endfacet
  facet normal 0 0 1
    outer loop
      vertex -4.39261 7.69601 2
      vertex -6.72009 8.60953 2
      vertex -4.42751 7.60258 2
    endloop
  endfacet
  facet normal -0 0 1
    outer loop
      vertex -6.78407 8.43823 2
      vertex -4.42751 7.60258 2
      vertex -6.72009 8.60953 2
    endloop
  endfacet
  facet normal 0 0 1
    outer loop
      vertex -4.42751 7.60258 2
      vertex -6.78407 8.43823 2
      vertex -4.45926 7.50806 2
    endloop
  endfacet
  facet normal -0 0 1
    outer loop
      vertex -6.84232 8.26486 2
      vertex -4.45926 7.50806 2
      vertex -6.78407 8.43823 2
    endloop
  endfacet
  facet normal 0 0 1
    outer loop
      vertex -4.45926 7.50806 2
      vertex -6.84232 8.26486 2
      vertex -4.48787 7.41251 2
    endloop
  endfacet
  facet normal -0 0 1
    outer loop
      vertex -6.89476 8.08969 2
      vertex -4.48787 7.41251 2
      vertex -6.84232 8.26486 2
    endloop
  endfacet
  facet normal 0 0 1
    outer loop
      vertex -4.48787 7.41251 2
      vertex -6.89476 8.08969 2
      vertex -4.51328 7.31607 2
    endloop
  endfacet
  facet normal -0 0 1
    outer loop
      vertex -6.94138 7.91277 2
      vertex -4.51328 7.31607 2
      vertex -6.89476 8.08969 2
    endloop
  endfacet
  facet normal 0 0 1
    outer loop
      vertex -4.51328 7.31607 2
      vertex -6.94138 7.91277 2
      vertex -4.53546 7.21884 2
    endloop
  endfacet
  facet normal -0 0 1
    outer loop
      vertex -6.98203 7.73463 2
      vertex -4.53546 7.21884 2
      vertex -6.94138 7.91277 2
    endloop
  endfacet
  facet normal 0 0 1
    outer loop
      vertex -4.53546 7.21884 2
      vertex -6.98203 7.73463 2
      vertex -4.55441 7.12094 2
    endloop
  endfacet
  facet normal -0 0 1
    outer loop
      vertex -7.01675 7.55522 2
      vertex -4.55441 7.12094 2
      vertex -6.98203 7.73463 2
    endloop
  endfacet
  facet normal 0 0 1
    outer loop
      vertex -4.55441 7.12094 2
      vertex -7.01675 7.55522 2
      vertex -4.5701 7.02245 2
    endloop
  endfacet
  facet normal -0 0 1
    outer loop
      vertex -7.04552 7.37463 2
      vertex -4.5701 7.02245 2
      vertex -7.01675 7.55522 2
    endloop
  endfacet
  facet normal 0 0 1
    outer loop
      vertex -4.5701 7.02245 2
      vertex -7.04552 7.37463 2
      vertex -4.5825 6.92349 2
    endloop
  endfacet
  facet normal -0 0 1
    outer loop
      vertex -7.06828 7.19305 2
      vertex -4.5825 6.92349 2
      vertex -7.04552 7.37463 2
    endloop
  endfacet
  facet normal 0 0 1
    outer loop
      vertex -4.5825 6.92349 2
      vertex -7.06828 7.19305 2
      vertex -4.5916 6.82419 2
    endloop
  endfacet
  facet normal -0 0 1
    outer loop
      vertex -7.08496 7.01091 2
      vertex -4.5916 6.82419 2
      vertex -7.06828 7.19305 2
    endloop
  endfacet
  facet normal 0 0 1
    outer loop
      vertex -4.5916 6.82419 2
      vertex -7.08496 7.01091 2
      vertex -4.5974 6.72462 2
    endloop
  endfacet
  facet normal -0 0 1
    outer loop
      vertex -7.09589 6.82335 2
      vertex -4.5974 6.72462 2
      vertex -7.08496 7.01091 2
    endloop
  endfacet
  facet normal 0 0 1
    outer loop
      vertex -4.5974 6.72462 2
      vertex -7.09589 6.82335 2
      vertex -4.59999 6.59999 2
    endloop
  endfacet
  facet normal -0 0 1
    outer loop
      vertex -7.09999 6.62601 2
      vertex -4.59999 6.59999 2
      vertex -7.09589 6.82335 2
    endloop
  endfacet
  facet normal 0 0 1
    outer loop
      vertex -7.09999 4 2
      vertex -4.59999 6.59999 2
      vertex -7.09999 6.62601 2
    endloop
  endfacet
  facet normal 0 0 1
    outer loop
      vertex -4.59999 6.59999 2
      vertex -7.09999 4 2
      vertex -4.59999 4 2
    endloop
  endfacet
  facet normal 0 0 1
    outer loop
      vertex 6.49454 -9.10941 2
      vertex 4.26961 -7.96863 2
      vertex 6.40848 -9.2706 2
    endloop
  endfacet
  facet normal -0 0 1
    outer loop
      vertex 4.22264 -8.05659 2
      vertex 6.40848 -9.2706 2
      vertex 4.26961 -7.96863 2
    endloop
  endfacet
  facet normal 0 0 1
    outer loop
      vertex 6.40848 -9.2706 2
      vertex 4.22264 -8.05659 2
      vertex 6.31709 -9.42892 2
    endloop
  endfacet
  facet normal -0 0 1
    outer loop
      vertex 4.17278 -8.14297 2
      vertex 6.31709 -9.42892 2
      vertex 4.22264 -8.05659 2
    endloop
  endfacet
  facet normal 0 0 1
    outer loop
      vertex 6.31709 -9.42892 2
      vertex 4.17278 -8.14297 2
      vertex 6.22037 -9.58427 2
    endloop
  endfacet
  facet normal -0 0 1
    outer loop
      vertex 4.12007 -8.22763 2
      vertex 6.22037 -9.58427 2
      vertex 4.17278 -8.14297 2
    endloop
  endfacet
  facet normal 0 0 1
    outer loop
      vertex 6.22037 -9.58427 2
      vertex 4.12007 -8.22763 2
      vertex 6.11867 -9.73611 2
    endloop
  endfacet
  facet normal -0 0 1
    outer loop
      vertex 4.06458 -8.31049 2
      vertex 6.11867 -9.73611 2
      vertex 4.12007 -8.22763 2
    endloop
  endfacet
  facet normal 0 0 1
    outer loop
      vertex 6.11867 -9.73611 2
      vertex 4.06458 -8.31049 2
      vertex 6.01195 -9.88457 2
    endloop
  endfacet
  facet normal -0 0 1
    outer loop
      vertex 4.00636 -8.39146 2
      vertex 6.01195 -9.88457 2
      vertex 4.06458 -8.31049 2
    endloop
  endfacet
  facet normal 0 0 1
    outer loop
      vertex 6.01195 -9.88457 2
      vertex 4.00636 -8.39146 2
      vertex 5.90036 -10.0294 2
    endloop
  endfacet
  facet normal -0 0 1
    outer loop
      vertex 3.94548 -8.47046 2
      vertex 5.90036 -10.0294 2
      vertex 4.00636 -8.39146 2
    endloop
  endfacet
  facet normal 0 0 1
    outer loop
      vertex 5.90036 -10.0294 2
      vertex 3.94548 -8.47046 2
      vertex 5.78398 -10.1704 2
    endloop
  endfacet
  facet normal -0 0 1
    outer loop
      vertex 3.88202 -8.54739 2
      vertex 5.78398 -10.1704 2
      vertex 3.94548 -8.47046 2
    endloop
  endfacet
  facet normal 0 0 1
    outer loop
      vertex 5.78398 -10.1704 2
      vertex 3.88202 -8.54739 2
      vertex 5.66292 -10.3076 2
    endloop
  endfacet
  facet normal -0 0 1
    outer loop
      vertex 3.81602 -8.62216 2
      vertex 5.66292 -10.3076 2
      vertex 3.88202 -8.54739 2
    endloop
  endfacet
  facet normal 0 0 1
    outer loop
      vertex 5.66292 -10.3076 2
      vertex 3.81602 -8.62216 2
      vertex 5.53746 -10.4406 2
    endloop
  endfacet
  facet normal -0 0 1
    outer loop
      vertex 3.74759 -8.6947 2
      vertex 5.53746 -10.4406 2
      vertex 3.81602 -8.62216 2
    endloop
  endfacet
  facet normal 0 0 1
    outer loop
      vertex 5.53746 -10.4406 2
      vertex 3.74759 -8.6947 2
      vertex 5.40767 -10.5693 2
    endloop
  endfacet
  facet normal -0 0 1
    outer loop
      vertex 3.67677 -8.76492 2
      vertex 5.40767 -10.5693 2
      vertex 3.74759 -8.6947 2
    endloop
  endfacet
  facet normal 0 0 1
    outer loop
      vertex 5.40767 -10.5693 2
      vertex 3.67677 -8.76492 2
      vertex 5.27364 -10.6937 2
    endloop
  endfacet
  facet normal -0 0 1
    outer loop
      vertex 3.60367 -8.83276 2
      vertex 5.27364 -10.6937 2
      vertex 3.67677 -8.76492 2
    endloop
  endfacet
  facet normal 0 0 1
    outer loop
      vertex 5.27364 -10.6937 2
      vertex 3.60367 -8.83276 2
      vertex 5.13553 -10.8135 2
    endloop
  endfacet
  facet normal -0 0 1
    outer loop
      vertex 3.52835 -8.89812 2
      vertex 5.13553 -10.8135 2
      vertex 3.60367 -8.83276 2
    endloop
  endfacet
  facet normal 0 0 1
    outer loop
      vertex 5.13553 -10.8135 2
      vertex 3.52835 -8.89812 2
      vertex 4.99355 -10.9287 2
    endloop
  endfacet
  facet normal -0 0 1
    outer loop
      vertex 3.4509 -8.96095 2
      vertex 4.99355 -10.9287 2
      vertex 3.52835 -8.89812 2
    endloop
  endfacet
  facet normal 0 0 1
    outer loop
      vertex 4.99355 -10.9287 2
      vertex 3.4509 -8.96095 2
      vertex 4.84775 -11.0391 2
    endloop
  endfacet
  facet normal -0 0 1
    outer loop
      vertex 3.3714 -9.02116 2
      vertex 4.84775 -11.0391 2
      vertex 3.4509 -8.96095 2
    endloop
  endfacet
  facet normal 0 0 1
    outer loop
      vertex 4.84775 -11.0391 2
      vertex 3.3714 -9.02116 2
      vertex 4.69858 -11.1445 2
    endloop
  endfacet
  facet normal -0 0 1
    outer loop
      vertex 3.28995 -9.0787 2
      vertex 4.69858 -11.1445 2
      vertex 3.3714 -9.02116 2
    endloop
  endfacet
  facet normal 0 0 1
    outer loop
      vertex 4.69858 -11.1445 2
      vertex 3.28995 -9.0787 2
      vertex 4.54581 -11.245 2
    endloop
  endfacet
  facet normal -0 0 1
    outer loop
      vertex 3.20663 -9.13351 2
      vertex 4.54581 -11.245 2
      vertex 3.28995 -9.0787 2
    endloop
  endfacet
  facet normal 0 0 1
    outer loop
      vertex 4.54581 -11.245 2
      vertex 3.20663 -9.13351 2
      vertex 4.38956 -11.3405 2
    endloop
  endfacet
  facet normal -0 0 1
    outer loop
      vertex 3.12154 -9.18552 2
      vertex 4.38956 -11.3405 2
      vertex 3.20663 -9.13351 2
    endloop
  endfacet
  facet normal 0 0 1
    outer loop
      vertex 4.38956 -11.3405 2
      vertex 3.12154 -9.18552 2
      vertex 4.23047 -11.4306 2
    endloop
  endfacet
  facet normal -0 0 1
    outer loop
      vertex 3.03476 -9.23465 2
      vertex 4.23047 -11.4306 2
      vertex 3.12154 -9.18552 2
    endloop
  endfacet
  facet normal 0 0 1
    outer loop
      vertex 4.23047 -11.4306 2
      vertex 3.03476 -9.23465 2
      vertex 4.06856 -11.5153 2
    endloop
  endfacet
  facet normal -0 0 1
    outer loop
      vertex 2.9464 -9.28088 2
      vertex 4.06856 -11.5153 2
      vertex 3.03476 -9.23465 2
    endloop
  endfacet
  facet normal 0 0 1
    outer loop
      vertex 4.06856 -11.5153 2
      vertex 2.9464 -9.28088 2
      vertex 3.90385 -11.5946 2
    endloop
  endfacet
  facet normal -0 0 1
    outer loop
      vertex 2.85654 -9.32416 2
      vertex 3.90385 -11.5946 2
      vertex 2.9464 -9.28088 2
    endloop
  endfacet
  facet normal 0 0 1
    outer loop
      vertex 3.90385 -11.5946 2
      vertex 2.85654 -9.32416 2
      vertex 3.73651 -11.6684 2
    endloop
  endfacet
  facet normal -0 0 1
    outer loop
      vertex 2.76529 -9.36443 2
      vertex 3.73651 -11.6684 2
      vertex 2.85654 -9.32416 2
    endloop
  endfacet
  facet normal 0 0 1
    outer loop
      vertex 3.73651 -11.6684 2
      vertex 2.76529 -9.36443 2
      vertex 3.56679 -11.7367 2
    endloop
  endfacet
  facet normal -0 0 1
    outer loop
      vertex 2.67276 -9.40163 2
      vertex 3.56679 -11.7367 2
      vertex 2.76529 -9.36443 2
    endloop
  endfacet
  facet normal 0 0 1
    outer loop
      vertex 3.56679 -11.7367 2
      vertex 2.67276 -9.40163 2
      vertex 3.395 -11.7992 2
    endloop
  endfacet
  facet normal -0 0 1
    outer loop
      vertex 2.57906 -9.43573 2
      vertex 3.395 -11.7992 2
      vertex 2.67276 -9.40163 2
    endloop
  endfacet
  facet normal 0 0 1
    outer loop
      vertex 3.395 -11.7992 2
      vertex 2.57906 -9.43573 2
      vertex 3.22136 -11.8559 2
    endloop
  endfacet
  facet normal -0 0 1
    outer loop
      vertex 2.48425 -9.46671 2
      vertex 3.22136 -11.8559 2
      vertex 2.57906 -9.43573 2
    endloop
  endfacet
  facet normal 0 0 1
    outer loop
      vertex 3.22136 -11.8559 2
      vertex 2.48425 -9.46671 2
      vertex 3.04565 -11.907 2
    endloop
  endfacet
  facet normal -0 0 1
    outer loop
      vertex 2.38849 -9.49452 2
      vertex 3.04565 -11.907 2
      vertex 2.48425 -9.46671 2
    endloop
  endfacet
  facet normal 0 0 1
    outer loop
      vertex 3.04565 -11.907 2
      vertex 2.38849 -9.49452 2
      vertex 2.86842 -11.9521 2
    endloop
  endfacet
  facet normal -0 0 1
    outer loop
      vertex 2.29184 -9.51912 2
      vertex 2.86842 -11.9521 2
      vertex 2.38849 -9.49452 2
    endloop
  endfacet
  facet normal 0 0 1
    outer loop
      vertex 2.86842 -11.9521 2
      vertex 2.29184 -9.51912 2
      vertex 2.6899 -11.9913 2
    endloop
  endfacet
  facet normal -0 0 1
    outer loop
      vertex 2.19443 -9.54051 2
      vertex 2.6899 -11.9913 2
      vertex 2.29184 -9.51912 2
    endloop
  endfacet
  facet normal 0 0 1
    outer loop
      vertex 2.6899 -11.9913 2
      vertex 2.19443 -9.54051 2
      vertex 2.50996 -12.0245 2
    endloop
  endfacet
  facet normal -0 0 1
    outer loop
      vertex 2.09636 -9.55864 2
      vertex 2.50996 -12.0245 2
      vertex 2.19443 -9.54051 2
    endloop
  endfacet
  facet normal 0 0 1
    outer loop
      vertex 2.50996 -12.0245 2
      vertex 2.09636 -9.55864 2
      vertex 2.32928 -12.0518 2
    endloop
  endfacet
  facet normal -0 0 1
    outer loop
      vertex 1.99774 -9.5735 2
      vertex 2.32928 -12.0518 2
      vertex 2.09636 -9.55864 2
    endloop
  endfacet
  facet normal 0 0 1
    outer loop
      vertex 2.32928 -12.0518 2
      vertex 1.99774 -9.5735 2
      vertex 2.1478 -12.073 2
    endloop
  endfacet
  facet normal -0 0 1
    outer loop
      vertex 1.8987 -9.58508 2
      vertex 2.1478 -12.073 2
      vertex 1.99774 -9.5735 2
    endloop
  endfacet
  facet normal 0 0 1
    outer loop
      vertex 2.1478 -12.073 2
      vertex 1.8987 -9.58508 2
      vertex 1.96538 -12.0882 2
    endloop
  endfacet
  facet normal -0 0 1
    outer loop
      vertex 1.79932 -9.59337 2
      vertex 1.96538 -12.0882 2
      vertex 1.8987 -9.58508 2
    endloop
  endfacet
  facet normal 0 0 1
    outer loop
      vertex 1.79932 -9.59337 2
      vertex 1.78273 -12.0973 2
      vertex 1.96538 -12.0882 2
    endloop
  endfacet
  facet normal -0 0 1
    outer loop
      vertex 1.69971 -9.59833 2
      vertex 1.78273 -12.0973 2
      vertex 1.79932 -9.59337 2
    endloop
  endfacet
  facet normal 0 0 1
    outer loop
      vertex 1.69971 -9.59833 2
      vertex 1.62083 -12.1 2
      vertex 1.78273 -12.0973 2
    endloop
  endfacet
  facet normal -0 0 1
    outer loop
      vertex 1.59999 -9.59999 2
      vertex 1.62083 -12.1 2
      vertex 1.69971 -9.59833 2
    endloop
  endfacet
  facet normal -0 0 1
    outer loop
      vertex -1.59999 -9.59999 2
      vertex 1.62083 -12.1 2
      vertex 1.59999 -9.59999 2
    endloop
  endfacet
  facet normal 0 0 1
    outer loop
      vertex -1.59999 -9.59999 2
      vertex -1.62601 -12.1 2
      vertex 1.62083 -12.1 2
    endloop
  endfacet
  facet normal 0 0 1
    outer loop
      vertex -1.72462 -9.5974 2
      vertex -1.62601 -12.1 2
      vertex -1.59999 -9.59999 2
    endloop
  endfacet
  facet normal 0 0 1
    outer loop
      vertex -1.72462 -9.5974 2
      vertex -1.82335 -12.0959 2
      vertex -1.62601 -12.1 2
    endloop
  endfacet
  facet normal 0 0 1
    outer loop
      vertex -1.82419 -9.5916 2
      vertex -1.82335 -12.0959 2
      vertex -1.72462 -9.5974 2
    endloop
  endfacet
  facet normal 0 0 1
    outer loop
      vertex -2.01091 -12.085 2
      vertex -1.82419 -9.5916 2
      vertex -1.92349 -9.5825 2
    endloop
  endfacet
  facet normal 0 0 1
    outer loop
      vertex -1.82419 -9.5916 2
      vertex -2.01091 -12.085 2
      vertex -1.82335 -12.0959 2
    endloop
  endfacet
  facet normal 0 0 1
    outer loop
      vertex -2.19305 -12.0683 2
      vertex -1.92349 -9.5825 2
      vertex -2.02245 -9.5701 2
    endloop
  endfacet
  facet normal 0 0 1
    outer loop
      vertex -2.37463 -12.0455 2
      vertex -2.02245 -9.5701 2
      vertex -2.12094 -9.55441 2
    endloop
  endfacet
  facet normal 0 0 1
    outer loop
      vertex -1.92349 -9.5825 2
      vertex -2.19305 -12.0683 2
      vertex -2.01091 -12.085 2
    endloop
  endfacet
  facet normal 0 0 1
    outer loop
      vertex -2.55522 -12.0168 2
      vertex -2.12094 -9.55441 2
      vertex -2.21884 -9.53546 2
    endloop
  endfacet
  facet normal 0 0 1
    outer loop
      vertex -2.73463 -11.982 2
      vertex -2.21884 -9.53546 2
      vertex -2.31607 -9.51328 2
    endloop
  endfacet
  facet normal 0 0 1
    outer loop
      vertex -2.02245 -9.5701 2
      vertex -2.37463 -12.0455 2
      vertex -2.19305 -12.0683 2
    endloop
  endfacet
  facet normal 0 0 1
    outer loop
      vertex -2.91277 -11.9414 2
      vertex -2.31607 -9.51328 2
      vertex -2.41251 -9.48787 2
    endloop
  endfacet
  facet normal 0 0 1
    outer loop
      vertex -3.08969 -11.8948 2
      vertex -2.41251 -9.48787 2
      vertex -2.50806 -9.45926 2
    endloop
  endfacet
  facet normal 0 0 1
    outer loop
      vertex -2.12094 -9.55441 2
      vertex -2.55522 -12.0168 2
      vertex -2.37463 -12.0455 2
    endloop
  endfacet
  facet normal 0 0 1
    outer loop
      vertex -3.26486 -11.8423 2
      vertex -2.50806 -9.45926 2
      vertex -2.60258 -9.42751 2
    endloop
  endfacet
  facet normal 0 0 1
    outer loop
      vertex -3.43823 -11.7841 2
      vertex -2.60258 -9.42751 2
      vertex -2.69601 -9.39261 2
    endloop
  endfacet
  facet normal 0 0 1
    outer loop
      vertex -2.21884 -9.53546 2
      vertex -2.73463 -11.982 2
      vertex -2.55522 -12.0168 2
    endloop
  endfacet
  facet normal 0 0 1
    outer loop
      vertex -3.60953 -11.7201 2
      vertex -2.69601 -9.39261 2
      vertex -2.78822 -9.35464 2
    endloop
  endfacet
  facet normal 0 0 1
    outer loop
      vertex -3.77844 -11.6506 2
      vertex -2.78822 -9.35464 2
      vertex -2.87914 -9.31363 2
    endloop
  endfacet
  facet normal 0 0 1
    outer loop
      vertex -2.31607 -9.51328 2
      vertex -2.91277 -11.9414 2
      vertex -2.73463 -11.982 2
    endloop
  endfacet
  facet normal 0 0 1
    outer loop
      vertex -3.94522 -11.5753 2
      vertex -2.87914 -9.31363 2
      vertex -2.96863 -9.26961 2
    endloop
  endfacet
  facet normal 0 0 1
    outer loop
      vertex -4.10941 -11.4945 2
      vertex -2.96863 -9.26961 2
      vertex -3.05659 -9.22264 2
    endloop
  endfacet
  facet normal 0 0 1
    outer loop
      vertex -2.41251 -9.48787 2
      vertex -3.08969 -11.8948 2
      vertex -2.91277 -11.9414 2
    endloop
  endfacet
  facet normal 0 0 1
    outer loop
      vertex -4.2706 -11.4085 2
      vertex -3.05659 -9.22264 2
      vertex -3.14297 -9.17278 2
    endloop
  endfacet
  facet normal 0 0 1
    outer loop
      vertex -4.42892 -11.3171 2
      vertex -3.14297 -9.17278 2
      vertex -3.22763 -9.12007 2
    endloop
  endfacet
  facet normal 0 0 1
    outer loop
      vertex -2.50806 -9.45926 2
      vertex -3.26486 -11.8423 2
      vertex -3.08969 -11.8948 2
    endloop
  endfacet
  facet normal 0 0 1
    outer loop
      vertex -4.58427 -11.2204 2
      vertex -3.22763 -9.12007 2
      vertex -3.31049 -9.06458 2
    endloop
  endfacet
  facet normal 0 0 1
    outer loop
      vertex -4.73611 -11.1187 2
      vertex -3.31049 -9.06458 2
      vertex -3.39146 -9.00636 2
    endloop
  endfacet
  facet normal 0 0 1
    outer loop
      vertex -2.60258 -9.42751 2
      vertex -3.43823 -11.7841 2
      vertex -3.26486 -11.8423 2
    endloop
  endfacet
  facet normal 0 0 1
    outer loop
      vertex -4.73611 -11.1187 2
      vertex -3.39146 -9.00636 2
      vertex -3.47046 -8.94548 2
    endloop
  endfacet
  facet normal 0 0 1
    outer loop
      vertex -4.73611 -11.1187 2
      vertex -3.47046 -8.94548 2
      vertex -3.54739 -8.88202 2
    endloop
  endfacet
  facet normal 0 0 1
    outer loop
      vertex -2.69601 -9.39261 2
      vertex -3.60953 -11.7201 2
      vertex -3.43823 -11.7841 2
    endloop
  endfacet
  facet normal 0 0 1
    outer loop
      vertex -4.73611 -11.1187 2
      vertex -3.54739 -8.88202 2
      vertex -3.62216 -8.81602 2
    endloop
  endfacet
  facet normal 0 0 1
    outer loop
      vertex -4.73611 -11.1187 2
      vertex -3.62216 -8.81602 2
      vertex -3.6947 -8.74759 2
    endloop
  endfacet
  facet normal 0 0 1
    outer loop
      vertex -4.73611 -11.1187 2
      vertex -3.6947 -8.74759 2
      vertex -3.76492 -8.67677 2
    endloop
  endfacet
  facet normal 0 0 1
    outer loop
      vertex -2.78822 -9.35464 2
      vertex -3.77844 -11.6506 2
      vertex -3.60953 -11.7201 2
    endloop
  endfacet
  facet normal 0 0 1
    outer loop
      vertex -4.73611 -11.1187 2
      vertex -3.76492 -8.67677 2
      vertex -3.83276 -8.60367 2
    endloop
  endfacet
  facet normal 0 0 1
    outer loop
      vertex -4.73611 -11.1187 2
      vertex -3.83276 -8.60367 2
      vertex -3.89812 -8.52835 2
    endloop
  endfacet
  facet normal 0 0 1
    outer loop
      vertex -2.87914 -9.31363 2
      vertex -3.94522 -11.5753 2
      vertex -3.77844 -11.6506 2
    endloop
  endfacet
  facet normal 0 0 1
    outer loop
      vertex -4.73611 -11.1187 2
      vertex -3.89812 -8.52835 2
      vertex -3.96095 -8.4509 2
    endloop
  endfacet
  facet normal 0 0 1
    outer loop
      vertex -4.73611 -11.1187 2
      vertex -3.96095 -8.4509 2
      vertex -4.02116 -8.3714 2
    endloop
  endfacet
  facet normal 0 0 1
    outer loop
      vertex -4.73611 -11.1187 2
      vertex -4.02116 -8.3714 2
      vertex -4.0787 -8.28995 2
    endloop
  endfacet
  facet normal 0 0 1
    outer loop
      vertex -2.96863 -9.26961 2
      vertex -4.10941 -11.4945 2
      vertex -3.94522 -11.5753 2
    endloop
  endfacet
  facet normal 0 0 1
    outer loop
      vertex -4.73611 -11.1187 2
      vertex -4.0787 -8.28995 2
      vertex -4.13351 -8.20663 2
    endloop
  endfacet
  facet normal 0 0 1
    outer loop
      vertex -4.73611 -11.1187 2
      vertex -4.13351 -8.20663 2
      vertex -4.18552 -8.12154 2
    endloop
  endfacet
  facet normal 0 0 1
    outer loop
      vertex -4.73611 -11.1187 2
      vertex -4.18552 -8.12154 2
      vertex -4.23465 -8.03476 2
    endloop
  endfacet
  facet normal 0 0 1
    outer loop
      vertex -3.05659 -9.22264 2
      vertex -4.2706 -11.4085 2
      vertex -4.10941 -11.4945 2
    endloop
  endfacet
  facet normal 0 0 1
    outer loop
      vertex -4.73611 -11.1187 2
      vertex -4.23465 -8.03476 2
      vertex -4.28088 -7.9464 2
    endloop
  endfacet
  facet normal 0 0 1
    outer loop
      vertex -4.73611 -11.1187 2
      vertex -4.28088 -7.9464 2
      vertex -4.32416 -7.85654 2
    endloop
  endfacet
  facet normal 0 0 1
    outer loop
      vertex -4.73611 -11.1187 2
      vertex -4.32416 -7.85654 2
      vertex -4.36443 -7.76529 2
    endloop
  endfacet
  facet normal 0 0 1
    outer loop
      vertex -4.73611 -11.1187 2
      vertex -4.36443 -7.76529 2
      vertex -4.40163 -7.67276 2
    endloop
  endfacet
  facet normal 0 0 1
    outer loop
      vertex -3.14297 -9.17278 2
      vertex -4.42892 -11.3171 2
      vertex -4.2706 -11.4085 2
    endloop
  endfacet
  facet normal 0 0 1
    outer loop
      vertex -4.73611 -11.1187 2
      vertex -4.40163 -7.67276 2
      vertex -4.43573 -7.57906 2
    endloop
  endfacet
  facet normal 0 0 1
    outer loop
      vertex -4.73611 -11.1187 2
      vertex -4.43573 -7.57906 2
      vertex -4.46671 -7.48425 2
    endloop
  endfacet
  facet normal 0 0 1
    outer loop
      vertex -4.73611 -11.1187 2
      vertex -4.46671 -7.48425 2
      vertex -4.49452 -7.38849 2
    endloop
  endfacet
  facet normal 0 0 1
    outer loop
      vertex -4.73611 -11.1187 2
      vertex -4.49452 -7.38849 2
      vertex -4.51912 -7.29184 2
    endloop
  endfacet
  facet normal 0 0 1
    outer loop
      vertex -4.73611 -11.1187 2
      vertex -4.51912 -7.29184 2
      vertex -4.54051 -7.19443 2
    endloop
  endfacet
  facet normal 0 0 1
    outer loop
      vertex -4.73611 -11.1187 2
      vertex -4.54051 -7.19443 2
      vertex -4.55864 -7.09636 2
    endloop
  endfacet
  facet normal 0 0 1
    outer loop
      vertex -4.73611 -11.1187 2
      vertex -4.55864 -7.09636 2
      vertex -4.5735 -6.99774 2
    endloop
  endfacet
  facet normal 0 0 1
    outer loop
      vertex -3.22763 -9.12007 2
      vertex -4.58427 -11.2204 2
      vertex -4.42892 -11.3171 2
    endloop
  endfacet
  facet normal 0 0 1
    outer loop
      vertex -4.73611 -11.1187 2
      vertex -4.5735 -6.99774 2
      vertex -4.58508 -6.8987 2
    endloop
  endfacet
  facet normal 0 0 1
    outer loop
      vertex -4.73611 -11.1187 2
      vertex -4.58508 -6.8987 2
      vertex -4.59337 -6.79932 2
    endloop
  endfacet
  facet normal 0 0 1
    outer loop
      vertex -4.73611 -11.1187 2
      vertex -4.59337 -6.79932 2
      vertex -4.59833 -6.69971 2
    endloop
  endfacet
  facet normal 0 0 1
    outer loop
      vertex -4.73611 -11.1187 2
      vertex -4.59833 -6.69971 2
      vertex -4.59999 -6.59999 2
    endloop
  endfacet
  facet normal 0 0 1
    outer loop
      vertex -3.31049 -9.06458 2
      vertex -4.73611 -11.1187 2
      vertex -4.58427 -11.2204 2
    endloop
  endfacet
  facet normal 0.0497603 -0.998761 0
    outer loop
      vertex 1.78273 -12.0973 0
      vertex 1.96538 -12.0882 2
      vertex 1.78273 -12.0973 2
    endloop
  endfacet
  facet normal 0.0497603 -0.998761 0
    outer loop
      vertex 1.96538 -12.0882 2
      vertex 1.78273 -12.0973 0
      vertex 1.96538 -12.0882 0
    endloop
  endfacet
  facet normal 0.0830364 -0.996547 0
    outer loop
      vertex 1.96538 -12.0882 0
      vertex 2.1478 -12.073 2
      vertex 1.96538 -12.0882 2
    endloop
  endfacet
  facet normal 0.0830364 -0.996547 0
    outer loop
      vertex 2.1478 -12.073 2
      vertex 1.96538 -12.0882 0
      vertex 2.1478 -12.073 0
    endloop
  endfacet
  facet normal 0.116028 -0.993246 0
    outer loop
      vertex 2.1478 -12.073 0
      vertex 2.32928 -12.0518 2
      vertex 2.1478 -12.073 2
    endloop
  endfacet
  facet normal 0.116028 -0.993246 0
    outer loop
      vertex 2.32928 -12.0518 2
      vertex 2.1478 -12.073 0
      vertex 2.32928 -12.0518 0
    endloop
  endfacet
  facet normal 0.1494 -0.988777 0
    outer loop
      vertex 2.32928 -12.0518 0
      vertex 2.50996 -12.0245 2
      vertex 2.32928 -12.0518 2
    endloop
  endfacet
  facet normal 0.1494 -0.988777 0
    outer loop
      vertex 2.50996 -12.0245 2
      vertex 2.32928 -12.0518 0
      vertex 2.50996 -12.0245 0
    endloop
  endfacet
  facet normal 0.181443 -0.983401 0
    outer loop
      vertex 2.50996 -12.0245 0
      vertex 2.6899 -11.9913 2
      vertex 2.50996 -12.0245 2
    endloop
  endfacet
  facet normal 0.181443 -0.983401 0
    outer loop
      vertex 2.6899 -11.9913 2
      vertex 2.50996 -12.0245 0
      vertex 2.6899 -11.9913 0
    endloop
  endfacet
  facet normal 0.214473 -0.97673 0
    outer loop
      vertex 2.6899 -11.9913 0
      vertex 2.86842 -11.9521 2
      vertex 2.6899 -11.9913 2
    endloop
  endfacet
  facet normal 0.214473 -0.97673 0
    outer loop
      vertex 2.86842 -11.9521 2
      vertex 2.6899 -11.9913 0
      vertex 2.86842 -11.9521 0
    endloop
  endfacet
  facet normal 0.246612 -0.969114 0
    outer loop
      vertex 2.86842 -11.9521 0
      vertex 3.04565 -11.907 2
      vertex 2.86842 -11.9521 2
    endloop
  endfacet
  facet normal 0.246612 -0.969114 0
    outer loop
      vertex 3.04565 -11.907 2
      vertex 2.86842 -11.9521 0
      vertex 3.04565 -11.907 0
    endloop
  endfacet
  facet normal 0.279251 -0.960218 0
    outer loop
      vertex 3.04565 -11.907 0
      vertex 3.22136 -11.8559 2
      vertex 3.04565 -11.907 2
    endloop
  endfacet
  facet normal 0.279251 -0.960218 0
    outer loop
      vertex 3.22136 -11.8559 2
      vertex 3.04565 -11.907 0
      vertex 3.22136 -11.8559 0
    endloop
  endfacet
  facet normal 0.310408 -0.950603 0
    outer loop
      vertex 3.22136 -11.8559 0
      vertex 3.395 -11.7992 2
      vertex 3.22136 -11.8559 2
    endloop
  endfacet
  facet normal 0.310408 -0.950603 0
    outer loop
      vertex 3.395 -11.7992 2
      vertex 3.22136 -11.8559 0
      vertex 3.395 -11.7992 0
    endloop
  endfacet
  facet normal 0.341892 -0.939739 0
    outer loop
      vertex 3.395 -11.7992 0
      vertex 3.56679 -11.7367 2
      vertex 3.395 -11.7992 2
    endloop
  endfacet
  facet normal 0.341892 -0.939739 0
    outer loop
      vertex 3.56679 -11.7367 2
      vertex 3.395 -11.7992 0
      vertex 3.56679 -11.7367 0
    endloop
  endfacet
  facet normal 0.373331 -0.927698 0
    outer loop
      vertex 3.56679 -11.7367 0
      vertex 3.73651 -11.6684 2
      vertex 3.56679 -11.7367 2
    endloop
  endfacet
  facet normal 0.373331 -0.927698 0
    outer loop
      vertex 3.73651 -11.6684 2
      vertex 3.56679 -11.7367 0
      vertex 3.73651 -11.6684 0
    endloop
  endfacet
  facet normal 0.403519 -0.914971 0
    outer loop
      vertex 3.73651 -11.6684 0
      vertex 3.90385 -11.5946 2
      vertex 3.73651 -11.6684 2
    endloop
  endfacet
  facet normal 0.403519 -0.914971 0
    outer loop
      vertex 3.90385 -11.5946 2
      vertex 3.73651 -11.6684 0
      vertex 3.90385 -11.5946 0
    endloop
  endfacet
  facet normal 0.433794 -0.901012 0
    outer loop
      vertex 3.90385 -11.5946 0
      vertex 4.06856 -11.5153 2
      vertex 3.90385 -11.5946 2
    endloop
  endfacet
  facet normal 0.433794 -0.901012 0
    outer loop
      vertex 4.06856 -11.5153 2
      vertex 3.90385 -11.5946 0
      vertex 4.06856 -11.5153 0
    endloop
  endfacet
  facet normal 0.463535 -0.886079 0
    outer loop
      vertex 4.06856 -11.5153 0
      vertex 4.23047 -11.4306 2
      vertex 4.06856 -11.5153 2
    endloop
  endfacet
  facet normal 0.463535 -0.886079 0
    outer loop
      vertex 4.23047 -11.4306 2
      vertex 4.06856 -11.5153 0
      vertex 4.23047 -11.4306 0
    endloop
  endfacet
  facet normal 0.492801 -0.870142 0
    outer loop
      vertex 4.23047 -11.4306 0
      vertex 4.38956 -11.3405 2
      vertex 4.23047 -11.4306 2
    endloop
  endfacet
  facet normal 0.492801 -0.870142 0
    outer loop
      vertex 4.38956 -11.3405 2
      vertex 4.23047 -11.4306 0
      vertex 4.38956 -11.3405 0
    endloop
  endfacet
  facet normal 0.521505 -0.853248 0
    outer loop
      vertex 4.38956 -11.3405 0
      vertex 4.54581 -11.245 2
      vertex 4.38956 -11.3405 2
    endloop
  endfacet
  facet normal 0.521505 -0.853248 0
    outer loop
      vertex 4.54581 -11.245 2
      vertex 4.38956 -11.3405 0
      vertex 4.54581 -11.245 0
    endloop
  endfacet
  facet normal 0.549591 -0.835434 0
    outer loop
      vertex 4.54581 -11.245 0
      vertex 4.69858 -11.1445 2
      vertex 4.54581 -11.245 2
    endloop
  endfacet
  facet normal 0.549591 -0.835434 0
    outer loop
      vertex 4.69858 -11.1445 2
      vertex 4.54581 -11.245 0
      vertex 4.69858 -11.1445 0
    endloop
  endfacet
  facet normal 0.577061 -0.816701 0
    outer loop
      vertex 4.69858 -11.1445 0
      vertex 4.84775 -11.0391 2
      vertex 4.69858 -11.1445 2
    endloop
  endfacet
  facet normal 0.577061 -0.816701 0
    outer loop
      vertex 4.84775 -11.0391 2
      vertex 4.69858 -11.1445 0
      vertex 4.84775 -11.0391 0
    endloop
  endfacet
  facet normal 0.603668 -0.797236 0
    outer loop
      vertex 4.84775 -11.0391 0
      vertex 4.99355 -10.9287 2
      vertex 4.84775 -11.0391 2
    endloop
  endfacet
  facet normal 0.603668 -0.797236 0
    outer loop
      vertex 4.99355 -10.9287 2
      vertex 4.84775 -11.0391 0
      vertex 4.99355 -10.9287 0
    endloop
  endfacet
  facet normal 0.630069 -0.776539 0
    outer loop
      vertex 4.99355 -10.9287 0
      vertex 5.13553 -10.8135 2
      vertex 4.99355 -10.9287 2
    endloop
  endfacet
  facet normal 0.630069 -0.776539 0
    outer loop
      vertex 5.13553 -10.8135 2
      vertex 4.99355 -10.9287 0
      vertex 5.13553 -10.8135 0
    endloop
  endfacet
  facet normal 0.655257 -0.755406 0
    outer loop
      vertex 5.13553 -10.8135 0
      vertex 5.27364 -10.6937 2
      vertex 5.13553 -10.8135 2
    endloop
  endfacet
  facet normal 0.655257 -0.755406 0
    outer loop
      vertex 5.27364 -10.6937 2
      vertex 5.13553 -10.8135 0
      vertex 5.27364 -10.6937 0
    endloop
  endfacet
  facet normal 0.680285 -0.732947 0
    outer loop
      vertex 5.27364 -10.6937 0
      vertex 5.40767 -10.5693 2
      vertex 5.27364 -10.6937 2
    endloop
  endfacet
  facet normal 0.680285 -0.732947 0
    outer loop
      vertex 5.40767 -10.5693 2
      vertex 5.27364 -10.6937 0
      vertex 5.40767 -10.5693 0
    endloop
  endfacet
  facet normal 0.704119 -0.710082 0
    outer loop
      vertex 5.40767 -10.5693 0
      vertex 5.53746 -10.4406 2
      vertex 5.40767 -10.5693 2
    endloop
  endfacet
  facet normal 0.704119 -0.710082 0
    outer loop
      vertex 5.53746 -10.4406 2
      vertex 5.40767 -10.5693 0
      vertex 5.53746 -10.4406 0
    endloop
  endfacet
  facet normal 0.727426 -0.686187 0
    outer loop
      vertex 5.53746 -10.4406 2
      vertex 5.66292 -10.3076 0
      vertex 5.66292 -10.3076 2
    endloop
  endfacet
  facet normal 0.727426 -0.686187 0
    outer loop
      vertex 5.66292 -10.3076 0
      vertex 5.53746 -10.4406 2
      vertex 5.53746 -10.4406 0
    endloop
  endfacet
  facet normal 0.749835 -0.661625 0
    outer loop
      vertex 5.66292 -10.3076 2
      vertex 5.78398 -10.1704 0
      vertex 5.78398 -10.1704 2
    endloop
  endfacet
  facet normal 0.749835 -0.661625 0
    outer loop
      vertex 5.78398 -10.1704 0
      vertex 5.66292 -10.3076 2
      vertex 5.66292 -10.3076 0
    endloop
  endfacet
  facet normal 0.771226 -0.636562 0
    outer loop
      vertex 5.78398 -10.1704 2
      vertex 5.90036 -10.0294 0
      vertex 5.90036 -10.0294 2
    endloop
  endfacet
  facet normal 0.771226 -0.636562 0
    outer loop
      vertex 5.90036 -10.0294 0
      vertex 5.78398 -10.1704 2
      vertex 5.78398 -10.1704 0
    endloop
  endfacet
  facet normal 0.792142 -0.610337 0
    outer loop
      vertex 5.90036 -10.0294 2
      vertex 6.01195 -9.88457 0
      vertex 6.01195 -9.88457 2
    endloop
  endfacet
  facet normal 0.792142 -0.610337 0
    outer loop
      vertex 6.01195 -9.88457 0
      vertex 5.90036 -10.0294 2
      vertex 5.90036 -10.0294 0
    endloop
  endfacet
  facet normal 0.811978 -0.583688 0
    outer loop
      vertex 6.01195 -9.88457 2
      vertex 6.11867 -9.73611 0
      vertex 6.11867 -9.73611 2
    endloop
  endfacet
  facet normal 0.811978 -0.583688 0
    outer loop
      vertex 6.11867 -9.73611 0
      vertex 6.01195 -9.88457 2
      vertex 6.01195 -9.88457 0
    endloop
  endfacet
  facet normal 0.830853 -0.556492 0
    outer loop
      vertex 6.11867 -9.73611 2
      vertex 6.22037 -9.58427 0
      vertex 6.22037 -9.58427 2
    endloop
  endfacet
  facet normal 0.830853 -0.556492 0
    outer loop
      vertex 6.22037 -9.58427 0
      vertex 6.11867 -9.73611 2
      vertex 6.11867 -9.73611 0
    endloop
  endfacet
  facet normal 0.848915 -0.528529 0
    outer loop
      vertex 6.22037 -9.58427 2
      vertex 6.31709 -9.42892 0
      vertex 6.31709 -9.42892 2
    endloop
  endfacet
  facet normal 0.848915 -0.528529 0
    outer loop
      vertex 6.31709 -9.42892 0
      vertex 6.22037 -9.58427 2
      vertex 6.22037 -9.58427 0
    endloop
  endfacet
  facet normal 0.866064 -0.499934 0
    outer loop
      vertex 6.31709 -9.42892 2
      vertex 6.40848 -9.2706 0
      vertex 6.40848 -9.2706 2
    endloop
  endfacet
  facet normal 0.866064 -0.499934 0
    outer loop
      vertex 6.40848 -9.2706 0
      vertex 6.31709 -9.42892 2
      vertex 6.31709 -9.42892 0
    endloop
  endfacet
  facet normal 0.882144 -0.47098 0
    outer loop
      vertex 6.40848 -9.2706 2
      vertex 6.49454 -9.10941 0
      vertex 6.49454 -9.10941 2
    endloop
  endfacet
  facet normal 0.882144 -0.47098 0
    outer loop
      vertex 6.49454 -9.10941 0
      vertex 6.40848 -9.2706 2
      vertex 6.40848 -9.2706 0
    endloop
  endfacet
  facet normal 0.897327 -0.441367 0
    outer loop
      vertex 6.49454 -9.10941 2
      vertex 6.5753 -8.94522 0
      vertex 6.5753 -8.94522 2
    endloop
  endfacet
  facet normal 0.897327 -0.441367 0
    outer loop
      vertex 6.5753 -8.94522 0
      vertex 6.49454 -9.10941 2
      vertex 6.49454 -9.10941 0
    endloop
  endfacet
  facet normal 0.911494 -0.411314 0
    outer loop
      vertex 6.5753 -8.94522 2
      vertex 6.65056 -8.77844 0
      vertex 6.65056 -8.77844 2
    endloop
  endfacet
  facet normal 0.911494 -0.411314 0
    outer loop
      vertex 6.65056 -8.77844 0
      vertex 6.5753 -8.94522 2
      vertex 6.5753 -8.94522 0
    endloop
  endfacet
  facet normal 0.924719 -0.380651 0
    outer loop
      vertex 6.65056 -8.77844 2
      vertex 6.72009 -8.60953 0
      vertex 6.72009 -8.60953 2
    endloop
  endfacet
  facet normal 0.924719 -0.380651 0
    outer loop
      vertex 6.72009 -8.60953 0
      vertex 6.65056 -8.77844 2
      vertex 6.65056 -8.77844 0
    endloop
  endfacet
  facet normal 0.936791 -0.349889 0
    outer loop
      vertex 6.72009 -8.60953 2
      vertex 6.78407 -8.43823 0
      vertex 6.78407 -8.43823 2
    endloop
  endfacet
  facet normal 0.936791 -0.349889 0
    outer loop
      vertex 6.78407 -8.43823 0
      vertex 6.72009 -8.60953 2
      vertex 6.72009 -8.60953 0
    endloop
  endfacet
  facet normal 0.947926 -0.31849 0
    outer loop
      vertex 6.78407 -8.43823 2
      vertex 6.84232 -8.26486 0
      vertex 6.84232 -8.26486 2
    endloop
  endfacet
  facet normal 0.947926 -0.31849 0
    outer loop
      vertex 6.84232 -8.26486 0
      vertex 6.78407 -8.43823 2
      vertex 6.78407 -8.43823 0
    endloop
  endfacet
  facet normal 0.957993 -0.286791 0
    outer loop
      vertex 6.84232 -8.26486 2
      vertex 6.89476 -8.08969 0
      vertex 6.89476 -8.08969 2
    endloop
  endfacet
  facet normal 0.957993 -0.286791 0
    outer loop
      vertex 6.89476 -8.08969 0
      vertex 6.84232 -8.26486 2
      vertex 6.84232 -8.26486 0
    endloop
  endfacet
  facet normal 0.966991 -0.254811 0
    outer loop
      vertex 6.89476 -8.08969 2
      vertex 6.94138 -7.91277 0
      vertex 6.94138 -7.91277 2
    endloop
  endfacet
  facet normal 0.966991 -0.254811 0
    outer loop
      vertex 6.94138 -7.91277 0
      vertex 6.89476 -8.08969 2
      vertex 6.89476 -8.08969 0
    endloop
  endfacet
  facet normal 0.974939 -0.222473 0
    outer loop
      vertex 6.94138 -7.91277 2
      vertex 6.98203 -7.73463 0
      vertex 6.98203 -7.73463 2
    endloop
  endfacet
  facet normal 0.974939 -0.222473 0
    outer loop
      vertex 6.98203 -7.73463 0
      vertex 6.94138 -7.91277 2
      vertex 6.94138 -7.91277 0
    endloop
  endfacet
  facet normal 0.981784 -0.189998 0
    outer loop
      vertex 6.98203 -7.73463 2
      vertex 7.01675 -7.55522 0
      vertex 7.01675 -7.55522 2
    endloop
  endfacet
  facet normal 0.981784 -0.189998 0
    outer loop
      vertex 7.01675 -7.55522 0
      vertex 6.98203 -7.73463 2
      vertex 6.98203 -7.73463 0
    endloop
  endfacet
  facet normal 0.987547 -0.157327 0
    outer loop
      vertex 7.01675 -7.55522 2
      vertex 7.04552 -7.37463 0
      vertex 7.04552 -7.37463 2
    endloop
  endfacet
  facet normal 0.987547 -0.157327 0
    outer loop
      vertex 7.04552 -7.37463 0
      vertex 7.01675 -7.55522 2
      vertex 7.01675 -7.55522 0
    endloop
  endfacet
  facet normal 0.992236 -0.124371 0
    outer loop
      vertex 7.04552 -7.37463 2
      vertex 7.06828 -7.19305 0
      vertex 7.06828 -7.19305 2
    endloop
  endfacet
  facet normal 0.992236 -0.124371 0
    outer loop
      vertex 7.06828 -7.19305 0
      vertex 7.04552 -7.37463 2
      vertex 7.04552 -7.37463 0
    endloop
  endfacet
  facet normal 0.995833 -0.0911963 0
    outer loop
      vertex 7.06828 -7.19305 2
      vertex 7.08496 -7.01091 0
      vertex 7.08496 -7.01091 2
    endloop
  endfacet
  facet normal 0.995833 -0.0911963 0
    outer loop
      vertex 7.08496 -7.01091 0
      vertex 7.06828 -7.19305 2
      vertex 7.06828 -7.19305 0
    endloop
  endfacet
  facet normal 0.998306 -0.058176 0
    outer loop
      vertex 7.08496 -7.01091 2
      vertex 7.09589 -6.82335 0
      vertex 7.09589 -6.82335 2
    endloop
  endfacet
  facet normal 0.998306 -0.058176 0
    outer loop
      vertex 7.09589 -6.82335 0
      vertex 7.08496 -7.01091 2
      vertex 7.08496 -7.01091 0
    endloop
  endfacet
  facet normal 0.999784 -0.0207718 0
    outer loop
      vertex 7.09589 -6.82335 2
      vertex 7.09999 -6.62601 0
      vertex 7.09999 -6.62601 2
    endloop
  endfacet
  facet normal 0.999784 -0.0207718 0
    outer loop
      vertex 7.09999 -6.62601 0
      vertex 7.09589 -6.82335 2
      vertex 7.09589 -6.82335 0
    endloop
  endfacet
  facet normal 1 -0 0
    outer loop
      vertex 7.09999 -6.62601 2
      vertex 7.09999 6.62083 0
      vertex 7.09999 6.62083 2
    endloop
  endfacet
  facet normal 1 0 0
    outer loop
      vertex 7.09999 6.62083 0
      vertex 7.09999 -6.62601 2
      vertex 7.09999 -6.62601 0
    endloop
  endfacet
  facet normal 0.999861 0.0166746 0
    outer loop
      vertex 7.09999 6.62083 2
      vertex 7.09729 6.78273 0
      vertex 7.09729 6.78273 2
    endloop
  endfacet
  facet normal 0.999861 0.0166746 0
    outer loop
      vertex 7.09729 6.78273 0
      vertex 7.09999 6.62083 2
      vertex 7.09999 6.62083 0
    endloop
  endfacet
  facet normal 0.998764 0.0497058 0
    outer loop
      vertex 7.09729 6.78273 2
      vertex 7.0882 6.96538 0
      vertex 7.0882 6.96538 2
    endloop
  endfacet
  facet normal 0.998764 0.0497058 0
    outer loop
      vertex 7.0882 6.96538 0
      vertex 7.09729 6.78273 2
      vertex 7.09729 6.78273 0
    endloop
  endfacet
  facet normal 0.996537 0.0831449 0
    outer loop
      vertex 7.0882 6.96538 2
      vertex 7.07298 7.1478 0
      vertex 7.07298 7.1478 2
    endloop
  endfacet
  facet normal 0.996537 0.0831449 0
    outer loop
      vertex 7.07298 7.1478 0
      vertex 7.0882 6.96538 2
      vertex 7.0882 6.96538 0
    endloop
  endfacet
  facet normal 0.99324 0.116082 0
    outer loop
      vertex 7.07298 7.1478 2
      vertex 7.05177 7.32928 0
      vertex 7.05177 7.32928 2
    endloop
  endfacet
  facet normal 0.99324 0.116082 0
    outer loop
      vertex 7.05177 7.32928 0
      vertex 7.07298 7.1478 2
      vertex 7.07298 7.1478 0
    endloop
  endfacet
  facet normal 0.988833 0.149026 0
    outer loop
      vertex 7.05177 7.32928 2
      vertex 7.02454 7.50996 0
      vertex 7.02454 7.50996 2
    endloop
  endfacet
  facet normal 0.988833 0.149026 0
    outer loop
      vertex 7.02454 7.50996 0
      vertex 7.05177 7.32928 2
      vertex 7.05177 7.32928 0
    endloop
  endfacet
  facet normal 0.983333 0.181813 0
    outer loop
      vertex 7.02454 7.50996 2
      vertex 6.99127 7.6899 0
      vertex 6.99127 7.6899 2
    endloop
  endfacet
  facet normal 0.983333 0.181813 0
    outer loop
      vertex 6.99127 7.6899 0
      vertex 7.02454 7.50996 2
      vertex 7.02454 7.50996 0
    endloop
  endfacet
  facet normal 0.97673 0.214473 0
    outer loop
      vertex 6.99127 7.6899 2
      vertex 6.95207 7.86842 0
      vertex 6.95207 7.86842 2
    endloop
  endfacet
  facet normal 0.97673 0.214473 0
    outer loop
      vertex 6.95207 7.86842 0
      vertex 6.99127 7.6899 2
      vertex 6.99127 7.6899 0
    endloop
  endfacet
  facet normal 0.969114 0.246612 0
    outer loop
      vertex 6.95207 7.86842 2
      vertex 6.90697 8.04565 0
      vertex 6.90697 8.04565 2
    endloop
  endfacet
  facet normal 0.969114 0.246612 0
    outer loop
      vertex 6.90697 8.04565 0
      vertex 6.95207 7.86842 2
      vertex 6.95207 7.86842 0
    endloop
  endfacet
  facet normal 0.960306 0.278948 0
    outer loop
      vertex 6.90697 8.04565 2
      vertex 6.85593 8.22136 0
      vertex 6.85593 8.22136 2
    endloop
  endfacet
  facet normal 0.960306 0.278948 0
    outer loop
      vertex 6.85593 8.22136 0
      vertex 6.90697 8.04565 2
      vertex 6.90697 8.04565 0
    endloop
  endfacet
  facet normal 0.950539 0.310606 0
    outer loop
      vertex 6.85593 8.22136 2
      vertex 6.79919 8.395 0
      vertex 6.79919 8.395 2
    endloop
  endfacet
  facet normal 0.950539 0.310606 0
    outer loop
      vertex 6.79919 8.395 0
      vertex 6.85593 8.22136 2
      vertex 6.85593 8.22136 0
    endloop
  endfacet
  facet normal 0.939722 0.341941 0
    outer loop
      vertex 6.79919 8.395 2
      vertex 6.73668 8.56679 0
      vertex 6.73668 8.56679 2
    endloop
  endfacet
  facet normal 0.939722 0.341941 0
    outer loop
      vertex 6.73668 8.56679 0
      vertex 6.79919 8.395 2
      vertex 6.79919 8.395 0
    endloop
  endfacet
  facet normal 0.927812 0.373049 0
    outer loop
      vertex 6.73668 8.56679 2
      vertex 6.66844 8.73651 0
      vertex 6.66844 8.73651 2
    endloop
  endfacet
  facet normal 0.927812 0.373049 0
    outer loop
      vertex 6.66844 8.73651 0
      vertex 6.73668 8.56679 2
      vertex 6.73668 8.56679 0
    endloop
  endfacet
  facet normal 0.91487 0.403748 0
    outer loop
      vertex 6.66844 8.73651 2
      vertex 6.59459 8.90385 0
      vertex 6.59459 8.90385 2
    endloop
  endfacet
  facet normal 0.91487 0.403748 0
    outer loop
      vertex 6.59459 8.90385 0
      vertex 6.66844 8.73651 2
      vertex 6.66844 8.73651 0
    endloop
  endfacet
  facet normal 0.900969 0.433883 0
    outer loop
      vertex 6.59459 8.90385 2
      vertex 6.51527 9.06856 0
      vertex 6.51527 9.06856 2
    endloop
  endfacet
  facet normal 0.900969 0.433883 0
    outer loop
      vertex 6.51527 9.06856 0
      vertex 6.59459 8.90385 2
      vertex 6.59459 8.90385 0
    endloop
  endfacet
  facet normal 0.886056 0.463578 0
    outer loop
      vertex 6.51527 9.06856 2
      vertex 6.43056 9.23047 0
      vertex 6.43056 9.23047 2
    endloop
  endfacet
  facet normal 0.886056 0.463578 0
    outer loop
      vertex 6.43056 9.23047 0
      vertex 6.51527 9.06856 2
      vertex 6.51527 9.06856 0
    endloop
  endfacet
  facet normal 0.870165 0.49276 0
    outer loop
      vertex 6.43056 9.23047 2
      vertex 6.34047 9.38956 0
      vertex 6.34047 9.38956 2
    endloop
  endfacet
  facet normal 0.870165 0.49276 0
    outer loop
      vertex 6.34047 9.38956 0
      vertex 6.43056 9.23047 2
      vertex 6.43056 9.23047 0
    endloop
  endfacet
  facet normal 0.853321 0.521386 0
    outer loop
      vertex 6.34047 9.38956 2
      vertex 6.245 9.54581 0
      vertex 6.245 9.54581 2
    endloop
  endfacet
  facet normal 0.853321 0.521386 0
    outer loop
      vertex 6.245 9.54581 0
      vertex 6.34047 9.38956 2
      vertex 6.34047 9.38956 0
    endloop
  endfacet
  facet normal 0.835408 0.54963 0
    outer loop
      vertex 6.245 9.54581 2
      vertex 6.14449 9.69858 0
      vertex 6.14449 9.69858 2
    endloop
  endfacet
  facet normal 0.835408 0.54963 0
    outer loop
      vertex 6.14449 9.69858 0
      vertex 6.245 9.54581 2
      vertex 6.245 9.54581 0
    endloop
  endfacet
  facet normal 0.816752 0.576988 0
    outer loop
      vertex 6.14449 9.69858 2
      vertex 6.03911 9.84775 0
      vertex 6.03911 9.84775 2
    endloop
  endfacet
  facet normal 0.816752 0.576988 0
    outer loop
      vertex 6.03911 9.84775 0
      vertex 6.14449 9.69858 2
      vertex 6.14449 9.69858 0
    endloop
  endfacet
  facet normal 0.797157 0.603772 0
    outer loop
      vertex 6.03911 9.84775 2
      vertex 5.92868 9.99355 0
      vertex 5.92868 9.99355 2
    endloop
  endfacet
  facet normal 0.797157 0.603772 0
    outer loop
      vertex 5.92868 9.99355 0
      vertex 6.03911 9.84775 2
      vertex 6.03911 9.84775 0
    endloop
  endfacet
  facet normal 0.7765 0.630117 0
    outer loop
      vertex 5.92868 9.99355 2
      vertex 5.81349 10.1355 0
      vertex 5.81349 10.1355 2
    endloop
  endfacet
  facet normal 0.7765 0.630117 0
    outer loop
      vertex 5.81349 10.1355 0
      vertex 5.92868 9.99355 2
      vertex 5.92868 9.99355 0
    endloop
  endfacet
  facet normal 0.755301 0.655378 0
    outer loop
      vertex 5.81349 10.1355 2
      vertex 5.69366 10.2736 0
      vertex 5.69366 10.2736 2
    endloop
  endfacet
  facet normal 0.755301 0.655378 0
    outer loop
      vertex 5.69366 10.2736 0
      vertex 5.81349 10.1355 2
      vertex 5.81349 10.1355 0
    endloop
  endfacet
  facet normal 0.733152 0.680065 0
    outer loop
      vertex 5.69366 10.2736 2
      vertex 5.56927 10.4077 0
      vertex 5.56927 10.4077 2
    endloop
  endfacet
  facet normal 0.733152 0.680065 0
    outer loop
      vertex 5.56927 10.4077 0
      vertex 5.69366 10.2736 2
      vertex 5.69366 10.2736 0
    endloop
  endfacet
  facet normal 0.710137 0.704064 0
    outer loop
      vertex 5.56927 10.4077 2
      vertex 5.44058 10.5375 0
      vertex 5.44058 10.5375 2
    endloop
  endfacet
  facet normal 0.710137 0.704064 0
    outer loop
      vertex 5.44058 10.5375 0
      vertex 5.56927 10.4077 2
      vertex 5.56927 10.4077 0
    endloop
  endfacet
  facet normal 0.686067 0.727538 -0
    outer loop
      vertex 5.44058 10.5375 0
      vertex 5.3076 10.6629 2
      vertex 5.44058 10.5375 2
    endloop
  endfacet
  facet normal 0.686067 0.727538 0
    outer loop
      vertex 5.3076 10.6629 2
      vertex 5.44058 10.5375 0
      vertex 5.3076 10.6629 0
    endloop
  endfacet
  facet normal 0.661857 0.74963 -0
    outer loop
      vertex 5.3076 10.6629 0
      vertex 5.17044 10.784 2
      vertex 5.3076 10.6629 2
    endloop
  endfacet
  facet normal 0.661857 0.74963 0
    outer loop
      vertex 5.17044 10.784 2
      vertex 5.3076 10.6629 0
      vertex 5.17044 10.784 0
    endloop
  endfacet
  facet normal 0.636412 0.771349 -0
    outer loop
      vertex 5.17044 10.784 0
      vertex 5.02936 10.9004 2
      vertex 5.17044 10.784 2
    endloop
  endfacet
  facet normal 0.636412 0.771349 0
    outer loop
      vertex 5.02936 10.9004 2
      vertex 5.17044 10.784 0
      vertex 5.02936 10.9004 0
    endloop
  endfacet
  facet normal 0.610134 0.792298 -0
    outer loop
      vertex 5.02936 10.9004 0
      vertex 4.88457 11.0119 2
      vertex 5.02936 10.9004 2
    endloop
  endfacet
  facet normal 0.610134 0.792298 0
    outer loop
      vertex 4.88457 11.0119 2
      vertex 5.02936 10.9004 0
      vertex 4.88457 11.0119 0
    endloop
  endfacet
  facet normal 0.583976 0.811771 -0
    outer loop
      vertex 4.88457 11.0119 0
      vertex 4.73611 11.1187 2
      vertex 4.88457 11.0119 2
    endloop
  endfacet
  facet normal 0.583976 0.811771 0
    outer loop
      vertex 4.73611 11.1187 2
      vertex 4.88457 11.0119 0
      vertex 4.73611 11.1187 0
    endloop
  endfacet
  facet normal 0.556492 0.830853 -0
    outer loop
      vertex 4.73611 11.1187 0
      vertex 4.58427 11.2204 2
      vertex 4.73611 11.1187 2
    endloop
  endfacet
  facet normal 0.556492 0.830853 0
    outer loop
      vertex 4.58427 11.2204 2
      vertex 4.73611 11.1187 0
      vertex 4.58427 11.2204 0
    endloop
  endfacet
  facet normal 0.528451 0.848964 -0
    outer loop
      vertex 4.58427 11.2204 0
      vertex 4.42892 11.3171 2
      vertex 4.58427 11.2204 2
    endloop
  endfacet
  facet normal 0.528451 0.848964 0
    outer loop
      vertex 4.42892 11.3171 2
      vertex 4.58427 11.2204 0
      vertex 4.42892 11.3171 0
    endloop
  endfacet
  facet normal 0.499975 0.86604 -0
    outer loop
      vertex 4.42892 11.3171 0
      vertex 4.2706 11.4085 2
      vertex 4.42892 11.3171 2
    endloop
  endfacet
  facet normal 0.499975 0.86604 0
    outer loop
      vertex 4.2706 11.4085 2
      vertex 4.42892 11.3171 0
      vertex 4.2706 11.4085 0
    endloop
  endfacet
  facet normal 0.470725 0.88228 -0
    outer loop
      vertex 4.2706 11.4085 0
      vertex 4.10941 11.4945 2
      vertex 4.2706 11.4085 2
    endloop
  endfacet
  facet normal 0.470725 0.88228 0
    outer loop
      vertex 4.10941 11.4945 2
      vertex 4.2706 11.4085 0
      vertex 4.10941 11.4945 0
    endloop
  endfacet
  facet normal 0.441543 0.89724 -0
    outer loop
      vertex 4.10941 11.4945 0
      vertex 3.94522 11.5753 2
      vertex 4.10941 11.4945 2
    endloop
  endfacet
  facet normal 0.441543 0.89724 0
    outer loop
      vertex 3.94522 11.5753 2
      vertex 4.10941 11.4945 0
      vertex 3.94522 11.5753 0
    endloop
  endfacet
  facet normal 0.411496 0.911412 -0
    outer loop
      vertex 3.94522 11.5753 0
      vertex 3.77844 11.6506 2
      vertex 3.94522 11.5753 2
    endloop
  endfacet
  facet normal 0.411496 0.911412 0
    outer loop
      vertex 3.77844 11.6506 2
      vertex 3.94522 11.5753 0
      vertex 3.77844 11.6506 0
    endloop
  endfacet
  facet normal 0.38051 0.924777 -0
    outer loop
      vertex 3.77844 11.6506 0
      vertex 3.60953 11.7201 2
      vertex 3.77844 11.6506 2
    endloop
  endfacet
  facet normal 0.38051 0.924777 0
    outer loop
      vertex 3.60953 11.7201 2
      vertex 3.77844 11.6506 0
      vertex 3.60953 11.7201 0
    endloop
  endfacet
  facet normal 0.349985 0.936755 -0
    outer loop
      vertex 3.60953 11.7201 0
      vertex 3.43823 11.7841 2
      vertex 3.60953 11.7201 2
    endloop
  endfacet
  facet normal 0.349985 0.936755 0
    outer loop
      vertex 3.43823 11.7841 2
      vertex 3.60953 11.7201 0
      vertex 3.43823 11.7841 0
    endloop
  endfacet
  facet normal 0.318245 0.948009 -0
    outer loop
      vertex 3.43823 11.7841 0
      vertex 3.26486 11.8423 2
      vertex 3.43823 11.7841 2
    endloop
  endfacet
  facet normal 0.318245 0.948009 0
    outer loop
      vertex 3.26486 11.8423 2
      vertex 3.43823 11.7841 0
      vertex 3.26486 11.8423 0
    endloop
  endfacet
  facet normal 0.287092 0.957903 -0
    outer loop
      vertex 3.26486 11.8423 0
      vertex 3.08969 11.8948 2
      vertex 3.26486 11.8423 2
    endloop
  endfacet
  facet normal 0.287092 0.957903 0
    outer loop
      vertex 3.08969 11.8948 2
      vertex 3.26486 11.8423 0
      vertex 3.08969 11.8948 0
    endloop
  endfacet
  facet normal 0.254709 0.967018 -0
    outer loop
      vertex 3.08969 11.8948 0
      vertex 2.91277 11.9414 2
      vertex 3.08969 11.8948 2
    endloop
  endfacet
  facet normal 0.254709 0.967018 0
    outer loop
      vertex 2.91277 11.9414 2
      vertex 3.08969 11.8948 0
      vertex 2.91277 11.9414 0
    endloop
  endfacet
  facet normal 0.222212 0.974998 -0
    outer loop
      vertex 2.91277 11.9414 0
      vertex 2.73463 11.982 2
      vertex 2.91277 11.9414 2
    endloop
  endfacet
  facet normal 0.222212 0.974998 0
    outer loop
      vertex 2.73463 11.982 2
      vertex 2.91277 11.9414 0
      vertex 2.73463 11.982 0
    endloop
  endfacet
  facet normal 0.19042 0.981703 -0
    outer loop
      vertex 2.73463 11.982 0
      vertex 2.55522 12.0168 2
      vertex 2.73463 11.982 2
    endloop
  endfacet
  facet normal 0.19042 0.981703 0
    outer loop
      vertex 2.55522 12.0168 2
      vertex 2.73463 11.982 0
      vertex 2.55522 12.0168 0
    endloop
  endfacet
  facet normal 0.156954 0.987606 -0
    outer loop
      vertex 2.55522 12.0168 0
      vertex 2.37463 12.0455 2
      vertex 2.55522 12.0168 2
    endloop
  endfacet
  facet normal 0.156954 0.987606 0
    outer loop
      vertex 2.37463 12.0455 2
      vertex 2.55522 12.0168 0
      vertex 2.37463 12.0455 0
    endloop
  endfacet
  facet normal 0.124586 0.992209 -0
    outer loop
      vertex 2.37463 12.0455 0
      vertex 2.19305 12.0683 2
      vertex 2.37463 12.0455 2
    endloop
  endfacet
  facet normal 0.124586 0.992209 0
    outer loop
      vertex 2.19305 12.0683 2
      vertex 2.37463 12.0455 0
      vertex 2.19305 12.0683 0
    endloop
  endfacet
  facet normal 0.0913047 0.995823 -0
    outer loop
      vertex 2.19305 12.0683 0
      vertex 2.01091 12.085 2
      vertex 2.19305 12.0683 2
    endloop
  endfacet
  facet normal 0.0913047 0.995823 0
    outer loop
      vertex 2.01091 12.085 2
      vertex 2.19305 12.0683 0
      vertex 2.01091 12.085 0
    endloop
  endfacet
  facet normal 0.0580168 0.998316 -0
    outer loop
      vertex 2.01091 12.085 0
      vertex 1.82335 12.0959 2
      vertex 2.01091 12.085 2
    endloop
  endfacet
  facet normal 0.0580168 0.998316 0
    outer loop
      vertex 1.82335 12.0959 2
      vertex 2.01091 12.085 0
      vertex 1.82335 12.0959 0
    endloop
  endfacet
  facet normal 0.0207718 0.999784 -0
    outer loop
      vertex 1.82335 12.0959 0
      vertex 1.62601 12.1 2
      vertex 1.82335 12.0959 2
    endloop
  endfacet
  facet normal 0.0207718 0.999784 0
    outer loop
      vertex 1.62601 12.1 2
      vertex 1.82335 12.0959 0
      vertex 1.62601 12.1 0
    endloop
  endfacet
  facet normal 0 1 -0
    outer loop
      vertex 1.62601 12.1 0
      vertex -1.62083 12.1 2
      vertex 1.62601 12.1 2
    endloop
  endfacet
  facet normal 0 1 0
    outer loop
      vertex -1.62083 12.1 2
      vertex 1.62601 12.1 0
      vertex -1.62083 12.1 0
    endloop
  endfacet
  facet normal -0.0166746 0.999861 0
    outer loop
      vertex -1.62083 12.1 0
      vertex -1.78273 12.0973 2
      vertex -1.62083 12.1 2
    endloop
  endfacet
  facet normal -0.0166746 0.999861 0
    outer loop
      vertex -1.78273 12.0973 2
      vertex -1.62083 12.1 0
      vertex -1.78273 12.0973 0
    endloop
  endfacet
  facet normal -0.0497603 0.998761 0
    outer loop
      vertex -1.78273 12.0973 0
      vertex -1.96538 12.0882 2
      vertex -1.78273 12.0973 2
    endloop
  endfacet
  facet normal -0.0497603 0.998761 0
    outer loop
      vertex -1.96538 12.0882 2
      vertex -1.78273 12.0973 0
      vertex -1.96538 12.0882 0
    endloop
  endfacet
  facet normal -0.0830364 0.996547 0
    outer loop
      vertex -1.96538 12.0882 0
      vertex -2.1478 12.073 2
      vertex -1.96538 12.0882 2
    endloop
  endfacet
  facet normal -0.0830364 0.996547 0
    outer loop
      vertex -2.1478 12.073 2
      vertex -1.96538 12.0882 0
      vertex -2.1478 12.073 0
    endloop
  endfacet
  facet normal -0.116028 0.993246 0
    outer loop
      vertex -2.1478 12.073 0
      vertex -2.32928 12.0518 2
      vertex -2.1478 12.073 2
    endloop
  endfacet
  facet normal -0.116028 0.993246 0
    outer loop
      vertex -2.32928 12.0518 2
      vertex -2.1478 12.073 0
      vertex -2.32928 12.0518 0
    endloop
  endfacet
  facet normal -0.1494 0.988777 0
    outer loop
      vertex -2.32928 12.0518 0
      vertex -2.50996 12.0245 2
      vertex -2.32928 12.0518 2
    endloop
  endfacet
  facet normal -0.1494 0.988777 0
    outer loop
      vertex -2.50996 12.0245 2
      vertex -2.32928 12.0518 0
      vertex -2.50996 12.0245 0
    endloop
  endfacet
  facet normal -0.181443 0.983401 0
    outer loop
      vertex -2.50996 12.0245 0
      vertex -2.6899 11.9913 2
      vertex -2.50996 12.0245 2
    endloop
  endfacet
  facet normal -0.181443 0.983401 0
    outer loop
      vertex -2.6899 11.9913 2
      vertex -2.50996 12.0245 0
      vertex -2.6899 11.9913 0
    endloop
  endfacet
  facet normal -0.214473 0.97673 0
    outer loop
      vertex -2.6899 11.9913 0
      vertex -2.86842 11.9521 2
      vertex -2.6899 11.9913 2
    endloop
  endfacet
  facet normal -0.214473 0.97673 0
    outer loop
      vertex -2.86842 11.9521 2
      vertex -2.6899 11.9913 0
      vertex -2.86842 11.9521 0
    endloop
  endfacet
  facet normal -0.246612 0.969114 0
    outer loop
      vertex -2.86842 11.9521 0
      vertex -3.04565 11.907 2
      vertex -2.86842 11.9521 2
    endloop
  endfacet
  facet normal -0.246612 0.969114 0
    outer loop
      vertex -3.04565 11.907 2
      vertex -2.86842 11.9521 0
      vertex -3.04565 11.907 0
    endloop
  endfacet
  facet normal -0.279251 0.960218 0
    outer loop
      vertex -3.04565 11.907 0
      vertex -3.22136 11.8559 2
      vertex -3.04565 11.907 2
    endloop
  endfacet
  facet normal -0.279251 0.960218 0
    outer loop
      vertex -3.22136 11.8559 2
      vertex -3.04565 11.907 0
      vertex -3.22136 11.8559 0
    endloop
  endfacet
  facet normal -0.310408 0.950603 0
    outer loop
      vertex -3.22136 11.8559 0
      vertex -3.395 11.7992 2
      vertex -3.22136 11.8559 2
    endloop
  endfacet
  facet normal -0.310408 0.950603 0
    outer loop
      vertex -3.395 11.7992 2
      vertex -3.22136 11.8559 0
      vertex -3.395 11.7992 0
    endloop
  endfacet
  facet normal -0.341892 0.939739 0
    outer loop
      vertex -3.395 11.7992 0
      vertex -3.56679 11.7367 2
      vertex -3.395 11.7992 2
    endloop
  endfacet
  facet normal -0.341892 0.939739 0
    outer loop
      vertex -3.56679 11.7367 2
      vertex -3.395 11.7992 0
      vertex -3.56679 11.7367 0
    endloop
  endfacet
  facet normal -0.373331 0.927698 0
    outer loop
      vertex -3.56679 11.7367 0
      vertex -3.73651 11.6684 2
      vertex -3.56679 11.7367 2
    endloop
  endfacet
  facet normal -0.373331 0.927698 0
    outer loop
      vertex -3.73651 11.6684 2
      vertex -3.56679 11.7367 0
      vertex -3.73651 11.6684 0
    endloop
  endfacet
  facet normal -0.403519 0.914971 0
    outer loop
      vertex -3.73651 11.6684 0
      vertex -3.90385 11.5946 2
      vertex -3.73651 11.6684 2
    endloop
  endfacet
  facet normal -0.403519 0.914971 0
    outer loop
      vertex -3.90385 11.5946 2
      vertex -3.73651 11.6684 0
      vertex -3.90385 11.5946 0
    endloop
  endfacet
  facet normal -0.433794 0.901012 0
    outer loop
      vertex -3.90385 11.5946 0
      vertex -4.06856 11.5153 2
      vertex -3.90385 11.5946 2
    endloop
  endfacet
  facet normal -0.433794 0.901012 0
    outer loop
      vertex -4.06856 11.5153 2
      vertex -3.90385 11.5946 0
      vertex -4.06856 11.5153 0
    endloop
  endfacet
  facet normal -0.463535 0.886079 0
    outer loop
      vertex -4.06856 11.5153 0
      vertex -4.23047 11.4306 2
      vertex -4.06856 11.5153 2
    endloop
  endfacet
  facet normal -0.463535 0.886079 0
    outer loop
      vertex -4.23047 11.4306 2
      vertex -4.06856 11.5153 0
      vertex -4.23047 11.4306 0
    endloop
  endfacet
  facet normal -0.492801 0.870142 0
    outer loop
      vertex -4.23047 11.4306 0
      vertex -4.38956 11.3405 2
      vertex -4.23047 11.4306 2
    endloop
  endfacet
  facet normal -0.492801 0.870142 0
    outer loop
      vertex -4.38956 11.3405 2
      vertex -4.23047 11.4306 0
      vertex -4.38956 11.3405 0
    endloop
  endfacet
  facet normal -0.521505 0.853248 0
    outer loop
      vertex -4.38956 11.3405 0
      vertex -4.54581 11.245 2
      vertex -4.38956 11.3405 2
    endloop
  endfacet
  facet normal -0.521505 0.853248 0
    outer loop
      vertex -4.54581 11.245 2
      vertex -4.38956 11.3405 0
      vertex -4.54581 11.245 0
    endloop
  endfacet
  facet normal -0.549591 0.835434 0
    outer loop
      vertex -4.54581 11.245 0
      vertex -4.69858 11.1445 2
      vertex -4.54581 11.245 2
    endloop
  endfacet
  facet normal -0.549591 0.835434 0
    outer loop
      vertex -4.69858 11.1445 2
      vertex -4.54581 11.245 0
      vertex -4.69858 11.1445 0
    endloop
  endfacet
  facet normal -0.577061 0.816701 0
    outer loop
      vertex -4.69858 11.1445 0
      vertex -4.84775 11.0391 2
      vertex -4.69858 11.1445 2
    endloop
  endfacet
  facet normal -0.577061 0.816701 0
    outer loop
      vertex -4.84775 11.0391 2
      vertex -4.69858 11.1445 0
      vertex -4.84775 11.0391 0
    endloop
  endfacet
  facet normal -0.603668 0.797236 0
    outer loop
      vertex -4.84775 11.0391 0
      vertex -4.99355 10.9287 2
      vertex -4.84775 11.0391 2
    endloop
  endfacet
  facet normal -0.603668 0.797236 0
    outer loop
      vertex -4.99355 10.9287 2
      vertex -4.84775 11.0391 0
      vertex -4.99355 10.9287 0
    endloop
  endfacet
  facet normal -0.630069 0.776539 0
    outer loop
      vertex -4.99355 10.9287 0
      vertex -5.13553 10.8135 2
      vertex -4.99355 10.9287 2
    endloop
  endfacet
  facet normal -0.630069 0.776539 0
    outer loop
      vertex -5.13553 10.8135 2
      vertex -4.99355 10.9287 0
      vertex -5.13553 10.8135 0
    endloop
  endfacet
  facet normal -0.655257 0.755406 0
    outer loop
      vertex -5.13553 10.8135 0
      vertex -5.27364 10.6937 2
      vertex -5.13553 10.8135 2
    endloop
  endfacet
  facet normal -0.655257 0.755406 0
    outer loop
      vertex -5.27364 10.6937 2
      vertex -5.13553 10.8135 0
      vertex -5.27364 10.6937 0
    endloop
  endfacet
  facet normal -0.680285 0.732947 0
    outer loop
      vertex -5.27364 10.6937 0
      vertex -5.40767 10.5693 2
      vertex -5.27364 10.6937 2
    endloop
  endfacet
  facet normal -0.680285 0.732947 0
    outer loop
      vertex -5.40767 10.5693 2
      vertex -5.27364 10.6937 0
      vertex -5.40767 10.5693 0
    endloop
  endfacet
  facet normal -0.704119 0.710082 0
    outer loop
      vertex -5.40767 10.5693 0
      vertex -5.53746 10.4406 2
      vertex -5.40767 10.5693 2
    endloop
  endfacet
  facet normal -0.704119 0.710082 0
    outer loop
      vertex -5.53746 10.4406 2
      vertex -5.40767 10.5693 0
      vertex -5.53746 10.4406 0
    endloop
  endfacet
  facet normal -0.727426 0.686187 0
    outer loop
      vertex -5.66292 10.3076 0
      vertex -5.53746 10.4406 2
      vertex -5.53746 10.4406 0
    endloop
  endfacet
  facet normal -0.727426 0.686187 0
    outer loop
      vertex -5.53746 10.4406 2
      vertex -5.66292 10.3076 0
      vertex -5.66292 10.3076 2
    endloop
  endfacet
  facet normal -0.749835 0.661625 0
    outer loop
      vertex -5.78398 10.1704 0
      vertex -5.66292 10.3076 2
      vertex -5.66292 10.3076 0
    endloop
  endfacet
  facet normal -0.749835 0.661625 0
    outer loop
      vertex -5.66292 10.3076 2
      vertex -5.78398 10.1704 0
      vertex -5.78398 10.1704 2
    endloop
  endfacet
  facet normal -0.771226 0.636562 0
    outer loop
      vertex -5.90036 10.0294 0
      vertex -5.78398 10.1704 2
      vertex -5.78398 10.1704 0
    endloop
  endfacet
  facet normal -0.771226 0.636562 0
    outer loop
      vertex -5.78398 10.1704 2
      vertex -5.90036 10.0294 0
      vertex -5.90036 10.0294 2
    endloop
  endfacet
  facet normal -0.792142 0.610337 0
    outer loop
      vertex -6.01195 9.88457 0
      vertex -5.90036 10.0294 2
      vertex -5.90036 10.0294 0
    endloop
  endfacet
  facet normal -0.792142 0.610337 0
    outer loop
      vertex -5.90036 10.0294 2
      vertex -6.01195 9.88457 0
      vertex -6.01195 9.88457 2
    endloop
  endfacet
  facet normal -0.811978 0.583688 0
    outer loop
      vertex -6.11867 9.73611 0
      vertex -6.01195 9.88457 2
      vertex -6.01195 9.88457 0
    endloop
  endfacet
  facet normal -0.811978 0.583688 0
    outer loop
      vertex -6.01195 9.88457 2
      vertex -6.11867 9.73611 0
      vertex -6.11867 9.73611 2
    endloop
  endfacet
  facet normal -0.830853 0.556492 0
    outer loop
      vertex -6.22037 9.58427 0
      vertex -6.11867 9.73611 2
      vertex -6.11867 9.73611 0
    endloop
  endfacet
  facet normal -0.830853 0.556492 0
    outer loop
      vertex -6.11867 9.73611 2
      vertex -6.22037 9.58427 0
      vertex -6.22037 9.58427 2
    endloop
  endfacet
  facet normal -0.848915 0.528529 0
    outer loop
      vertex -6.31709 9.42892 0
      vertex -6.22037 9.58427 2
      vertex -6.22037 9.58427 0
    endloop
  endfacet
  facet normal -0.848915 0.528529 0
    outer loop
      vertex -6.22037 9.58427 2
      vertex -6.31709 9.42892 0
      vertex -6.31709 9.42892 2
    endloop
  endfacet
  facet normal -0.866064 0.499934 0
    outer loop
      vertex -6.40848 9.2706 0
      vertex -6.31709 9.42892 2
      vertex -6.31709 9.42892 0
    endloop
  endfacet
  facet normal -0.866064 0.499934 0
    outer loop
      vertex -6.31709 9.42892 2
      vertex -6.40848 9.2706 0
      vertex -6.40848 9.2706 2
    endloop
  endfacet
  facet normal -0.882144 0.47098 0
    outer loop
      vertex -6.49454 9.10941 0
      vertex -6.40848 9.2706 2
      vertex -6.40848 9.2706 0
    endloop
  endfacet
  facet normal -0.882144 0.47098 0
    outer loop
      vertex -6.40848 9.2706 2
      vertex -6.49454 9.10941 0
      vertex -6.49454 9.10941 2
    endloop
  endfacet
  facet normal -0.897327 0.441367 0
    outer loop
      vertex -6.5753 8.94522 0
      vertex -6.49454 9.10941 2
      vertex -6.49454 9.10941 0
    endloop
  endfacet
  facet normal -0.897327 0.441367 0
    outer loop
      vertex -6.49454 9.10941 2
      vertex -6.5753 8.94522 0
      vertex -6.5753 8.94522 2
    endloop
  endfacet
  facet normal -0.911494 0.411314 0
    outer loop
      vertex -6.65056 8.77844 0
      vertex -6.5753 8.94522 2
      vertex -6.5753 8.94522 0
    endloop
  endfacet
  facet normal -0.911494 0.411314 0
    outer loop
      vertex -6.5753 8.94522 2
      vertex -6.65056 8.77844 0
      vertex -6.65056 8.77844 2
    endloop
  endfacet
  facet normal -0.924719 0.380651 0
    outer loop
      vertex -6.72009 8.60953 0
      vertex -6.65056 8.77844 2
      vertex -6.65056 8.77844 0
    endloop
  endfacet
  facet normal -0.924719 0.380651 0
    outer loop
      vertex -6.65056 8.77844 2
      vertex -6.72009 8.60953 0
      vertex -6.72009 8.60953 2
    endloop
  endfacet
  facet normal -0.936791 0.349889 0
    outer loop
      vertex -6.78407 8.43823 0
      vertex -6.72009 8.60953 2
      vertex -6.72009 8.60953 0
    endloop
  endfacet
  facet normal -0.936791 0.349889 0
    outer loop
      vertex -6.72009 8.60953 2
      vertex -6.78407 8.43823 0
      vertex -6.78407 8.43823 2
    endloop
  endfacet
  facet normal -0.947926 0.31849 0
    outer loop
      vertex -6.84232 8.26486 0
      vertex -6.78407 8.43823 2
      vertex -6.78407 8.43823 0
    endloop
  endfacet
  facet normal -0.947926 0.31849 0
    outer loop
      vertex -6.78407 8.43823 2
      vertex -6.84232 8.26486 0
      vertex -6.84232 8.26486 2
    endloop
  endfacet
  facet normal -0.957993 0.286791 0
    outer loop
      vertex -6.89476 8.08969 0
      vertex -6.84232 8.26486 2
      vertex -6.84232 8.26486 0
    endloop
  endfacet
  facet normal -0.957993 0.286791 0
    outer loop
      vertex -6.84232 8.26486 2
      vertex -6.89476 8.08969 0
      vertex -6.89476 8.08969 2
    endloop
  endfacet
  facet normal -0.966991 0.254811 0
    outer loop
      vertex -6.94138 7.91277 0
      vertex -6.89476 8.08969 2
      vertex -6.89476 8.08969 0
    endloop
  endfacet
  facet normal -0.966991 0.254811 0
    outer loop
      vertex -6.89476 8.08969 2
      vertex -6.94138 7.91277 0
      vertex -6.94138 7.91277 2
    endloop
  endfacet
  facet normal -0.974939 0.222473 0
    outer loop
      vertex -6.98203 7.73463 0
      vertex -6.94138 7.91277 2
      vertex -6.94138 7.91277 0
    endloop
  endfacet
  facet normal -0.974939 0.222473 0
    outer loop
      vertex -6.94138 7.91277 2
      vertex -6.98203 7.73463 0
      vertex -6.98203 7.73463 2
    endloop
  endfacet
  facet normal -0.981784 0.189998 0
    outer loop
      vertex -7.01675 7.55522 0
      vertex -6.98203 7.73463 2
      vertex -6.98203 7.73463 0
    endloop
  endfacet
  facet normal -0.981784 0.189998 0
    outer loop
      vertex -6.98203 7.73463 2
      vertex -7.01675 7.55522 0
      vertex -7.01675 7.55522 2
    endloop
  endfacet
  facet normal -0.987547 0.157327 0
    outer loop
      vertex -7.04552 7.37463 0
      vertex -7.01675 7.55522 2
      vertex -7.01675 7.55522 0
    endloop
  endfacet
  facet normal -0.987547 0.157327 0
    outer loop
      vertex -7.01675 7.55522 2
      vertex -7.04552 7.37463 0
      vertex -7.04552 7.37463 2
    endloop
  endfacet
  facet normal -0.992236 0.124371 0
    outer loop
      vertex -7.06828 7.19305 0
      vertex -7.04552 7.37463 2
      vertex -7.04552 7.37463 0
    endloop
  endfacet
  facet normal -0.992236 0.124371 0
    outer loop
      vertex -7.04552 7.37463 2
      vertex -7.06828 7.19305 0
      vertex -7.06828 7.19305 2
    endloop
  endfacet
  facet normal -0.995833 0.0911963 0
    outer loop
      vertex -7.08496 7.01091 0
      vertex -7.06828 7.19305 2
      vertex -7.06828 7.19305 0
    endloop
  endfacet
  facet normal -0.995833 0.0911963 0
    outer loop
      vertex -7.06828 7.19305 2
      vertex -7.08496 7.01091 0
      vertex -7.08496 7.01091 2
    endloop
  endfacet
  facet normal -0.998306 0.058176 0
    outer loop
      vertex -7.09589 6.82335 0
      vertex -7.08496 7.01091 2
      vertex -7.08496 7.01091 0
    endloop
  endfacet
  facet normal -0.998306 0.058176 0
    outer loop
      vertex -7.08496 7.01091 2
      vertex -7.09589 6.82335 0
      vertex -7.09589 6.82335 2
    endloop
  endfacet
  facet normal -0.999784 0.0207718 0
    outer loop
      vertex -7.09999 6.62601 0
      vertex -7.09589 6.82335 2
      vertex -7.09589 6.82335 0
    endloop
  endfacet
  facet normal -0.999784 0.0207718 0
    outer loop
      vertex -7.09589 6.82335 2
      vertex -7.09999 6.62601 0
      vertex -7.09999 6.62601 2
    endloop
  endfacet
  facet normal -1 0 0
    outer loop
      vertex -7.09999 4 0
      vertex -7.09999 6.62601 2
      vertex -7.09999 6.62601 0
    endloop
  endfacet
  facet normal -1 -0 0
    outer loop
      vertex -7.09999 6.62601 2
      vertex -7.09999 4 0
      vertex -7.09999 4 2
    endloop
  endfacet
  facet normal 0 -1 0
    outer loop
      vertex -7.09999 4 2
      vertex -7.09999 4 0
      vertex -4.59999 4 2
    endloop
  endfacet
  facet normal 0 -1 0
    outer loop
      vertex -4.59999 4 2
      vertex -4.5 4 7
      vertex -4.59999 4 7
    endloop
  endfacet
  facet normal 0 -1 0
    outer loop
      vertex -4.59999 4 2
      vertex -4.5 4 0
      vertex -4.5 4 7
    endloop
  endfacet
  facet normal 0 -1 0
    outer loop
      vertex -4.5 4 0
      vertex -4.59999 4 2
      vertex -7.09999 4 0
    endloop
  endfacet
  facet normal -0.0125329 -0.999921 0
    outer loop
      vertex -4.5 4 0
      vertex -4.40027 3.99875 7
      vertex -4.5 4 7
    endloop
  endfacet
  facet normal -0.0125329 -0.999921 -0
    outer loop
      vertex -4.40027 3.99875 7
      vertex -4.5 4 0
      vertex -4.40027 3.99875 0
    endloop
  endfacet
  facet normal -0.0373009 -0.999304 0
    outer loop
      vertex -4.40027 3.99875 0
      vertex -4.30061 3.99503 7
      vertex -4.40027 3.99875 7
    endloop
  endfacet
  facet normal -0.0373009 -0.999304 -0
    outer loop
      vertex -4.30061 3.99503 7
      vertex -4.40027 3.99875 0
      vertex -4.30061 3.99503 0
    endloop
  endfacet
  facet normal -0.0624657 -0.998047 0
    outer loop
      vertex -4.30061 3.99503 0
      vertex -4.20107 3.9888 7
      vertex -4.30061 3.99503 7
    endloop
  endfacet
  facet normal -0.0624657 -0.998047 -0
    outer loop
      vertex -4.20107 3.9888 7
      vertex -4.30061 3.99503 0
      vertex -4.20107 3.9888 0
    endloop
  endfacet
  facet normal -0.0870363 -0.996205 0
    outer loop
      vertex -4.20107 3.9888 0
      vertex -4.10172 3.98012 7
      vertex -4.20107 3.9888 7
    endloop
  endfacet
  facet normal -0.0870363 -0.996205 -0
    outer loop
      vertex -4.10172 3.98012 7
      vertex -4.20107 3.9888 0
      vertex -4.10172 3.98012 0
    endloop
  endfacet
  facet normal -0.112005 -0.993708 0
    outer loop
      vertex -4.10172 3.98012 0
      vertex -4.00262 3.96895 7
      vertex -4.10172 3.98012 7
    endloop
  endfacet
  facet normal -0.112005 -0.993708 -0
    outer loop
      vertex -4.00262 3.96895 7
      vertex -4.10172 3.98012 0
      vertex -4.00262 3.96895 0
    endloop
  endfacet
  facet normal -0.136661 -0.990618 0
    outer loop
      vertex -4.00262 3.96895 0
      vertex -3.90382 3.95532 7
      vertex -4.00262 3.96895 7
    endloop
  endfacet
  facet normal -0.136661 -0.990618 -0
    outer loop
      vertex -3.90382 3.95532 7
      vertex -4.00262 3.96895 0
      vertex -3.90382 3.95532 0
    endloop
  endfacet
  facet normal -0.161439 -0.986883 0
    outer loop
      vertex -3.90382 3.95532 0
      vertex -3.8054 3.93922 7
      vertex -3.90382 3.95532 7
    endloop
  endfacet
  facet normal -0.161439 -0.986883 -0
    outer loop
      vertex -3.8054 3.93922 7
      vertex -3.90382 3.95532 0
      vertex -3.8054 3.93922 0
    endloop
  endfacet
  facet normal -0.185905 -0.982568 0
    outer loop
      vertex -3.8054 3.93922 0
      vertex -3.70741 3.92068 7
      vertex -3.8054 3.93922 7
    endloop
  endfacet
  facet normal -0.185905 -0.982568 -0
    outer loop
      vertex -3.70741 3.92068 7
      vertex -3.8054 3.93922 0
      vertex -3.70741 3.92068 0
    endloop
  endfacet
  facet normal -0.210364 -0.977623 0
    outer loop
      vertex -3.70741 3.92068 0
      vertex -3.60991 3.8997 7
      vertex -3.70741 3.92068 7
    endloop
  endfacet
  facet normal -0.210364 -0.977623 -0
    outer loop
      vertex -3.60991 3.8997 7
      vertex -3.70741 3.92068 0
      vertex -3.60991 3.8997 0
    endloop
  endfacet
  facet normal -0.234647 -0.972081 0
    outer loop
      vertex -3.60991 3.8997 0
      vertex -3.51297 3.8763 7
      vertex -3.60991 3.8997 7
    endloop
  endfacet
  facet normal -0.234647 -0.972081 -0
    outer loop
      vertex -3.51297 3.8763 7
      vertex -3.60991 3.8997 0
      vertex -3.51297 3.8763 0
    endloop
  endfacet
  facet normal -0.25878 -0.965936 0
    outer loop
      vertex -3.51297 3.8763 0
      vertex -3.41663 3.85049 7
      vertex -3.51297 3.8763 7
    endloop
  endfacet
  facet normal -0.25878 -0.965936 -0
    outer loop
      vertex -3.41663 3.85049 7
      vertex -3.51297 3.8763 0
      vertex -3.41663 3.85049 0
    endloop
  endfacet
  facet normal -0.282856 -0.959162 0
    outer loop
      vertex -3.41663 3.85049 0
      vertex -3.32097 3.82228 7
      vertex -3.41663 3.85049 7
    endloop
  endfacet
  facet normal -0.282856 -0.959162 -0
    outer loop
      vertex -3.32097 3.82228 7
      vertex -3.41663 3.85049 0
      vertex -3.32097 3.82228 0
    endloop
  endfacet
  facet normal -0.306616 -0.951833 0
    outer loop
      vertex -3.32097 3.82228 0
      vertex -3.22604 3.7917 7
      vertex -3.32097 3.82228 7
    endloop
  endfacet
  facet normal -0.306616 -0.951833 -0
    outer loop
      vertex -3.22604 3.7917 7
      vertex -3.32097 3.82228 0
      vertex -3.22604 3.7917 0
    endloop
  endfacet
  facet normal -0.330301 -0.943876 0
    outer loop
      vertex -3.22604 3.7917 0
      vertex -3.13191 3.75876 7
      vertex -3.22604 3.7917 7
    endloop
  endfacet
  facet normal -0.330301 -0.943876 -0
    outer loop
      vertex -3.13191 3.75876 7
      vertex -3.22604 3.7917 0
      vertex -3.13191 3.75876 0
    endloop
  endfacet
  facet normal -0.353793 -0.935324 0
    outer loop
      vertex -3.13191 3.75876 0
      vertex -3.03864 3.72348 7
      vertex -3.13191 3.75876 7
    endloop
  endfacet
  facet normal -0.353793 -0.935324 -0
    outer loop
      vertex -3.03864 3.72348 7
      vertex -3.13191 3.75876 0
      vertex -3.03864 3.72348 0
    endloop
  endfacet
  facet normal -0.376813 -0.926289 0
    outer loop
      vertex -3.03864 3.72348 0
      vertex -2.94626 3.6859 7
      vertex -3.03864 3.72348 7
    endloop
  endfacet
  facet normal -0.376813 -0.926289 -0
    outer loop
      vertex -2.94626 3.6859 7
      vertex -3.03864 3.72348 0
      vertex -2.94626 3.6859 0
    endloop
  endfacet
  facet normal -0.399925 -0.916548 0
    outer loop
      vertex -2.94626 3.6859 0
      vertex -2.85484 3.64601 7
      vertex -2.94626 3.6859 7
    endloop
  endfacet
  facet normal -0.399925 -0.916548 -0
    outer loop
      vertex -2.85484 3.64601 7
      vertex -2.94626 3.6859 0
      vertex -2.85484 3.64601 0
    endloop
  endfacet
  facet normal -0.42254 -0.906344 0
    outer loop
      vertex -2.85484 3.64601 0
      vertex -2.76445 3.60387 7
      vertex -2.85484 3.64601 7
    endloop
  endfacet
  facet normal -0.42254 -0.906344 -0
    outer loop
      vertex -2.76445 3.60387 7
      vertex -2.85484 3.64601 0
      vertex -2.76445 3.60387 0
    endloop
  endfacet
  facet normal -0.445167 -0.895448 0
    outer loop
      vertex -2.76445 3.60387 0
      vertex -2.67516 3.55948 7
      vertex -2.76445 3.60387 7
    endloop
  endfacet
  facet normal -0.445167 -0.895448 -0
    outer loop
      vertex -2.67516 3.55948 7
      vertex -2.76445 3.60387 0
      vertex -2.67516 3.55948 0
    endloop
  endfacet
  facet normal -0.467233 -0.884134 0
    outer loop
      vertex -2.67516 3.55948 0
      vertex -2.58698 3.51288 7
      vertex -2.67516 3.55948 7
    endloop
  endfacet
  facet normal -0.467233 -0.884134 -0
    outer loop
      vertex -2.58698 3.51288 7
      vertex -2.67516 3.55948 0
      vertex -2.58698 3.51288 0
    endloop
  endfacet
  facet normal -0.489147 -0.872201 0
    outer loop
      vertex -2.58698 3.51288 0
      vertex -2.5 3.4641 7
      vertex -2.58698 3.51288 7
    endloop
  endfacet
  facet normal -0.489147 -0.872201 -0
    outer loop
      vertex -2.5 3.4641 7
      vertex -2.58698 3.51288 0
      vertex -2.5 3.4641 0
    endloop
  endfacet
  facet normal -0.510731 -0.859741 0
    outer loop
      vertex -2.5 3.4641 0
      vertex -2.41425 3.41316 7
      vertex -2.5 3.4641 7
    endloop
  endfacet
  facet normal -0.510731 -0.859741 -0
    outer loop
      vertex -2.41425 3.41316 7
      vertex -2.5 3.4641 0
      vertex -2.41425 3.41316 0
    endloop
  endfacet
  facet normal -0.532079 -0.846695 0
    outer loop
      vertex -2.41425 3.41316 0
      vertex -2.3298 3.36009 7
      vertex -2.41425 3.41316 7
    endloop
  endfacet
  facet normal -0.532079 -0.846695 -0
    outer loop
      vertex -2.3298 3.36009 7
      vertex -2.41425 3.41316 0
      vertex -2.3298 3.36009 0
    endloop
  endfacet
  facet normal -0.552986 -0.83319 0
    outer loop
      vertex -2.3298 3.36009 0
      vertex -2.24672 3.30495 7
      vertex -2.3298 3.36009 7
    endloop
  endfacet
  facet normal -0.552986 -0.83319 -0
    outer loop
      vertex -2.24672 3.30495 7
      vertex -2.3298 3.36009 0
      vertex -2.24672 3.30495 0
    endloop
  endfacet
  facet normal -0.573597 -0.819138 0
    outer loop
      vertex -2.24672 3.30495 0
      vertex -2.16502 3.24774 7
      vertex -2.24672 3.30495 7
    endloop
  endfacet
  facet normal -0.573597 -0.819138 -0
    outer loop
      vertex -2.16502 3.24774 7
      vertex -2.24672 3.30495 0
      vertex -2.16502 3.24774 0
    endloop
  endfacet
  facet normal -0.593821 -0.804597 0
    outer loop
      vertex -2.16502 3.24774 0
      vertex -2.08478 3.18852 7
      vertex -2.16502 3.24774 7
    endloop
  endfacet
  facet normal -0.593821 -0.804597 -0
    outer loop
      vertex -2.08478 3.18852 7
      vertex -2.16502 3.24774 0
      vertex -2.08478 3.18852 0
    endloop
  endfacet
  facet normal -0.613628 -0.789595 0
    outer loop
      vertex -2.08478 3.18852 0
      vertex -2.00603 3.12732 7
      vertex -2.08478 3.18852 7
    endloop
  endfacet
  facet normal -0.613628 -0.789595 -0
    outer loop
      vertex -2.00603 3.12732 7
      vertex -2.08478 3.18852 0
      vertex -2.00603 3.12732 0
    endloop
  endfacet
  facet normal -0.633314 -0.773895 0
    outer loop
      vertex -2.00603 3.12732 0
      vertex -1.92885 3.06416 7
      vertex -2.00603 3.12732 7
    endloop
  endfacet
  facet normal -0.633314 -0.773895 -0
    outer loop
      vertex -1.92885 3.06416 7
      vertex -2.00603 3.12732 0
      vertex -1.92885 3.06416 0
    endloop
  endfacet
  facet normal -0.652285 -0.757974 0
    outer loop
      vertex -1.92885 3.06416 0
      vertex -1.85326 2.99911 7
      vertex -1.92885 3.06416 7
    endloop
  endfacet
  facet normal -0.652285 -0.757974 -0
    outer loop
      vertex -1.85326 2.99911 7
      vertex -1.92885 3.06416 0
      vertex -1.85326 2.99911 0
    endloop
  endfacet
  facet normal -0.670824 -0.741617 0
    outer loop
      vertex -1.85326 2.99911 0
      vertex -1.7793 2.93221 7
      vertex -1.85326 2.99911 7
    endloop
  endfacet
  facet normal -0.670824 -0.741617 -0
    outer loop
      vertex -1.7793 2.93221 7
      vertex -1.85326 2.99911 0
      vertex -1.7793 2.93221 0
    endloop
  endfacet
  facet normal -0.689342 -0.724436 0
    outer loop
      vertex -1.7793 2.93221 0
      vertex -1.70705 2.86346 7
      vertex -1.7793 2.93221 7
    endloop
  endfacet
  facet normal -0.689342 -0.724436 -0
    outer loop
      vertex -1.70705 2.86346 7
      vertex -1.7793 2.93221 0
      vertex -1.70705 2.86346 0
    endloop
  endfacet
  facet normal -0.707057 -0.707157 0
    outer loop
      vertex -1.63652 2.79294 0
      vertex -1.70705 2.86346 7
      vertex -1.70705 2.86346 0
    endloop
  endfacet
  facet normal -0.707057 -0.707157 0
    outer loop
      vertex -1.70705 2.86346 7
      vertex -1.63652 2.79294 0
      vertex -1.63652 2.79294 7
    endloop
  endfacet
  facet normal -0.724486 -0.68929 0
    outer loop
      vertex -1.56778 2.72069 0
      vertex -1.63652 2.79294 7
      vertex -1.63652 2.79294 0
    endloop
  endfacet
  facet normal -0.724486 -0.68929 0
    outer loop
      vertex -1.63652 2.79294 7
      vertex -1.56778 2.72069 0
      vertex -1.56778 2.72069 7
    endloop
  endfacet
  facet normal -0.741567 -0.670879 0
    outer loop
      vertex -1.50087 2.64673 0
      vertex -1.56778 2.72069 7
      vertex -1.56778 2.72069 0
    endloop
  endfacet
  facet normal -0.741567 -0.670879 0
    outer loop
      vertex -1.56778 2.72069 7
      vertex -1.50087 2.64673 0
      vertex -1.50087 2.64673 7
    endloop
  endfacet
  facet normal -0.757974 -0.652285 0
    outer loop
      vertex -1.43582 2.57114 0
      vertex -1.50087 2.64673 7
      vertex -1.50087 2.64673 0
    endloop
  endfacet
  facet normal -0.757974 -0.652285 0
    outer loop
      vertex -1.50087 2.64673 7
      vertex -1.43582 2.57114 0
      vertex -1.43582 2.57114 7
    endloop
  endfacet
  facet normal -0.773944 -0.633254 0
    outer loop
      vertex -1.37267 2.49396 0
      vertex -1.43582 2.57114 7
      vertex -1.43582 2.57114 0
    endloop
  endfacet
  facet normal -0.773944 -0.633254 0
    outer loop
      vertex -1.43582 2.57114 7
      vertex -1.37267 2.49396 0
      vertex -1.37267 2.49396 7
    endloop
  endfacet
  facet normal -0.789547 -0.613691 0
    outer loop
      vertex -1.31146 2.41521 0
      vertex -1.37267 2.49396 7
      vertex -1.37267 2.49396 0
    endloop
  endfacet
  facet normal -0.789547 -0.613691 0
    outer loop
      vertex -1.37267 2.49396 7
      vertex -1.31146 2.41521 0
      vertex -1.31146 2.41521 7
    endloop
  endfacet
  facet normal -0.804632 -0.593773 0
    outer loop
      vertex -1.25224 2.33496 0
      vertex -1.31146 2.41521 7
      vertex -1.31146 2.41521 0
    endloop
  endfacet
  facet normal -0.804632 -0.593773 0
    outer loop
      vertex -1.31146 2.41521 7
      vertex -1.25224 2.33496 0
      vertex -1.25224 2.33496 7
    endloop
  endfacet
  facet normal -0.819152 -0.573577 0
    outer loop
      vertex -1.19504 2.25327 0
      vertex -1.25224 2.33496 7
      vertex -1.25224 2.33496 0
    endloop
  endfacet
  facet normal -0.819152 -0.573577 0
    outer loop
      vertex -1.25224 2.33496 7
      vertex -1.19504 2.25327 0
      vertex -1.19504 2.25327 7
    endloop
  endfacet
  facet normal -0.833175 -0.55301 0
    outer loop
      vertex -1.13989 2.17018 0
      vertex -1.19504 2.25327 7
      vertex -1.19504 2.25327 0
    endloop
  endfacet
  facet normal -0.833175 -0.55301 0
    outer loop
      vertex -1.19504 2.25327 7
      vertex -1.13989 2.17018 0
      vertex -1.13989 2.17018 7
    endloop
  endfacet
  facet normal -0.846666 -0.532124 0
    outer loop
      vertex -1.08682 2.08574 0
      vertex -1.13989 2.17018 7
      vertex -1.13989 2.17018 0
    endloop
  endfacet
  facet normal -0.846666 -0.532124 0
    outer loop
      vertex -1.13989 2.17018 7
      vertex -1.08682 2.08574 0
      vertex -1.08682 2.08574 7
    endloop
  endfacet
  facet normal -0.859758 -0.510701 0
    outer loop
      vertex -1.03589 2 0
      vertex -1.08682 2.08574 7
      vertex -1.08682 2.08574 0
    endloop
  endfacet
  facet normal -0.859758 -0.510701 0
    outer loop
      vertex -1.08682 2.08574 7
      vertex -1.03589 2 0
      vertex -1.03589 2 7
    endloop
  endfacet
  facet normal -0.872208 -0.489135 0
    outer loop
      vertex -0.987106 1.91301 0
      vertex -1.03589 2 7
      vertex -1.03589 2 0
    endloop
  endfacet
  facet normal -0.872208 -0.489135 0
    outer loop
      vertex -1.03589 2 7
      vertex -0.987106 1.91301 0
      vertex -0.987106 1.91301 7
    endloop
  endfacet
  facet normal -0.884134 -0.467233 0
    outer loop
      vertex -0.940506 1.82483 0
      vertex -0.987106 1.91301 7
      vertex -0.987106 1.91301 0
    endloop
  endfacet
  facet normal -0.884134 -0.467233 0
    outer loop
      vertex -0.987106 1.91301 7
      vertex -0.940506 1.82483 0
      vertex -0.940506 1.82483 7
    endloop
  endfacet
  facet normal -0.895476 -0.445111 0
    outer loop
      vertex -0.896118 1.73553 0
      vertex -0.940506 1.82483 7
      vertex -0.940506 1.82483 0
    endloop
  endfacet
  facet normal -0.895476 -0.445111 0
    outer loop
      vertex -0.940506 1.82483 7
      vertex -0.896118 1.73553 0
      vertex -0.896118 1.73553 7
    endloop
  endfacet
  facet normal -0.906325 -0.422581 0
    outer loop
      vertex -0.853973 1.64514 0
      vertex -0.896118 1.73553 7
      vertex -0.896118 1.73553 0
    endloop
  endfacet
  facet normal -0.906325 -0.422581 0
    outer loop
      vertex -0.896118 1.73553 7
      vertex -0.853973 1.64514 0
      vertex -0.853973 1.64514 7
    endloop
  endfacet
  facet normal -0.916547 -0.399928 0
    outer loop
      vertex -0.814087 1.55373 0
      vertex -0.853973 1.64514 7
      vertex -0.853973 1.64514 0
    endloop
  endfacet
  facet normal -0.916547 -0.399928 0
    outer loop
      vertex -0.853973 1.64514 7
      vertex -0.814087 1.55373 0
      vertex -0.814087 1.55373 7
    endloop
  endfacet
  facet normal -0.926282 -0.37683 0
    outer loop
      vertex -0.776505 1.46135 0
      vertex -0.814087 1.55373 7
      vertex -0.814087 1.55373 0
    endloop
  endfacet
  facet normal -0.926282 -0.37683 0
    outer loop
      vertex -0.814087 1.55373 7
      vertex -0.776505 1.46135 0
      vertex -0.776505 1.46135 7
    endloop
  endfacet
  facet normal -0.93534 -0.353751 0
    outer loop
      vertex -0.741226 1.36807 0
      vertex -0.776505 1.46135 7
      vertex -0.776505 1.46135 0
    endloop
  endfacet
  facet normal -0.93534 -0.353751 0
    outer loop
      vertex -0.776505 1.46135 7
      vertex -0.741226 1.36807 0
      vertex -0.741226 1.36807 7
    endloop
  endfacet
  facet normal -0.943863 -0.330337 0
    outer loop
      vertex -0.708282 1.27394 0
      vertex -0.741226 1.36807 7
      vertex -0.741226 1.36807 0
    endloop
  endfacet
  facet normal -0.943863 -0.330337 0
    outer loop
      vertex -0.741226 1.36807 7
      vertex -0.708282 1.27394 0
      vertex -0.708282 1.27394 7
    endloop
  endfacet
  facet normal -0.95183 -0.306627 0
    outer loop
      vertex -0.677704 1.17902 0
      vertex -0.708282 1.27394 7
      vertex -0.708282 1.27394 0
    endloop
  endfacet
  facet normal -0.95183 -0.306627 0
    outer loop
      vertex -0.708282 1.27394 7
      vertex -0.677704 1.17902 0
      vertex -0.677704 1.17902 7
    endloop
  endfacet
  facet normal -0.959152 -0.282893 0
    outer loop
      vertex -0.64949 1.08336 0
      vertex -0.677704 1.17902 7
      vertex -0.677704 1.17902 0
    endloop
  endfacet
  facet normal -0.959152 -0.282893 0
    outer loop
      vertex -0.677704 1.17902 7
      vertex -0.64949 1.08336 0
      vertex -0.64949 1.08336 7
    endloop
  endfacet
  facet normal -0.96596 -0.258692 0
    outer loop
      vertex -0.623688 0.987015 0
      vertex -0.64949 1.08336 7
      vertex -0.64949 1.08336 0
    endloop
  endfacet
  facet normal -0.96596 -0.258692 0
    outer loop
      vertex -0.64949 1.08336 7
      vertex -0.623688 0.987015 0
      vertex -0.623688 0.987015 7
    endloop
  endfacet
  facet normal -0.972064 -0.234716 0
    outer loop
      vertex -0.600281 0.890076 0
      vertex -0.623688 0.987015 7
      vertex -0.623688 0.987015 0
    endloop
  endfacet
  facet normal -0.972064 -0.234716 0
    outer loop
      vertex -0.623688 0.987015 7
      vertex -0.600281 0.890076 0
      vertex -0.600281 0.890076 7
    endloop
  endfacet
  facet normal -0.977623 -0.210366 0
    outer loop
      vertex -0.5793 0.792572 0
      vertex -0.600281 0.890076 7
      vertex -0.600281 0.890076 0
    endloop
  endfacet
  facet normal -0.977623 -0.210366 0
    outer loop
      vertex -0.600281 0.890076 7
      vertex -0.5793 0.792572 0
      vertex -0.5793 0.792572 7
    endloop
  endfacet
  facet normal -0.982568 -0.185901 0
    outer loop
      vertex -0.56076 0.69458 0
      vertex -0.5793 0.792572 7
      vertex -0.5793 0.792572 0
    endloop
  endfacet
  facet normal -0.982568 -0.185901 0
    outer loop
      vertex -0.5793 0.792572 7
      vertex -0.56076 0.69458 0
      vertex -0.56076 0.69458 7
    endloop
  endfacet
  facet normal -0.986886 -0.161421 0
    outer loop
      vertex -0.544662 0.596161 0
      vertex -0.56076 0.69458 7
      vertex -0.56076 0.69458 0
    endloop
  endfacet
  facet normal -0.986886 -0.161421 0
    outer loop
      vertex -0.56076 0.69458 7
      vertex -0.544662 0.596161 0
      vertex -0.544662 0.596161 7
    endloop
  endfacet
  facet normal -0.990623 -0.13662 0
    outer loop
      vertex -0.531036 0.49736 0
      vertex -0.544662 0.596161 7
      vertex -0.544662 0.596161 0
    endloop
  endfacet
  facet normal -0.990623 -0.13662 0
    outer loop
      vertex -0.544662 0.596161 7
      vertex -0.531036 0.49736 0
      vertex -0.531036 0.49736 7
    endloop
  endfacet
  facet normal -0.993707 -0.112006 0
    outer loop
      vertex -0.519867 0.39827 0
      vertex -0.531036 0.49736 7
      vertex -0.531036 0.49736 0
    endloop
  endfacet
  facet normal -0.993707 -0.112006 0
    outer loop
      vertex -0.531036 0.49736 7
      vertex -0.519867 0.39827 0
      vertex -0.519867 0.39827 7
    endloop
  endfacet
  facet normal -0.996203 -0.0870562 0
    outer loop
      vertex -0.511185 0.29892 0
      vertex -0.519867 0.39827 7
      vertex -0.519867 0.39827 0
    endloop
  endfacet
  facet normal -0.996203 -0.0870562 0
    outer loop
      vertex -0.519867 0.39827 7
      vertex -0.511185 0.29892 0
      vertex -0.511185 0.29892 7
    endloop
  endfacet
  facet normal -0.99805 -0.0624201 0
    outer loop
      vertex -0.504959 0.199371 0
      vertex -0.511185 0.29892 7
      vertex -0.511185 0.29892 0
    endloop
  endfacet
  facet normal -0.99805 -0.0624201 0
    outer loop
      vertex -0.511185 0.29892 7
      vertex -0.504959 0.199371 0
      vertex -0.504959 0.199371 7
    endloop
  endfacet
  facet normal -0.999303 -0.0373329 0
    outer loop
      vertex -0.501236 0.0997162 0
      vertex -0.504959 0.199371 7
      vertex -0.504959 0.199371 0
    endloop
  endfacet
  facet normal -0.999303 -0.0373329 0
    outer loop
      vertex -0.504959 0.199371 7
      vertex -0.501236 0.0997162 0
      vertex -0.501236 0.0997162 7
    endloop
  endfacet
  facet normal -0.999923 -0.0123942 0
    outer loop
      vertex -0.5 0 0
      vertex -0.501236 0.0997162 7
      vertex -0.501236 0.0997162 0
    endloop
  endfacet
  facet normal -0.999923 -0.0123942 0
    outer loop
      vertex -0.501236 0.0997162 7
      vertex -0.5 0 0
      vertex -0.5 0 7
    endloop
  endfacet
  facet normal -0.999923 0.0123942 0
    outer loop
      vertex -0.501236 -0.0997162 0
      vertex -0.5 0 7
      vertex -0.5 0 0
    endloop
  endfacet
  facet normal -0.999923 0.0123942 0
    outer loop
      vertex -0.5 0 7
      vertex -0.501236 -0.0997162 0
      vertex -0.501236 -0.0997162 7
    endloop
  endfacet
  facet normal -0.999303 0.0373329 0
    outer loop
      vertex -0.504959 -0.199371 0
      vertex -0.501236 -0.0997162 7
      vertex -0.501236 -0.0997162 0
    endloop
  endfacet
  facet normal -0.999303 0.0373329 0
    outer loop
      vertex -0.501236 -0.0997162 7
      vertex -0.504959 -0.199371 0
      vertex -0.504959 -0.199371 7
    endloop
  endfacet
  facet normal -0.99805 0.0624201 0
    outer loop
      vertex -0.511185 -0.29892 0
      vertex -0.504959 -0.199371 7
      vertex -0.504959 -0.199371 0
    endloop
  endfacet
  facet normal -0.99805 0.0624201 0
    outer loop
      vertex -0.504959 -0.199371 7
      vertex -0.511185 -0.29892 0
      vertex -0.511185 -0.29892 7
    endloop
  endfacet
  facet normal -0.996203 0.0870562 0
    outer loop
      vertex -0.519867 -0.39827 0
      vertex -0.511185 -0.29892 7
      vertex -0.511185 -0.29892 0
    endloop
  endfacet
  facet normal -0.996203 0.0870562 0
    outer loop
      vertex -0.511185 -0.29892 7
      vertex -0.519867 -0.39827 0
      vertex -0.519867 -0.39827 7
    endloop
  endfacet
  facet normal -0.993707 0.112006 0
    outer loop
      vertex -0.531036 -0.49736 0
      vertex -0.519867 -0.39827 7
      vertex -0.519867 -0.39827 0
    endloop
  endfacet
  facet normal -0.993707 0.112006 0
    outer loop
      vertex -0.519867 -0.39827 7
      vertex -0.531036 -0.49736 0
      vertex -0.531036 -0.49736 7
    endloop
  endfacet
  facet normal -0.990623 0.13662 0
    outer loop
      vertex -0.544662 -0.596161 0
      vertex -0.531036 -0.49736 7
      vertex -0.531036 -0.49736 0
    endloop
  endfacet
  facet normal -0.990623 0.13662 0
    outer loop
      vertex -0.531036 -0.49736 7
      vertex -0.544662 -0.596161 0
      vertex -0.544662 -0.596161 7
    endloop
  endfacet
  facet normal -0.986886 0.161421 0
    outer loop
      vertex -0.56076 -0.69458 0
      vertex -0.544662 -0.596161 7
      vertex -0.544662 -0.596161 0
    endloop
  endfacet
  facet normal -0.986886 0.161421 0
    outer loop
      vertex -0.544662 -0.596161 7
      vertex -0.56076 -0.69458 0
      vertex -0.56076 -0.69458 7
    endloop
  endfacet
  facet normal -0.982568 0.185901 0
    outer loop
      vertex -0.5793 -0.792572 0
      vertex -0.56076 -0.69458 7
      vertex -0.56076 -0.69458 0
    endloop
  endfacet
  facet normal -0.982568 0.185901 0
    outer loop
      vertex -0.56076 -0.69458 7
      vertex -0.5793 -0.792572 0
      vertex -0.5793 -0.792572 7
    endloop
  endfacet
  facet normal -0.977623 0.210366 0
    outer loop
      vertex -0.600281 -0.890076 0
      vertex -0.5793 -0.792572 7
      vertex -0.5793 -0.792572 0
    endloop
  endfacet
  facet normal -0.977623 0.210366 0
    outer loop
      vertex -0.5793 -0.792572 7
      vertex -0.600281 -0.890076 0
      vertex -0.600281 -0.890076 7
    endloop
  endfacet
  facet normal -0.972064 0.234716 0
    outer loop
      vertex -0.623688 -0.987015 0
      vertex -0.600281 -0.890076 7
      vertex -0.600281 -0.890076 0
    endloop
  endfacet
  facet normal -0.972064 0.234716 0
    outer loop
      vertex -0.600281 -0.890076 7
      vertex -0.623688 -0.987015 0
      vertex -0.623688 -0.987015 7
    endloop
  endfacet
  facet normal -0.96596 0.258692 0
    outer loop
      vertex -0.64949 -1.08336 0
      vertex -0.623688 -0.987015 7
      vertex -0.623688 -0.987015 0
    endloop
  endfacet
  facet normal -0.96596 0.258692 0
    outer loop
      vertex -0.623688 -0.987015 7
      vertex -0.64949 -1.08336 0
      vertex -0.64949 -1.08336 7
    endloop
  endfacet
  facet normal -0.959152 0.282893 0
    outer loop
      vertex -0.677704 -1.17902 0
      vertex -0.64949 -1.08336 7
      vertex -0.64949 -1.08336 0
    endloop
  endfacet
  facet normal -0.959152 0.282893 0
    outer loop
      vertex -0.64949 -1.08336 7
      vertex -0.677704 -1.17902 0
      vertex -0.677704 -1.17902 7
    endloop
  endfacet
  facet normal -0.95183 0.306627 0
    outer loop
      vertex -0.708282 -1.27394 0
      vertex -0.677704 -1.17902 7
      vertex -0.677704 -1.17902 0
    endloop
  endfacet
  facet normal -0.95183 0.306627 0
    outer loop
      vertex -0.677704 -1.17902 7
      vertex -0.708282 -1.27394 0
      vertex -0.708282 -1.27394 7
    endloop
  endfacet
  facet normal -0.943863 0.330337 0
    outer loop
      vertex -0.741226 -1.36807 0
      vertex -0.708282 -1.27394 7
      vertex -0.708282 -1.27394 0
    endloop
  endfacet
  facet normal -0.943863 0.330337 0
    outer loop
      vertex -0.708282 -1.27394 7
      vertex -0.741226 -1.36807 0
      vertex -0.741226 -1.36807 7
    endloop
  endfacet
  facet normal -0.93534 0.353751 0
    outer loop
      vertex -0.776505 -1.46135 0
      vertex -0.741226 -1.36807 7
      vertex -0.741226 -1.36807 0
    endloop
  endfacet
  facet normal -0.93534 0.353751 0
    outer loop
      vertex -0.741226 -1.36807 7
      vertex -0.776505 -1.46135 0
      vertex -0.776505 -1.46135 7
    endloop
  endfacet
  facet normal -0.926282 0.37683 0
    outer loop
      vertex -0.814087 -1.55373 0
      vertex -0.776505 -1.46135 7
      vertex -0.776505 -1.46135 0
    endloop
  endfacet
  facet normal -0.926282 0.37683 0
    outer loop
      vertex -0.776505 -1.46135 7
      vertex -0.814087 -1.55373 0
      vertex -0.814087 -1.55373 7
    endloop
  endfacet
  facet normal -0.916547 0.399928 0
    outer loop
      vertex -0.853973 -1.64514 0
      vertex -0.814087 -1.55373 7
      vertex -0.814087 -1.55373 0
    endloop
  endfacet
  facet normal -0.916547 0.399928 0
    outer loop
      vertex -0.814087 -1.55373 7
      vertex -0.853973 -1.64514 0
      vertex -0.853973 -1.64514 7
    endloop
  endfacet
  facet normal -0.906325 0.422581 0
    outer loop
      vertex -0.896118 -1.73553 0
      vertex -0.853973 -1.64514 7
      vertex -0.853973 -1.64514 0
    endloop
  endfacet
  facet normal -0.906325 0.422581 0
    outer loop
      vertex -0.853973 -1.64514 7
      vertex -0.896118 -1.73553 0
      vertex -0.896118 -1.73553 7
    endloop
  endfacet
  facet normal -0.895476 0.445111 0
    outer loop
      vertex -0.940506 -1.82483 0
      vertex -0.896118 -1.73553 7
      vertex -0.896118 -1.73553 0
    endloop
  endfacet
  facet normal -0.895476 0.445111 0
    outer loop
      vertex -0.896118 -1.73553 7
      vertex -0.940506 -1.82483 0
      vertex -0.940506 -1.82483 7
    endloop
  endfacet
  facet normal -0.884134 0.467233 0
    outer loop
      vertex -0.987106 -1.91301 0
      vertex -0.940506 -1.82483 7
      vertex -0.940506 -1.82483 0
    endloop
  endfacet
  facet normal -0.884134 0.467233 0
    outer loop
      vertex -0.940506 -1.82483 7
      vertex -0.987106 -1.91301 0
      vertex -0.987106 -1.91301 7
    endloop
  endfacet
  facet normal -0.872208 0.489135 0
    outer loop
      vertex -1.03589 -2 0
      vertex -0.987106 -1.91301 7
      vertex -0.987106 -1.91301 0
    endloop
  endfacet
  facet normal -0.872208 0.489135 0
    outer loop
      vertex -0.987106 -1.91301 7
      vertex -1.03589 -2 0
      vertex -1.03589 -2 7
    endloop
  endfacet
  facet normal -0.859758 0.510701 0
    outer loop
      vertex -1.08682 -2.08574 0
      vertex -1.03589 -2 7
      vertex -1.03589 -2 0
    endloop
  endfacet
  facet normal -0.859758 0.510701 0
    outer loop
      vertex -1.03589 -2 7
      vertex -1.08682 -2.08574 0
      vertex -1.08682 -2.08574 7
    endloop
  endfacet
  facet normal -0.846666 0.532124 0
    outer loop
      vertex -1.13989 -2.17018 0
      vertex -1.08682 -2.08574 7
      vertex -1.08682 -2.08574 0
    endloop
  endfacet
  facet normal -0.846666 0.532124 0
    outer loop
      vertex -1.08682 -2.08574 7
      vertex -1.13989 -2.17018 0
      vertex -1.13989 -2.17018 7
    endloop
  endfacet
  facet normal -0.833175 0.55301 0
    outer loop
      vertex -1.19504 -2.25327 0
      vertex -1.13989 -2.17018 7
      vertex -1.13989 -2.17018 0
    endloop
  endfacet
  facet normal -0.833175 0.55301 0
    outer loop
      vertex -1.13989 -2.17018 7
      vertex -1.19504 -2.25327 0
      vertex -1.19504 -2.25327 7
    endloop
  endfacet
  facet normal -0.819152 0.573577 0
    outer loop
      vertex -1.25224 -2.33496 0
      vertex -1.19504 -2.25327 7
      vertex -1.19504 -2.25327 0
    endloop
  endfacet
  facet normal -0.819152 0.573577 0
    outer loop
      vertex -1.19504 -2.25327 7
      vertex -1.25224 -2.33496 0
      vertex -1.25224 -2.33496 7
    endloop
  endfacet
  facet normal -0.804632 0.593773 0
    outer loop
      vertex -1.31146 -2.41521 0
      vertex -1.25224 -2.33496 7
      vertex -1.25224 -2.33496 0
    endloop
  endfacet
  facet normal -0.804632 0.593773 0
    outer loop
      vertex -1.25224 -2.33496 7
      vertex -1.31146 -2.41521 0
      vertex -1.31146 -2.41521 7
    endloop
  endfacet
  facet normal -0.789547 0.613691 0
    outer loop
      vertex -1.37267 -2.49396 0
      vertex -1.31146 -2.41521 7
      vertex -1.31146 -2.41521 0
    endloop
  endfacet
  facet normal -0.789547 0.613691 0
    outer loop
      vertex -1.31146 -2.41521 7
      vertex -1.37267 -2.49396 0
      vertex -1.37267 -2.49396 7
    endloop
  endfacet
  facet normal -0.773944 0.633254 0
    outer loop
      vertex -1.43582 -2.57114 0
      vertex -1.37267 -2.49396 7
      vertex -1.37267 -2.49396 0
    endloop
  endfacet
  facet normal -0.773944 0.633254 0
    outer loop
      vertex -1.37267 -2.49396 7
      vertex -1.43582 -2.57114 0
      vertex -1.43582 -2.57114 7
    endloop
  endfacet
  facet normal -0.757974 0.652285 0
    outer loop
      vertex -1.50087 -2.64673 0
      vertex -1.43582 -2.57114 7
      vertex -1.43582 -2.57114 0
    endloop
  endfacet
  facet normal -0.757974 0.652285 0
    outer loop
      vertex -1.43582 -2.57114 7
      vertex -1.50087 -2.64673 0
      vertex -1.50087 -2.64673 7
    endloop
  endfacet
  facet normal -0.741567 0.670879 0
    outer loop
      vertex -1.56778 -2.72069 0
      vertex -1.50087 -2.64673 7
      vertex -1.50087 -2.64673 0
    endloop
  endfacet
  facet normal -0.741567 0.670879 0
    outer loop
      vertex -1.50087 -2.64673 7
      vertex -1.56778 -2.72069 0
      vertex -1.56778 -2.72069 7
    endloop
  endfacet
  facet normal -0.724486 0.68929 0
    outer loop
      vertex -1.63652 -2.79294 0
      vertex -1.56778 -2.72069 7
      vertex -1.56778 -2.72069 0
    endloop
  endfacet
  facet normal -0.724486 0.68929 0
    outer loop
      vertex -1.56778 -2.72069 7
      vertex -1.63652 -2.79294 0
      vertex -1.63652 -2.79294 7
    endloop
  endfacet
  facet normal -0.707057 0.707157 0
    outer loop
      vertex -1.70705 -2.86346 0
      vertex -1.63652 -2.79294 7
      vertex -1.63652 -2.79294 0
    endloop
  endfacet
  facet normal -0.707057 0.707157 0
    outer loop
      vertex -1.63652 -2.79294 7
      vertex -1.70705 -2.86346 0
      vertex -1.70705 -2.86346 7
    endloop
  endfacet
  facet normal -0.689342 0.724436 0
    outer loop
      vertex -1.70705 -2.86346 0
      vertex -1.7793 -2.93221 7
      vertex -1.70705 -2.86346 7
    endloop
  endfacet
  facet normal -0.689342 0.724436 0
    outer loop
      vertex -1.7793 -2.93221 7
      vertex -1.70705 -2.86346 0
      vertex -1.7793 -2.93221 0
    endloop
  endfacet
  facet normal -0.670824 0.741617 0
    outer loop
      vertex -1.7793 -2.93221 0
      vertex -1.85326 -2.99911 7
      vertex -1.7793 -2.93221 7
    endloop
  endfacet
  facet normal -0.670824 0.741617 0
    outer loop
      vertex -1.85326 -2.99911 7
      vertex -1.7793 -2.93221 0
      vertex -1.85326 -2.99911 0
    endloop
  endfacet
  facet normal -0.652285 0.757974 0
    outer loop
      vertex -1.85326 -2.99911 0
      vertex -1.92885 -3.06416 7
      vertex -1.85326 -2.99911 7
    endloop
  endfacet
  facet normal -0.652285 0.757974 0
    outer loop
      vertex -1.92885 -3.06416 7
      vertex -1.85326 -2.99911 0
      vertex -1.92885 -3.06416 0
    endloop
  endfacet
  facet normal -0.633314 0.773895 0
    outer loop
      vertex -1.92885 -3.06416 0
      vertex -2.00603 -3.12732 7
      vertex -1.92885 -3.06416 7
    endloop
  endfacet
  facet normal -0.633314 0.773895 0
    outer loop
      vertex -2.00603 -3.12732 7
      vertex -1.92885 -3.06416 0
      vertex -2.00603 -3.12732 0
    endloop
  endfacet
  facet normal -0.613628 0.789595 0
    outer loop
      vertex -2.00603 -3.12732 0
      vertex -2.08478 -3.18852 7
      vertex -2.00603 -3.12732 7
    endloop
  endfacet
  facet normal -0.613628 0.789595 0
    outer loop
      vertex -2.08478 -3.18852 7
      vertex -2.00603 -3.12732 0
      vertex -2.08478 -3.18852 0
    endloop
  endfacet
  facet normal -0.593821 0.804597 0
    outer loop
      vertex -2.08478 -3.18852 0
      vertex -2.16502 -3.24774 7
      vertex -2.08478 -3.18852 7
    endloop
  endfacet
  facet normal -0.593821 0.804597 0
    outer loop
      vertex -2.16502 -3.24774 7
      vertex -2.08478 -3.18852 0
      vertex -2.16502 -3.24774 0
    endloop
  endfacet
  facet normal -0.573597 0.819138 0
    outer loop
      vertex -2.16502 -3.24774 0
      vertex -2.24672 -3.30495 7
      vertex -2.16502 -3.24774 7
    endloop
  endfacet
  facet normal -0.573597 0.819138 0
    outer loop
      vertex -2.24672 -3.30495 7
      vertex -2.16502 -3.24774 0
      vertex -2.24672 -3.30495 0
    endloop
  endfacet
  facet normal -0.552986 0.83319 0
    outer loop
      vertex -2.24672 -3.30495 0
      vertex -2.3298 -3.36009 7
      vertex -2.24672 -3.30495 7
    endloop
  endfacet
  facet normal -0.552986 0.83319 0
    outer loop
      vertex -2.3298 -3.36009 7
      vertex -2.24672 -3.30495 0
      vertex -2.3298 -3.36009 0
    endloop
  endfacet
  facet normal -0.532079 0.846695 0
    outer loop
      vertex -2.3298 -3.36009 0
      vertex -2.41425 -3.41316 7
      vertex -2.3298 -3.36009 7
    endloop
  endfacet
  facet normal -0.532079 0.846695 0
    outer loop
      vertex -2.41425 -3.41316 7
      vertex -2.3298 -3.36009 0
      vertex -2.41425 -3.41316 0
    endloop
  endfacet
  facet normal -0.510731 0.859741 0
    outer loop
      vertex -2.41425 -3.41316 0
      vertex -2.5 -3.4641 7
      vertex -2.41425 -3.41316 7
    endloop
  endfacet
  facet normal -0.510731 0.859741 0
    outer loop
      vertex -2.5 -3.4641 7
      vertex -2.41425 -3.41316 0
      vertex -2.5 -3.4641 0
    endloop
  endfacet
  facet normal -0.489147 0.872201 0
    outer loop
      vertex -2.5 -3.4641 0
      vertex -2.58698 -3.51288 7
      vertex -2.5 -3.4641 7
    endloop
  endfacet
  facet normal -0.489147 0.872201 0
    outer loop
      vertex -2.58698 -3.51288 7
      vertex -2.5 -3.4641 0
      vertex -2.58698 -3.51288 0
    endloop
  endfacet
  facet normal -0.467233 0.884134 0
    outer loop
      vertex -2.58698 -3.51288 0
      vertex -2.67516 -3.55948 7
      vertex -2.58698 -3.51288 7
    endloop
  endfacet
  facet normal -0.467233 0.884134 0
    outer loop
      vertex -2.67516 -3.55948 7
      vertex -2.58698 -3.51288 0
      vertex -2.67516 -3.55948 0
    endloop
  endfacet
  facet normal -0.445167 0.895448 0
    outer loop
      vertex -2.67516 -3.55948 0
      vertex -2.76445 -3.60387 7
      vertex -2.67516 -3.55948 7
    endloop
  endfacet
  facet normal -0.445167 0.895448 0
    outer loop
      vertex -2.76445 -3.60387 7
      vertex -2.67516 -3.55948 0
      vertex -2.76445 -3.60387 0
    endloop
  endfacet
  facet normal -0.42254 0.906344 0
    outer loop
      vertex -2.76445 -3.60387 0
      vertex -2.85484 -3.64601 7
      vertex -2.76445 -3.60387 7
    endloop
  endfacet
  facet normal -0.42254 0.906344 0
    outer loop
      vertex -2.85484 -3.64601 7
      vertex -2.76445 -3.60387 0
      vertex -2.85484 -3.64601 0
    endloop
  endfacet
  facet normal -0.399925 0.916548 0
    outer loop
      vertex -2.85484 -3.64601 0
      vertex -2.94626 -3.6859 7
      vertex -2.85484 -3.64601 7
    endloop
  endfacet
  facet normal -0.399925 0.916548 0
    outer loop
      vertex -2.94626 -3.6859 7
      vertex -2.85484 -3.64601 0
      vertex -2.94626 -3.6859 0
    endloop
  endfacet
  facet normal -0.376813 0.926289 0
    outer loop
      vertex -2.94626 -3.6859 0
      vertex -3.03864 -3.72348 7
      vertex -2.94626 -3.6859 7
    endloop
  endfacet
  facet normal -0.376813 0.926289 0
    outer loop
      vertex -3.03864 -3.72348 7
      vertex -2.94626 -3.6859 0
      vertex -3.03864 -3.72348 0
    endloop
  endfacet
  facet normal -0.353793 0.935324 0
    outer loop
      vertex -3.03864 -3.72348 0
      vertex -3.13191 -3.75876 7
      vertex -3.03864 -3.72348 7
    endloop
  endfacet
  facet normal -0.353793 0.935324 0
    outer loop
      vertex -3.13191 -3.75876 7
      vertex -3.03864 -3.72348 0
      vertex -3.13191 -3.75876 0
    endloop
  endfacet
  facet normal -0.330301 0.943876 0
    outer loop
      vertex -3.13191 -3.75876 0
      vertex -3.22604 -3.7917 7
      vertex -3.13191 -3.75876 7
    endloop
  endfacet
  facet normal -0.330301 0.943876 0
    outer loop
      vertex -3.22604 -3.7917 7
      vertex -3.13191 -3.75876 0
      vertex -3.22604 -3.7917 0
    endloop
  endfacet
  facet normal -0.306616 0.951833 0
    outer loop
      vertex -3.22604 -3.7917 0
      vertex -3.32097 -3.82228 7
      vertex -3.22604 -3.7917 7
    endloop
  endfacet
  facet normal -0.306616 0.951833 0
    outer loop
      vertex -3.32097 -3.82228 7
      vertex -3.22604 -3.7917 0
      vertex -3.32097 -3.82228 0
    endloop
  endfacet
  facet normal -0.282856 0.959162 0
    outer loop
      vertex -3.32097 -3.82228 0
      vertex -3.41663 -3.85049 7
      vertex -3.32097 -3.82228 7
    endloop
  endfacet
  facet normal -0.282856 0.959162 0
    outer loop
      vertex -3.41663 -3.85049 7
      vertex -3.32097 -3.82228 0
      vertex -3.41663 -3.85049 0
    endloop
  endfacet
  facet normal -0.25878 0.965936 0
    outer loop
      vertex -3.41663 -3.85049 0
      vertex -3.51297 -3.8763 7
      vertex -3.41663 -3.85049 7
    endloop
  endfacet
  facet normal -0.25878 0.965936 0
    outer loop
      vertex -3.51297 -3.8763 7
      vertex -3.41663 -3.85049 0
      vertex -3.51297 -3.8763 0
    endloop
  endfacet
  facet normal -0.234647 0.972081 0
    outer loop
      vertex -3.51297 -3.8763 0
      vertex -3.60991 -3.8997 7
      vertex -3.51297 -3.8763 7
    endloop
  endfacet
  facet normal -0.234647 0.972081 0
    outer loop
      vertex -3.60991 -3.8997 7
      vertex -3.51297 -3.8763 0
      vertex -3.60991 -3.8997 0
    endloop
  endfacet
  facet normal -0.210364 0.977623 0
    outer loop
      vertex -3.60991 -3.8997 0
      vertex -3.70741 -3.92068 7
      vertex -3.60991 -3.8997 7
    endloop
  endfacet
  facet normal -0.210364 0.977623 0
    outer loop
      vertex -3.70741 -3.92068 7
      vertex -3.60991 -3.8997 0
      vertex -3.70741 -3.92068 0
    endloop
  endfacet
  facet normal -0.185905 0.982568 0
    outer loop
      vertex -3.70741 -3.92068 0
      vertex -3.8054 -3.93922 7
      vertex -3.70741 -3.92068 7
    endloop
  endfacet
  facet normal -0.185905 0.982568 0
    outer loop
      vertex -3.8054 -3.93922 7
      vertex -3.70741 -3.92068 0
      vertex -3.8054 -3.93922 0
    endloop
  endfacet
  facet normal -0.161439 0.986883 0
    outer loop
      vertex -3.8054 -3.93922 0
      vertex -3.90382 -3.95532 7
      vertex -3.8054 -3.93922 7
    endloop
  endfacet
  facet normal -0.161439 0.986883 0
    outer loop
      vertex -3.90382 -3.95532 7
      vertex -3.8054 -3.93922 0
      vertex -3.90382 -3.95532 0
    endloop
  endfacet
  facet normal -0.136661 0.990618 0
    outer loop
      vertex -3.90382 -3.95532 0
      vertex -4.00262 -3.96895 7
      vertex -3.90382 -3.95532 7
    endloop
  endfacet
  facet normal -0.136661 0.990618 0
    outer loop
      vertex -4.00262 -3.96895 7
      vertex -3.90382 -3.95532 0
      vertex -4.00262 -3.96895 0
    endloop
  endfacet
  facet normal -0.112005 0.993708 0
    outer loop
      vertex -4.00262 -3.96895 0
      vertex -4.10172 -3.98012 7
      vertex -4.00262 -3.96895 7
    endloop
  endfacet
  facet normal -0.112005 0.993708 0
    outer loop
      vertex -4.10172 -3.98012 7
      vertex -4.00262 -3.96895 0
      vertex -4.10172 -3.98012 0
    endloop
  endfacet
  facet normal -0.0870363 0.996205 0
    outer loop
      vertex -4.10172 -3.98012 0
      vertex -4.20107 -3.9888 7
      vertex -4.10172 -3.98012 7
    endloop
  endfacet
  facet normal -0.0870363 0.996205 0
    outer loop
      vertex -4.20107 -3.9888 7
      vertex -4.10172 -3.98012 0
      vertex -4.20107 -3.9888 0
    endloop
  endfacet
  facet normal -0.0624657 0.998047 0
    outer loop
      vertex -4.20107 -3.9888 0
      vertex -4.30061 -3.99503 7
      vertex -4.20107 -3.9888 7
    endloop
  endfacet
  facet normal -0.0624657 0.998047 0
    outer loop
      vertex -4.30061 -3.99503 7
      vertex -4.20107 -3.9888 0
      vertex -4.30061 -3.99503 0
    endloop
  endfacet
  facet normal -0.0373009 0.999304 0
    outer loop
      vertex -4.30061 -3.99503 0
      vertex -4.40027 -3.99875 7
      vertex -4.30061 -3.99503 7
    endloop
  endfacet
  facet normal -0.0373009 0.999304 0
    outer loop
      vertex -4.40027 -3.99875 7
      vertex -4.30061 -3.99503 0
      vertex -4.40027 -3.99875 0
    endloop
  endfacet
  facet normal -0.0125329 0.999921 0
    outer loop
      vertex -4.40027 -3.99875 0
      vertex -4.5 -4 7
      vertex -4.40027 -3.99875 7
    endloop
  endfacet
  facet normal -0.0125329 0.999921 0
    outer loop
      vertex -4.5 -4 7
      vertex -4.40027 -3.99875 0
      vertex -4.5 -4 0
    endloop
  endfacet
  facet normal 0 1 0
    outer loop
      vertex -4.5 -4 7
      vertex -4.59999 -4 2
      vertex -4.59999 -4 7
    endloop
  endfacet
  facet normal 0 1 -0
    outer loop
      vertex -4.5 -4 0
      vertex -4.59999 -4 2
      vertex -4.5 -4 7
    endloop
  endfacet
  facet normal 0 1 0
    outer loop
      vertex -7.09999 -4 0
      vertex -4.59999 -4 2
      vertex -4.5 -4 0
    endloop
  endfacet
  facet normal 0 1 0
    outer loop
      vertex -4.59999 -4 2
      vertex -7.09999 -4 0
      vertex -7.09999 -4 2
    endloop
  endfacet
  facet normal -1 0 0
    outer loop
      vertex -7.09999 -6.62083 0
      vertex -7.09999 -4 2
      vertex -7.09999 -4 0
    endloop
  endfacet
  facet normal -1 -0 0
    outer loop
      vertex -7.09999 -4 2
      vertex -7.09999 -6.62083 0
      vertex -7.09999 -6.62083 2
    endloop
  endfacet
  facet normal -0.999861 -0.0166746 0
    outer loop
      vertex -7.09729 -6.78273 0
      vertex -7.09999 -6.62083 2
      vertex -7.09999 -6.62083 0
    endloop
  endfacet
  facet normal -0.999861 -0.0166746 0
    outer loop
      vertex -7.09999 -6.62083 2
      vertex -7.09729 -6.78273 0
      vertex -7.09729 -6.78273 2
    endloop
  endfacet
  facet normal -0.998764 -0.0497058 0
    outer loop
      vertex -7.0882 -6.96538 0
      vertex -7.09729 -6.78273 2
      vertex -7.09729 -6.78273 0
    endloop
  endfacet
  facet normal -0.998764 -0.0497058 0
    outer loop
      vertex -7.09729 -6.78273 2
      vertex -7.0882 -6.96538 0
      vertex -7.0882 -6.96538 2
    endloop
  endfacet
  facet normal -0.996537 -0.0831449 0
    outer loop
      vertex -7.07298 -7.1478 0
      vertex -7.0882 -6.96538 2
      vertex -7.0882 -6.96538 0
    endloop
  endfacet
  facet normal -0.996537 -0.0831449 0
    outer loop
      vertex -7.0882 -6.96538 2
      vertex -7.07298 -7.1478 0
      vertex -7.07298 -7.1478 2
    endloop
  endfacet
  facet normal -0.99324 -0.116082 0
    outer loop
      vertex -7.05177 -7.32928 0
      vertex -7.07298 -7.1478 2
      vertex -7.07298 -7.1478 0
    endloop
  endfacet
  facet normal -0.99324 -0.116082 0
    outer loop
      vertex -7.07298 -7.1478 2
      vertex -7.05177 -7.32928 0
      vertex -7.05177 -7.32928 2
    endloop
  endfacet
  facet normal -0.988833 -0.149026 0
    outer loop
      vertex -7.02454 -7.50996 0
      vertex -7.05177 -7.32928 2
      vertex -7.05177 -7.32928 0
    endloop
  endfacet
  facet normal -0.988833 -0.149026 0
    outer loop
      vertex -7.05177 -7.32928 2
      vertex -7.02454 -7.50996 0
      vertex -7.02454 -7.50996 2
    endloop
  endfacet
  facet normal -0.983333 -0.181813 0
    outer loop
      vertex -6.99127 -7.6899 0
      vertex -7.02454 -7.50996 2
      vertex -7.02454 -7.50996 0
    endloop
  endfacet
  facet normal -0.983333 -0.181813 0
    outer loop
      vertex -7.02454 -7.50996 2
      vertex -6.99127 -7.6899 0
      vertex -6.99127 -7.6899 2
    endloop
  endfacet
  facet normal -0.97673 -0.214473 0
    outer loop
      vertex -6.95207 -7.86842 0
      vertex -6.99127 -7.6899 2
      vertex -6.99127 -7.6899 0
    endloop
  endfacet
  facet normal -0.97673 -0.214473 0
    outer loop
      vertex -6.99127 -7.6899 2
      vertex -6.95207 -7.86842 0
      vertex -6.95207 -7.86842 2
    endloop
  endfacet
  facet normal -0.969114 -0.246612 0
    outer loop
      vertex -6.90697 -8.04565 0
      vertex -6.95207 -7.86842 2
      vertex -6.95207 -7.86842 0
    endloop
  endfacet
  facet normal -0.969114 -0.246612 0
    outer loop
      vertex -6.95207 -7.86842 2
      vertex -6.90697 -8.04565 0
      vertex -6.90697 -8.04565 2
    endloop
  endfacet
  facet normal -0.960306 -0.278948 0
    outer loop
      vertex -6.85593 -8.22136 0
      vertex -6.90697 -8.04565 2
      vertex -6.90697 -8.04565 0
    endloop
  endfacet
  facet normal -0.960306 -0.278948 0
    outer loop
      vertex -6.90697 -8.04565 2
      vertex -6.85593 -8.22136 0
      vertex -6.85593 -8.22136 2
    endloop
  endfacet
  facet normal -0.950539 -0.310606 0
    outer loop
      vertex -6.79919 -8.395 0
      vertex -6.85593 -8.22136 2
      vertex -6.85593 -8.22136 0
    endloop
  endfacet
  facet normal -0.950539 -0.310606 0
    outer loop
      vertex -6.85593 -8.22136 2
      vertex -6.79919 -8.395 0
      vertex -6.79919 -8.395 2
    endloop
  endfacet
  facet normal -0.939722 -0.341941 0
    outer loop
      vertex -6.73668 -8.56679 0
      vertex -6.79919 -8.395 2
      vertex -6.79919 -8.395 0
    endloop
  endfacet
  facet normal -0.939722 -0.341941 0
    outer loop
      vertex -6.79919 -8.395 2
      vertex -6.73668 -8.56679 0
      vertex -6.73668 -8.56679 2
    endloop
  endfacet
  facet normal -0.927812 -0.373049 0
    outer loop
      vertex -6.66844 -8.73651 0
      vertex -6.73668 -8.56679 2
      vertex -6.73668 -8.56679 0
    endloop
  endfacet
  facet normal -0.927812 -0.373049 0
    outer loop
      vertex -6.73668 -8.56679 2
      vertex -6.66844 -8.73651 0
      vertex -6.66844 -8.73651 2
    endloop
  endfacet
  facet normal -0.91487 -0.403748 0
    outer loop
      vertex -6.59459 -8.90385 0
      vertex -6.66844 -8.73651 2
      vertex -6.66844 -8.73651 0
    endloop
  endfacet
  facet normal -0.91487 -0.403748 0
    outer loop
      vertex -6.66844 -8.73651 2
      vertex -6.59459 -8.90385 0
      vertex -6.59459 -8.90385 2
    endloop
  endfacet
  facet normal -0.900969 -0.433883 0
    outer loop
      vertex -6.51527 -9.06856 0
      vertex -6.59459 -8.90385 2
      vertex -6.59459 -8.90385 0
    endloop
  endfacet
  facet normal -0.900969 -0.433883 0
    outer loop
      vertex -6.59459 -8.90385 2
      vertex -6.51527 -9.06856 0
      vertex -6.51527 -9.06856 2
    endloop
  endfacet
  facet normal -0.886056 -0.463578 0
    outer loop
      vertex -6.43056 -9.23047 0
      vertex -6.51527 -9.06856 2
      vertex -6.51527 -9.06856 0
    endloop
  endfacet
  facet normal -0.886056 -0.463578 0
    outer loop
      vertex -6.51527 -9.06856 2
      vertex -6.43056 -9.23047 0
      vertex -6.43056 -9.23047 2
    endloop
  endfacet
  facet normal -0.870165 -0.49276 0
    outer loop
      vertex -6.34047 -9.38956 0
      vertex -6.43056 -9.23047 2
      vertex -6.43056 -9.23047 0
    endloop
  endfacet
  facet normal -0.870165 -0.49276 0
    outer loop
      vertex -6.43056 -9.23047 2
      vertex -6.34047 -9.38956 0
      vertex -6.34047 -9.38956 2
    endloop
  endfacet
  facet normal -0.853321 -0.521386 0
    outer loop
      vertex -6.245 -9.54581 0
      vertex -6.34047 -9.38956 2
      vertex -6.34047 -9.38956 0
    endloop
  endfacet
  facet normal -0.853321 -0.521386 0
    outer loop
      vertex -6.34047 -9.38956 2
      vertex -6.245 -9.54581 0
      vertex -6.245 -9.54581 2
    endloop
  endfacet
  facet normal -0.835408 -0.54963 0
    outer loop
      vertex -6.14449 -9.69858 0
      vertex -6.245 -9.54581 2
      vertex -6.245 -9.54581 0
    endloop
  endfacet
  facet normal -0.835408 -0.54963 0
    outer loop
      vertex -6.245 -9.54581 2
      vertex -6.14449 -9.69858 0
      vertex -6.14449 -9.69858 2
    endloop
  endfacet
  facet normal -0.816752 -0.576988 0
    outer loop
      vertex -6.03911 -9.84775 0
      vertex -6.14449 -9.69858 2
      vertex -6.14449 -9.69858 0
    endloop
  endfacet
  facet normal -0.816752 -0.576988 0
    outer loop
      vertex -6.14449 -9.69858 2
      vertex -6.03911 -9.84775 0
      vertex -6.03911 -9.84775 2
    endloop
  endfacet
  facet normal -0.797157 -0.603772 0
    outer loop
      vertex -5.92868 -9.99355 0
      vertex -6.03911 -9.84775 2
      vertex -6.03911 -9.84775 0
    endloop
  endfacet
  facet normal -0.797157 -0.603772 0
    outer loop
      vertex -6.03911 -9.84775 2
      vertex -5.92868 -9.99355 0
      vertex -5.92868 -9.99355 2
    endloop
  endfacet
  facet normal -0.7765 -0.630117 0
    outer loop
      vertex -5.81349 -10.1355 0
      vertex -5.92868 -9.99355 2
      vertex -5.92868 -9.99355 0
    endloop
  endfacet
  facet normal -0.7765 -0.630117 0
    outer loop
      vertex -5.92868 -9.99355 2
      vertex -5.81349 -10.1355 0
      vertex -5.81349 -10.1355 2
    endloop
  endfacet
  facet normal -0.755301 -0.655378 0
    outer loop
      vertex -5.69366 -10.2736 0
      vertex -5.81349 -10.1355 2
      vertex -5.81349 -10.1355 0
    endloop
  endfacet
  facet normal -0.755301 -0.655378 0
    outer loop
      vertex -5.81349 -10.1355 2
      vertex -5.69366 -10.2736 0
      vertex -5.69366 -10.2736 2
    endloop
  endfacet
  facet normal -0.733152 -0.680065 0
    outer loop
      vertex -5.56927 -10.4077 0
      vertex -5.69366 -10.2736 2
      vertex -5.69366 -10.2736 0
    endloop
  endfacet
  facet normal -0.733152 -0.680065 0
    outer loop
      vertex -5.69366 -10.2736 2
      vertex -5.56927 -10.4077 0
      vertex -5.56927 -10.4077 2
    endloop
  endfacet
  facet normal -0.710137 -0.704064 0
    outer loop
      vertex -5.44058 -10.5375 0
      vertex -5.56927 -10.4077 2
      vertex -5.56927 -10.4077 0
    endloop
  endfacet
  facet normal -0.710137 -0.704064 0
    outer loop
      vertex -5.56927 -10.4077 2
      vertex -5.44058 -10.5375 0
      vertex -5.44058 -10.5375 2
    endloop
  endfacet
  facet normal -0.686067 -0.727538 0
    outer loop
      vertex -5.44058 -10.5375 0
      vertex -5.3076 -10.6629 2
      vertex -5.44058 -10.5375 2
    endloop
  endfacet
  facet normal -0.686067 -0.727538 -0
    outer loop
      vertex -5.3076 -10.6629 2
      vertex -5.44058 -10.5375 0
      vertex -5.3076 -10.6629 0
    endloop
  endfacet
  facet normal -0.661857 -0.74963 0
    outer loop
      vertex -5.3076 -10.6629 0
      vertex -5.17044 -10.784 2
      vertex -5.3076 -10.6629 2
    endloop
  endfacet
  facet normal -0.661857 -0.74963 -0
    outer loop
      vertex -5.17044 -10.784 2
      vertex -5.3076 -10.6629 0
      vertex -5.17044 -10.784 0
    endloop
  endfacet
  facet normal -0.636412 -0.771349 0
    outer loop
      vertex -5.17044 -10.784 0
      vertex -5.02936 -10.9004 2
      vertex -5.17044 -10.784 2
    endloop
  endfacet
  facet normal -0.636412 -0.771349 -0
    outer loop
      vertex -5.02936 -10.9004 2
      vertex -5.17044 -10.784 0
      vertex -5.02936 -10.9004 0
    endloop
  endfacet
  facet normal -0.610134 -0.792298 0
    outer loop
      vertex -5.02936 -10.9004 0
      vertex -4.88457 -11.0119 2
      vertex -5.02936 -10.9004 2
    endloop
  endfacet
  facet normal -0.610134 -0.792298 -0
    outer loop
      vertex -4.88457 -11.0119 2
      vertex -5.02936 -10.9004 0
      vertex -4.88457 -11.0119 0
    endloop
  endfacet
  facet normal -0.583976 -0.811771 0
    outer loop
      vertex -4.88457 -11.0119 0
      vertex -4.73611 -11.1187 2
      vertex -4.88457 -11.0119 2
    endloop
  endfacet
  facet normal -0.583976 -0.811771 -0
    outer loop
      vertex -4.73611 -11.1187 2
      vertex -4.88457 -11.0119 0
      vertex -4.73611 -11.1187 0
    endloop
  endfacet
  facet normal -0.556492 -0.830853 0
    outer loop
      vertex -4.73611 -11.1187 0
      vertex -4.58427 -11.2204 2
      vertex -4.73611 -11.1187 2
    endloop
  endfacet
  facet normal -0.556492 -0.830853 -0
    outer loop
      vertex -4.58427 -11.2204 2
      vertex -4.73611 -11.1187 0
      vertex -4.58427 -11.2204 0
    endloop
  endfacet
  facet normal -0.528451 -0.848964 0
    outer loop
      vertex -4.58427 -11.2204 0
      vertex -4.42892 -11.3171 2
      vertex -4.58427 -11.2204 2
    endloop
  endfacet
  facet normal -0.528451 -0.848964 -0
    outer loop
      vertex -4.42892 -11.3171 2
      vertex -4.58427 -11.2204 0
      vertex -4.42892 -11.3171 0
    endloop
  endfacet
  facet normal -0.499975 -0.86604 0
    outer loop
      vertex -4.42892 -11.3171 0
      vertex -4.2706 -11.4085 2
      vertex -4.42892 -11.3171 2
    endloop
  endfacet
  facet normal -0.499975 -0.86604 -0
    outer loop
      vertex -4.2706 -11.4085 2
      vertex -4.42892 -11.3171 0
      vertex -4.2706 -11.4085 0
    endloop
  endfacet
  facet normal -0.470725 -0.88228 0
    outer loop
      vertex -4.2706 -11.4085 0
      vertex -4.10941 -11.4945 2
      vertex -4.2706 -11.4085 2
    endloop
  endfacet
  facet normal -0.470725 -0.88228 -0
    outer loop
      vertex -4.10941 -11.4945 2
      vertex -4.2706 -11.4085 0
      vertex -4.10941 -11.4945 0
    endloop
  endfacet
  facet normal -0.441543 -0.89724 0
    outer loop
      vertex -4.10941 -11.4945 0
      vertex -3.94522 -11.5753 2
      vertex -4.10941 -11.4945 2
    endloop
  endfacet
  facet normal -0.441543 -0.89724 -0
    outer loop
      vertex -3.94522 -11.5753 2
      vertex -4.10941 -11.4945 0
      vertex -3.94522 -11.5753 0
    endloop
  endfacet
  facet normal -0.411496 -0.911412 0
    outer loop
      vertex -3.94522 -11.5753 0
      vertex -3.77844 -11.6506 2
      vertex -3.94522 -11.5753 2
    endloop
  endfacet
  facet normal -0.411496 -0.911412 -0
    outer loop
      vertex -3.77844 -11.6506 2
      vertex -3.94522 -11.5753 0
      vertex -3.77844 -11.6506 0
    endloop
  endfacet
  facet normal -0.38051 -0.924777 0
    outer loop
      vertex -3.77844 -11.6506 0
      vertex -3.60953 -11.7201 2
      vertex -3.77844 -11.6506 2
    endloop
  endfacet
  facet normal -0.38051 -0.924777 -0
    outer loop
      vertex -3.60953 -11.7201 2
      vertex -3.77844 -11.6506 0
      vertex -3.60953 -11.7201 0
    endloop
  endfacet
  facet normal -0.349985 -0.936755 0
    outer loop
      vertex -3.60953 -11.7201 0
      vertex -3.43823 -11.7841 2
      vertex -3.60953 -11.7201 2
    endloop
  endfacet
  facet normal -0.349985 -0.936755 -0
    outer loop
      vertex -3.43823 -11.7841 2
      vertex -3.60953 -11.7201 0
      vertex -3.43823 -11.7841 0
    endloop
  endfacet
  facet normal -0.318245 -0.948009 0
    outer loop
      vertex -3.43823 -11.7841 0
      vertex -3.26486 -11.8423 2
      vertex -3.43823 -11.7841 2
    endloop
  endfacet
  facet normal -0.318245 -0.948009 -0
    outer loop
      vertex -3.26486 -11.8423 2
      vertex -3.43823 -11.7841 0
      vertex -3.26486 -11.8423 0
    endloop
  endfacet
  facet normal -0.287092 -0.957903 0
    outer loop
      vertex -3.26486 -11.8423 0
      vertex -3.08969 -11.8948 2
      vertex -3.26486 -11.8423 2
    endloop
  endfacet
  facet normal -0.287092 -0.957903 -0
    outer loop
      vertex -3.08969 -11.8948 2
      vertex -3.26486 -11.8423 0
      vertex -3.08969 -11.8948 0
    endloop
  endfacet
  facet normal -0.254709 -0.967018 0
    outer loop
      vertex -3.08969 -11.8948 0
      vertex -2.91277 -11.9414 2
      vertex -3.08969 -11.8948 2
    endloop
  endfacet
  facet normal -0.254709 -0.967018 -0
    outer loop
      vertex -2.91277 -11.9414 2
      vertex -3.08969 -11.8948 0
      vertex -2.91277 -11.9414 0
    endloop
  endfacet
  facet normal -0.222212 -0.974998 0
    outer loop
      vertex -2.91277 -11.9414 0
      vertex -2.73463 -11.982 2
      vertex -2.91277 -11.9414 2
    endloop
  endfacet
  facet normal -0.222212 -0.974998 -0
    outer loop
      vertex -2.73463 -11.982 2
      vertex -2.91277 -11.9414 0
      vertex -2.73463 -11.982 0
    endloop
  endfacet
  facet normal -0.19042 -0.981703 0
    outer loop
      vertex -2.73463 -11.982 0
      vertex -2.55522 -12.0168 2
      vertex -2.73463 -11.982 2
    endloop
  endfacet
  facet normal -0.19042 -0.981703 -0
    outer loop
      vertex -2.55522 -12.0168 2
      vertex -2.73463 -11.982 0
      vertex -2.55522 -12.0168 0
    endloop
  endfacet
  facet normal -0.156954 -0.987606 0
    outer loop
      vertex -2.55522 -12.0168 0
      vertex -2.37463 -12.0455 2
      vertex -2.55522 -12.0168 2
    endloop
  endfacet
  facet normal -0.156954 -0.987606 -0
    outer loop
      vertex -2.37463 -12.0455 2
      vertex -2.55522 -12.0168 0
      vertex -2.37463 -12.0455 0
    endloop
  endfacet
  facet normal -0.124586 -0.992209 0
    outer loop
      vertex -2.37463 -12.0455 0
      vertex -2.19305 -12.0683 2
      vertex -2.37463 -12.0455 2
    endloop
  endfacet
  facet normal -0.124586 -0.992209 -0
    outer loop
      vertex -2.19305 -12.0683 2
      vertex -2.37463 -12.0455 0
      vertex -2.19305 -12.0683 0
    endloop
  endfacet
  facet normal -0.0913047 -0.995823 0
    outer loop
      vertex -2.19305 -12.0683 0
      vertex -2.01091 -12.085 2
      vertex -2.19305 -12.0683 2
    endloop
  endfacet
  facet normal -0.0913047 -0.995823 -0
    outer loop
      vertex -2.01091 -12.085 2
      vertex -2.19305 -12.0683 0
      vertex -2.01091 -12.085 0
    endloop
  endfacet
  facet normal -0.0580168 -0.998316 0
    outer loop
      vertex -2.01091 -12.085 0
      vertex -1.82335 -12.0959 2
      vertex -2.01091 -12.085 2
    endloop
  endfacet
  facet normal -0.0580168 -0.998316 -0
    outer loop
      vertex -1.82335 -12.0959 2
      vertex -2.01091 -12.085 0
      vertex -1.82335 -12.0959 0
    endloop
  endfacet
  facet normal -0.0207718 -0.999784 0
    outer loop
      vertex -1.82335 -12.0959 0
      vertex -1.62601 -12.1 2
      vertex -1.82335 -12.0959 2
    endloop
  endfacet
  facet normal -0.0207718 -0.999784 -0
    outer loop
      vertex -1.62601 -12.1 2
      vertex -1.82335 -12.0959 0
      vertex -1.62601 -12.1 0
    endloop
  endfacet
  facet normal 0 -1 0
    outer loop
      vertex -1.62601 -12.1 0
      vertex 1.62083 -12.1 2
      vertex -1.62601 -12.1 2
    endloop
  endfacet
  facet normal 0 -1 -0
    outer loop
      vertex 1.62083 -12.1 2
      vertex -1.62601 -12.1 0
      vertex 1.62083 -12.1 0
    endloop
  endfacet
  facet normal 0.0166746 -0.999861 0
    outer loop
      vertex 1.62083 -12.1 0
      vertex 1.78273 -12.0973 2
      vertex 1.62083 -12.1 2
    endloop
  endfacet
  facet normal 0.0166746 -0.999861 0
    outer loop
      vertex 1.78273 -12.0973 2
      vertex 1.62083 -12.1 0
      vertex 1.78273 -12.0973 0
    endloop
  endfacet
  facet normal 0 0 1
    outer loop
      vertex 4.59833 6.69971 7
      vertex 2.67911 6.63632 7
      vertex 2.67999 6.58353 7
    endloop
  endfacet
  facet normal 0 0 1
    outer loop
      vertex 2.78822 9.35464 7
      vertex 2.67735 6.67163 7
      vertex 2.67911 6.63632 7
    endloop
  endfacet
  facet normal 0 0 1
    outer loop
      vertex 2.78822 9.35464 7
      vertex 2.67439 6.70715 7
      vertex 2.67735 6.67163 7
    endloop
  endfacet
  facet normal 0 0 1
    outer loop
      vertex 2.78822 9.35464 7
      vertex 2.67015 6.74336 7
      vertex 2.67439 6.70715 7
    endloop
  endfacet
  facet normal 0 0 1
    outer loop
      vertex 2.78822 9.35464 7
      vertex 2.66483 6.7787 7
      vertex 2.67015 6.74336 7
    endloop
  endfacet
  facet normal 0 0 1
    outer loop
      vertex 2.78822 9.35464 7
      vertex 2.65831 6.81403 7
      vertex 2.66483 6.7787 7
    endloop
  endfacet
  facet normal 0 0 1
    outer loop
      vertex 2.78822 9.35464 7
      vertex 2.65065 6.84886 7
      vertex 2.65831 6.81403 7
    endloop
  endfacet
  facet normal 0 0 1
    outer loop
      vertex 2.78822 9.35464 7
      vertex 2.6418 6.88365 7
      vertex 2.65065 6.84886 7
    endloop
  endfacet
  facet normal 0 0 1
    outer loop
      vertex 2.78822 9.35464 7
      vertex 2.63181 6.91808 7
      vertex 2.6418 6.88365 7
    endloop
  endfacet
  facet normal 0 0 1
    outer loop
      vertex 2.78822 9.35464 7
      vertex 2.62059 6.95238 7
      vertex 2.63181 6.91808 7
    endloop
  endfacet
  facet normal 0 0 1
    outer loop
      vertex 2.78822 9.35464 7
      vertex 2.60822 6.9864 7
      vertex 2.62059 6.95238 7
    endloop
  endfacet
  facet normal 0 0 1
    outer loop
      vertex 1.99455 7.60506 7
      vertex 2.69601 9.39261 7
      vertex 2.60258 9.42751 7
    endloop
  endfacet
  facet normal 0 0 1
    outer loop
      vertex 2.78822 9.35464 7
      vertex 2.59499 7.0193 7
      vertex 2.60822 6.9864 7
    endloop
  endfacet
  facet normal 0 0 1
    outer loop
      vertex 2.78822 9.35464 7
      vertex 2.58041 7.05232 7
      vertex 2.59499 7.0193 7
    endloop
  endfacet
  facet normal 0 0 1
    outer loop
      vertex 2.78822 9.35464 7
      vertex 2.56494 7.08444 7
      vertex 2.58041 7.05232 7
    endloop
  endfacet
  facet normal 0 0 1
    outer loop
      vertex 2.78822 9.35464 7
      vertex 2.5482 7.11644 7
      vertex 2.56494 7.08444 7
    endloop
  endfacet
  facet normal 0 0 1
    outer loop
      vertex 2.78822 9.35464 7
      vertex 2.53043 7.14784 7
      vertex 2.5482 7.11644 7
    endloop
  endfacet
  facet normal 0 0 1
    outer loop
      vertex 2.78822 9.35464 7
      vertex 2.51196 7.17804 7
      vertex 2.53043 7.14784 7
    endloop
  endfacet
  facet normal 0 0 1
    outer loop
      vertex 1.96071 7.61769 7
      vertex 2.60258 9.42751 7
      vertex 2.50806 9.45926 7
    endloop
  endfacet
  facet normal 0 0 1
    outer loop
      vertex 2.78822 9.35464 7
      vertex 2.49213 7.20819 7
      vertex 2.51196 7.17804 7
    endloop
  endfacet
  facet normal 0 0 1
    outer loop
      vertex 2.78822 9.35464 7
      vertex 2.47133 7.23763 7
      vertex 2.49213 7.20819 7
    endloop
  endfacet
  facet normal 0 0 1
    outer loop
      vertex 2.78822 9.35464 7
      vertex 2.44984 7.26601 7
      vertex 2.47133 7.23763 7
    endloop
  endfacet
  facet normal 0 0 1
    outer loop
      vertex 2.78822 9.35464 7
      vertex 2.42719 7.29393 7
      vertex 2.44984 7.26601 7
    endloop
  endfacet
  facet normal 0 0 1
    outer loop
      vertex 1.92668 7.62912 7
      vertex 2.50806 9.45926 7
      vertex 2.41251 9.48787 7
    endloop
  endfacet
  facet normal 0 0 1
    outer loop
      vertex 2.78822 9.35464 7
      vertex 2.40343 7.32132 7
      vertex 2.42719 7.29393 7
    endloop
  endfacet
  facet normal 0 0 1
    outer loop
      vertex 2.78822 9.35464 7
      vertex 2.37909 7.34753 7
      vertex 2.40343 7.32132 7
    endloop
  endfacet
  facet normal 0 0 1
    outer loop
      vertex 2.78822 9.35464 7
      vertex 2.35384 7.37302 7
      vertex 2.37909 7.34753 7
    endloop
  endfacet
  facet normal 0 0 1
    outer loop
      vertex 2.78822 9.35464 7
      vertex 2.32782 7.39755 7
      vertex 2.35384 7.37302 7
    endloop
  endfacet
  facet normal 0 0 1
    outer loop
      vertex 1.8925 7.63936 7
      vertex 2.41251 9.48787 7
      vertex 2.31607 9.51328 7
    endloop
  endfacet
  facet normal 0 0 1
    outer loop
      vertex 2.78822 9.35464 7
      vertex 2.30093 7.42128 7
      vertex 2.32782 7.39755 7
    endloop
  endfacet
  facet normal 0 0 1
    outer loop
      vertex 2.78822 9.35464 7
      vertex 2.27339 7.44402 7
      vertex 2.30093 7.42128 7
    endloop
  endfacet
  facet normal 0 0 1
    outer loop
      vertex 2.78822 9.35464 7
      vertex 2.2448 7.46603 7
      vertex 2.27339 7.44402 7
    endloop
  endfacet
  facet normal 0 0 1
    outer loop
      vertex 1.85803 7.64844 7
      vertex 2.31607 9.51328 7
      vertex 2.21884 9.53546 7
    endloop
  endfacet
  facet normal 0 0 1
    outer loop
      vertex 2.78822 9.35464 7
      vertex 2.21559 7.48705 7
      vertex 2.2448 7.46603 7
    endloop
  endfacet
  facet normal 0 0 1
    outer loop
      vertex 2.78822 9.35464 7
      vertex 2.18575 7.50703 7
      vertex 2.21559 7.48705 7
    endloop
  endfacet
  facet normal 0 0 1
    outer loop
      vertex 2.78822 9.35464 7
      vertex 2.15514 7.52609 7
      vertex 2.18575 7.50703 7
    endloop
  endfacet
  facet normal 0 0 1
    outer loop
      vertex 2.78822 9.35464 7
      vertex 2.12444 7.54381 7
      vertex 2.15514 7.52609 7
    endloop
  endfacet
  facet normal 0 0 1
    outer loop
      vertex 1.82274 7.65649 7
      vertex 2.21884 9.53546 7
      vertex 2.12094 9.55441 7
    endloop
  endfacet
  facet normal 0 0 1
    outer loop
      vertex 2.78822 9.35464 7
      vertex 2.09236 7.56093 7
      vertex 2.12444 7.54381 7
    endloop
  endfacet
  facet normal 0 0 1
    outer loop
      vertex 2.78822 9.35464 7
      vertex 2.06061 7.57655 7
      vertex 2.09236 7.56093 7
    endloop
  endfacet
  facet normal 0 0 1
    outer loop
      vertex 2.78822 9.35464 7
      vertex 2.0275 7.59149 7
      vertex 2.06061 7.57655 7
    endloop
  endfacet
  facet normal 0 0 1
    outer loop
      vertex 1.78726 7.66336 7
      vertex 2.12094 9.55441 7
      vertex 2.02245 9.5701 7
    endloop
  endfacet
  facet normal 0 0 1
    outer loop
      vertex 2.69601 9.39261 7
      vertex 1.99455 7.60506 7
      vertex 2.0275 7.59149 7
    endloop
  endfacet
  facet normal 0 0 1
    outer loop
      vertex 2.60258 9.42751 7
      vertex 1.96071 7.61769 7
      vertex 1.99455 7.60506 7
    endloop
  endfacet
  facet normal 0 0 1
    outer loop
      vertex 2.50806 9.45926 7
      vertex 1.92668 7.62912 7
      vertex 1.96071 7.61769 7
    endloop
  endfacet
  facet normal 0 0 1
    outer loop
      vertex 1.75209 7.66896 7
      vertex 2.02245 9.5701 7
      vertex 1.92349 9.5825 7
    endloop
  endfacet
  facet normal 0 0 1
    outer loop
      vertex 2.41251 9.48787 7
      vertex 1.8925 7.63936 7
      vertex 1.92668 7.62912 7
    endloop
  endfacet
  facet normal 0 0 1
    outer loop
      vertex 2.31607 9.51328 7
      vertex 1.85803 7.64844 7
      vertex 1.8925 7.63936 7
    endloop
  endfacet
  facet normal 0 0 1
    outer loop
      vertex 1.71649 7.67343 7
      vertex 1.92349 9.5825 7
      vertex 1.82419 9.5916 7
    endloop
  endfacet
  facet normal 0 0 1
    outer loop
      vertex 2.21884 9.53546 7
      vertex 1.82274 7.65649 7
      vertex 1.85803 7.64844 7
    endloop
  endfacet
  facet normal 0 0 1
    outer loop
      vertex 2.12094 9.55441 7
      vertex 1.78726 7.66336 7
      vertex 1.82274 7.65649 7
    endloop
  endfacet
  facet normal 0 0 1
    outer loop
      vertex 2.02245 9.5701 7
      vertex 1.75209 7.66896 7
      vertex 1.78726 7.66336 7
    endloop
  endfacet
  facet normal 0 0 1
    outer loop
      vertex 1.68057 7.67671 7
      vertex 1.82419 9.5916 7
      vertex 1.72462 9.5974 7
    endloop
  endfacet
  facet normal 0 0 1
    outer loop
      vertex 1.92349 9.5825 7
      vertex 1.71649 7.67343 7
      vertex 1.75209 7.66896 7
    endloop
  endfacet
  facet normal 0 0 1
    outer loop
      vertex 1.82419 9.5916 7
      vertex 1.68057 7.67671 7
      vertex 1.71649 7.67343 7
    endloop
  endfacet
  facet normal 0 0 1
    outer loop
      vertex 1.72462 9.5974 7
      vertex 1.64896 7.67856 7
      vertex 1.68057 7.67671 7
    endloop
  endfacet
  facet normal 0 0 1
    outer loop
      vertex 1.59999 9.59999 7
      vertex 1.64896 7.67856 7
      vertex 1.72462 9.5974 7
    endloop
  endfacet
  facet normal 0 0 1
    outer loop
      vertex 1.59999 9.59999 7
      vertex 1.57983 7.67999 7
      vertex 1.64896 7.67856 7
    endloop
  endfacet
  facet normal 0 0 1
    outer loop
      vertex 1.59999 9.59999 7
      vertex -1.58353 7.67999 7
      vertex 1.57983 7.67999 7
    endloop
  endfacet
  facet normal -0 0 1
    outer loop
      vertex -1.59999 9.59999 7
      vertex -1.58353 7.67999 7
      vertex 1.59999 9.59999 7
    endloop
  endfacet
  facet normal 0 0 1
    outer loop
      vertex -1.59999 9.59999 7
      vertex -1.63632 7.67911 7
      vertex -1.58353 7.67999 7
    endloop
  endfacet
  facet normal -0 0 1
    outer loop
      vertex -1.69971 9.59833 7
      vertex -1.63632 7.67911 7
      vertex -1.59999 9.59999 7
    endloop
  endfacet
  facet normal 0 0 1
    outer loop
      vertex -1.63632 7.67911 7
      vertex -1.69971 9.59833 7
      vertex -1.67163 7.67735 7
    endloop
  endfacet
  facet normal -0 0 1
    outer loop
      vertex -1.79932 9.59337 7
      vertex -1.67163 7.67735 7
      vertex -1.69971 9.59833 7
    endloop
  endfacet
  facet normal 0 0 1
    outer loop
      vertex -1.67163 7.67735 7
      vertex -1.79932 9.59337 7
      vertex -1.70715 7.67439 7
    endloop
  endfacet
  facet normal -0 0 1
    outer loop
      vertex -1.8987 9.58508 7
      vertex -1.70715 7.67439 7
      vertex -1.79932 9.59337 7
    endloop
  endfacet
  facet normal 0 0 1
    outer loop
      vertex -1.70715 7.67439 7
      vertex -1.8987 9.58508 7
      vertex -1.74336 7.67015 7
    endloop
  endfacet
  facet normal -0 0 1
    outer loop
      vertex -1.99774 9.5735 7
      vertex -1.74336 7.67015 7
      vertex -1.8987 9.58508 7
    endloop
  endfacet
  facet normal 0 0 1
    outer loop
      vertex -1.74336 7.67015 7
      vertex -1.99774 9.5735 7
      vertex -1.7787 7.66483 7
    endloop
  endfacet
  facet normal -0 0 1
    outer loop
      vertex -2.09636 9.55864 7
      vertex -1.7787 7.66483 7
      vertex -1.99774 9.5735 7
    endloop
  endfacet
  facet normal 0 0 1
    outer loop
      vertex -1.7787 7.66483 7
      vertex -2.09636 9.55864 7
      vertex -1.81403 7.65831 7
    endloop
  endfacet
  facet normal -0 0 1
    outer loop
      vertex -2.19443 9.54051 7
      vertex -1.81403 7.65831 7
      vertex -2.09636 9.55864 7
    endloop
  endfacet
  facet normal 0 0 1
    outer loop
      vertex -1.81403 7.65831 7
      vertex -2.19443 9.54051 7
      vertex -1.84886 7.65065 7
    endloop
  endfacet
  facet normal -0 0 1
    outer loop
      vertex -2.29184 9.51912 7
      vertex -1.84886 7.65065 7
      vertex -2.19443 9.54051 7
    endloop
  endfacet
  facet normal 0 0 1
    outer loop
      vertex -1.84886 7.65065 7
      vertex -2.29184 9.51912 7
      vertex -1.88365 7.6418 7
    endloop
  endfacet
  facet normal -0 0 1
    outer loop
      vertex -2.38849 9.49452 7
      vertex -1.88365 7.6418 7
      vertex -2.29184 9.51912 7
    endloop
  endfacet
  facet normal 0 0 1
    outer loop
      vertex -1.88365 7.6418 7
      vertex -2.38849 9.49452 7
      vertex -1.91808 7.63181 7
    endloop
  endfacet
  facet normal -0 0 1
    outer loop
      vertex -2.48425 9.46671 7
      vertex -1.91808 7.63181 7
      vertex -2.38849 9.49452 7
    endloop
  endfacet
  facet normal 0 0 1
    outer loop
      vertex -1.91808 7.63181 7
      vertex -2.48425 9.46671 7
      vertex -1.95238 7.62059 7
    endloop
  endfacet
  facet normal -0 0 1
    outer loop
      vertex -2.57906 9.43573 7
      vertex -1.95238 7.62059 7
      vertex -2.48425 9.46671 7
    endloop
  endfacet
  facet normal 0 0 1
    outer loop
      vertex -1.95238 7.62059 7
      vertex -2.57906 9.43573 7
      vertex -1.9864 7.60822 7
    endloop
  endfacet
  facet normal -0 0 1
    outer loop
      vertex -2.67276 9.40163 7
      vertex -1.9864 7.60822 7
      vertex -2.57906 9.43573 7
    endloop
  endfacet
  facet normal 0 0 1
    outer loop
      vertex -1.9864 7.60822 7
      vertex -2.67276 9.40163 7
      vertex -2.0193 7.59499 7
    endloop
  endfacet
  facet normal -0 0 1
    outer loop
      vertex -2.76529 9.36443 7
      vertex -2.0193 7.59499 7
      vertex -2.67276 9.40163 7
    endloop
  endfacet
  facet normal 0 0 1
    outer loop
      vertex -2.0193 7.59499 7
      vertex -2.76529 9.36443 7
      vertex -2.05232 7.58041 7
    endloop
  endfacet
  facet normal -0 0 1
    outer loop
      vertex -2.85654 9.32416 7
      vertex -2.05232 7.58041 7
      vertex -2.76529 9.36443 7
    endloop
  endfacet
  facet normal 0 0 1
    outer loop
      vertex -2.05232 7.58041 7
      vertex -2.85654 9.32416 7
      vertex -2.08444 7.56494 7
    endloop
  endfacet
  facet normal -0 0 1
    outer loop
      vertex -2.9464 9.28088 7
      vertex -2.08444 7.56494 7
      vertex -2.85654 9.32416 7
    endloop
  endfacet
  facet normal 0 0 1
    outer loop
      vertex -2.08444 7.56494 7
      vertex -2.9464 9.28088 7
      vertex -2.11644 7.5482 7
    endloop
  endfacet
  facet normal -0 0 1
    outer loop
      vertex -3.03476 9.23465 7
      vertex -2.11644 7.5482 7
      vertex -2.9464 9.28088 7
    endloop
  endfacet
  facet normal 0 0 1
    outer loop
      vertex -2.11644 7.5482 7
      vertex -3.03476 9.23465 7
      vertex -2.14784 7.53043 7
    endloop
  endfacet
  facet normal -0 0 1
    outer loop
      vertex -3.12154 9.18552 7
      vertex -2.14784 7.53043 7
      vertex -3.03476 9.23465 7
    endloop
  endfacet
  facet normal 0 0 1
    outer loop
      vertex -2.14784 7.53043 7
      vertex -3.12154 9.18552 7
      vertex -2.17804 7.51196 7
    endloop
  endfacet
  facet normal -0 0 1
    outer loop
      vertex -3.20663 9.13351 7
      vertex -2.17804 7.51196 7
      vertex -3.12154 9.18552 7
    endloop
  endfacet
  facet normal 0 0 1
    outer loop
      vertex -2.17804 7.51196 7
      vertex -3.20663 9.13351 7
      vertex -2.20819 7.49213 7
    endloop
  endfacet
  facet normal -0 0 1
    outer loop
      vertex -3.28995 9.0787 7
      vertex -2.20819 7.49213 7
      vertex -3.20663 9.13351 7
    endloop
  endfacet
  facet normal 0 0 1
    outer loop
      vertex -2.20819 7.49213 7
      vertex -3.28995 9.0787 7
      vertex -2.23763 7.47133 7
    endloop
  endfacet
  facet normal -0 0 1
    outer loop
      vertex -3.3714 9.02116 7
      vertex -2.23763 7.47133 7
      vertex -3.28995 9.0787 7
    endloop
  endfacet
  facet normal 0 0 1
    outer loop
      vertex -2.23763 7.47133 7
      vertex -3.3714 9.02116 7
      vertex -2.26601 7.44984 7
    endloop
  endfacet
  facet normal -0 0 1
    outer loop
      vertex -3.4509 8.96095 7
      vertex -2.26601 7.44984 7
      vertex -3.3714 9.02116 7
    endloop
  endfacet
  facet normal 0 0 1
    outer loop
      vertex -2.26601 7.44984 7
      vertex -3.4509 8.96095 7
      vertex -2.29393 7.42719 7
    endloop
  endfacet
  facet normal -0 0 1
    outer loop
      vertex -3.52835 8.89812 7
      vertex -2.29393 7.42719 7
      vertex -3.4509 8.96095 7
    endloop
  endfacet
  facet normal 0 0 1
    outer loop
      vertex -2.29393 7.42719 7
      vertex -3.52835 8.89812 7
      vertex -2.32132 7.40343 7
    endloop
  endfacet
  facet normal -0 0 1
    outer loop
      vertex -3.60367 8.83276 7
      vertex -2.32132 7.40343 7
      vertex -3.52835 8.89812 7
    endloop
  endfacet
  facet normal 0 0 1
    outer loop
      vertex -2.32132 7.40343 7
      vertex -3.60367 8.83276 7
      vertex -2.34753 7.37909 7
    endloop
  endfacet
  facet normal -0 0 1
    outer loop
      vertex -3.67677 8.76492 7
      vertex -2.34753 7.37909 7
      vertex -3.60367 8.83276 7
    endloop
  endfacet
  facet normal 0 0 1
    outer loop
      vertex -2.34753 7.37909 7
      vertex -3.67677 8.76492 7
      vertex -2.37302 7.35384 7
    endloop
  endfacet
  facet normal -0 0 1
    outer loop
      vertex -3.74759 8.6947 7
      vertex -2.37302 7.35384 7
      vertex -3.67677 8.76492 7
    endloop
  endfacet
  facet normal 0 0 1
    outer loop
      vertex -2.37302 7.35384 7
      vertex -3.74759 8.6947 7
      vertex -2.39755 7.32782 7
    endloop
  endfacet
  facet normal -0 0 1
    outer loop
      vertex -3.81602 8.62216 7
      vertex -2.39755 7.32782 7
      vertex -3.74759 8.6947 7
    endloop
  endfacet
  facet normal 0 0 1
    outer loop
      vertex -2.39755 7.32782 7
      vertex -3.81602 8.62216 7
      vertex -2.42128 7.30093 7
    endloop
  endfacet
  facet normal -0 0 1
    outer loop
      vertex -3.88202 8.54739 7
      vertex -2.42128 7.30093 7
      vertex -3.81602 8.62216 7
    endloop
  endfacet
  facet normal 0 0 1
    outer loop
      vertex -2.42128 7.30093 7
      vertex -3.88202 8.54739 7
      vertex -2.44402 7.27339 7
    endloop
  endfacet
  facet normal -0 0 1
    outer loop
      vertex -3.94548 8.47046 7
      vertex -2.44402 7.27339 7
      vertex -3.88202 8.54739 7
    endloop
  endfacet
  facet normal 0 0 1
    outer loop
      vertex -2.44402 7.27339 7
      vertex -3.94548 8.47046 7
      vertex -2.46603 7.2448 7
    endloop
  endfacet
  facet normal -0 0 1
    outer loop
      vertex -4.00636 8.39146 7
      vertex -2.46603 7.2448 7
      vertex -3.94548 8.47046 7
    endloop
  endfacet
  facet normal 0 0 1
    outer loop
      vertex -2.46603 7.2448 7
      vertex -4.00636 8.39146 7
      vertex -2.48705 7.21559 7
    endloop
  endfacet
  facet normal -0 0 1
    outer loop
      vertex -4.06458 8.31049 7
      vertex -2.48705 7.21559 7
      vertex -4.00636 8.39146 7
    endloop
  endfacet
  facet normal 0 0 1
    outer loop
      vertex -4.59999 6.59999 7
      vertex -2.67999 5.63297 7
      vertex -2.67999 6.57983 7
    endloop
  endfacet
  facet normal 0 0 1
    outer loop
      vertex -2.48705 7.21559 7
      vertex -4.06458 8.31049 7
      vertex -2.50703 7.18575 7
    endloop
  endfacet
  facet normal -0 0 1
    outer loop
      vertex -4.12007 8.22763 7
      vertex -2.50703 7.18575 7
      vertex -4.06458 8.31049 7
    endloop
  endfacet
  facet normal 0 -0 1
    outer loop
      vertex -4.10172 3.98012 7
      vertex -2.67999 5.63297 7
      vertex -4.59999 6.59999 7
    endloop
  endfacet
  facet normal 0 0 1
    outer loop
      vertex -2.50703 7.18575 7
      vertex -4.12007 8.22763 7
      vertex -2.52609 7.15514 7
    endloop
  endfacet
  facet normal 0 0 1
    outer loop
      vertex -2.67999 5.63297 7
      vertex -2.85484 3.64601 7
      vertex -2.76445 3.60387 7
    endloop
  endfacet
  facet normal -0 0 1
    outer loop
      vertex -4.17278 8.14297 7
      vertex -2.52609 7.15514 7
      vertex -4.12007 8.22763 7
    endloop
  endfacet
  facet normal 0 0 1
    outer loop
      vertex -2.52609 7.15514 7
      vertex -4.17278 8.14297 7
      vertex -2.54381 7.12444 7
    endloop
  endfacet
  facet normal 0 0 1
    outer loop
      vertex -2.67999 5.63297 7
      vertex -2.94626 3.6859 7
      vertex -2.85484 3.64601 7
    endloop
  endfacet
  facet normal -0 0 1
    outer loop
      vertex -4.22264 8.05659 7
      vertex -2.54381 7.12444 7
      vertex -4.17278 8.14297 7
    endloop
  endfacet
  facet normal 0 0 1
    outer loop
      vertex -2.67999 5.63297 7
      vertex -3.03864 3.72348 7
      vertex -2.94626 3.6859 7
    endloop
  endfacet
  facet normal 0 0 1
    outer loop
      vertex -2.54381 7.12444 7
      vertex -4.22264 8.05659 7
      vertex -2.56093 7.09236 7
    endloop
  endfacet
  facet normal 0 0 1
    outer loop
      vertex -2.67999 5.63297 7
      vertex -3.13191 3.75876 7
      vertex -3.03864 3.72348 7
    endloop
  endfacet
  facet normal -0 0 1
    outer loop
      vertex -4.26961 7.96863 7
      vertex -2.56093 7.09236 7
      vertex -4.22264 8.05659 7
    endloop
  endfacet
  facet normal 0 0 1
    outer loop
      vertex -2.67999 5.63297 7
      vertex -3.22604 3.7917 7
      vertex -3.13191 3.75876 7
    endloop
  endfacet
  facet normal 0 0 1
    outer loop
      vertex -2.56093 7.09236 7
      vertex -4.26961 7.96863 7
      vertex -2.57655 7.06061 7
    endloop
  endfacet
  facet normal 0 0 1
    outer loop
      vertex -2.67999 5.63297 7
      vertex -3.32097 3.82228 7
      vertex -3.22604 3.7917 7
    endloop
  endfacet
  facet normal -0 0 1
    outer loop
      vertex -4.31363 7.87914 7
      vertex -2.57655 7.06061 7
      vertex -4.26961 7.96863 7
    endloop
  endfacet
  facet normal 0 0 1
    outer loop
      vertex -2.67999 5.63297 7
      vertex -3.41663 3.85049 7
      vertex -3.32097 3.82228 7
    endloop
  endfacet
  facet normal 0 0 1
    outer loop
      vertex -2.57655 7.06061 7
      vertex -4.31363 7.87914 7
      vertex -2.59149 7.0275 7
    endloop
  endfacet
  facet normal -0 0 1
    outer loop
      vertex -4.35464 7.78822 7
      vertex -2.59149 7.0275 7
      vertex -4.31363 7.87914 7
    endloop
  endfacet
  facet normal 0 0 1
    outer loop
      vertex -2.67999 5.63297 7
      vertex -3.51297 3.8763 7
      vertex -3.41663 3.85049 7
    endloop
  endfacet
  facet normal 0 0 1
    outer loop
      vertex -2.59149 7.0275 7
      vertex -4.35464 7.78822 7
      vertex -2.60506 6.99455 7
    endloop
  endfacet
  facet normal 0 0 1
    outer loop
      vertex -2.67999 5.63297 7
      vertex -3.60991 3.8997 7
      vertex -3.51297 3.8763 7
    endloop
  endfacet
  facet normal -0 0 1
    outer loop
      vertex -4.39261 7.69601 7
      vertex -2.60506 6.99455 7
      vertex -4.35464 7.78822 7
    endloop
  endfacet
  facet normal 0 0 1
    outer loop
      vertex -2.67999 5.63297 7
      vertex -3.70741 3.92068 7
      vertex -3.60991 3.8997 7
    endloop
  endfacet
  facet normal 0 0 1
    outer loop
      vertex -2.60506 6.99455 7
      vertex -4.39261 7.69601 7
      vertex -2.61769 6.96071 7
    endloop
  endfacet
  facet normal -0 0 1
    outer loop
      vertex -4.42751 7.60258 7
      vertex -2.61769 6.96071 7
      vertex -4.39261 7.69601 7
    endloop
  endfacet
  facet normal 0 0 1
    outer loop
      vertex -2.67999 5.63297 7
      vertex -3.8054 3.93922 7
      vertex -3.70741 3.92068 7
    endloop
  endfacet
  facet normal 0 0 1
    outer loop
      vertex -2.61769 6.96071 7
      vertex -4.42751 7.60258 7
      vertex -2.62912 6.92668 7
    endloop
  endfacet
  facet normal 0 0 1
    outer loop
      vertex -2.67999 5.63297 7
      vertex -3.90382 3.95532 7
      vertex -3.8054 3.93922 7
    endloop
  endfacet
  facet normal -0 0 1
    outer loop
      vertex -4.45926 7.50806 7
      vertex -2.62912 6.92668 7
      vertex -4.42751 7.60258 7
    endloop
  endfacet
  facet normal 0 0 1
    outer loop
      vertex -2.62912 6.92668 7
      vertex -4.45926 7.50806 7
      vertex -2.63936 6.8925 7
    endloop
  endfacet
  facet normal 0 0 1
    outer loop
      vertex -2.67999 5.63297 7
      vertex -4.00262 3.96895 7
      vertex -3.90382 3.95532 7
    endloop
  endfacet
  facet normal -0 0 1
    outer loop
      vertex -4.48787 7.41251 7
      vertex -2.63936 6.8925 7
      vertex -4.45926 7.50806 7
    endloop
  endfacet
  facet normal 0 0 1
    outer loop
      vertex -2.63936 6.8925 7
      vertex -4.48787 7.41251 7
      vertex -2.64844 6.85803 7
    endloop
  endfacet
  facet normal 0 0 1
    outer loop
      vertex -2.67999 5.63297 7
      vertex -4.10172 3.98012 7
      vertex -4.00262 3.96895 7
    endloop
  endfacet
  facet normal -0 0 1
    outer loop
      vertex -4.51328 7.31607 7
      vertex -2.64844 6.85803 7
      vertex -4.48787 7.41251 7
    endloop
  endfacet
  facet normal 0 0 1
    outer loop
      vertex -2.64844 6.85803 7
      vertex -4.51328 7.31607 7
      vertex -2.65649 6.82274 7
    endloop
  endfacet
  facet normal 0 0 1
    outer loop
      vertex -4.10172 3.98012 7
      vertex -4.59999 6.59999 7
      vertex -4.20107 3.9888 7
    endloop
  endfacet
  facet normal -0 0 1
    outer loop
      vertex -4.53546 7.21884 7
      vertex -2.65649 6.82274 7
      vertex -4.51328 7.31607 7
    endloop
  endfacet
  facet normal 0 0 1
    outer loop
      vertex -2.65649 6.82274 7
      vertex -4.53546 7.21884 7
      vertex -2.66336 6.78726 7
    endloop
  endfacet
  facet normal -0 0 1
    outer loop
      vertex -4.55441 7.12094 7
      vertex -2.66336 6.78726 7
      vertex -4.53546 7.21884 7
    endloop
  endfacet
  facet normal 0 0 1
    outer loop
      vertex -4.20107 3.9888 7
      vertex -4.59999 6.59999 7
      vertex -4.30061 3.99503 7
    endloop
  endfacet
  facet normal 0 0 1
    outer loop
      vertex -2.66336 6.78726 7
      vertex -4.55441 7.12094 7
      vertex -2.66896 6.75209 7
    endloop
  endfacet
  facet normal -0 0 1
    outer loop
      vertex -4.5701 7.02245 7
      vertex -2.66896 6.75209 7
      vertex -4.55441 7.12094 7
    endloop
  endfacet
  facet normal 0 0 1
    outer loop
      vertex -2.66896 6.75209 7
      vertex -4.5701 7.02245 7
      vertex -2.67343 6.71649 7
    endloop
  endfacet
  facet normal 0 0 1
    outer loop
      vertex -4.30061 3.99503 7
      vertex -4.59999 6.59999 7
      vertex -4.40027 3.99875 7
    endloop
  endfacet
  facet normal -0 0 1
    outer loop
      vertex -4.5825 6.92349 7
      vertex -2.67343 6.71649 7
      vertex -4.5701 7.02245 7
    endloop
  endfacet
  facet normal 0 0 1
    outer loop
      vertex -2.67343 6.71649 7
      vertex -4.5825 6.92349 7
      vertex -2.67671 6.68057 7
    endloop
  endfacet
  facet normal -0 0 1
    outer loop
      vertex -4.5916 6.82419 7
      vertex -2.67671 6.68057 7
      vertex -4.5825 6.92349 7
    endloop
  endfacet
  facet normal 0 0 1
    outer loop
      vertex -2.67671 6.68057 7
      vertex -4.5916 6.82419 7
      vertex -2.67856 6.64896 7
    endloop
  endfacet
  facet normal -0 0 1
    outer loop
      vertex -4.5974 6.72462 7
      vertex -2.67856 6.64896 7
      vertex -4.5916 6.82419 7
    endloop
  endfacet
  facet normal 0 0 1
    outer loop
      vertex -2.67856 6.64896 7
      vertex -4.5974 6.72462 7
      vertex -2.67999 6.57983 7
    endloop
  endfacet
  facet normal 0 0 1
    outer loop
      vertex -2.67999 6.57983 7
      vertex -4.5974 6.72462 7
      vertex -4.59999 6.59999 7
    endloop
  endfacet
  facet normal 0 0 1
    outer loop
      vertex -4.40027 3.99875 7
      vertex -4.59999 6.59999 7
      vertex -4.5 4 7
    endloop
  endfacet
  facet normal 0 0 1
    outer loop
      vertex -4.5 4 7
      vertex -4.59999 6.59999 7
      vertex -4.59999 4 7
    endloop
  endfacet
  facet normal 0 0 1
    outer loop
      vertex 2.67999 6.58353 7
      vertex 4.59999 6.59999 7
      vertex 4.59833 6.69971 7
    endloop
  endfacet
  facet normal 0 0 1
    outer loop
      vertex 4.59999 6.59999 7
      vertex 2.67999 6.58353 7
      vertex 4.59999 -6.59999 7
    endloop
  endfacet
  facet normal 0 0 1
    outer loop
      vertex 2.67911 6.63632 7
      vertex 4.59833 6.69971 7
      vertex 4.59337 6.79932 7
    endloop
  endfacet
  facet normal 0 0 1
    outer loop
      vertex 4.59999 -6.59999 7
      vertex 2.67999 6.58353 7
      vertex 2.67999 -6.57983 7
    endloop
  endfacet
  facet normal 0 0 1
    outer loop
      vertex 2.67911 6.63632 7
      vertex 4.59337 6.79932 7
      vertex 4.58508 6.8987 7
    endloop
  endfacet
  facet normal 0 0 1
    outer loop
      vertex 4.59999 -6.59999 7
      vertex 2.67999 -6.57983 7
      vertex 4.5974 -6.72462 7
    endloop
  endfacet
  facet normal 0 0 1
    outer loop
      vertex 2.67911 6.63632 7
      vertex 4.58508 6.8987 7
      vertex 4.5735 6.99774 7
    endloop
  endfacet
  facet normal -0 0 1
    outer loop
      vertex 2.67856 -6.64896 7
      vertex 4.5974 -6.72462 7
      vertex 2.67999 -6.57983 7
    endloop
  endfacet
  facet normal 0 0 1
    outer loop
      vertex 2.67911 6.63632 7
      vertex 4.5735 6.99774 7
      vertex 4.55864 7.09636 7
    endloop
  endfacet
  facet normal 0 0 1
    outer loop
      vertex 4.5974 -6.72462 7
      vertex 2.67856 -6.64896 7
      vertex 4.5916 -6.82419 7
    endloop
  endfacet
  facet normal 0 0 1
    outer loop
      vertex 2.67911 6.63632 7
      vertex 4.55864 7.09636 7
      vertex 4.54051 7.19443 7
    endloop
  endfacet
  facet normal -0 0 1
    outer loop
      vertex 2.67671 -6.68057 7
      vertex 4.5916 -6.82419 7
      vertex 2.67856 -6.64896 7
    endloop
  endfacet
  facet normal 0 0 1
    outer loop
      vertex 2.67911 6.63632 7
      vertex 4.54051 7.19443 7
      vertex 4.51912 7.29184 7
    endloop
  endfacet
  facet normal 0 0 1
    outer loop
      vertex 4.5916 -6.82419 7
      vertex 2.67671 -6.68057 7
      vertex 4.5825 -6.92349 7
    endloop
  endfacet
  facet normal 0 0 1
    outer loop
      vertex 2.67911 6.63632 7
      vertex 4.51912 7.29184 7
      vertex 4.49452 7.38849 7
    endloop
  endfacet
  facet normal -0 0 1
    outer loop
      vertex 2.67343 -6.71649 7
      vertex 4.5825 -6.92349 7
      vertex 2.67671 -6.68057 7
    endloop
  endfacet
  facet normal 0 0 1
    outer loop
      vertex 2.67911 6.63632 7
      vertex 4.49452 7.38849 7
      vertex 4.46671 7.48425 7
    endloop
  endfacet
  facet normal 0 0 1
    outer loop
      vertex 4.5825 -6.92349 7
      vertex 2.67343 -6.71649 7
      vertex 4.5701 -7.02245 7
    endloop
  endfacet
  facet normal 0 0 1
    outer loop
      vertex 2.67911 6.63632 7
      vertex 4.46671 7.48425 7
      vertex 4.43573 7.57906 7
    endloop
  endfacet
  facet normal -0 0 1
    outer loop
      vertex 2.66896 -6.75209 7
      vertex 4.5701 -7.02245 7
      vertex 2.67343 -6.71649 7
    endloop
  endfacet
  facet normal 0 0 1
    outer loop
      vertex 2.67911 6.63632 7
      vertex 4.43573 7.57906 7
      vertex 4.40163 7.67276 7
    endloop
  endfacet
  facet normal 0 0 1
    outer loop
      vertex 4.5701 -7.02245 7
      vertex 2.66896 -6.75209 7
      vertex 4.55441 -7.12094 7
    endloop
  endfacet
  facet normal 0 0 1
    outer loop
      vertex 2.67911 6.63632 7
      vertex 4.40163 7.67276 7
      vertex 4.36443 7.76529 7
    endloop
  endfacet
  facet normal -0 0 1
    outer loop
      vertex 2.66336 -6.78726 7
      vertex 4.55441 -7.12094 7
      vertex 2.66896 -6.75209 7
    endloop
  endfacet
  facet normal 0 0 1
    outer loop
      vertex 2.67911 6.63632 7
      vertex 4.36443 7.76529 7
      vertex 4.32416 7.85654 7
    endloop
  endfacet
  facet normal 0 0 1
    outer loop
      vertex 4.55441 -7.12094 7
      vertex 2.66336 -6.78726 7
      vertex 4.53546 -7.21884 7
    endloop
  endfacet
  facet normal 0 0 1
    outer loop
      vertex 2.67911 6.63632 7
      vertex 4.32416 7.85654 7
      vertex 4.28088 7.9464 7
    endloop
  endfacet
  facet normal -0 0 1
    outer loop
      vertex 2.65649 -6.82274 7
      vertex 4.53546 -7.21884 7
      vertex 2.66336 -6.78726 7
    endloop
  endfacet
  facet normal 0 0 1
    outer loop
      vertex 2.67911 6.63632 7
      vertex 4.28088 7.9464 7
      vertex 4.23465 8.03476 7
    endloop
  endfacet
  facet normal 0 0 1
    outer loop
      vertex 4.53546 -7.21884 7
      vertex 2.65649 -6.82274 7
      vertex 4.51328 -7.31607 7
    endloop
  endfacet
  facet normal 0 0 1
    outer loop
      vertex 2.67911 6.63632 7
      vertex 4.23465 8.03476 7
      vertex 4.18552 8.12154 7
    endloop
  endfacet
  facet normal -0 0 1
    outer loop
      vertex 2.64844 -6.85803 7
      vertex 4.51328 -7.31607 7
      vertex 2.65649 -6.82274 7
    endloop
  endfacet
  facet normal 0 0 1
    outer loop
      vertex 2.67911 6.63632 7
      vertex 4.18552 8.12154 7
      vertex 4.13351 8.20663 7
    endloop
  endfacet
  facet normal 0 0 1
    outer loop
      vertex 4.51328 -7.31607 7
      vertex 2.64844 -6.85803 7
      vertex 4.48787 -7.41251 7
    endloop
  endfacet
  facet normal 0 0 1
    outer loop
      vertex 2.67911 6.63632 7
      vertex 4.13351 8.20663 7
      vertex 4.0787 8.28995 7
    endloop
  endfacet
  facet normal -0 0 1
    outer loop
      vertex 2.63936 -6.8925 7
      vertex 4.48787 -7.41251 7
      vertex 2.64844 -6.85803 7
    endloop
  endfacet
  facet normal 0 0 1
    outer loop
      vertex 2.67911 6.63632 7
      vertex 4.0787 8.28995 7
      vertex 4.02116 8.3714 7
    endloop
  endfacet
  facet normal 0 0 1
    outer loop
      vertex 4.48787 -7.41251 7
      vertex 2.63936 -6.8925 7
      vertex 4.45926 -7.50806 7
    endloop
  endfacet
  facet normal 0 0 1
    outer loop
      vertex 2.67911 6.63632 7
      vertex 4.02116 8.3714 7
      vertex 3.96095 8.4509 7
    endloop
  endfacet
  facet normal -0 0 1
    outer loop
      vertex 2.62912 -6.92668 7
      vertex 4.45926 -7.50806 7
      vertex 2.63936 -6.8925 7
    endloop
  endfacet
  facet normal 0 0 1
    outer loop
      vertex 2.67911 6.63632 7
      vertex 3.96095 8.4509 7
      vertex 3.89812 8.52835 7
    endloop
  endfacet
  facet normal 0 0 1
    outer loop
      vertex 4.45926 -7.50806 7
      vertex 2.62912 -6.92668 7
      vertex 4.42751 -7.60258 7
    endloop
  endfacet
  facet normal 0 0 1
    outer loop
      vertex 2.67911 6.63632 7
      vertex 3.89812 8.52835 7
      vertex 3.83276 8.60367 7
    endloop
  endfacet
  facet normal -0 0 1
    outer loop
      vertex 2.61769 -6.96071 7
      vertex 4.42751 -7.60258 7
      vertex 2.62912 -6.92668 7
    endloop
  endfacet
  facet normal 0 0 1
    outer loop
      vertex 2.67911 6.63632 7
      vertex 3.83276 8.60367 7
      vertex 3.76492 8.67677 7
    endloop
  endfacet
  facet normal 0 0 1
    outer loop
      vertex 4.42751 -7.60258 7
      vertex 2.61769 -6.96071 7
      vertex 4.39261 -7.69601 7
    endloop
  endfacet
  facet normal 0 0 1
    outer loop
      vertex 2.67911 6.63632 7
      vertex 3.76492 8.67677 7
      vertex 3.6947 8.74759 7
    endloop
  endfacet
  facet normal -0 0 1
    outer loop
      vertex 2.60506 -6.99455 7
      vertex 4.39261 -7.69601 7
      vertex 2.61769 -6.96071 7
    endloop
  endfacet
  facet normal 0 0 1
    outer loop
      vertex 2.67911 6.63632 7
      vertex 3.6947 8.74759 7
      vertex 3.62216 8.81602 7
    endloop
  endfacet
  facet normal 0 0 1
    outer loop
      vertex 4.39261 -7.69601 7
      vertex 2.60506 -6.99455 7
      vertex 4.35464 -7.78822 7
    endloop
  endfacet
  facet normal 0 0 1
    outer loop
      vertex 2.67911 6.63632 7
      vertex 3.62216 8.81602 7
      vertex 3.54739 8.88202 7
    endloop
  endfacet
  facet normal -0 0 1
    outer loop
      vertex 2.59149 -7.0275 7
      vertex 4.35464 -7.78822 7
      vertex 2.60506 -6.99455 7
    endloop
  endfacet
  facet normal 0 0 1
    outer loop
      vertex 2.67911 6.63632 7
      vertex 3.54739 8.88202 7
      vertex 3.47046 8.94548 7
    endloop
  endfacet
  facet normal 0 0 1
    outer loop
      vertex 4.35464 -7.78822 7
      vertex 2.59149 -7.0275 7
      vertex 4.31363 -7.87914 7
    endloop
  endfacet
  facet normal 0 0 1
    outer loop
      vertex 2.67911 6.63632 7
      vertex 3.47046 8.94548 7
      vertex 3.39146 9.00636 7
    endloop
  endfacet
  facet normal -0 0 1
    outer loop
      vertex 2.57655 -7.06061 7
      vertex 4.31363 -7.87914 7
      vertex 2.59149 -7.0275 7
    endloop
  endfacet
  facet normal 0 0 1
    outer loop
      vertex 2.67911 6.63632 7
      vertex 3.39146 9.00636 7
      vertex 3.31049 9.06458 7
    endloop
  endfacet
  facet normal 0 0 1
    outer loop
      vertex 4.31363 -7.87914 7
      vertex 2.57655 -7.06061 7
      vertex 4.26961 -7.96863 7
    endloop
  endfacet
  facet normal 0 0 1
    outer loop
      vertex 2.67911 6.63632 7
      vertex 3.31049 9.06458 7
      vertex 3.22763 9.12007 7
    endloop
  endfacet
  facet normal -0 0 1
    outer loop
      vertex 2.56093 -7.09236 7
      vertex 4.26961 -7.96863 7
      vertex 2.57655 -7.06061 7
    endloop
  endfacet
  facet normal 0 0 1
    outer loop
      vertex 2.67911 6.63632 7
      vertex 3.22763 9.12007 7
      vertex 3.14297 9.17278 7
    endloop
  endfacet
  facet normal 0 0 1
    outer loop
      vertex 4.26961 -7.96863 7
      vertex 2.56093 -7.09236 7
      vertex 4.22264 -8.05659 7
    endloop
  endfacet
  facet normal 0 0 1
    outer loop
      vertex 2.67911 6.63632 7
      vertex 3.14297 9.17278 7
      vertex 3.05659 9.22264 7
    endloop
  endfacet
  facet normal -0 0 1
    outer loop
      vertex 2.54381 -7.12444 7
      vertex 4.22264 -8.05659 7
      vertex 2.56093 -7.09236 7
    endloop
  endfacet
  facet normal 0 0 1
    outer loop
      vertex 2.67911 6.63632 7
      vertex 3.05659 9.22264 7
      vertex 2.96863 9.26961 7
    endloop
  endfacet
  facet normal 0 0 1
    outer loop
      vertex 4.22264 -8.05659 7
      vertex 2.54381 -7.12444 7
      vertex 4.17278 -8.14297 7
    endloop
  endfacet
  facet normal 0 0 1
    outer loop
      vertex 2.67911 6.63632 7
      vertex 2.96863 9.26961 7
      vertex 2.87914 9.31363 7
    endloop
  endfacet
  facet normal -0 0 1
    outer loop
      vertex 2.52609 -7.15514 7
      vertex 4.17278 -8.14297 7
      vertex 2.54381 -7.12444 7
    endloop
  endfacet
  facet normal 0 0 1
    outer loop
      vertex 2.67911 6.63632 7
      vertex 2.87914 9.31363 7
      vertex 2.78822 9.35464 7
    endloop
  endfacet
  facet normal 0 0 1
    outer loop
      vertex 4.17278 -8.14297 7
      vertex 2.52609 -7.15514 7
      vertex 4.12007 -8.22763 7
    endloop
  endfacet
  facet normal 0 0 1
    outer loop
      vertex 2.0275 7.59149 7
      vertex 2.78822 9.35464 7
      vertex 2.69601 9.39261 7
    endloop
  endfacet
  facet normal -0 0 1
    outer loop
      vertex 2.50703 -7.18575 7
      vertex 4.12007 -8.22763 7
      vertex 2.52609 -7.15514 7
    endloop
  endfacet
  facet normal 0 0 1
    outer loop
      vertex 4.12007 -8.22763 7
      vertex 2.50703 -7.18575 7
      vertex 4.06458 -8.31049 7
    endloop
  endfacet
  facet normal -0 0 1
    outer loop
      vertex 2.48705 -7.21559 7
      vertex 4.06458 -8.31049 7
      vertex 2.50703 -7.18575 7
    endloop
  endfacet
  facet normal 0 0 1
    outer loop
      vertex 4.06458 -8.31049 7
      vertex 2.48705 -7.21559 7
      vertex 4.00636 -8.39146 7
    endloop
  endfacet
  facet normal -0 0 1
    outer loop
      vertex 2.46603 -7.2448 7
      vertex 4.00636 -8.39146 7
      vertex 2.48705 -7.21559 7
    endloop
  endfacet
  facet normal 0 0 1
    outer loop
      vertex 4.00636 -8.39146 7
      vertex 2.46603 -7.2448 7
      vertex 3.94548 -8.47046 7
    endloop
  endfacet
  facet normal -0 0 1
    outer loop
      vertex 2.44402 -7.27339 7
      vertex 3.94548 -8.47046 7
      vertex 2.46603 -7.2448 7
    endloop
  endfacet
  facet normal 0 0 1
    outer loop
      vertex 3.94548 -8.47046 7
      vertex 2.44402 -7.27339 7
      vertex 3.88202 -8.54739 7
    endloop
  endfacet
  facet normal -0 0 1
    outer loop
      vertex 2.42128 -7.30093 7
      vertex 3.88202 -8.54739 7
      vertex 2.44402 -7.27339 7
    endloop
  endfacet
  facet normal 0 0 1
    outer loop
      vertex 3.88202 -8.54739 7
      vertex 2.42128 -7.30093 7
      vertex 3.81602 -8.62216 7
    endloop
  endfacet
  facet normal -0 0 1
    outer loop
      vertex 2.39755 -7.32782 7
      vertex 3.81602 -8.62216 7
      vertex 2.42128 -7.30093 7
    endloop
  endfacet
  facet normal 0 0 1
    outer loop
      vertex 3.81602 -8.62216 7
      vertex 2.39755 -7.32782 7
      vertex 3.74759 -8.6947 7
    endloop
  endfacet
  facet normal -0 0 1
    outer loop
      vertex 2.37302 -7.35384 7
      vertex 3.74759 -8.6947 7
      vertex 2.39755 -7.32782 7
    endloop
  endfacet
  facet normal 0 0 1
    outer loop
      vertex 3.74759 -8.6947 7
      vertex 2.37302 -7.35384 7
      vertex 3.67677 -8.76492 7
    endloop
  endfacet
  facet normal -0 0 1
    outer loop
      vertex 2.34753 -7.37909 7
      vertex 3.67677 -8.76492 7
      vertex 2.37302 -7.35384 7
    endloop
  endfacet
  facet normal 0 0 1
    outer loop
      vertex 3.67677 -8.76492 7
      vertex 2.34753 -7.37909 7
      vertex 3.60367 -8.83276 7
    endloop
  endfacet
  facet normal -0 0 1
    outer loop
      vertex 2.32132 -7.40343 7
      vertex 3.60367 -8.83276 7
      vertex 2.34753 -7.37909 7
    endloop
  endfacet
  facet normal 0 0 1
    outer loop
      vertex 3.60367 -8.83276 7
      vertex 2.32132 -7.40343 7
      vertex 3.52835 -8.89812 7
    endloop
  endfacet
  facet normal -0 0 1
    outer loop
      vertex 2.29393 -7.42719 7
      vertex 3.52835 -8.89812 7
      vertex 2.32132 -7.40343 7
    endloop
  endfacet
  facet normal 0 0 1
    outer loop
      vertex 3.52835 -8.89812 7
      vertex 2.29393 -7.42719 7
      vertex 3.4509 -8.96095 7
    endloop
  endfacet
  facet normal -0 0 1
    outer loop
      vertex 2.26601 -7.44984 7
      vertex 3.4509 -8.96095 7
      vertex 2.29393 -7.42719 7
    endloop
  endfacet
  facet normal 0 0 1
    outer loop
      vertex 3.4509 -8.96095 7
      vertex 2.26601 -7.44984 7
      vertex 3.3714 -9.02116 7
    endloop
  endfacet
  facet normal -0 0 1
    outer loop
      vertex 2.23763 -7.47133 7
      vertex 3.3714 -9.02116 7
      vertex 2.26601 -7.44984 7
    endloop
  endfacet
  facet normal 0 0 1
    outer loop
      vertex 3.3714 -9.02116 7
      vertex 2.23763 -7.47133 7
      vertex 3.28995 -9.0787 7
    endloop
  endfacet
  facet normal -0 0 1
    outer loop
      vertex 2.20819 -7.49213 7
      vertex 3.28995 -9.0787 7
      vertex 2.23763 -7.47133 7
    endloop
  endfacet
  facet normal 0 0 1
    outer loop
      vertex 3.28995 -9.0787 7
      vertex 2.20819 -7.49213 7
      vertex 3.20663 -9.13351 7
    endloop
  endfacet
  facet normal -0 0 1
    outer loop
      vertex 2.17804 -7.51196 7
      vertex 3.20663 -9.13351 7
      vertex 2.20819 -7.49213 7
    endloop
  endfacet
  facet normal 0 0 1
    outer loop
      vertex 3.20663 -9.13351 7
      vertex 2.17804 -7.51196 7
      vertex 3.12154 -9.18552 7
    endloop
  endfacet
  facet normal -0 0 1
    outer loop
      vertex 2.14784 -7.53043 7
      vertex 3.12154 -9.18552 7
      vertex 2.17804 -7.51196 7
    endloop
  endfacet
  facet normal 0 0 1
    outer loop
      vertex 3.12154 -9.18552 7
      vertex 2.14784 -7.53043 7
      vertex 3.03476 -9.23465 7
    endloop
  endfacet
  facet normal -0 0 1
    outer loop
      vertex 2.11644 -7.5482 7
      vertex 3.03476 -9.23465 7
      vertex 2.14784 -7.53043 7
    endloop
  endfacet
  facet normal 0 0 1
    outer loop
      vertex 3.03476 -9.23465 7
      vertex 2.11644 -7.5482 7
      vertex 2.9464 -9.28088 7
    endloop
  endfacet
  facet normal -0 0 1
    outer loop
      vertex 2.08444 -7.56494 7
      vertex 2.9464 -9.28088 7
      vertex 2.11644 -7.5482 7
    endloop
  endfacet
  facet normal 0 0 1
    outer loop
      vertex 2.9464 -9.28088 7
      vertex 2.08444 -7.56494 7
      vertex 2.85654 -9.32416 7
    endloop
  endfacet
  facet normal -0 0 1
    outer loop
      vertex 2.05232 -7.58041 7
      vertex 2.85654 -9.32416 7
      vertex 2.08444 -7.56494 7
    endloop
  endfacet
  facet normal 0 0 1
    outer loop
      vertex 2.85654 -9.32416 7
      vertex 2.05232 -7.58041 7
      vertex 2.76529 -9.36443 7
    endloop
  endfacet
  facet normal -0 0 1
    outer loop
      vertex 2.0193 -7.59499 7
      vertex 2.76529 -9.36443 7
      vertex 2.05232 -7.58041 7
    endloop
  endfacet
  facet normal 0 0 1
    outer loop
      vertex 2.76529 -9.36443 7
      vertex 2.0193 -7.59499 7
      vertex 2.67276 -9.40163 7
    endloop
  endfacet
  facet normal -0 0 1
    outer loop
      vertex 1.9864 -7.60822 7
      vertex 2.67276 -9.40163 7
      vertex 2.0193 -7.59499 7
    endloop
  endfacet
  facet normal 0 0 1
    outer loop
      vertex 2.67276 -9.40163 7
      vertex 1.9864 -7.60822 7
      vertex 2.57906 -9.43573 7
    endloop
  endfacet
  facet normal -0 0 1
    outer loop
      vertex 1.95238 -7.62059 7
      vertex 2.57906 -9.43573 7
      vertex 1.9864 -7.60822 7
    endloop
  endfacet
  facet normal 0 0 1
    outer loop
      vertex 2.57906 -9.43573 7
      vertex 1.95238 -7.62059 7
      vertex 2.48425 -9.46671 7
    endloop
  endfacet
  facet normal -0 0 1
    outer loop
      vertex 1.91808 -7.63181 7
      vertex 2.48425 -9.46671 7
      vertex 1.95238 -7.62059 7
    endloop
  endfacet
  facet normal 0 0 1
    outer loop
      vertex 2.48425 -9.46671 7
      vertex 1.91808 -7.63181 7
      vertex 2.38849 -9.49452 7
    endloop
  endfacet
  facet normal -0 0 1
    outer loop
      vertex 1.88365 -7.6418 7
      vertex 2.38849 -9.49452 7
      vertex 1.91808 -7.63181 7
    endloop
  endfacet
  facet normal 0 0 1
    outer loop
      vertex 2.38849 -9.49452 7
      vertex 1.88365 -7.6418 7
      vertex 2.29184 -9.51912 7
    endloop
  endfacet
  facet normal -0 0 1
    outer loop
      vertex 1.84886 -7.65065 7
      vertex 2.29184 -9.51912 7
      vertex 1.88365 -7.6418 7
    endloop
  endfacet
  facet normal 0 0 1
    outer loop
      vertex 2.29184 -9.51912 7
      vertex 1.84886 -7.65065 7
      vertex 2.19443 -9.54051 7
    endloop
  endfacet
  facet normal -0 0 1
    outer loop
      vertex 1.81403 -7.65831 7
      vertex 2.19443 -9.54051 7
      vertex 1.84886 -7.65065 7
    endloop
  endfacet
  facet normal 0 0 1
    outer loop
      vertex 2.19443 -9.54051 7
      vertex 1.81403 -7.65831 7
      vertex 2.09636 -9.55864 7
    endloop
  endfacet
  facet normal -0 0 1
    outer loop
      vertex 1.7787 -7.66483 7
      vertex 2.09636 -9.55864 7
      vertex 1.81403 -7.65831 7
    endloop
  endfacet
  facet normal 0 0 1
    outer loop
      vertex 2.09636 -9.55864 7
      vertex 1.7787 -7.66483 7
      vertex 1.99774 -9.5735 7
    endloop
  endfacet
  facet normal -0 0 1
    outer loop
      vertex 1.74336 -7.67015 7
      vertex 1.99774 -9.5735 7
      vertex 1.7787 -7.66483 7
    endloop
  endfacet
  facet normal 0 0 1
    outer loop
      vertex 1.99774 -9.5735 7
      vertex 1.74336 -7.67015 7
      vertex 1.8987 -9.58508 7
    endloop
  endfacet
  facet normal -0 0 1
    outer loop
      vertex 1.70715 -7.67439 7
      vertex 1.8987 -9.58508 7
      vertex 1.74336 -7.67015 7
    endloop
  endfacet
  facet normal 0 0 1
    outer loop
      vertex 1.8987 -9.58508 7
      vertex 1.70715 -7.67439 7
      vertex 1.79932 -9.59337 7
    endloop
  endfacet
  facet normal -0 0 1
    outer loop
      vertex 1.67163 -7.67735 7
      vertex 1.79932 -9.59337 7
      vertex 1.70715 -7.67439 7
    endloop
  endfacet
  facet normal 0 0 1
    outer loop
      vertex 1.79932 -9.59337 7
      vertex 1.67163 -7.67735 7
      vertex 1.69971 -9.59833 7
    endloop
  endfacet
  facet normal -0 0 1
    outer loop
      vertex 1.63632 -7.67911 7
      vertex 1.69971 -9.59833 7
      vertex 1.67163 -7.67735 7
    endloop
  endfacet
  facet normal 0 0 1
    outer loop
      vertex 1.63632 -7.67911 7
      vertex 1.59999 -9.59999 7
      vertex 1.69971 -9.59833 7
    endloop
  endfacet
  facet normal -0 0 1
    outer loop
      vertex 1.58353 -7.67999 7
      vertex 1.59999 -9.59999 7
      vertex 1.63632 -7.67911 7
    endloop
  endfacet
  facet normal -0 0 1
    outer loop
      vertex -1.57983 -7.67999 7
      vertex 1.59999 -9.59999 7
      vertex 1.58353 -7.67999 7
    endloop
  endfacet
  facet normal 0 0 1
    outer loop
      vertex -1.57983 -7.67999 7
      vertex -1.59999 -9.59999 7
      vertex 1.59999 -9.59999 7
    endloop
  endfacet
  facet normal 0 0 1
    outer loop
      vertex -1.64896 -7.67856 7
      vertex -1.59999 -9.59999 7
      vertex -1.57983 -7.67999 7
    endloop
  endfacet
  facet normal 0 0 1
    outer loop
      vertex -1.72462 -9.5974 7
      vertex -1.64896 -7.67856 7
      vertex -1.68057 -7.67671 7
    endloop
  endfacet
  facet normal 0 0 1
    outer loop
      vertex -1.82419 -9.5916 7
      vertex -1.68057 -7.67671 7
      vertex -1.71649 -7.67343 7
    endloop
  endfacet
  facet normal 0 0 1
    outer loop
      vertex -1.64896 -7.67856 7
      vertex -1.72462 -9.5974 7
      vertex -1.59999 -9.59999 7
    endloop
  endfacet
  facet normal 0 0 1
    outer loop
      vertex -1.92349 -9.5825 7
      vertex -1.71649 -7.67343 7
      vertex -1.75209 -7.66896 7
    endloop
  endfacet
  facet normal 0 0 1
    outer loop
      vertex -2.02245 -9.5701 7
      vertex -1.75209 -7.66896 7
      vertex -1.78726 -7.66336 7
    endloop
  endfacet
  facet normal 0 0 1
    outer loop
      vertex -2.12094 -9.55441 7
      vertex -1.78726 -7.66336 7
      vertex -1.82274 -7.65649 7
    endloop
  endfacet
  facet normal 0 0 1
    outer loop
      vertex -1.68057 -7.67671 7
      vertex -1.82419 -9.5916 7
      vertex -1.72462 -9.5974 7
    endloop
  endfacet
  facet normal 0 0 1
    outer loop
      vertex -2.21884 -9.53546 7
      vertex -1.82274 -7.65649 7
      vertex -1.85803 -7.64844 7
    endloop
  endfacet
  facet normal 0 0 1
    outer loop
      vertex -2.31607 -9.51328 7
      vertex -1.85803 -7.64844 7
      vertex -1.8925 -7.63936 7
    endloop
  endfacet
  facet normal 0 0 1
    outer loop
      vertex -1.71649 -7.67343 7
      vertex -1.92349 -9.5825 7
      vertex -1.82419 -9.5916 7
    endloop
  endfacet
  facet normal 0 0 1
    outer loop
      vertex -2.41251 -9.48787 7
      vertex -1.8925 -7.63936 7
      vertex -1.92668 -7.62912 7
    endloop
  endfacet
  facet normal 0 0 1
    outer loop
      vertex -2.50806 -9.45926 7
      vertex -1.92668 -7.62912 7
      vertex -1.96071 -7.61769 7
    endloop
  endfacet
  facet normal 0 0 1
    outer loop
      vertex -2.60258 -9.42751 7
      vertex -1.96071 -7.61769 7
      vertex -1.99455 -7.60506 7
    endloop
  endfacet
  facet normal 0 0 1
    outer loop
      vertex -1.75209 -7.66896 7
      vertex -2.02245 -9.5701 7
      vertex -1.92349 -9.5825 7
    endloop
  endfacet
  facet normal 0 0 1
    outer loop
      vertex -2.69601 -9.39261 7
      vertex -1.99455 -7.60506 7
      vertex -2.0275 -7.59149 7
    endloop
  endfacet
  facet normal 0 0 1
    outer loop
      vertex -2.78822 -9.35464 7
      vertex -2.0275 -7.59149 7
      vertex -2.06061 -7.57655 7
    endloop
  endfacet
  facet normal 0 0 1
    outer loop
      vertex -2.87914 -9.31363 7
      vertex -2.06061 -7.57655 7
      vertex -2.09236 -7.56093 7
    endloop
  endfacet
  facet normal 0 0 1
    outer loop
      vertex -1.78726 -7.66336 7
      vertex -2.12094 -9.55441 7
      vertex -2.02245 -9.5701 7
    endloop
  endfacet
  facet normal 0 0 1
    outer loop
      vertex -2.96863 -9.26961 7
      vertex -2.09236 -7.56093 7
      vertex -2.12444 -7.54381 7
    endloop
  endfacet
  facet normal 0 0 1
    outer loop
      vertex -3.05659 -9.22264 7
      vertex -2.12444 -7.54381 7
      vertex -2.15514 -7.52609 7
    endloop
  endfacet
  facet normal 0 0 1
    outer loop
      vertex -3.14297 -9.17278 7
      vertex -2.15514 -7.52609 7
      vertex -2.18575 -7.50703 7
    endloop
  endfacet
  facet normal 0 0 1
    outer loop
      vertex -3.22763 -9.12007 7
      vertex -2.18575 -7.50703 7
      vertex -2.21559 -7.48705 7
    endloop
  endfacet
  facet normal 0 0 1
    outer loop
      vertex -1.82274 -7.65649 7
      vertex -2.21884 -9.53546 7
      vertex -2.12094 -9.55441 7
    endloop
  endfacet
  facet normal 0 0 1
    outer loop
      vertex -3.31049 -9.06458 7
      vertex -2.21559 -7.48705 7
      vertex -2.2448 -7.46603 7
    endloop
  endfacet
  facet normal 0 0 1
    outer loop
      vertex -3.39146 -9.00636 7
      vertex -2.2448 -7.46603 7
      vertex -2.27339 -7.44402 7
    endloop
  endfacet
  facet normal 0 0 1
    outer loop
      vertex -3.47046 -8.94548 7
      vertex -2.27339 -7.44402 7
      vertex -2.30093 -7.42128 7
    endloop
  endfacet
  facet normal 0 0 1
    outer loop
      vertex -1.85803 -7.64844 7
      vertex -2.31607 -9.51328 7
      vertex -2.21884 -9.53546 7
    endloop
  endfacet
  facet normal 0 0 1
    outer loop
      vertex -3.54739 -8.88202 7
      vertex -2.30093 -7.42128 7
      vertex -2.32782 -7.39755 7
    endloop
  endfacet
  facet normal 0 0 1
    outer loop
      vertex -3.62216 -8.81602 7
      vertex -2.32782 -7.39755 7
      vertex -2.35384 -7.37302 7
    endloop
  endfacet
  facet normal 0 0 1
    outer loop
      vertex -3.6947 -8.74759 7
      vertex -2.35384 -7.37302 7
      vertex -2.37909 -7.34753 7
    endloop
  endfacet
  facet normal 0 0 1
    outer loop
      vertex -3.76492 -8.67677 7
      vertex -2.37909 -7.34753 7
      vertex -2.40343 -7.32132 7
    endloop
  endfacet
  facet normal 0 0 1
    outer loop
      vertex -1.8925 -7.63936 7
      vertex -2.41251 -9.48787 7
      vertex -2.31607 -9.51328 7
    endloop
  endfacet
  facet normal 0 0 1
    outer loop
      vertex -3.83276 -8.60367 7
      vertex -2.40343 -7.32132 7
      vertex -2.42719 -7.29393 7
    endloop
  endfacet
  facet normal 0 0 1
    outer loop
      vertex -3.89812 -8.52835 7
      vertex -2.42719 -7.29393 7
      vertex -2.44984 -7.26601 7
    endloop
  endfacet
  facet normal 0 0 1
    outer loop
      vertex -3.96095 -8.4509 7
      vertex -2.44984 -7.26601 7
      vertex -2.47133 -7.23763 7
    endloop
  endfacet
  facet normal 0 0 1
    outer loop
      vertex -4.02116 -8.3714 7
      vertex -2.47133 -7.23763 7
      vertex -2.49213 -7.20819 7
    endloop
  endfacet
  facet normal 0 0 1
    outer loop
      vertex -1.92668 -7.62912 7
      vertex -2.50806 -9.45926 7
      vertex -2.41251 -9.48787 7
    endloop
  endfacet
  facet normal 0 0 1
    outer loop
      vertex -4.0787 -8.28995 7
      vertex -2.49213 -7.20819 7
      vertex -2.51196 -7.17804 7
    endloop
  endfacet
  facet normal 0 0 1
    outer loop
      vertex -4.13351 -8.20663 7
      vertex -2.51196 -7.17804 7
      vertex -2.53043 -7.14784 7
    endloop
  endfacet
  facet normal 0 0 1
    outer loop
      vertex -4.18552 -8.12154 7
      vertex -2.53043 -7.14784 7
      vertex -2.5482 -7.11644 7
    endloop
  endfacet
  facet normal 0 0 1
    outer loop
      vertex -4.23465 -8.03476 7
      vertex -2.5482 -7.11644 7
      vertex -2.56494 -7.08444 7
    endloop
  endfacet
  facet normal 0 0 1
    outer loop
      vertex -4.28088 -7.9464 7
      vertex -2.56494 -7.08444 7
      vertex -2.58041 -7.05232 7
    endloop
  endfacet
  facet normal 0 0 1
    outer loop
      vertex -4.32416 -7.85654 7
      vertex -2.58041 -7.05232 7
      vertex -2.59499 -7.0193 7
    endloop
  endfacet
  facet normal 0 0 1
    outer loop
      vertex -1.96071 -7.61769 7
      vertex -2.60258 -9.42751 7
      vertex -2.50806 -9.45926 7
    endloop
  endfacet
  facet normal 0 0 1
    outer loop
      vertex -4.36443 -7.76529 7
      vertex -2.59499 -7.0193 7
      vertex -2.60822 -6.9864 7
    endloop
  endfacet
  facet normal 0 0 1
    outer loop
      vertex -4.40163 -7.67276 7
      vertex -2.60822 -6.9864 7
      vertex -2.62059 -6.95238 7
    endloop
  endfacet
  facet normal 0 0 1
    outer loop
      vertex -4.43573 -7.57906 7
      vertex -2.62059 -6.95238 7
      vertex -2.63181 -6.91808 7
    endloop
  endfacet
  facet normal 0 0 1
    outer loop
      vertex -4.46671 -7.48425 7
      vertex -2.63181 -6.91808 7
      vertex -2.6418 -6.88365 7
    endloop
  endfacet
  facet normal 0 0 1
    outer loop
      vertex -4.49452 -7.38849 7
      vertex -2.6418 -6.88365 7
      vertex -2.65065 -6.84886 7
    endloop
  endfacet
  facet normal 0 0 1
    outer loop
      vertex -4.51912 -7.29184 7
      vertex -2.65065 -6.84886 7
      vertex -2.65831 -6.81403 7
    endloop
  endfacet
  facet normal 0 0 1
    outer loop
      vertex -4.54051 -7.19443 7
      vertex -2.65831 -6.81403 7
      vertex -2.66483 -6.7787 7
    endloop
  endfacet
  facet normal 0 0 1
    outer loop
      vertex -4.55864 -7.09636 7
      vertex -2.66483 -6.7787 7
      vertex -2.67015 -6.74336 7
    endloop
  endfacet
  facet normal 0 0 1
    outer loop
      vertex -4.5735 -6.99774 7
      vertex -2.67015 -6.74336 7
      vertex -2.67439 -6.70715 7
    endloop
  endfacet
  facet normal 0 0 1
    outer loop
      vertex -4.58508 -6.8987 7
      vertex -2.67439 -6.70715 7
      vertex -2.67735 -6.67163 7
    endloop
  endfacet
  facet normal 0 0 1
    outer loop
      vertex -4.59337 -6.79932 7
      vertex -2.67735 -6.67163 7
      vertex -2.67911 -6.63632 7
    endloop
  endfacet
  facet normal 0 0 1
    outer loop
      vertex -1.99455 -7.60506 7
      vertex -2.69601 -9.39261 7
      vertex -2.60258 -9.42751 7
    endloop
  endfacet
  facet normal 0 0 1
    outer loop
      vertex -4.59833 -6.69971 7
      vertex -2.67911 -6.63632 7
      vertex -2.67999 -6.58353 7
    endloop
  endfacet
  facet normal 0 0 1
    outer loop
      vertex -0.5 0 7
      vertex 1.41985 0.0238037 7
      vertex 1.41861 0.12352 7
    endloop
  endfacet
  facet normal 0 0 1
    outer loop
      vertex 1.41985 0.0238037 7
      vertex -0.5 0 7
      vertex 1.41985 -0.0238037 7
    endloop
  endfacet
  facet normal 0 0 1
    outer loop
      vertex -0.501236 0.0997162 7
      vertex 1.41861 0.12352 7
      vertex 1.41742 0.171402 7
    endloop
  endfacet
  facet normal 0 0 1
    outer loop
      vertex 1.41985 -0.0238037 7
      vertex -0.5 0 7
      vertex 1.41861 -0.12352 7
    endloop
  endfacet
  facet normal 0 0 1
    outer loop
      vertex -0.501236 0.0997162 7
      vertex 1.41742 0.171402 7
      vertex 1.4137 0.271057 7
    endloop
  endfacet
  facet normal -0 0 1
    outer loop
      vertex -0.501236 -0.0997162 7
      vertex 1.41861 -0.12352 7
      vertex -0.5 0 7
    endloop
  endfacet
  facet normal 0 0 1
    outer loop
      vertex -0.504959 0.199371 7
      vertex 1.4137 0.271057 7
      vertex 1.4113 0.319214 7
    endloop
  endfacet
  facet normal 0 0 1
    outer loop
      vertex 1.41861 -0.12352 7
      vertex -0.501236 -0.0997162 7
      vertex 1.41742 -0.171402 7
    endloop
  endfacet
  facet normal 0 0 1
    outer loop
      vertex -0.504959 0.199371 7
      vertex 1.4113 0.319214 7
      vertex 1.40508 0.418762 7
    endloop
  endfacet
  facet normal 0 0 1
    outer loop
      vertex 1.41742 -0.171402 7
      vertex -0.501236 -0.0997162 7
      vertex 1.4137 -0.271057 7
    endloop
  endfacet
  facet normal 0 0 1
    outer loop
      vertex -0.511185 0.29892 7
      vertex 1.40508 0.418762 7
      vertex 1.40152 0.46608 7
    endloop
  endfacet
  facet normal -0 0 1
    outer loop
      vertex -0.504959 -0.199371 7
      vertex 1.4137 -0.271057 7
      vertex -0.501236 -0.0997162 7
    endloop
  endfacet
  facet normal 0 0 1
    outer loop
      vertex -0.511185 0.29892 7
      vertex 1.40152 0.46608 7
      vertex 1.39284 0.56543 7
    endloop
  endfacet
  facet normal 0 0 1
    outer loop
      vertex 1.4137 -0.271057 7
      vertex -0.504959 -0.199371 7
      vertex 1.4113 -0.319214 7
    endloop
  endfacet
  facet normal 0 0 1
    outer loop
      vertex -0.519867 0.39827 7
      vertex 1.39284 0.56543 7
      vertex 1.38805 0.613327 7
    endloop
  endfacet
  facet normal 0 0 1
    outer loop
      vertex 1.4113 -0.319214 7
      vertex -0.504959 -0.199371 7
      vertex 1.40508 -0.418762 7
    endloop
  endfacet
  facet normal 0 0 1
    outer loop
      vertex -0.519867 0.39827 7
      vertex 1.38805 0.613327 7
      vertex 1.37688 0.712418 7
    endloop
  endfacet
  facet normal -0 0 1
    outer loop
      vertex -0.511185 -0.29892 7
      vertex 1.40508 -0.418762 7
      vertex -0.504959 -0.199371 7
    endloop
  endfacet
  facet normal 0 0 1
    outer loop
      vertex -0.531036 0.49736 7
      vertex 1.37688 0.712418 7
      vertex 1.37096 0.759674 7
    endloop
  endfacet
  facet normal 0 0 1
    outer loop
      vertex 1.40508 -0.418762 7
      vertex -0.511185 -0.29892 7
      vertex 1.40152 -0.46608 7
    endloop
  endfacet
  facet normal 0 0 1
    outer loop
      vertex -0.531036 0.49736 7
      vertex 1.37096 0.759674 7
      vertex 1.35733 0.858475 7
    endloop
  endfacet
  facet normal 0 0 1
    outer loop
      vertex 1.40152 -0.46608 7
      vertex -0.511185 -0.29892 7
      vertex 1.39284 -0.56543 7
    endloop
  endfacet
  facet normal 0 0 1
    outer loop
      vertex -0.544662 0.596161 7
      vertex 1.35733 0.858475 7
      vertex 1.35016 0.906082 7
    endloop
  endfacet
  facet normal -0 0 1
    outer loop
      vertex -0.519867 -0.39827 7
      vertex 1.39284 -0.56543 7
      vertex -0.511185 -0.29892 7
    endloop
  endfacet
  facet normal 0 0 1
    outer loop
      vertex -0.544662 0.596161 7
      vertex 1.35016 0.906082 7
      vertex 1.33406 1.0045 7
    endloop
  endfacet
  facet normal 0 0 1
    outer loop
      vertex 1.39284 -0.56543 7
      vertex -0.519867 -0.39827 7
      vertex 1.38805 -0.613327 7
    endloop
  endfacet
  facet normal 0 0 1
    outer loop
      vertex -0.56076 0.69458 7
      vertex 1.33406 1.0045 7
      vertex 1.32578 1.0515 7
    endloop
  endfacet
  facet normal 0 0 1
    outer loop
      vertex 1.38805 -0.613327 7
      vertex -0.519867 -0.39827 7
      vertex 1.37688 -0.712418 7
    endloop
  endfacet
  facet normal 0 0 1
    outer loop
      vertex -0.56076 0.69458 7
      vertex 1.32578 1.0515 7
      vertex 1.30724 1.14949 7
    endloop
  endfacet
  facet normal -0 0 1
    outer loop
      vertex -0.531036 -0.49736 7
      vertex 1.37688 -0.712418 7
      vertex -0.519867 -0.39827 7
    endloop
  endfacet
  facet normal 0 0 1
    outer loop
      vertex -0.5793 0.792572 7
      vertex 1.30724 1.14949 7
      vertex 1.29773 1.19647 7
    endloop
  endfacet
  facet normal 0 0 1
    outer loop
      vertex 1.37688 -0.712418 7
      vertex -0.531036 -0.49736 7
      vertex 1.37096 -0.759674 7
    endloop
  endfacet
  facet normal 0 0 1
    outer loop
      vertex -0.5793 0.792572 7
      vertex 1.29773 1.19647 7
      vertex 1.27675 1.29398 7
    endloop
  endfacet
  facet normal 0 0 1
    outer loop
      vertex 1.37096 -0.759674 7
      vertex -0.531036 -0.49736 7
      vertex 1.35733 -0.858475 7
    endloop
  endfacet
  facet normal 0 0 1
    outer loop
      vertex -0.600281 0.890076 7
      vertex 1.27675 1.29398 7
      vertex 1.26608 1.34073 7
    endloop
  endfacet
  facet normal -0 0 1
    outer loop
      vertex -0.544662 -0.596161 7
      vertex 1.35733 -0.858475 7
      vertex -0.531036 -0.49736 7
    endloop
  endfacet
  facet normal 0 0 1
    outer loop
      vertex -0.600281 0.890076 7
      vertex 1.26608 1.34073 7
      vertex 1.24268 1.43767 7
    endloop
  endfacet
  facet normal 0 0 1
    outer loop
      vertex 1.35733 -0.858475 7
      vertex -0.544662 -0.596161 7
      vertex 1.35016 -0.906082 7
    endloop
  endfacet
  facet normal 0 0 1
    outer loop
      vertex -0.623688 0.987015 7
      vertex 1.24268 1.43767 7
      vertex 1.23096 1.48372 7
    endloop
  endfacet
  facet normal 0 0 1
    outer loop
      vertex 1.35016 -0.906082 7
      vertex -0.544662 -0.596161 7
      vertex 1.33406 -1.0045 7
    endloop
  endfacet
  facet normal 0 0 1
    outer loop
      vertex -0.623688 0.987015 7
      vertex 1.23096 1.48372 7
      vertex 1.20515 1.58006 7
    endloop
  endfacet
  facet normal -0 0 1
    outer loop
      vertex -0.56076 -0.69458 7
      vertex 1.33406 -1.0045 7
      vertex -0.544662 -0.596161 7
    endloop
  endfacet
  facet normal 0 0 1
    outer loop
      vertex -0.64949 1.08336 7
      vertex 1.20515 1.58006 7
      vertex 1.19208 1.62651 7
    endloop
  endfacet
  facet normal 0 0 1
    outer loop
      vertex 1.33406 -1.0045 7
      vertex -0.56076 -0.69458 7
      vertex 1.32578 -1.0515 7
    endloop
  endfacet
  facet normal 0 0 1
    outer loop
      vertex -0.64949 1.08336 7
      vertex 1.19208 1.62651 7
      vertex 1.16386 1.72217 7
    endloop
  endfacet
  facet normal 0 0 1
    outer loop
      vertex 1.32578 -1.0515 7
      vertex -0.56076 -0.69458 7
      vertex 1.30724 -1.14949 7
    endloop
  endfacet
  facet normal 0 0 1
    outer loop
      vertex -0.677704 1.17902 7
      vertex 1.16386 1.72217 7
      vertex 1.14981 1.76773 7
    endloop
  endfacet
  facet normal -0 0 1
    outer loop
      vertex -0.5793 -0.792572 7
      vertex 1.30724 -1.14949 7
      vertex -0.56076 -0.69458 7
    endloop
  endfacet
  facet normal 0 0 1
    outer loop
      vertex -0.677704 1.17902 7
      vertex 1.14981 1.76773 7
      vertex 1.11923 1.86266 7
    endloop
  endfacet
  facet normal 0 0 1
    outer loop
      vertex 1.30724 -1.14949 7
      vertex -0.5793 -0.792572 7
      vertex 1.29773 -1.19647 7
    endloop
  endfacet
  facet normal 0 0 1
    outer loop
      vertex -0.708282 1.27394 7
      vertex 1.11923 1.86266 7
      vertex 1.10394 1.90817 7
    endloop
  endfacet
  facet normal 0 0 1
    outer loop
      vertex 1.29773 -1.19647 7
      vertex -0.5793 -0.792572 7
      vertex 1.27675 -1.29398 7
    endloop
  endfacet
  facet normal 0 0 1
    outer loop
      vertex -0.708282 1.27394 7
      vertex 1.10394 1.90817 7
      vertex 1.071 2.0023 7
    endloop
  endfacet
  facet normal -0 0 1
    outer loop
      vertex -0.600281 -0.890076 7
      vertex 1.27675 -1.29398 7
      vertex -0.5793 -0.792572 7
    endloop
  endfacet
  facet normal 0 0 1
    outer loop
      vertex -0.741226 1.36807 7
      vertex 1.071 2.0023 7
      vertex 1.05463 2.04729 7
    endloop
  endfacet
  facet normal 0 0 1
    outer loop
      vertex 1.27675 -1.29398 7
      vertex -0.600281 -0.890076 7
      vertex 1.26608 -1.34073 7
    endloop
  endfacet
  facet normal 0 0 1
    outer loop
      vertex -0.741226 1.36807 7
      vertex 1.05463 2.04729 7
      vertex 1.01935 2.14056 7
    endloop
  endfacet
  facet normal 0 0 1
    outer loop
      vertex 1.26608 -1.34073 7
      vertex -0.600281 -0.890076 7
      vertex 1.24268 -1.43767 7
    endloop
  endfacet
  facet normal 0 0 1
    outer loop
      vertex -0.776505 1.46135 7
      vertex 1.01935 2.14056 7
      vertex 1.00195 2.18489 7
    endloop
  endfacet
  facet normal -0 0 1
    outer loop
      vertex -0.623688 -0.987015 7
      vertex 1.24268 -1.43767 7
      vertex -0.600281 -0.890076 7
    endloop
  endfacet
  facet normal 0 0 1
    outer loop
      vertex -0.776505 1.46135 7
      vertex 1.00195 2.18489 7
      vertex 0.964371 2.27727 7
    endloop
  endfacet
  facet normal 0 0 1
    outer loop
      vertex 1.24268 -1.43767 7
      vertex -0.623688 -0.987015 7
      vertex 1.23096 -1.48372 7
    endloop
  endfacet
  facet normal 0 0 1
    outer loop
      vertex -0.814087 1.55373 7
      vertex 0.964371 2.27727 7
      vertex 0.945694 2.32156 7
    endloop
  endfacet
  facet normal 0 0 1
    outer loop
      vertex 1.23096 -1.48372 7
      vertex -0.623688 -0.987015 7
      vertex 1.20515 -1.58006 7
    endloop
  endfacet
  facet normal 0 0 1
    outer loop
      vertex -0.814087 1.55373 7
      vertex 0.945694 2.32156 7
      vertex 0.905807 2.41298 7
    endloop
  endfacet
  facet normal -0 0 1
    outer loop
      vertex -0.64949 -1.08336 7
      vertex 1.20515 -1.58006 7
      vertex -0.623688 -0.987015 7
    endloop
  endfacet
  facet normal 0 0 1
    outer loop
      vertex -0.853973 1.64514 7
      vertex 0.905807 2.41298 7
      vertex 0.886185 2.45647 7
    endloop
  endfacet
  facet normal 0 0 1
    outer loop
      vertex 1.20515 -1.58006 7
      vertex -0.64949 -1.08336 7
      vertex 1.19208 -1.62651 7
    endloop
  endfacet
  facet normal 0 0 1
    outer loop
      vertex -0.853973 1.64514 7
      vertex 0.886185 2.45647 7
      vertex 0.84404 2.54686 7
    endloop
  endfacet
  facet normal 0 0 1
    outer loop
      vertex 1.19208 -1.62651 7
      vertex -0.64949 -1.08336 7
      vertex 1.16386 -1.72217 7
    endloop
  endfacet
  facet normal 0 0 1
    outer loop
      vertex -0.896118 1.73553 7
      vertex 0.84404 2.54686 7
      vertex 0.823181 2.59018 7
    endloop
  endfacet
  facet normal -0 0 1
    outer loop
      vertex -0.677704 -1.17902 7
      vertex 1.16386 -1.72217 7
      vertex -0.64949 -1.08336 7
    endloop
  endfacet
  facet normal 0 0 1
    outer loop
      vertex -0.896118 1.73553 7
      vertex 0.823181 2.59018 7
      vertex 0.778793 2.67947 7
    endloop
  endfacet
  facet normal 0 0 1
    outer loop
      vertex 1.16386 -1.72217 7
      vertex -0.677704 -1.17902 7
      vertex 1.14981 -1.76773 7
    endloop
  endfacet
  facet normal 0 0 1
    outer loop
      vertex -0.940506 1.82483 7
      vertex 0.778793 2.67947 7
      vertex 0.757034 2.72192 7
    endloop
  endfacet
  facet normal 0 0 1
    outer loop
      vertex 1.14981 -1.76773 7
      vertex -0.677704 -1.17902 7
      vertex 1.11923 -1.86266 7
    endloop
  endfacet
  facet normal 0 0 1
    outer loop
      vertex -0.940506 1.82483 7
      vertex 0.757034 2.72192 7
      vertex 0.710434 2.8101 7
    endloop
  endfacet
  facet normal -0 0 1
    outer loop
      vertex -0.708282 -1.27394 7
      vertex 1.11923 -1.86266 7
      vertex -0.677704 -1.17902 7
    endloop
  endfacet
  facet normal 0 0 1
    outer loop
      vertex -0.987106 1.91301 7
      vertex 0.710434 2.8101 7
      vertex 0.687546 2.85213 7
    endloop
  endfacet
  facet normal 0 0 1
    outer loop
      vertex 1.11923 -1.86266 7
      vertex -0.708282 -1.27394 7
      vertex 1.10394 -1.90817 7
    endloop
  endfacet
  facet normal 0 0 1
    outer loop
      vertex -0.987106 1.91301 7
      vertex 0.687546 2.85213 7
      vertex 0.638763 2.93912 7
    endloop
  endfacet
  facet normal 0 0 1
    outer loop
      vertex 1.10394 -1.90817 7
      vertex -0.708282 -1.27394 7
      vertex 1.071 -2.0023 7
    endloop
  endfacet
  facet normal 0 0 1
    outer loop
      vertex -1.03589 2 7
      vertex 0.638763 2.93912 7
      vertex 0.614807 2.98061 7
    endloop
  endfacet
  facet normal -0 0 1
    outer loop
      vertex -0.741226 -1.36807 7
      vertex 1.071 -2.0023 7
      vertex -0.708282 -1.27394 7
    endloop
  endfacet
  facet normal 0 0 1
    outer loop
      vertex -1.03589 2 7
      vertex 0.614807 2.98061 7
      vertex 0.563873 3.06635 7
    endloop
  endfacet
  facet normal 0 0 1
    outer loop
      vertex 1.071 -2.0023 7
      vertex -0.741226 -1.36807 7
      vertex 1.05463 -2.04729 7
    endloop
  endfacet
  facet normal 0 0 1
    outer loop
      vertex -1.08682 2.08574 7
      vertex 0.563873 3.06635 7
      vertex 0.538788 3.10741 7
    endloop
  endfacet
  facet normal 0 0 1
    outer loop
      vertex 1.05463 -2.04729 7
      vertex -0.741226 -1.36807 7
      vertex 1.01935 -2.14056 7
    endloop
  endfacet
  facet normal 0 0 1
    outer loop
      vertex -1.08682 2.08574 7
      vertex 0.538788 3.10741 7
      vertex 0.485718 3.19185 7
    endloop
  endfacet
  facet normal -0 0 1
    outer loop
      vertex -0.776505 -1.46135 7
      vertex 1.01935 -2.14056 7
      vertex -0.741226 -1.36807 7
    endloop
  endfacet
  facet normal 0 0 1
    outer loop
      vertex -1.13989 2.17018 7
      vertex 0.485718 3.19185 7
      vertex 0.459808 3.23195 7
    endloop
  endfacet
  facet normal 0 0 1
    outer loop
      vertex 1.01935 -2.14056 7
      vertex -0.776505 -1.46135 7
      vertex 1.00195 -2.18489 7
    endloop
  endfacet
  facet normal 0 0 1
    outer loop
      vertex -1.13989 2.17018 7
      vertex 0.459808 3.23195 7
      vertex 0.404663 3.31503 7
    endloop
  endfacet
  facet normal 0 0 1
    outer loop
      vertex 1.00195 -2.18489 7
      vertex -0.776505 -1.46135 7
      vertex 0.964371 -2.27727 7
    endloop
  endfacet
  facet normal 0 0 1
    outer loop
      vertex -1.19504 2.25327 7
      vertex 0.404663 3.31503 7
      vertex 0.377716 3.35455 7
    endloop
  endfacet
  facet normal -0 0 1
    outer loop
      vertex -0.814087 -1.55373 7
      vertex 0.964371 -2.27727 7
      vertex -0.776505 -1.46135 7
    endloop
  endfacet
  facet normal 0 0 1
    outer loop
      vertex -1.19504 2.25327 7
      vertex 0.377716 3.35455 7
      vertex 0.320511 3.43625 7
    endloop
  endfacet
  facet normal 0 0 1
    outer loop
      vertex 0.964371 -2.27727 7
      vertex -0.814087 -1.55373 7
      vertex 0.945694 -2.32156 7
    endloop
  endfacet
  facet normal 0 0 1
    outer loop
      vertex -1.25224 2.33496 7
      vertex 0.320511 3.43625 7
      vertex 0.292633 3.47504 7
    endloop
  endfacet
  facet normal 0 0 1
    outer loop
      vertex 0.945694 -2.32156 7
      vertex -0.814087 -1.55373 7
      vertex 0.905807 -2.41298 7
    endloop
  endfacet
  facet normal 0 0 1
    outer loop
      vertex -1.25224 2.33496 7
      vertex 0.292633 3.47504 7
      vertex 0.233414 3.55528 7
    endloop
  endfacet
  facet normal -0 0 1
    outer loop
      vertex -0.853973 -1.64514 7
      vertex 0.905807 -2.41298 7
      vertex -0.814087 -1.55373 7
    endloop
  endfacet
  facet normal 0 0 1
    outer loop
      vertex -1.31146 2.41521 7
      vertex 0.233414 3.55528 7
      vertex 0.204544 3.5934 7
    endloop
  endfacet
  facet normal 0 0 1
    outer loop
      vertex 0.905807 -2.41298 7
      vertex -0.853973 -1.64514 7
      vertex 0.886185 -2.45647 7
    endloop
  endfacet
  facet normal 0 0 1
    outer loop
      vertex -1.31146 2.41521 7
      vertex 0.204544 3.5934 7
      vertex 0.143341 3.67215 7
    endloop
  endfacet
  facet normal 0 0 1
    outer loop
      vertex 0.886185 -2.45647 7
      vertex -0.853973 -1.64514 7
      vertex 0.84404 -2.54686 7
    endloop
  endfacet
  facet normal 0 0 1
    outer loop
      vertex -1.37267 2.49396 7
      vertex 0.143341 3.67215 7
      vertex 0.113235 3.70988 7
    endloop
  endfacet
  facet normal -0 0 1
    outer loop
      vertex -0.896118 -1.73553 7
      vertex 0.84404 -2.54686 7
      vertex -0.853973 -1.64514 7
    endloop
  endfacet
  facet normal 0 0 1
    outer loop
      vertex -1.37267 2.49396 7
      vertex 0.113235 3.70988 7
      vertex 0.0500793 3.78706 7
    endloop
  endfacet
  facet normal 0 0 1
    outer loop
      vertex 0.84404 -2.54686 7
      vertex -0.896118 -1.73553 7
      vertex 0.823181 -2.59018 7
    endloop
  endfacet
  facet normal 0 0 1
    outer loop
      vertex -1.43582 2.57114 7
      vertex 0.0500793 3.78706 7
      vertex 0.019516 3.82349 7
    endloop
  endfacet
  facet normal 0 0 1
    outer loop
      vertex 0.823181 -2.59018 7
      vertex -0.896118 -1.73553 7
      vertex 0.778793 -2.67947 7
    endloop
  endfacet
  facet normal 0 0 1
    outer loop
      vertex -1.43582 2.57114 7
      vertex 0.019516 3.82349 7
      vertex -0.0455322 3.89908 7
    endloop
  endfacet
  facet normal -0 0 1
    outer loop
      vertex -0.940506 -1.82483 7
      vertex 0.778793 -2.67947 7
      vertex -0.896118 -1.73553 7
    endloop
  endfacet
  facet normal 0 0 1
    outer loop
      vertex -1.50087 2.64673 7
      vertex -0.0455322 3.89908 7
      vertex -0.0770721 3.93481 7
    endloop
  endfacet
  facet normal 0 0 1
    outer loop
      vertex 0.778793 -2.67947 7
      vertex -0.940506 -1.82483 7
      vertex 0.757034 -2.72192 7
    endloop
  endfacet
  facet normal 0 0 1
    outer loop
      vertex -1.50087 2.64673 7
      vertex -0.0770721 3.93481 7
      vertex -0.143982 4.00877 7
    endloop
  endfacet
  facet normal 0 0 1
    outer loop
      vertex 0.757034 -2.72192 7
      vertex -0.940506 -1.82483 7
      vertex 0.710434 -2.8101 7
    endloop
  endfacet
  facet normal 0 0 1
    outer loop
      vertex -1.56778 2.72069 7
      vertex -0.143982 4.00877 7
      vertex -0.176773 4.04413 7
    endloop
  endfacet
  facet normal -0 0 1
    outer loop
      vertex -0.987106 -1.91301 7
      vertex 0.710434 -2.8101 7
      vertex -0.940506 -1.82483 7
    endloop
  endfacet
  facet normal 0 0 1
    outer loop
      vertex -1.56778 2.72069 7
      vertex -0.176773 4.04413 7
      vertex -0.245514 4.11638 7
    endloop
  endfacet
  facet normal 0 0 1
    outer loop
      vertex 0.710434 -2.8101 7
      vertex -0.987106 -1.91301 7
      vertex 0.687546 -2.85213 7
    endloop
  endfacet
  facet normal 0 0 1
    outer loop
      vertex -1.63652 2.79294 7
      vertex -0.245514 4.11638 7
      vertex -0.27887 4.15059 7
    endloop
  endfacet
  facet normal 0 0 1
    outer loop
      vertex 0.687546 -2.85213 7
      vertex -0.987106 -1.91301 7
      vertex 0.638763 -2.93912 7
    endloop
  endfacet
  facet normal 0 0 1
    outer loop
      vertex -1.63652 2.79294 7
      vertex -0.27887 4.15059 7
      vertex -0.349396 4.22112 7
    endloop
  endfacet
  facet normal -0 0 1
    outer loop
      vertex -1.03589 -2 7
      vertex 0.638763 -2.93912 7
      vertex -0.987106 -1.91301 7
    endloop
  endfacet
  facet normal 0 0 1
    outer loop
      vertex -1.70705 2.86346 7
      vertex -0.349396 4.22112 7
      vertex -0.383606 4.25447 7
    endloop
  endfacet
  facet normal 0 0 1
    outer loop
      vertex 0.638763 -2.93912 7
      vertex -1.03589 -2 7
      vertex 0.614807 -2.98061 7
    endloop
  endfacet
  facet normal 0 0 1
    outer loop
      vertex -1.70705 2.86346 7
      vertex -0.383606 4.25447 7
      vertex -0.455856 4.32321 7
    endloop
  endfacet
  facet normal 0 0 1
    outer loop
      vertex 0.614807 -2.98061 7
      vertex -1.03589 -2 7
      vertex 0.563873 -3.06635 7
    endloop
  endfacet
  facet normal 0 0 1
    outer loop
      vertex -1.7793 2.93221 7
      vertex -0.455856 4.32321 7
      vertex -0.491211 4.356 7
    endloop
  endfacet
  facet normal -0 0 1
    outer loop
      vertex -1.08682 -2.08574 7
      vertex 0.563873 -3.06635 7
      vertex -1.03589 -2 7
    endloop
  endfacet
  facet normal 0 0 1
    outer loop
      vertex 0.563873 -3.06635 7
      vertex -1.08682 -2.08574 7
      vertex 0.538788 -3.10741 7
    endloop
  endfacet
  facet normal 0 0 1
    outer loop
      vertex 1.41861 0.12352 7
      vertex -0.501236 0.0997162 7
      vertex -0.5 0 7
    endloop
  endfacet
  facet normal 0 0 1
    outer loop
      vertex 1.4137 0.271057 7
      vertex -0.504959 0.199371 7
      vertex -0.501236 0.0997162 7
    endloop
  endfacet
  facet normal 0 0 1
    outer loop
      vertex 1.40508 0.418762 7
      vertex -0.511185 0.29892 7
      vertex -0.504959 0.199371 7
    endloop
  endfacet
  facet normal 0 0 1
    outer loop
      vertex 1.39284 0.56543 7
      vertex -0.519867 0.39827 7
      vertex -0.511185 0.29892 7
    endloop
  endfacet
  facet normal 0 0 1
    outer loop
      vertex 1.37688 0.712418 7
      vertex -0.531036 0.49736 7
      vertex -0.519867 0.39827 7
    endloop
  endfacet
  facet normal 0 0 1
    outer loop
      vertex 1.35733 0.858475 7
      vertex -0.544662 0.596161 7
      vertex -0.531036 0.49736 7
    endloop
  endfacet
  facet normal 0 0 1
    outer loop
      vertex 1.33406 1.0045 7
      vertex -0.56076 0.69458 7
      vertex -0.544662 0.596161 7
    endloop
  endfacet
  facet normal 0 0 1
    outer loop
      vertex -1.7793 2.93221 7
      vertex -0.491211 4.356 7
      vertex -0.56517 4.42291 7
    endloop
  endfacet
  facet normal 0 0 1
    outer loop
      vertex 1.30724 1.14949 7
      vertex -0.5793 0.792572 7
      vertex -0.56076 0.69458 7
    endloop
  endfacet
  facet normal 0 0 1
    outer loop
      vertex 1.27675 1.29398 7
      vertex -0.600281 0.890076 7
      vertex -0.5793 0.792572 7
    endloop
  endfacet
  facet normal 0 0 1
    outer loop
      vertex -1.85326 2.99911 7
      vertex -0.56517 4.42291 7
      vertex -0.600906 4.45445 7
    endloop
  endfacet
  facet normal 0 0 1
    outer loop
      vertex 1.24268 1.43767 7
      vertex -0.623688 0.987015 7
      vertex -0.600281 0.890076 7
    endloop
  endfacet
  facet normal 0 0 1
    outer loop
      vertex 1.20515 1.58006 7
      vertex -0.64949 1.08336 7
      vertex -0.623688 0.987015 7
    endloop
  endfacet
  facet normal 0 0 1
    outer loop
      vertex -1.85326 2.99911 7
      vertex -0.600906 4.45445 7
      vertex -0.676498 4.5195 7
    endloop
  endfacet
  facet normal 0 0 1
    outer loop
      vertex 1.16386 1.72217 7
      vertex -0.677704 1.17902 7
      vertex -0.64949 1.08336 7
    endloop
  endfacet
  facet normal 0 0 1
    outer loop
      vertex 1.11923 1.86266 7
      vertex -0.708282 1.27394 7
      vertex -0.677704 1.17902 7
    endloop
  endfacet
  facet normal 0 0 1
    outer loop
      vertex -1.92885 3.06416 7
      vertex -0.676498 4.5195 7
      vertex -0.712921 4.55006 7
    endloop
  endfacet
  facet normal 0 0 1
    outer loop
      vertex 1.071 2.0023 7
      vertex -0.741226 1.36807 7
      vertex -0.708282 1.27394 7
    endloop
  endfacet
  facet normal 0 0 1
    outer loop
      vertex 1.01935 2.14056 7
      vertex -0.776505 1.46135 7
      vertex -0.741226 1.36807 7
    endloop
  endfacet
  facet normal 0 0 1
    outer loop
      vertex -1.92885 3.06416 7
      vertex -0.712921 4.55006 7
      vertex -0.7901 4.61322 7
    endloop
  endfacet
  facet normal 0 0 1
    outer loop
      vertex 0.964371 2.27727 7
      vertex -0.814087 1.55373 7
      vertex -0.776505 1.46135 7
    endloop
  endfacet
  facet normal 0 0 1
    outer loop
      vertex -2.00603 3.12732 7
      vertex -0.7901 4.61322 7
      vertex -0.827835 4.64333 7
    endloop
  endfacet
  facet normal 0 0 1
    outer loop
      vertex 0.905807 2.41298 7
      vertex -0.853973 1.64514 7
      vertex -0.814087 1.55373 7
    endloop
  endfacet
  facet normal 0 0 1
    outer loop
      vertex 0.84404 2.54686 7
      vertex -0.896118 1.73553 7
      vertex -0.853973 1.64514 7
    endloop
  endfacet
  facet normal 0 0 1
    outer loop
      vertex -2.00603 3.12732 7
      vertex -0.827835 4.64333 7
      vertex -0.906586 4.70453 7
    endloop
  endfacet
  facet normal 0 0 1
    outer loop
      vertex 0.778793 2.67947 7
      vertex -0.940506 1.82483 7
      vertex -0.896118 1.73553 7
    endloop
  endfacet
  facet normal 0 0 1
    outer loop
      vertex -2.08478 3.18852 7
      vertex -0.906586 4.70453 7
      vertex -0.944702 4.7334 7
    endloop
  endfacet
  facet normal 0 0 1
    outer loop
      vertex 0.710434 2.8101 7
      vertex -0.987106 1.91301 7
      vertex -0.940506 1.82483 7
    endloop
  endfacet
  facet normal 0 0 1
    outer loop
      vertex -2.08478 3.18852 7
      vertex -0.944702 4.7334 7
      vertex -1.02495 4.79262 7
    endloop
  endfacet
  facet normal 0 0 1
    outer loop
      vertex 0.638763 2.93912 7
      vertex -1.03589 2 7
      vertex -0.987106 1.91301 7
    endloop
  endfacet
  facet normal 0 0 1
    outer loop
      vertex -2.16502 3.24774 7
      vertex -1.02495 4.79262 7
      vertex -1.06374 4.8205 7
    endloop
  endfacet
  facet normal 0 0 1
    outer loop
      vertex 0.563873 3.06635 7
      vertex -1.08682 2.08574 7
      vertex -1.03589 2 7
    endloop
  endfacet
  facet normal 0 0 1
    outer loop
      vertex 0.485718 3.19185 7
      vertex -1.13989 2.17018 7
      vertex -1.08682 2.08574 7
    endloop
  endfacet
  facet normal 0 0 1
    outer loop
      vertex -2.16502 3.24774 7
      vertex -1.06374 4.8205 7
      vertex -1.14543 4.8777 7
    endloop
  endfacet
  facet normal 0 0 1
    outer loop
      vertex -2.24672 3.30495 7
      vertex -1.14543 4.8777 7
      vertex -1.18495 4.90465 7
    endloop
  endfacet
  facet normal 0 0 1
    outer loop
      vertex 0.404663 3.31503 7
      vertex -1.19504 2.25327 7
      vertex -1.13989 2.17018 7
    endloop
  endfacet
  facet normal 0 0 1
    outer loop
      vertex 0.320511 3.43625 7
      vertex -1.25224 2.33496 7
      vertex -1.19504 2.25327 7
    endloop
  endfacet
  facet normal 0 0 1
    outer loop
      vertex -2.24672 3.30495 7
      vertex -1.18495 4.90465 7
      vertex -1.26804 4.95979 7
    endloop
  endfacet
  facet normal 0 0 1
    outer loop
      vertex -2.3298 3.36009 7
      vertex -1.26804 4.95979 7
      vertex -1.30814 4.9857 7
    endloop
  endfacet
  facet normal 0 0 1
    outer loop
      vertex 0.233414 3.55528 7
      vertex -1.31146 2.41521 7
      vertex -1.25224 2.33496 7
    endloop
  endfacet
  facet normal 0 0 1
    outer loop
      vertex 0.143341 3.67215 7
      vertex -1.37267 2.49396 7
      vertex -1.31146 2.41521 7
    endloop
  endfacet
  facet normal 0 0 1
    outer loop
      vertex -2.3298 3.36009 7
      vertex -1.30814 4.9857 7
      vertex -1.39258 5.03877 7
    endloop
  endfacet
  facet normal 0 0 1
    outer loop
      vertex -2.41425 3.41316 7
      vertex -1.39258 5.03877 7
      vertex -1.43376 5.06393 7
    endloop
  endfacet
  facet normal 0 0 1
    outer loop
      vertex 0.0500793 3.78706 7
      vertex -1.43582 2.57114 7
      vertex -1.37267 2.49396 7
    endloop
  endfacet
  facet normal 0 0 1
    outer loop
      vertex -0.0455322 3.89908 7
      vertex -1.50087 2.64673 7
      vertex -1.43582 2.57114 7
    endloop
  endfacet
  facet normal 0 0 1
    outer loop
      vertex -2.41425 3.41316 7
      vertex -1.43376 5.06393 7
      vertex -1.51952 5.11487 7
    endloop
  endfacet
  facet normal 0 0 1
    outer loop
      vertex -2.5 3.4641 7
      vertex -1.51952 5.11487 7
      vertex -1.56076 5.13869 7
    endloop
  endfacet
  facet normal 0 0 1
    outer loop
      vertex -0.143982 4.00877 7
      vertex -1.56778 2.72069 7
      vertex -1.50087 2.64673 7
    endloop
  endfacet
  facet normal 0 0 1
    outer loop
      vertex -0.245514 4.11638 7
      vertex -1.63652 2.79294 7
      vertex -1.56778 2.72069 7
    endloop
  endfacet
  facet normal 0 0 1
    outer loop
      vertex -2.5 3.4641 7
      vertex -1.56076 5.13869 7
      vertex -1.64774 5.18747 7
    endloop
  endfacet
  facet normal 0 0 1
    outer loop
      vertex -2.58698 3.51288 7
      vertex -1.64774 5.18747 7
      vertex -1.68988 5.21042 7
    endloop
  endfacet
  facet normal 0 0 1
    outer loop
      vertex -0.349396 4.22112 7
      vertex -1.70705 2.86346 7
      vertex -1.63652 2.79294 7
    endloop
  endfacet
  facet normal 0 0 1
    outer loop
      vertex -2.58698 3.51288 7
      vertex -1.68988 5.21042 7
      vertex -1.77806 5.25702 7
    endloop
  endfacet
  facet normal 0 0 1
    outer loop
      vertex -0.455856 4.32321 7
      vertex -1.7793 2.93221 7
      vertex -1.70705 2.86346 7
    endloop
  endfacet
  facet normal 0 0 1
    outer loop
      vertex -2.67516 3.55948 7
      vertex -1.77806 5.25702 7
      vertex -1.82051 5.27878 7
    endloop
  endfacet
  facet normal 0 0 1
    outer loop
      vertex -0.56517 4.42291 7
      vertex -1.85326 2.99911 7
      vertex -1.7793 2.93221 7
    endloop
  endfacet
  facet normal 0 0 1
    outer loop
      vertex -2.67516 3.55948 7
      vertex -1.82051 5.27878 7
      vertex -1.90981 5.32317 7
    endloop
  endfacet
  facet normal 0 0 1
    outer loop
      vertex -0.676498 4.5195 7
      vertex -1.92885 3.06416 7
      vertex -1.85326 2.99911 7
    endloop
  endfacet
  facet normal 0 0 1
    outer loop
      vertex -2.76445 3.60387 7
      vertex -1.90981 5.32317 7
      vertex -1.95312 5.34402 7
    endloop
  endfacet
  facet normal 0 0 1
    outer loop
      vertex -0.7901 4.61322 7
      vertex -2.00603 3.12732 7
      vertex -1.92885 3.06416 7
    endloop
  endfacet
  facet normal 0 0 1
    outer loop
      vertex -2.76445 3.60387 7
      vertex -1.95312 5.34402 7
      vertex -2.04352 5.38617 7
    endloop
  endfacet
  facet normal 0 0 1
    outer loop
      vertex -0.906586 4.70453 7
      vertex -2.08478 3.18852 7
      vertex -2.00603 3.12732 7
    endloop
  endfacet
  facet normal 0 0 1
    outer loop
      vertex -2.76445 3.60387 7
      vertex -2.04352 5.38617 7
      vertex -2.08701 5.40579 7
    endloop
  endfacet
  facet normal 0 0 1
    outer loop
      vertex -1.02495 4.79262 7
      vertex -2.16502 3.24774 7
      vertex -2.08478 3.18852 7
    endloop
  endfacet
  facet normal 0 0 1
    outer loop
      vertex -2.76445 3.60387 7
      vertex -2.08701 5.40579 7
      vertex -2.17842 5.44568 7
    endloop
  endfacet
  facet normal 0 0 1
    outer loop
      vertex -2.76445 3.60387 7
      vertex -2.17842 5.44568 7
      vertex -2.22272 5.46436 7
    endloop
  endfacet
  facet normal 0 0 1
    outer loop
      vertex -1.14543 4.8777 7
      vertex -2.24672 3.30495 7
      vertex -2.16502 3.24774 7
    endloop
  endfacet
  facet normal 0 0 1
    outer loop
      vertex -2.76445 3.60387 7
      vertex -2.22272 5.46436 7
      vertex -2.31509 5.50194 7
    endloop
  endfacet
  facet normal 0 0 1
    outer loop
      vertex -1.26804 4.95979 7
      vertex -2.3298 3.36009 7
      vertex -2.24672 3.30495 7
    endloop
  endfacet
  facet normal 0 0 1
    outer loop
      vertex -2.76445 3.60387 7
      vertex -2.31509 5.50194 7
      vertex -2.35942 5.51933 7
    endloop
  endfacet
  facet normal 0 0 1
    outer loop
      vertex -1.39258 5.03877 7
      vertex -2.41425 3.41316 7
      vertex -2.3298 3.36009 7
    endloop
  endfacet
  facet normal 0 0 1
    outer loop
      vertex -2.76445 3.60387 7
      vertex -2.35942 5.51933 7
      vertex -2.4527 5.55461 7
    endloop
  endfacet
  facet normal 0 0 1
    outer loop
      vertex -2.76445 3.60387 7
      vertex -2.4527 5.55461 7
      vertex -2.49768 5.57098 7
    endloop
  endfacet
  facet normal 0 0 1
    outer loop
      vertex -1.51952 5.11487 7
      vertex -2.5 3.4641 7
      vertex -2.41425 3.41316 7
    endloop
  endfacet
  facet normal 0 0 1
    outer loop
      vertex -1.64774 5.18747 7
      vertex -2.58698 3.51288 7
      vertex -2.5 3.4641 7
    endloop
  endfacet
  facet normal 0 0 1
    outer loop
      vertex -2.76445 3.60387 7
      vertex -2.49768 5.57098 7
      vertex -2.59181 5.60393 7
    endloop
  endfacet
  facet normal 0 0 1
    outer loop
      vertex -2.76445 3.60387 7
      vertex -2.59181 5.60393 7
      vertex -2.63733 5.61922 7
    endloop
  endfacet
  facet normal 0 0 1
    outer loop
      vertex -1.77806 5.25702 7
      vertex -2.67516 3.55948 7
      vertex -2.58698 3.51288 7
    endloop
  endfacet
  facet normal 0 0 1
    outer loop
      vertex -2.76445 3.60387 7
      vertex -2.63733 5.61922 7
      vertex -2.67999 5.63297 7
    endloop
  endfacet
  facet normal 0 0 1
    outer loop
      vertex -1.90981 5.32317 7
      vertex -2.76445 3.60387 7
      vertex -2.67516 3.55948 7
    endloop
  endfacet
  facet normal 0 0 1
    outer loop
      vertex 0.538788 -3.10741 7
      vertex -1.08682 -2.08574 7
      vertex 0.485718 -3.19185 7
    endloop
  endfacet
  facet normal -0 0 1
    outer loop
      vertex -1.13989 -2.17018 7
      vertex 0.485718 -3.19185 7
      vertex -1.08682 -2.08574 7
    endloop
  endfacet
  facet normal 0 0 1
    outer loop
      vertex 0.485718 -3.19185 7
      vertex -1.13989 -2.17018 7
      vertex 0.459808 -3.23195 7
    endloop
  endfacet
  facet normal 0 0 1
    outer loop
      vertex 0.459808 -3.23195 7
      vertex -1.13989 -2.17018 7
      vertex 0.404663 -3.31503 7
    endloop
  endfacet
  facet normal -0 0 1
    outer loop
      vertex -1.19504 -2.25327 7
      vertex 0.404663 -3.31503 7
      vertex -1.13989 -2.17018 7
    endloop
  endfacet
  facet normal 0 0 1
    outer loop
      vertex 0.404663 -3.31503 7
      vertex -1.19504 -2.25327 7
      vertex 0.377716 -3.35455 7
    endloop
  endfacet
  facet normal 0 0 1
    outer loop
      vertex 0.377716 -3.35455 7
      vertex -1.19504 -2.25327 7
      vertex 0.320511 -3.43625 7
    endloop
  endfacet
  facet normal -0 0 1
    outer loop
      vertex -1.25224 -2.33496 7
      vertex 0.320511 -3.43625 7
      vertex -1.19504 -2.25327 7
    endloop
  endfacet
  facet normal 0 0 1
    outer loop
      vertex 0.320511 -3.43625 7
      vertex -1.25224 -2.33496 7
      vertex 0.292633 -3.47504 7
    endloop
  endfacet
  facet normal 0 0 1
    outer loop
      vertex 0.292633 -3.47504 7
      vertex -1.25224 -2.33496 7
      vertex 0.233414 -3.55528 7
    endloop
  endfacet
  facet normal -0 0 1
    outer loop
      vertex -1.31146 -2.41521 7
      vertex 0.233414 -3.55528 7
      vertex -1.25224 -2.33496 7
    endloop
  endfacet
  facet normal 0 0 1
    outer loop
      vertex 0.233414 -3.55528 7
      vertex -1.31146 -2.41521 7
      vertex 0.204544 -3.5934 7
    endloop
  endfacet
  facet normal 0 0 1
    outer loop
      vertex 0.204544 -3.5934 7
      vertex -1.31146 -2.41521 7
      vertex 0.143341 -3.67215 7
    endloop
  endfacet
  facet normal -0 0 1
    outer loop
      vertex -1.37267 -2.49396 7
      vertex 0.143341 -3.67215 7
      vertex -1.31146 -2.41521 7
    endloop
  endfacet
  facet normal 0 0 1
    outer loop
      vertex 0.143341 -3.67215 7
      vertex -1.37267 -2.49396 7
      vertex 0.113235 -3.70988 7
    endloop
  endfacet
  facet normal 0 0 1
    outer loop
      vertex 0.113235 -3.70988 7
      vertex -1.37267 -2.49396 7
      vertex 0.0500793 -3.78706 7
    endloop
  endfacet
  facet normal -0 0 1
    outer loop
      vertex -1.43582 -2.57114 7
      vertex 0.0500793 -3.78706 7
      vertex -1.37267 -2.49396 7
    endloop
  endfacet
  facet normal 0 0 1
    outer loop
      vertex 0.0500793 -3.78706 7
      vertex -1.43582 -2.57114 7
      vertex 0.019516 -3.82349 7
    endloop
  endfacet
  facet normal 0 0 1
    outer loop
      vertex 0.019516 -3.82349 7
      vertex -1.43582 -2.57114 7
      vertex -0.0455322 -3.89908 7
    endloop
  endfacet
  facet normal -0 0 1
    outer loop
      vertex -1.50087 -2.64673 7
      vertex -0.0455322 -3.89908 7
      vertex -1.43582 -2.57114 7
    endloop
  endfacet
  facet normal 0 0 1
    outer loop
      vertex -0.0455322 -3.89908 7
      vertex -1.50087 -2.64673 7
      vertex -0.0770721 -3.93481 7
    endloop
  endfacet
  facet normal 0 0 1
    outer loop
      vertex -0.0770721 -3.93481 7
      vertex -1.50087 -2.64673 7
      vertex -0.143982 -4.00877 7
    endloop
  endfacet
  facet normal -0 0 1
    outer loop
      vertex -1.56778 -2.72069 7
      vertex -0.143982 -4.00877 7
      vertex -1.50087 -2.64673 7
    endloop
  endfacet
  facet normal 0 0 1
    outer loop
      vertex -0.143982 -4.00877 7
      vertex -1.56778 -2.72069 7
      vertex -0.176773 -4.04413 7
    endloop
  endfacet
  facet normal 0 0 1
    outer loop
      vertex -0.176773 -4.04413 7
      vertex -1.56778 -2.72069 7
      vertex -0.245514 -4.11638 7
    endloop
  endfacet
  facet normal -0 0 1
    outer loop
      vertex -1.63652 -2.79294 7
      vertex -0.245514 -4.11638 7
      vertex -1.56778 -2.72069 7
    endloop
  endfacet
  facet normal 0 0 1
    outer loop
      vertex -0.245514 -4.11638 7
      vertex -1.63652 -2.79294 7
      vertex -0.27887 -4.15059 7
    endloop
  endfacet
  facet normal 0 0 1
    outer loop
      vertex -0.27887 -4.15059 7
      vertex -1.63652 -2.79294 7
      vertex -0.349396 -4.22112 7
    endloop
  endfacet
  facet normal -0 0 1
    outer loop
      vertex -1.70705 -2.86346 7
      vertex -0.349396 -4.22112 7
      vertex -1.63652 -2.79294 7
    endloop
  endfacet
  facet normal 0 0 1
    outer loop
      vertex -0.349396 -4.22112 7
      vertex -1.70705 -2.86346 7
      vertex -0.383606 -4.25447 7
    endloop
  endfacet
  facet normal 0 0 1
    outer loop
      vertex -0.383606 -4.25447 7
      vertex -1.70705 -2.86346 7
      vertex -0.455856 -4.32321 7
    endloop
  endfacet
  facet normal -0 0 1
    outer loop
      vertex -1.7793 -2.93221 7
      vertex -0.455856 -4.32321 7
      vertex -1.70705 -2.86346 7
    endloop
  endfacet
  facet normal 0 0 1
    outer loop
      vertex -0.455856 -4.32321 7
      vertex -1.7793 -2.93221 7
      vertex -0.491211 -4.356 7
    endloop
  endfacet
  facet normal 0 0 1
    outer loop
      vertex -0.491211 -4.356 7
      vertex -1.7793 -2.93221 7
      vertex -0.56517 -4.42291 7
    endloop
  endfacet
  facet normal -0 0 1
    outer loop
      vertex -1.85326 -2.99911 7
      vertex -0.56517 -4.42291 7
      vertex -1.7793 -2.93221 7
    endloop
  endfacet
  facet normal 0 0 1
    outer loop
      vertex -0.56517 -4.42291 7
      vertex -1.85326 -2.99911 7
      vertex -0.600906 -4.45445 7
    endloop
  endfacet
  facet normal 0 0 1
    outer loop
      vertex -0.600906 -4.45445 7
      vertex -1.85326 -2.99911 7
      vertex -0.676498 -4.5195 7
    endloop
  endfacet
  facet normal -0 0 1
    outer loop
      vertex -1.92885 -3.06416 7
      vertex -0.676498 -4.5195 7
      vertex -1.85326 -2.99911 7
    endloop
  endfacet
  facet normal 0 0 1
    outer loop
      vertex -0.676498 -4.5195 7
      vertex -1.92885 -3.06416 7
      vertex -0.712921 -4.55006 7
    endloop
  endfacet
  facet normal 0 0 1
    outer loop
      vertex -0.712921 -4.55006 7
      vertex -1.92885 -3.06416 7
      vertex -0.7901 -4.61322 7
    endloop
  endfacet
  facet normal -0 0 1
    outer loop
      vertex -2.00603 -3.12732 7
      vertex -0.7901 -4.61322 7
      vertex -1.92885 -3.06416 7
    endloop
  endfacet
  facet normal 0 0 1
    outer loop
      vertex -0.7901 -4.61322 7
      vertex -2.00603 -3.12732 7
      vertex -0.827835 -4.64333 7
    endloop
  endfacet
  facet normal 0 0 1
    outer loop
      vertex -0.827835 -4.64333 7
      vertex -2.00603 -3.12732 7
      vertex -0.906586 -4.70453 7
    endloop
  endfacet
  facet normal -0 0 1
    outer loop
      vertex -2.08478 -3.18852 7
      vertex -0.906586 -4.70453 7
      vertex -2.00603 -3.12732 7
    endloop
  endfacet
  facet normal 0 0 1
    outer loop
      vertex -0.906586 -4.70453 7
      vertex -2.08478 -3.18852 7
      vertex -0.944702 -4.7334 7
    endloop
  endfacet
  facet normal 0 0 1
    outer loop
      vertex -0.944702 -4.7334 7
      vertex -2.08478 -3.18852 7
      vertex -1.02495 -4.79262 7
    endloop
  endfacet
  facet normal -0 0 1
    outer loop
      vertex -2.16502 -3.24774 7
      vertex -1.02495 -4.79262 7
      vertex -2.08478 -3.18852 7
    endloop
  endfacet
  facet normal 0 0 1
    outer loop
      vertex -1.02495 -4.79262 7
      vertex -2.16502 -3.24774 7
      vertex -1.06374 -4.8205 7
    endloop
  endfacet
  facet normal 0 0 1
    outer loop
      vertex -1.06374 -4.8205 7
      vertex -2.16502 -3.24774 7
      vertex -1.14543 -4.8777 7
    endloop
  endfacet
  facet normal -0 0 1
    outer loop
      vertex -2.24672 -3.30495 7
      vertex -1.14543 -4.8777 7
      vertex -2.16502 -3.24774 7
    endloop
  endfacet
  facet normal 0 0 1
    outer loop
      vertex -1.14543 -4.8777 7
      vertex -2.24672 -3.30495 7
      vertex -1.18495 -4.90465 7
    endloop
  endfacet
  facet normal 0 0 1
    outer loop
      vertex -1.18495 -4.90465 7
      vertex -2.24672 -3.30495 7
      vertex -1.26804 -4.95979 7
    endloop
  endfacet
  facet normal -0 0 1
    outer loop
      vertex -2.3298 -3.36009 7
      vertex -1.26804 -4.95979 7
      vertex -2.24672 -3.30495 7
    endloop
  endfacet
  facet normal 0 0 1
    outer loop
      vertex -1.26804 -4.95979 7
      vertex -2.3298 -3.36009 7
      vertex -1.30814 -4.9857 7
    endloop
  endfacet
  facet normal 0 0 1
    outer loop
      vertex -1.30814 -4.9857 7
      vertex -2.3298 -3.36009 7
      vertex -1.39258 -5.03877 7
    endloop
  endfacet
  facet normal -0 0 1
    outer loop
      vertex -2.41425 -3.41316 7
      vertex -1.39258 -5.03877 7
      vertex -2.3298 -3.36009 7
    endloop
  endfacet
  facet normal 0 0 1
    outer loop
      vertex -1.39258 -5.03877 7
      vertex -2.41425 -3.41316 7
      vertex -1.43376 -5.06393 7
    endloop
  endfacet
  facet normal 0 0 1
    outer loop
      vertex -1.43376 -5.06393 7
      vertex -2.41425 -3.41316 7
      vertex -1.51952 -5.11487 7
    endloop
  endfacet
  facet normal -0 0 1
    outer loop
      vertex -2.5 -3.4641 7
      vertex -1.51952 -5.11487 7
      vertex -2.41425 -3.41316 7
    endloop
  endfacet
  facet normal 0 0 1
    outer loop
      vertex -1.51952 -5.11487 7
      vertex -2.5 -3.4641 7
      vertex -1.56076 -5.13869 7
    endloop
  endfacet
  facet normal 0 0 1
    outer loop
      vertex -1.56076 -5.13869 7
      vertex -2.5 -3.4641 7
      vertex -1.64774 -5.18747 7
    endloop
  endfacet
  facet normal -0 0 1
    outer loop
      vertex -2.58698 -3.51288 7
      vertex -1.64774 -5.18747 7
      vertex -2.5 -3.4641 7
    endloop
  endfacet
  facet normal 0 0 1
    outer loop
      vertex -1.64774 -5.18747 7
      vertex -2.58698 -3.51288 7
      vertex -1.68988 -5.21042 7
    endloop
  endfacet
  facet normal 0 0 1
    outer loop
      vertex -1.68988 -5.21042 7
      vertex -2.58698 -3.51288 7
      vertex -1.77806 -5.25702 7
    endloop
  endfacet
  facet normal -0 0 1
    outer loop
      vertex -2.67516 -3.55948 7
      vertex -1.77806 -5.25702 7
      vertex -2.58698 -3.51288 7
    endloop
  endfacet
  facet normal 0 0 1
    outer loop
      vertex -1.77806 -5.25702 7
      vertex -2.67516 -3.55948 7
      vertex -1.82051 -5.27878 7
    endloop
  endfacet
  facet normal 0 0 1
    outer loop
      vertex -1.82051 -5.27878 7
      vertex -2.67516 -3.55948 7
      vertex -1.90981 -5.32317 7
    endloop
  endfacet
  facet normal -0 0 1
    outer loop
      vertex -2.76445 -3.60387 7
      vertex -1.90981 -5.32317 7
      vertex -2.67516 -3.55948 7
    endloop
  endfacet
  facet normal 0 0 1
    outer loop
      vertex -1.90981 -5.32317 7
      vertex -2.76445 -3.60387 7
      vertex -1.95312 -5.34402 7
    endloop
  endfacet
  facet normal 0 0 1
    outer loop
      vertex -1.95312 -5.34402 7
      vertex -2.76445 -3.60387 7
      vertex -2.04352 -5.38617 7
    endloop
  endfacet
  facet normal -0 0 1
    outer loop
      vertex -2.85484 -3.64601 7
      vertex -2.04352 -5.38617 7
      vertex -2.76445 -3.60387 7
    endloop
  endfacet
  facet normal 0 0 1
    outer loop
      vertex -2.04352 -5.38617 7
      vertex -2.85484 -3.64601 7
      vertex -2.08701 -5.40579 7
    endloop
  endfacet
  facet normal 0 0 1
    outer loop
      vertex -2.08701 -5.40579 7
      vertex -2.85484 -3.64601 7
      vertex -2.17842 -5.44568 7
    endloop
  endfacet
  facet normal -0 0 1
    outer loop
      vertex -2.94626 -3.6859 7
      vertex -2.17842 -5.44568 7
      vertex -2.85484 -3.64601 7
    endloop
  endfacet
  facet normal 0 0 1
    outer loop
      vertex -2.17842 -5.44568 7
      vertex -2.94626 -3.6859 7
      vertex -2.22272 -5.46436 7
    endloop
  endfacet
  facet normal 0 0 1
    outer loop
      vertex -2.22272 -5.46436 7
      vertex -2.94626 -3.6859 7
      vertex -2.31509 -5.50194 7
    endloop
  endfacet
  facet normal -0 0 1
    outer loop
      vertex -3.03864 -3.72348 7
      vertex -2.31509 -5.50194 7
      vertex -2.94626 -3.6859 7
    endloop
  endfacet
  facet normal 0 0 1
    outer loop
      vertex -2.31509 -5.50194 7
      vertex -3.03864 -3.72348 7
      vertex -2.35942 -5.51933 7
    endloop
  endfacet
  facet normal 0 0 1
    outer loop
      vertex -2.35942 -5.51933 7
      vertex -3.03864 -3.72348 7
      vertex -2.4527 -5.55461 7
    endloop
  endfacet
  facet normal 0 0 1
    outer loop
      vertex -4.59999 -6.59999 7
      vertex -2.67999 -6.58353 7
      vertex -2.67999 -5.63297 7
    endloop
  endfacet
  facet normal -0 0 1
    outer loop
      vertex -3.13191 -3.75876 7
      vertex -2.4527 -5.55461 7
      vertex -3.03864 -3.72348 7
    endloop
  endfacet
  facet normal 0 0 1
    outer loop
      vertex -2.4527 -5.55461 7
      vertex -3.13191 -3.75876 7
      vertex -2.49768 -5.57098 7
    endloop
  endfacet
  facet normal 0 0 1
    outer loop
      vertex -2.67999 -6.58353 7
      vertex -4.59999 -6.59999 7
      vertex -4.59833 -6.69971 7
    endloop
  endfacet
  facet normal 0 0 1
    outer loop
      vertex -2.49768 -5.57098 7
      vertex -3.13191 -3.75876 7
      vertex -2.59181 -5.60393 7
    endloop
  endfacet
  facet normal 0 0 1
    outer loop
      vertex -2.0275 -7.59149 7
      vertex -2.78822 -9.35464 7
      vertex -2.69601 -9.39261 7
    endloop
  endfacet
  facet normal -0 0 1
    outer loop
      vertex -3.22604 -3.7917 7
      vertex -2.59181 -5.60393 7
      vertex -3.13191 -3.75876 7
    endloop
  endfacet
  facet normal 0 0 1
    outer loop
      vertex -2.06061 -7.57655 7
      vertex -2.87914 -9.31363 7
      vertex -2.78822 -9.35464 7
    endloop
  endfacet
  facet normal 0 0 1
    outer loop
      vertex -2.59181 -5.60393 7
      vertex -3.22604 -3.7917 7
      vertex -2.63733 -5.61922 7
    endloop
  endfacet
  facet normal 0 0 1
    outer loop
      vertex -2.09236 -7.56093 7
      vertex -2.96863 -9.26961 7
      vertex -2.87914 -9.31363 7
    endloop
  endfacet
  facet normal 0 0 1
    outer loop
      vertex -2.63733 -5.61922 7
      vertex -3.22604 -3.7917 7
      vertex -2.67999 -5.63297 7
    endloop
  endfacet
  facet normal 0 0 1
    outer loop
      vertex -2.12444 -7.54381 7
      vertex -3.05659 -9.22264 7
      vertex -2.96863 -9.26961 7
    endloop
  endfacet
  facet normal -0 0 1
    outer loop
      vertex -3.32097 -3.82228 7
      vertex -2.67999 -5.63297 7
      vertex -3.22604 -3.7917 7
    endloop
  endfacet
  facet normal 0 0 1
    outer loop
      vertex -2.15514 -7.52609 7
      vertex -3.14297 -9.17278 7
      vertex -3.05659 -9.22264 7
    endloop
  endfacet
  facet normal 0 0 1
    outer loop
      vertex -2.18575 -7.50703 7
      vertex -3.22763 -9.12007 7
      vertex -3.14297 -9.17278 7
    endloop
  endfacet
  facet normal -0 0 1
    outer loop
      vertex -3.41663 -3.85049 7
      vertex -2.67999 -5.63297 7
      vertex -3.32097 -3.82228 7
    endloop
  endfacet
  facet normal 0 0 1
    outer loop
      vertex -2.21559 -7.48705 7
      vertex -3.31049 -9.06458 7
      vertex -3.22763 -9.12007 7
    endloop
  endfacet
  facet normal -0 0 1
    outer loop
      vertex -3.51297 -3.8763 7
      vertex -2.67999 -5.63297 7
      vertex -3.41663 -3.85049 7
    endloop
  endfacet
  facet normal 0 0 1
    outer loop
      vertex -2.2448 -7.46603 7
      vertex -3.39146 -9.00636 7
      vertex -3.31049 -9.06458 7
    endloop
  endfacet
  facet normal -0 0 1
    outer loop
      vertex -3.60991 -3.8997 7
      vertex -2.67999 -5.63297 7
      vertex -3.51297 -3.8763 7
    endloop
  endfacet
  facet normal 0 0 1
    outer loop
      vertex -2.27339 -7.44402 7
      vertex -3.47046 -8.94548 7
      vertex -3.39146 -9.00636 7
    endloop
  endfacet
  facet normal -0 0 1
    outer loop
      vertex -3.70741 -3.92068 7
      vertex -2.67999 -5.63297 7
      vertex -3.60991 -3.8997 7
    endloop
  endfacet
  facet normal 0 0 1
    outer loop
      vertex -2.30093 -7.42128 7
      vertex -3.54739 -8.88202 7
      vertex -3.47046 -8.94548 7
    endloop
  endfacet
  facet normal 0 0 1
    outer loop
      vertex -2.32782 -7.39755 7
      vertex -3.62216 -8.81602 7
      vertex -3.54739 -8.88202 7
    endloop
  endfacet
  facet normal -0 0 1
    outer loop
      vertex -3.8054 -3.93922 7
      vertex -2.67999 -5.63297 7
      vertex -3.70741 -3.92068 7
    endloop
  endfacet
  facet normal 0 0 1
    outer loop
      vertex -2.35384 -7.37302 7
      vertex -3.6947 -8.74759 7
      vertex -3.62216 -8.81602 7
    endloop
  endfacet
  facet normal -0 0 1
    outer loop
      vertex -3.90382 -3.95532 7
      vertex -2.67999 -5.63297 7
      vertex -3.8054 -3.93922 7
    endloop
  endfacet
  facet normal 0 0 1
    outer loop
      vertex -2.37909 -7.34753 7
      vertex -3.76492 -8.67677 7
      vertex -3.6947 -8.74759 7
    endloop
  endfacet
  facet normal 0 0 1
    outer loop
      vertex -2.40343 -7.32132 7
      vertex -3.83276 -8.60367 7
      vertex -3.76492 -8.67677 7
    endloop
  endfacet
  facet normal -0 0 1
    outer loop
      vertex -4.00262 -3.96895 7
      vertex -2.67999 -5.63297 7
      vertex -3.90382 -3.95532 7
    endloop
  endfacet
  facet normal 0 0 1
    outer loop
      vertex -2.42719 -7.29393 7
      vertex -3.89812 -8.52835 7
      vertex -3.83276 -8.60367 7
    endloop
  endfacet
  facet normal -0 0 1
    outer loop
      vertex -4.10172 -3.98012 7
      vertex -2.67999 -5.63297 7
      vertex -4.00262 -3.96895 7
    endloop
  endfacet
  facet normal 0 0 1
    outer loop
      vertex -2.44984 -7.26601 7
      vertex -3.96095 -8.4509 7
      vertex -3.89812 -8.52835 7
    endloop
  endfacet
  facet normal 0 0 1
    outer loop
      vertex -2.47133 -7.23763 7
      vertex -4.02116 -8.3714 7
      vertex -3.96095 -8.4509 7
    endloop
  endfacet
  facet normal 0 0 1
    outer loop
      vertex -2.67999 -5.63297 7
      vertex -4.10172 -3.98012 7
      vertex -4.59999 -6.59999 7
    endloop
  endfacet
  facet normal 0 0 1
    outer loop
      vertex -2.49213 -7.20819 7
      vertex -4.0787 -8.28995 7
      vertex -4.02116 -8.3714 7
    endloop
  endfacet
  facet normal 0 0 1
    outer loop
      vertex -2.51196 -7.17804 7
      vertex -4.13351 -8.20663 7
      vertex -4.0787 -8.28995 7
    endloop
  endfacet
  facet normal 0 0 1
    outer loop
      vertex -4.59999 -6.59999 7
      vertex -4.10172 -3.98012 7
      vertex -4.20107 -3.9888 7
    endloop
  endfacet
  facet normal 0 0 1
    outer loop
      vertex -2.53043 -7.14784 7
      vertex -4.18552 -8.12154 7
      vertex -4.13351 -8.20663 7
    endloop
  endfacet
  facet normal 0 0 1
    outer loop
      vertex -2.5482 -7.11644 7
      vertex -4.23465 -8.03476 7
      vertex -4.18552 -8.12154 7
    endloop
  endfacet
  facet normal 0 0 1
    outer loop
      vertex -4.59999 -6.59999 7
      vertex -4.20107 -3.9888 7
      vertex -4.30061 -3.99503 7
    endloop
  endfacet
  facet normal 0 0 1
    outer loop
      vertex -2.56494 -7.08444 7
      vertex -4.28088 -7.9464 7
      vertex -4.23465 -8.03476 7
    endloop
  endfacet
  facet normal 0 0 1
    outer loop
      vertex -2.58041 -7.05232 7
      vertex -4.32416 -7.85654 7
      vertex -4.28088 -7.9464 7
    endloop
  endfacet
  facet normal 0 0 1
    outer loop
      vertex -4.59999 -6.59999 7
      vertex -4.30061 -3.99503 7
      vertex -4.40027 -3.99875 7
    endloop
  endfacet
  facet normal 0 0 1
    outer loop
      vertex -2.59499 -7.0193 7
      vertex -4.36443 -7.76529 7
      vertex -4.32416 -7.85654 7
    endloop
  endfacet
  facet normal 0 0 1
    outer loop
      vertex -2.60822 -6.9864 7
      vertex -4.40163 -7.67276 7
      vertex -4.36443 -7.76529 7
    endloop
  endfacet
  facet normal 0 0 1
    outer loop
      vertex -2.62059 -6.95238 7
      vertex -4.43573 -7.57906 7
      vertex -4.40163 -7.67276 7
    endloop
  endfacet
  facet normal 0 0 1
    outer loop
      vertex -2.63181 -6.91808 7
      vertex -4.46671 -7.48425 7
      vertex -4.43573 -7.57906 7
    endloop
  endfacet
  facet normal 0 0 1
    outer loop
      vertex -4.59999 -6.59999 7
      vertex -4.40027 -3.99875 7
      vertex -4.5 -4 7
    endloop
  endfacet
  facet normal 0 0 1
    outer loop
      vertex -2.6418 -6.88365 7
      vertex -4.49452 -7.38849 7
      vertex -4.46671 -7.48425 7
    endloop
  endfacet
  facet normal 0 0 1
    outer loop
      vertex -2.65065 -6.84886 7
      vertex -4.51912 -7.29184 7
      vertex -4.49452 -7.38849 7
    endloop
  endfacet
  facet normal 0 0 1
    outer loop
      vertex -2.65831 -6.81403 7
      vertex -4.54051 -7.19443 7
      vertex -4.51912 -7.29184 7
    endloop
  endfacet
  facet normal 0 0 1
    outer loop
      vertex -2.66483 -6.7787 7
      vertex -4.55864 -7.09636 7
      vertex -4.54051 -7.19443 7
    endloop
  endfacet
  facet normal 0 0 1
    outer loop
      vertex -2.67015 -6.74336 7
      vertex -4.5735 -6.99774 7
      vertex -4.55864 -7.09636 7
    endloop
  endfacet
  facet normal 0 0 1
    outer loop
      vertex -2.67439 -6.70715 7
      vertex -4.58508 -6.8987 7
      vertex -4.5735 -6.99774 7
    endloop
  endfacet
  facet normal 0 0 1
    outer loop
      vertex -2.67735 -6.67163 7
      vertex -4.59337 -6.79932 7
      vertex -4.58508 -6.8987 7
    endloop
  endfacet
  facet normal 0 0 1
    outer loop
      vertex -4.59999 -6.59999 7
      vertex -4.5 -4 7
      vertex -4.59999 -4 7
    endloop
  endfacet
  facet normal 0 0 1
    outer loop
      vertex -2.67911 -6.63632 7
      vertex -4.59833 -6.69971 7
      vertex -4.59337 -6.79932 7
    endloop
  endfacet
  facet normal 0.0497326 -0.998763 0
    outer loop
      vertex 1.69971 -9.59833 2
      vertex 1.79932 -9.59337 7
      vertex 1.69971 -9.59833 7
    endloop
  endfacet
  facet normal 0.0497326 -0.998763 0
    outer loop
      vertex 1.79932 -9.59337 7
      vertex 1.69971 -9.59833 2
      vertex 1.79932 -9.59337 2
    endloop
  endfacet
  facet normal 0.0831285 -0.996539 0
    outer loop
      vertex 1.79932 -9.59337 2
      vertex 1.8987 -9.58508 7
      vertex 1.79932 -9.59337 7
    endloop
  endfacet
  facet normal 0.0831285 -0.996539 0
    outer loop
      vertex 1.8987 -9.58508 7
      vertex 1.79932 -9.59337 2
      vertex 1.8987 -9.58508 2
    endloop
  endfacet
  facet normal 0.116131 -0.993234 0
    outer loop
      vertex 1.8987 -9.58508 2
      vertex 1.99774 -9.5735 7
      vertex 1.8987 -9.58508 7
    endloop
  endfacet
  facet normal 0.116131 -0.993234 0
    outer loop
      vertex 1.99774 -9.5735 7
      vertex 1.8987 -9.58508 2
      vertex 1.99774 -9.5735 2
    endloop
  endfacet
  facet normal 0.148997 -0.988838 0
    outer loop
      vertex 1.99774 -9.5735 2
      vertex 2.09636 -9.55864 7
      vertex 1.99774 -9.5735 7
    endloop
  endfacet
  facet normal 0.148997 -0.988838 0
    outer loop
      vertex 2.09636 -9.55864 7
      vertex 1.99774 -9.5735 2
      vertex 2.09636 -9.55864 2
    endloop
  endfacet
  facet normal 0.181788 -0.983338 0
    outer loop
      vertex 2.09636 -9.55864 2
      vertex 2.19443 -9.54051 7
      vertex 2.09636 -9.55864 7
    endloop
  endfacet
  facet normal 0.181788 -0.983338 0
    outer loop
      vertex 2.19443 -9.54051 7
      vertex 2.09636 -9.55864 2
      vertex 2.19443 -9.54051 2
    endloop
  endfacet
  facet normal 0.214477 -0.976729 0
    outer loop
      vertex 2.19443 -9.54051 2
      vertex 2.29184 -9.51912 7
      vertex 2.19443 -9.54051 7
    endloop
  endfacet
  facet normal 0.214477 -0.976729 0
    outer loop
      vertex 2.29184 -9.51912 7
      vertex 2.19443 -9.54051 2
      vertex 2.29184 -9.51912 2
    endloop
  endfacet
  facet normal 0.246662 -0.969102 0
    outer loop
      vertex 2.29184 -9.51912 2
      vertex 2.38849 -9.49452 7
      vertex 2.29184 -9.51912 7
    endloop
  endfacet
  facet normal 0.246662 -0.969102 0
    outer loop
      vertex 2.38849 -9.49452 7
      vertex 2.29184 -9.51912 2
      vertex 2.38849 -9.49452 2
    endloop
  endfacet
  facet normal 0.278891 -0.960323 0
    outer loop
      vertex 2.38849 -9.49452 2
      vertex 2.48425 -9.46671 7
      vertex 2.38849 -9.49452 7
    endloop
  endfacet
  facet normal 0.278891 -0.960323 0
    outer loop
      vertex 2.48425 -9.46671 7
      vertex 2.38849 -9.49452 2
      vertex 2.48425 -9.46671 2
    endloop
  endfacet
  facet normal 0.310598 -0.950541 0
    outer loop
      vertex 2.48425 -9.46671 2
      vertex 2.57906 -9.43573 7
      vertex 2.48425 -9.46671 7
    endloop
  endfacet
  facet normal 0.310598 -0.950541 0
    outer loop
      vertex 2.57906 -9.43573 7
      vertex 2.48425 -9.46671 2
      vertex 2.57906 -9.43573 2
    endloop
  endfacet
  facet normal 0.341985 -0.939706 0
    outer loop
      vertex 2.57906 -9.43573 2
      vertex 2.67276 -9.40163 7
      vertex 2.57906 -9.43573 7
    endloop
  endfacet
  facet normal 0.341985 -0.939706 0
    outer loop
      vertex 2.67276 -9.40163 7
      vertex 2.57906 -9.43573 2
      vertex 2.67276 -9.40163 2
    endloop
  endfacet
  facet normal 0.373015 -0.927825 0
    outer loop
      vertex 2.67276 -9.40163 2
      vertex 2.76529 -9.36443 7
      vertex 2.67276 -9.40163 7
    endloop
  endfacet
  facet normal 0.373015 -0.927825 0
    outer loop
      vertex 2.76529 -9.36443 7
      vertex 2.67276 -9.40163 2
      vertex 2.76529 -9.36443 2
    endloop
  endfacet
  facet normal 0.403746 -0.914871 0
    outer loop
      vertex 2.76529 -9.36443 2
      vertex 2.85654 -9.32416 7
      vertex 2.76529 -9.36443 7
    endloop
  endfacet
  facet normal 0.403746 -0.914871 0
    outer loop
      vertex 2.85654 -9.32416 7
      vertex 2.76529 -9.36443 2
      vertex 2.85654 -9.32416 2
    endloop
  endfacet
  facet normal 0.43393 -0.900947 0
    outer loop
      vertex 2.85654 -9.32416 2
      vertex 2.9464 -9.28088 7
      vertex 2.85654 -9.32416 7
    endloop
  endfacet
  facet normal 0.43393 -0.900947 0
    outer loop
      vertex 2.9464 -9.28088 7
      vertex 2.85654 -9.32416 2
      vertex 2.9464 -9.28088 2
    endloop
  endfacet
  facet normal 0.463584 -0.886053 0
    outer loop
      vertex 2.9464 -9.28088 2
      vertex 3.03476 -9.23465 7
      vertex 2.9464 -9.28088 7
    endloop
  endfacet
  facet normal 0.463584 -0.886053 0
    outer loop
      vertex 3.03476 -9.23465 7
      vertex 2.9464 -9.28088 2
      vertex 3.03476 -9.23465 2
    endloop
  endfacet
  facet normal 0.492668 -0.870217 0
    outer loop
      vertex 3.03476 -9.23465 2
      vertex 3.12154 -9.18552 7
      vertex 3.03476 -9.23465 7
    endloop
  endfacet
  facet normal 0.492668 -0.870217 0
    outer loop
      vertex 3.12154 -9.18552 7
      vertex 3.03476 -9.23465 2
      vertex 3.12154 -9.18552 2
    endloop
  endfacet
  facet normal 0.521527 -0.853235 0
    outer loop
      vertex 3.12154 -9.18552 2
      vertex 3.20663 -9.13351 7
      vertex 3.12154 -9.18552 7
    endloop
  endfacet
  facet normal 0.521527 -0.853235 0
    outer loop
      vertex 3.20663 -9.13351 7
      vertex 3.12154 -9.18552 2
      vertex 3.20663 -9.13351 2
    endloop
  endfacet
  facet normal 0.549576 -0.835444 0
    outer loop
      vertex 3.20663 -9.13351 2
      vertex 3.28995 -9.0787 7
      vertex 3.20663 -9.13351 7
    endloop
  endfacet
  facet normal 0.549576 -0.835444 0
    outer loop
      vertex 3.28995 -9.0787 7
      vertex 3.20663 -9.13351 2
      vertex 3.28995 -9.0787 2
    endloop
  endfacet
  facet normal 0.57699 -0.816751 0
    outer loop
      vertex 3.28995 -9.0787 2
      vertex 3.3714 -9.02116 7
      vertex 3.28995 -9.0787 7
    endloop
  endfacet
  facet normal 0.57699 -0.816751 0
    outer loop
      vertex 3.3714 -9.02116 7
      vertex 3.28995 -9.0787 2
      vertex 3.3714 -9.02116 2
    endloop
  endfacet
  facet normal 0.603748 -0.797176 0
    outer loop
      vertex 3.3714 -9.02116 2
      vertex 3.4509 -8.96095 7
      vertex 3.3714 -9.02116 7
    endloop
  endfacet
  facet normal 0.603748 -0.797176 0
    outer loop
      vertex 3.4509 -8.96095 7
      vertex 3.3714 -9.02116 2
      vertex 3.4509 -8.96095 2
    endloop
  endfacet
  facet normal 0.63 -0.776595 0
    outer loop
      vertex 3.4509 -8.96095 2
      vertex 3.52835 -8.89812 7
      vertex 3.4509 -8.96095 7
    endloop
  endfacet
  facet normal 0.63 -0.776595 0
    outer loop
      vertex 3.52835 -8.89812 7
      vertex 3.4509 -8.96095 2
      vertex 3.52835 -8.89812 2
    endloop
  endfacet
  facet normal 0.655404 -0.755279 0
    outer loop
      vertex 3.52835 -8.89812 2
      vertex 3.60367 -8.83276 7
      vertex 3.52835 -8.89812 7
    endloop
  endfacet
  facet normal 0.655404 -0.755279 0
    outer loop
      vertex 3.60367 -8.83276 7
      vertex 3.52835 -8.89812 2
      vertex 3.60367 -8.83276 2
    endloop
  endfacet
  facet normal 0.680243 -0.732986 0
    outer loop
      vertex 3.60367 -8.83276 2
      vertex 3.67677 -8.76492 7
      vertex 3.60367 -8.83276 7
    endloop
  endfacet
  facet normal 0.680243 -0.732986 0
    outer loop
      vertex 3.67677 -8.76492 7
      vertex 3.60367 -8.83276 2
      vertex 3.67677 -8.76492 2
    endloop
  endfacet
  facet normal 0.704092 -0.710108 0
    outer loop
      vertex 3.67677 -8.76492 2
      vertex 3.74759 -8.6947 7
      vertex 3.67677 -8.76492 7
    endloop
  endfacet
  facet normal 0.704092 -0.710108 0
    outer loop
      vertex 3.74759 -8.6947 7
      vertex 3.67677 -8.76492 2
      vertex 3.74759 -8.6947 2
    endloop
  endfacet
  facet normal 0.727413 -0.686199 0
    outer loop
      vertex 3.74759 -8.6947 7
      vertex 3.81602 -8.62216 2
      vertex 3.81602 -8.62216 7
    endloop
  endfacet
  facet normal 0.727413 -0.686199 0
    outer loop
      vertex 3.81602 -8.62216 2
      vertex 3.74759 -8.6947 7
      vertex 3.74759 -8.6947 2
    endloop
  endfacet
  facet normal 0.749706 -0.661771 0
    outer loop
      vertex 3.81602 -8.62216 7
      vertex 3.88202 -8.54739 2
      vertex 3.88202 -8.54739 7
    endloop
  endfacet
  facet normal 0.749706 -0.661771 0
    outer loop
      vertex 3.88202 -8.54739 2
      vertex 3.81602 -8.62216 7
      vertex 3.81602 -8.62216 2
    endloop
  endfacet
  facet normal 0.771409 -0.63634 0
    outer loop
      vertex 3.88202 -8.54739 7
      vertex 3.94548 -8.47046 2
      vertex 3.94548 -8.47046 7
    endloop
  endfacet
  facet normal 0.771409 -0.63634 0
    outer loop
      vertex 3.94548 -8.47046 2
      vertex 3.88202 -8.54739 7
      vertex 3.88202 -8.54739 2
    endloop
  endfacet
  facet normal 0.792087 -0.610408 0
    outer loop
      vertex 3.94548 -8.47046 7
      vertex 4.00636 -8.39146 2
      vertex 4.00636 -8.39146 7
    endloop
  endfacet
  facet normal 0.792087 -0.610408 0
    outer loop
      vertex 4.00636 -8.39146 2
      vertex 3.94548 -8.47046 7
      vertex 3.94548 -8.47046 2
    endloop
  endfacet
  facet normal 0.811907 -0.583787 0
    outer loop
      vertex 4.00636 -8.39146 7
      vertex 4.06458 -8.31049 2
      vertex 4.06458 -8.31049 7
    endloop
  endfacet
  facet normal 0.811907 -0.583787 0
    outer loop
      vertex 4.06458 -8.31049 2
      vertex 4.00636 -8.39146 7
      vertex 4.00636 -8.39146 2
    endloop
  endfacet
  facet normal 0.830891 -0.556435 0
    outer loop
      vertex 4.06458 -8.31049 7
      vertex 4.12007 -8.22763 2
      vertex 4.12007 -8.22763 7
    endloop
  endfacet
  facet normal 0.830891 -0.556435 0
    outer loop
      vertex 4.12007 -8.22763 2
      vertex 4.06458 -8.31049 7
      vertex 4.06458 -8.31049 2
    endloop
  endfacet
  facet normal 0.84891 -0.528538 0
    outer loop
      vertex 4.12007 -8.22763 7
      vertex 4.17278 -8.14297 2
      vertex 4.17278 -8.14297 7
    endloop
  endfacet
  facet normal 0.84891 -0.528538 0
    outer loop
      vertex 4.17278 -8.14297 2
      vertex 4.12007 -8.22763 7
      vertex 4.12007 -8.22763 2
    endloop
  endfacet
  facet normal 0.866075 -0.499913 0
    outer loop
      vertex 4.17278 -8.14297 7
      vertex 4.22264 -8.05659 2
      vertex 4.22264 -8.05659 7
    endloop
  endfacet
  facet normal 0.866075 -0.499913 0
    outer loop
      vertex 4.22264 -8.05659 2
      vertex 4.17278 -8.14297 7
      vertex 4.17278 -8.14297 2
    endloop
  endfacet
  facet normal 0.882111 -0.471041 0
    outer loop
      vertex 4.22264 -8.05659 7
      vertex 4.26961 -7.96863 2
      vertex 4.26961 -7.96863 7
    endloop
  endfacet
  facet normal 0.882111 -0.471041 0
    outer loop
      vertex 4.26961 -7.96863 2
      vertex 4.22264 -8.05659 7
      vertex 4.22264 -8.05659 2
    endloop
  endfacet
  facet normal 0.897316 -0.441388 0
    outer loop
      vertex 4.26961 -7.96863 7
      vertex 4.31363 -7.87914 2
      vertex 4.31363 -7.87914 7
    endloop
  endfacet
  facet normal 0.897316 -0.441388 0
    outer loop
      vertex 4.31363 -7.87914 2
      vertex 4.26961 -7.96863 7
      vertex 4.26961 -7.96863 2
    endloop
  endfacet
  facet normal 0.911561 -0.411165 0
    outer loop
      vertex 4.31363 -7.87914 7
      vertex 4.35464 -7.78822 2
      vertex 4.35464 -7.78822 7
    endloop
  endfacet
  facet normal 0.911561 -0.411165 0
    outer loop
      vertex 4.35464 -7.78822 2
      vertex 4.31363 -7.87914 7
      vertex 4.31363 -7.87914 2
    endloop
  endfacet
  facet normal 0.924674 -0.38076 0
    outer loop
      vertex 4.35464 -7.78822 7
      vertex 4.39261 -7.69601 2
      vertex 4.39261 -7.69601 7
    endloop
  endfacet
  facet normal 0.924674 -0.38076 0
    outer loop
      vertex 4.39261 -7.69601 2
      vertex 4.35464 -7.78822 7
      vertex 4.35464 -7.78822 2
    endloop
  endfacet
  facet normal 0.936778 -0.349925 0
    outer loop
      vertex 4.39261 -7.69601 7
      vertex 4.42751 -7.60258 2
      vertex 4.42751 -7.60258 7
    endloop
  endfacet
  facet normal 0.936778 -0.349925 0
    outer loop
      vertex 4.42751 -7.60258 2
      vertex 4.39261 -7.69601 7
      vertex 4.39261 -7.69601 2
    endloop
  endfacet
  facet normal 0.947949 -0.318423 0
    outer loop
      vertex 4.42751 -7.60258 7
      vertex 4.45926 -7.50806 2
      vertex 4.45926 -7.50806 7
    endloop
  endfacet
  facet normal 0.947949 -0.318423 0
    outer loop
      vertex 4.45926 -7.50806 2
      vertex 4.42751 -7.60258 7
      vertex 4.42751 -7.60258 2
    endloop
  endfacet
  facet normal 0.957978 -0.286842 0
    outer loop
      vertex 4.45926 -7.50806 7
      vertex 4.48787 -7.41251 2
      vertex 4.48787 -7.41251 7
    endloop
  endfacet
  facet normal 0.957978 -0.286842 0
    outer loop
      vertex 4.48787 -7.41251 2
      vertex 4.45926 -7.50806 7
      vertex 4.45926 -7.50806 2
    endloop
  endfacet
  facet normal 0.966998 -0.254784 0
    outer loop
      vertex 4.48787 -7.41251 7
      vertex 4.51328 -7.31607 2
      vertex 4.51328 -7.31607 7
    endloop
  endfacet
  facet normal 0.966998 -0.254784 0
    outer loop
      vertex 4.51328 -7.31607 2
      vertex 4.48787 -7.41251 7
      vertex 4.48787 -7.41251 2
    endloop
  endfacet
  facet normal 0.974954 -0.222405 0
    outer loop
      vertex 4.51328 -7.31607 7
      vertex 4.53546 -7.21884 2
      vertex 4.53546 -7.21884 7
    endloop
  endfacet
  facet normal 0.974954 -0.222405 0
    outer loop
      vertex 4.53546 -7.21884 2
      vertex 4.51328 -7.31607 7
      vertex 4.51328 -7.31607 2
    endloop
  endfacet
  facet normal 0.981777 -0.190037 0
    outer loop
      vertex 4.53546 -7.21884 7
      vertex 4.55441 -7.12094 2
      vertex 4.55441 -7.12094 7
    endloop
  endfacet
  facet normal 0.981777 -0.190037 0
    outer loop
      vertex 4.55441 -7.12094 2
      vertex 4.53546 -7.21884 7
      vertex 4.53546 -7.21884 2
    endloop
  endfacet
  facet normal 0.987547 -0.157322 0
    outer loop
      vertex 4.55441 -7.12094 7
      vertex 4.5701 -7.02245 2
      vertex 4.5701 -7.02245 7
    endloop
  endfacet
  facet normal 0.987547 -0.157322 0
    outer loop
      vertex 4.5701 -7.02245 2
      vertex 4.55441 -7.12094 7
      vertex 4.55441 -7.12094 2
    endloop
  endfacet
  facet normal 0.992241 -0.124331 0
    outer loop
      vertex 4.5701 -7.02245 7
      vertex 4.5825 -6.92349 2
      vertex 4.5825 -6.92349 7
    endloop
  endfacet
  facet normal 0.992241 -0.124331 0
    outer loop
      vertex 4.5825 -6.92349 2
      vertex 4.5701 -7.02245 7
      vertex 4.5701 -7.02245 2
    endloop
  endfacet
  facet normal 0.995827 -0.0912591 0
    outer loop
      vertex 4.5825 -6.92349 7
      vertex 4.5916 -6.82419 2
      vertex 4.5916 -6.82419 7
    endloop
  endfacet
  facet normal 0.995827 -0.0912591 0
    outer loop
      vertex 4.5916 -6.82419 2
      vertex 4.5825 -6.92349 7
      vertex 4.5825 -6.92349 2
    endloop
  endfacet
  facet normal 0.998308 -0.0581519 0
    outer loop
      vertex 4.5916 -6.82419 7
      vertex 4.5974 -6.72462 2
      vertex 4.5974 -6.72462 7
    endloop
  endfacet
  facet normal 0.998308 -0.0581519 0
    outer loop
      vertex 4.5974 -6.72462 2
      vertex 4.5916 -6.82419 7
      vertex 4.5916 -6.82419 2
    endloop
  endfacet
  facet normal 0.999784 -0.020777 0
    outer loop
      vertex 4.5974 -6.72462 7
      vertex 4.59999 -6.59999 2
      vertex 4.59999 -6.59999 7
    endloop
  endfacet
  facet normal 0.999784 -0.020777 0
    outer loop
      vertex 4.59999 -6.59999 2
      vertex 4.5974 -6.72462 7
      vertex 4.5974 -6.72462 2
    endloop
  endfacet
  facet normal 1 -0 0
    outer loop
      vertex 4.59999 -6.59999 7
      vertex 4.59999 6.59999 2
      vertex 4.59999 6.59999 7
    endloop
  endfacet
  facet normal 1 0 0
    outer loop
      vertex 4.59999 6.59999 2
      vertex 4.59999 -6.59999 7
      vertex 4.59999 -6.59999 2
    endloop
  endfacet
  facet normal 0.999861 0.0166443 0
    outer loop
      vertex 4.59999 6.59999 7
      vertex 4.59833 6.69971 2
      vertex 4.59833 6.69971 7
    endloop
  endfacet
  facet normal 0.999861 0.0166443 0
    outer loop
      vertex 4.59833 6.69971 2
      vertex 4.59999 6.59999 7
      vertex 4.59999 6.59999 2
    endloop
  endfacet
  facet normal 0.998763 0.0497326 0
    outer loop
      vertex 4.59833 6.69971 7
      vertex 4.59337 6.79932 2
      vertex 4.59337 6.79932 7
    endloop
  endfacet
  facet normal 0.998763 0.0497326 0
    outer loop
      vertex 4.59337 6.79932 2
      vertex 4.59833 6.69971 7
      vertex 4.59833 6.69971 2
    endloop
  endfacet
  facet normal 0.996539 0.0831285 0
    outer loop
      vertex 4.59337 6.79932 7
      vertex 4.58508 6.8987 2
      vertex 4.58508 6.8987 7
    endloop
  endfacet
  facet normal 0.996539 0.0831285 0
    outer loop
      vertex 4.58508 6.8987 2
      vertex 4.59337 6.79932 7
      vertex 4.59337 6.79932 2
    endloop
  endfacet
  facet normal 0.993234 0.116131 0
    outer loop
      vertex 4.58508 6.8987 7
      vertex 4.5735 6.99774 2
      vertex 4.5735 6.99774 7
    endloop
  endfacet
  facet normal 0.993234 0.116131 0
    outer loop
      vertex 4.5735 6.99774 2
      vertex 4.58508 6.8987 7
      vertex 4.58508 6.8987 2
    endloop
  endfacet
  facet normal 0.988838 0.148997 0
    outer loop
      vertex 4.5735 6.99774 7
      vertex 4.55864 7.09636 2
      vertex 4.55864 7.09636 7
    endloop
  endfacet
  facet normal 0.988838 0.148997 0
    outer loop
      vertex 4.55864 7.09636 2
      vertex 4.5735 6.99774 7
      vertex 4.5735 6.99774 2
    endloop
  endfacet
  facet normal 0.983338 0.181788 0
    outer loop
      vertex 4.55864 7.09636 7
      vertex 4.54051 7.19443 2
      vertex 4.54051 7.19443 7
    endloop
  endfacet
  facet normal 0.983338 0.181788 0
    outer loop
      vertex 4.54051 7.19443 2
      vertex 4.55864 7.09636 7
      vertex 4.55864 7.09636 2
    endloop
  endfacet
  facet normal 0.976729 0.214477 0
    outer loop
      vertex 4.54051 7.19443 7
      vertex 4.51912 7.29184 2
      vertex 4.51912 7.29184 7
    endloop
  endfacet
  facet normal 0.976729 0.214477 0
    outer loop
      vertex 4.51912 7.29184 2
      vertex 4.54051 7.19443 7
      vertex 4.54051 7.19443 2
    endloop
  endfacet
  facet normal 0.969102 0.246662 0
    outer loop
      vertex 4.51912 7.29184 7
      vertex 4.49452 7.38849 2
      vertex 4.49452 7.38849 7
    endloop
  endfacet
  facet normal 0.969102 0.246662 0
    outer loop
      vertex 4.49452 7.38849 2
      vertex 4.51912 7.29184 7
      vertex 4.51912 7.29184 2
    endloop
  endfacet
  facet normal 0.960323 0.278891 0
    outer loop
      vertex 4.49452 7.38849 7
      vertex 4.46671 7.48425 2
      vertex 4.46671 7.48425 7
    endloop
  endfacet
  facet normal 0.960323 0.278891 0
    outer loop
      vertex 4.46671 7.48425 2
      vertex 4.49452 7.38849 7
      vertex 4.49452 7.38849 2
    endloop
  endfacet
  facet normal 0.950541 0.310598 0
    outer loop
      vertex 4.46671 7.48425 7
      vertex 4.43573 7.57906 2
      vertex 4.43573 7.57906 7
    endloop
  endfacet
  facet normal 0.950541 0.310598 0
    outer loop
      vertex 4.43573 7.57906 2
      vertex 4.46671 7.48425 7
      vertex 4.46671 7.48425 2
    endloop
  endfacet
  facet normal 0.939706 0.341985 0
    outer loop
      vertex 4.43573 7.57906 7
      vertex 4.40163 7.67276 2
      vertex 4.40163 7.67276 7
    endloop
  endfacet
  facet normal 0.939706 0.341985 0
    outer loop
      vertex 4.40163 7.67276 2
      vertex 4.43573 7.57906 7
      vertex 4.43573 7.57906 2
    endloop
  endfacet
  facet normal 0.927825 0.373015 0
    outer loop
      vertex 4.40163 7.67276 7
      vertex 4.36443 7.76529 2
      vertex 4.36443 7.76529 7
    endloop
  endfacet
  facet normal 0.927825 0.373015 0
    outer loop
      vertex 4.36443 7.76529 2
      vertex 4.40163 7.67276 7
      vertex 4.40163 7.67276 2
    endloop
  endfacet
  facet normal 0.914871 0.403746 0
    outer loop
      vertex 4.36443 7.76529 7
      vertex 4.32416 7.85654 2
      vertex 4.32416 7.85654 7
    endloop
  endfacet
  facet normal 0.914871 0.403746 0
    outer loop
      vertex 4.32416 7.85654 2
      vertex 4.36443 7.76529 7
      vertex 4.36443 7.76529 2
    endloop
  endfacet
  facet normal 0.900947 0.43393 0
    outer loop
      vertex 4.32416 7.85654 7
      vertex 4.28088 7.9464 2
      vertex 4.28088 7.9464 7
    endloop
  endfacet
  facet normal 0.900947 0.43393 0
    outer loop
      vertex 4.28088 7.9464 2
      vertex 4.32416 7.85654 7
      vertex 4.32416 7.85654 2
    endloop
  endfacet
  facet normal 0.886053 0.463584 0
    outer loop
      vertex 4.28088 7.9464 7
      vertex 4.23465 8.03476 2
      vertex 4.23465 8.03476 7
    endloop
  endfacet
  facet normal 0.886053 0.463584 0
    outer loop
      vertex 4.23465 8.03476 2
      vertex 4.28088 7.9464 7
      vertex 4.28088 7.9464 2
    endloop
  endfacet
  facet normal 0.870217 0.492668 0
    outer loop
      vertex 4.23465 8.03476 7
      vertex 4.18552 8.12154 2
      vertex 4.18552 8.12154 7
    endloop
  endfacet
  facet normal 0.870217 0.492668 0
    outer loop
      vertex 4.18552 8.12154 2
      vertex 4.23465 8.03476 7
      vertex 4.23465 8.03476 2
    endloop
  endfacet
  facet normal 0.853235 0.521527 0
    outer loop
      vertex 4.18552 8.12154 7
      vertex 4.13351 8.20663 2
      vertex 4.13351 8.20663 7
    endloop
  endfacet
  facet normal 0.853235 0.521527 0
    outer loop
      vertex 4.13351 8.20663 2
      vertex 4.18552 8.12154 7
      vertex 4.18552 8.12154 2
    endloop
  endfacet
  facet normal 0.835444 0.549576 0
    outer loop
      vertex 4.13351 8.20663 7
      vertex 4.0787 8.28995 2
      vertex 4.0787 8.28995 7
    endloop
  endfacet
  facet normal 0.835444 0.549576 0
    outer loop
      vertex 4.0787 8.28995 2
      vertex 4.13351 8.20663 7
      vertex 4.13351 8.20663 2
    endloop
  endfacet
  facet normal 0.816751 0.57699 0
    outer loop
      vertex 4.0787 8.28995 7
      vertex 4.02116 8.3714 2
      vertex 4.02116 8.3714 7
    endloop
  endfacet
  facet normal 0.816751 0.57699 0
    outer loop
      vertex 4.02116 8.3714 2
      vertex 4.0787 8.28995 7
      vertex 4.0787 8.28995 2
    endloop
  endfacet
  facet normal 0.797176 0.603748 0
    outer loop
      vertex 4.02116 8.3714 7
      vertex 3.96095 8.4509 2
      vertex 3.96095 8.4509 7
    endloop
  endfacet
  facet normal 0.797176 0.603748 0
    outer loop
      vertex 3.96095 8.4509 2
      vertex 4.02116 8.3714 7
      vertex 4.02116 8.3714 2
    endloop
  endfacet
  facet normal 0.776595 0.63 0
    outer loop
      vertex 3.96095 8.4509 7
      vertex 3.89812 8.52835 2
      vertex 3.89812 8.52835 7
    endloop
  endfacet
  facet normal 0.776595 0.63 0
    outer loop
      vertex 3.89812 8.52835 2
      vertex 3.96095 8.4509 7
      vertex 3.96095 8.4509 2
    endloop
  endfacet
  facet normal 0.755279 0.655404 0
    outer loop
      vertex 3.89812 8.52835 7
      vertex 3.83276 8.60367 2
      vertex 3.83276 8.60367 7
    endloop
  endfacet
  facet normal 0.755279 0.655404 0
    outer loop
      vertex 3.83276 8.60367 2
      vertex 3.89812 8.52835 7
      vertex 3.89812 8.52835 2
    endloop
  endfacet
  facet normal 0.732986 0.680243 0
    outer loop
      vertex 3.83276 8.60367 7
      vertex 3.76492 8.67677 2
      vertex 3.76492 8.67677 7
    endloop
  endfacet
  facet normal 0.732986 0.680243 0
    outer loop
      vertex 3.76492 8.67677 2
      vertex 3.83276 8.60367 7
      vertex 3.83276 8.60367 2
    endloop
  endfacet
  facet normal 0.710108 0.704092 0
    outer loop
      vertex 3.76492 8.67677 7
      vertex 3.6947 8.74759 2
      vertex 3.6947 8.74759 7
    endloop
  endfacet
  facet normal 0.710108 0.704092 0
    outer loop
      vertex 3.6947 8.74759 2
      vertex 3.76492 8.67677 7
      vertex 3.76492 8.67677 2
    endloop
  endfacet
  facet normal 0.686199 0.727413 -0
    outer loop
      vertex 3.6947 8.74759 2
      vertex 3.62216 8.81602 7
      vertex 3.6947 8.74759 7
    endloop
  endfacet
  facet normal 0.686199 0.727413 0
    outer loop
      vertex 3.62216 8.81602 7
      vertex 3.6947 8.74759 2
      vertex 3.62216 8.81602 2
    endloop
  endfacet
  facet normal 0.661771 0.749706 -0
    outer loop
      vertex 3.62216 8.81602 2
      vertex 3.54739 8.88202 7
      vertex 3.62216 8.81602 7
    endloop
  endfacet
  facet normal 0.661771 0.749706 0
    outer loop
      vertex 3.54739 8.88202 7
      vertex 3.62216 8.81602 2
      vertex 3.54739 8.88202 2
    endloop
  endfacet
  facet normal 0.63634 0.771409 -0
    outer loop
      vertex 3.54739 8.88202 2
      vertex 3.47046 8.94548 7
      vertex 3.54739 8.88202 7
    endloop
  endfacet
  facet normal 0.63634 0.771409 0
    outer loop
      vertex 3.47046 8.94548 7
      vertex 3.54739 8.88202 2
      vertex 3.47046 8.94548 2
    endloop
  endfacet
  facet normal 0.610408 0.792087 -0
    outer loop
      vertex 3.47046 8.94548 2
      vertex 3.39146 9.00636 7
      vertex 3.47046 8.94548 7
    endloop
  endfacet
  facet normal 0.610408 0.792087 0
    outer loop
      vertex 3.39146 9.00636 7
      vertex 3.47046 8.94548 2
      vertex 3.39146 9.00636 2
    endloop
  endfacet
  facet normal 0.583787 0.811907 -0
    outer loop
      vertex 3.39146 9.00636 2
      vertex 3.31049 9.06458 7
      vertex 3.39146 9.00636 7
    endloop
  endfacet
  facet normal 0.583787 0.811907 0
    outer loop
      vertex 3.31049 9.06458 7
      vertex 3.39146 9.00636 2
      vertex 3.31049 9.06458 2
    endloop
  endfacet
  facet normal 0.556435 0.830891 -0
    outer loop
      vertex 3.31049 9.06458 2
      vertex 3.22763 9.12007 7
      vertex 3.31049 9.06458 7
    endloop
  endfacet
  facet normal 0.556435 0.830891 0
    outer loop
      vertex 3.22763 9.12007 7
      vertex 3.31049 9.06458 2
      vertex 3.22763 9.12007 2
    endloop
  endfacet
  facet normal 0.528538 0.84891 -0
    outer loop
      vertex 3.22763 9.12007 2
      vertex 3.14297 9.17278 7
      vertex 3.22763 9.12007 7
    endloop
  endfacet
  facet normal 0.528538 0.84891 0
    outer loop
      vertex 3.14297 9.17278 7
      vertex 3.22763 9.12007 2
      vertex 3.14297 9.17278 2
    endloop
  endfacet
  facet normal 0.499913 0.866075 -0
    outer loop
      vertex 3.14297 9.17278 2
      vertex 3.05659 9.22264 7
      vertex 3.14297 9.17278 7
    endloop
  endfacet
  facet normal 0.499913 0.866075 0
    outer loop
      vertex 3.05659 9.22264 7
      vertex 3.14297 9.17278 2
      vertex 3.05659 9.22264 2
    endloop
  endfacet
  facet normal 0.471041 0.882111 -0
    outer loop
      vertex 3.05659 9.22264 2
      vertex 2.96863 9.26961 7
      vertex 3.05659 9.22264 7
    endloop
  endfacet
  facet normal 0.471041 0.882111 0
    outer loop
      vertex 2.96863 9.26961 7
      vertex 3.05659 9.22264 2
      vertex 2.96863 9.26961 2
    endloop
  endfacet
  facet normal 0.441388 0.897316 -0
    outer loop
      vertex 2.96863 9.26961 2
      vertex 2.87914 9.31363 7
      vertex 2.96863 9.26961 7
    endloop
  endfacet
  facet normal 0.441388 0.897316 0
    outer loop
      vertex 2.87914 9.31363 7
      vertex 2.96863 9.26961 2
      vertex 2.87914 9.31363 2
    endloop
  endfacet
  facet normal 0.411165 0.911561 -0
    outer loop
      vertex 2.87914 9.31363 2
      vertex 2.78822 9.35464 7
      vertex 2.87914 9.31363 7
    endloop
  endfacet
  facet normal 0.411165 0.911561 0
    outer loop
      vertex 2.78822 9.35464 7
      vertex 2.87914 9.31363 2
      vertex 2.78822 9.35464 2
    endloop
  endfacet
  facet normal 0.38076 0.924674 -0
    outer loop
      vertex 2.78822 9.35464 2
      vertex 2.69601 9.39261 7
      vertex 2.78822 9.35464 7
    endloop
  endfacet
  facet normal 0.38076 0.924674 0
    outer loop
      vertex 2.69601 9.39261 7
      vertex 2.78822 9.35464 2
      vertex 2.69601 9.39261 2
    endloop
  endfacet
  facet normal 0.349925 0.936778 -0
    outer loop
      vertex 2.69601 9.39261 2
      vertex 2.60258 9.42751 7
      vertex 2.69601 9.39261 7
    endloop
  endfacet
  facet normal 0.349925 0.936778 0
    outer loop
      vertex 2.60258 9.42751 7
      vertex 2.69601 9.39261 2
      vertex 2.60258 9.42751 2
    endloop
  endfacet
  facet normal 0.318423 0.947949 -0
    outer loop
      vertex 2.60258 9.42751 2
      vertex 2.50806 9.45926 7
      vertex 2.60258 9.42751 7
    endloop
  endfacet
  facet normal 0.318423 0.947949 0
    outer loop
      vertex 2.50806 9.45926 7
      vertex 2.60258 9.42751 2
      vertex 2.50806 9.45926 2
    endloop
  endfacet
  facet normal 0.286842 0.957978 -0
    outer loop
      vertex 2.50806 9.45926 2
      vertex 2.41251 9.48787 7
      vertex 2.50806 9.45926 7
    endloop
  endfacet
  facet normal 0.286842 0.957978 0
    outer loop
      vertex 2.41251 9.48787 7
      vertex 2.50806 9.45926 2
      vertex 2.41251 9.48787 2
    endloop
  endfacet
  facet normal 0.254784 0.966998 -0
    outer loop
      vertex 2.41251 9.48787 2
      vertex 2.31607 9.51328 7
      vertex 2.41251 9.48787 7
    endloop
  endfacet
  facet normal 0.254784 0.966998 0
    outer loop
      vertex 2.31607 9.51328 7
      vertex 2.41251 9.48787 2
      vertex 2.31607 9.51328 2
    endloop
  endfacet
  facet normal 0.222405 0.974954 -0
    outer loop
      vertex 2.31607 9.51328 2
      vertex 2.21884 9.53546 7
      vertex 2.31607 9.51328 7
    endloop
  endfacet
  facet normal 0.222405 0.974954 0
    outer loop
      vertex 2.21884 9.53546 7
      vertex 2.31607 9.51328 2
      vertex 2.21884 9.53546 2
    endloop
  endfacet
  facet normal 0.190037 0.981777 -0
    outer loop
      vertex 2.21884 9.53546 2
      vertex 2.12094 9.55441 7
      vertex 2.21884 9.53546 7
    endloop
  endfacet
  facet normal 0.190037 0.981777 0
    outer loop
      vertex 2.12094 9.55441 7
      vertex 2.21884 9.53546 2
      vertex 2.12094 9.55441 2
    endloop
  endfacet
  facet normal 0.157322 0.987547 -0
    outer loop
      vertex 2.12094 9.55441 2
      vertex 2.02245 9.5701 7
      vertex 2.12094 9.55441 7
    endloop
  endfacet
  facet normal 0.157322 0.987547 0
    outer loop
      vertex 2.02245 9.5701 7
      vertex 2.12094 9.55441 2
      vertex 2.02245 9.5701 2
    endloop
  endfacet
  facet normal 0.124331 0.992241 -0
    outer loop
      vertex 2.02245 9.5701 2
      vertex 1.92349 9.5825 7
      vertex 2.02245 9.5701 7
    endloop
  endfacet
  facet normal 0.124331 0.992241 0
    outer loop
      vertex 1.92349 9.5825 7
      vertex 2.02245 9.5701 2
      vertex 1.92349 9.5825 2
    endloop
  endfacet
  facet normal 0.0912591 0.995827 -0
    outer loop
      vertex 1.92349 9.5825 2
      vertex 1.82419 9.5916 7
      vertex 1.92349 9.5825 7
    endloop
  endfacet
  facet normal 0.0912591 0.995827 0
    outer loop
      vertex 1.82419 9.5916 7
      vertex 1.92349 9.5825 2
      vertex 1.82419 9.5916 2
    endloop
  endfacet
  facet normal 0.0581519 0.998308 -0
    outer loop
      vertex 1.82419 9.5916 2
      vertex 1.72462 9.5974 7
      vertex 1.82419 9.5916 7
    endloop
  endfacet
  facet normal 0.0581519 0.998308 0
    outer loop
      vertex 1.72462 9.5974 7
      vertex 1.82419 9.5916 2
      vertex 1.72462 9.5974 2
    endloop
  endfacet
  facet normal 0.020777 0.999784 -0
    outer loop
      vertex 1.72462 9.5974 2
      vertex 1.59999 9.59999 7
      vertex 1.72462 9.5974 7
    endloop
  endfacet
  facet normal 0.020777 0.999784 0
    outer loop
      vertex 1.59999 9.59999 7
      vertex 1.72462 9.5974 2
      vertex 1.59999 9.59999 2
    endloop
  endfacet
  facet normal 0 1 -0
    outer loop
      vertex 1.59999 9.59999 2
      vertex -1.59999 9.59999 7
      vertex 1.59999 9.59999 7
    endloop
  endfacet
  facet normal 0 1 0
    outer loop
      vertex -1.59999 9.59999 7
      vertex 1.59999 9.59999 2
      vertex -1.59999 9.59999 2
    endloop
  endfacet
  facet normal -0.0166443 0.999861 0
    outer loop
      vertex -1.59999 9.59999 2
      vertex -1.69971 9.59833 7
      vertex -1.59999 9.59999 7
    endloop
  endfacet
  facet normal -0.0166443 0.999861 0
    outer loop
      vertex -1.69971 9.59833 7
      vertex -1.59999 9.59999 2
      vertex -1.69971 9.59833 2
    endloop
  endfacet
  facet normal -0.0497326 0.998763 0
    outer loop
      vertex -1.69971 9.59833 2
      vertex -1.79932 9.59337 7
      vertex -1.69971 9.59833 7
    endloop
  endfacet
  facet normal -0.0497326 0.998763 0
    outer loop
      vertex -1.79932 9.59337 7
      vertex -1.69971 9.59833 2
      vertex -1.79932 9.59337 2
    endloop
  endfacet
  facet normal -0.0831285 0.996539 0
    outer loop
      vertex -1.79932 9.59337 2
      vertex -1.8987 9.58508 7
      vertex -1.79932 9.59337 7
    endloop
  endfacet
  facet normal -0.0831285 0.996539 0
    outer loop
      vertex -1.8987 9.58508 7
      vertex -1.79932 9.59337 2
      vertex -1.8987 9.58508 2
    endloop
  endfacet
  facet normal -0.116131 0.993234 0
    outer loop
      vertex -1.8987 9.58508 2
      vertex -1.99774 9.5735 7
      vertex -1.8987 9.58508 7
    endloop
  endfacet
  facet normal -0.116131 0.993234 0
    outer loop
      vertex -1.99774 9.5735 7
      vertex -1.8987 9.58508 2
      vertex -1.99774 9.5735 2
    endloop
  endfacet
  facet normal -0.148997 0.988838 0
    outer loop
      vertex -1.99774 9.5735 2
      vertex -2.09636 9.55864 7
      vertex -1.99774 9.5735 7
    endloop
  endfacet
  facet normal -0.148997 0.988838 0
    outer loop
      vertex -2.09636 9.55864 7
      vertex -1.99774 9.5735 2
      vertex -2.09636 9.55864 2
    endloop
  endfacet
  facet normal -0.181788 0.983338 0
    outer loop
      vertex -2.09636 9.55864 2
      vertex -2.19443 9.54051 7
      vertex -2.09636 9.55864 7
    endloop
  endfacet
  facet normal -0.181788 0.983338 0
    outer loop
      vertex -2.19443 9.54051 7
      vertex -2.09636 9.55864 2
      vertex -2.19443 9.54051 2
    endloop
  endfacet
  facet normal -0.214477 0.976729 0
    outer loop
      vertex -2.19443 9.54051 2
      vertex -2.29184 9.51912 7
      vertex -2.19443 9.54051 7
    endloop
  endfacet
  facet normal -0.214477 0.976729 0
    outer loop
      vertex -2.29184 9.51912 7
      vertex -2.19443 9.54051 2
      vertex -2.29184 9.51912 2
    endloop
  endfacet
  facet normal -0.246662 0.969102 0
    outer loop
      vertex -2.29184 9.51912 2
      vertex -2.38849 9.49452 7
      vertex -2.29184 9.51912 7
    endloop
  endfacet
  facet normal -0.246662 0.969102 0
    outer loop
      vertex -2.38849 9.49452 7
      vertex -2.29184 9.51912 2
      vertex -2.38849 9.49452 2
    endloop
  endfacet
  facet normal -0.278891 0.960323 0
    outer loop
      vertex -2.38849 9.49452 2
      vertex -2.48425 9.46671 7
      vertex -2.38849 9.49452 7
    endloop
  endfacet
  facet normal -0.278891 0.960323 0
    outer loop
      vertex -2.48425 9.46671 7
      vertex -2.38849 9.49452 2
      vertex -2.48425 9.46671 2
    endloop
  endfacet
  facet normal -0.310598 0.950541 0
    outer loop
      vertex -2.48425 9.46671 2
      vertex -2.57906 9.43573 7
      vertex -2.48425 9.46671 7
    endloop
  endfacet
  facet normal -0.310598 0.950541 0
    outer loop
      vertex -2.57906 9.43573 7
      vertex -2.48425 9.46671 2
      vertex -2.57906 9.43573 2
    endloop
  endfacet
  facet normal -0.341985 0.939706 0
    outer loop
      vertex -2.57906 9.43573 2
      vertex -2.67276 9.40163 7
      vertex -2.57906 9.43573 7
    endloop
  endfacet
  facet normal -0.341985 0.939706 0
    outer loop
      vertex -2.67276 9.40163 7
      vertex -2.57906 9.43573 2
      vertex -2.67276 9.40163 2
    endloop
  endfacet
  facet normal -0.373015 0.927825 0
    outer loop
      vertex -2.67276 9.40163 2
      vertex -2.76529 9.36443 7
      vertex -2.67276 9.40163 7
    endloop
  endfacet
  facet normal -0.373015 0.927825 0
    outer loop
      vertex -2.76529 9.36443 7
      vertex -2.67276 9.40163 2
      vertex -2.76529 9.36443 2
    endloop
  endfacet
  facet normal -0.403746 0.914871 0
    outer loop
      vertex -2.76529 9.36443 2
      vertex -2.85654 9.32416 7
      vertex -2.76529 9.36443 7
    endloop
  endfacet
  facet normal -0.403746 0.914871 0
    outer loop
      vertex -2.85654 9.32416 7
      vertex -2.76529 9.36443 2
      vertex -2.85654 9.32416 2
    endloop
  endfacet
  facet normal -0.43393 0.900947 0
    outer loop
      vertex -2.85654 9.32416 2
      vertex -2.9464 9.28088 7
      vertex -2.85654 9.32416 7
    endloop
  endfacet
  facet normal -0.43393 0.900947 0
    outer loop
      vertex -2.9464 9.28088 7
      vertex -2.85654 9.32416 2
      vertex -2.9464 9.28088 2
    endloop
  endfacet
  facet normal -0.463584 0.886053 0
    outer loop
      vertex -2.9464 9.28088 2
      vertex -3.03476 9.23465 7
      vertex -2.9464 9.28088 7
    endloop
  endfacet
  facet normal -0.463584 0.886053 0
    outer loop
      vertex -3.03476 9.23465 7
      vertex -2.9464 9.28088 2
      vertex -3.03476 9.23465 2
    endloop
  endfacet
  facet normal -0.492668 0.870217 0
    outer loop
      vertex -3.03476 9.23465 2
      vertex -3.12154 9.18552 7
      vertex -3.03476 9.23465 7
    endloop
  endfacet
  facet normal -0.492668 0.870217 0
    outer loop
      vertex -3.12154 9.18552 7
      vertex -3.03476 9.23465 2
      vertex -3.12154 9.18552 2
    endloop
  endfacet
  facet normal -0.521527 0.853235 0
    outer loop
      vertex -3.12154 9.18552 2
      vertex -3.20663 9.13351 7
      vertex -3.12154 9.18552 7
    endloop
  endfacet
  facet normal -0.521527 0.853235 0
    outer loop
      vertex -3.20663 9.13351 7
      vertex -3.12154 9.18552 2
      vertex -3.20663 9.13351 2
    endloop
  endfacet
  facet normal -0.549576 0.835444 0
    outer loop
      vertex -3.20663 9.13351 2
      vertex -3.28995 9.0787 7
      vertex -3.20663 9.13351 7
    endloop
  endfacet
  facet normal -0.549576 0.835444 0
    outer loop
      vertex -3.28995 9.0787 7
      vertex -3.20663 9.13351 2
      vertex -3.28995 9.0787 2
    endloop
  endfacet
  facet normal -0.57699 0.816751 0
    outer loop
      vertex -3.28995 9.0787 2
      vertex -3.3714 9.02116 7
      vertex -3.28995 9.0787 7
    endloop
  endfacet
  facet normal -0.57699 0.816751 0
    outer loop
      vertex -3.3714 9.02116 7
      vertex -3.28995 9.0787 2
      vertex -3.3714 9.02116 2
    endloop
  endfacet
  facet normal -0.603748 0.797176 0
    outer loop
      vertex -3.3714 9.02116 2
      vertex -3.4509 8.96095 7
      vertex -3.3714 9.02116 7
    endloop
  endfacet
  facet normal -0.603748 0.797176 0
    outer loop
      vertex -3.4509 8.96095 7
      vertex -3.3714 9.02116 2
      vertex -3.4509 8.96095 2
    endloop
  endfacet
  facet normal -0.63 0.776595 0
    outer loop
      vertex -3.4509 8.96095 2
      vertex -3.52835 8.89812 7
      vertex -3.4509 8.96095 7
    endloop
  endfacet
  facet normal -0.63 0.776595 0
    outer loop
      vertex -3.52835 8.89812 7
      vertex -3.4509 8.96095 2
      vertex -3.52835 8.89812 2
    endloop
  endfacet
  facet normal -0.655404 0.755279 0
    outer loop
      vertex -3.52835 8.89812 2
      vertex -3.60367 8.83276 7
      vertex -3.52835 8.89812 7
    endloop
  endfacet
  facet normal -0.655404 0.755279 0
    outer loop
      vertex -3.60367 8.83276 7
      vertex -3.52835 8.89812 2
      vertex -3.60367 8.83276 2
    endloop
  endfacet
  facet normal -0.680243 0.732986 0
    outer loop
      vertex -3.60367 8.83276 2
      vertex -3.67677 8.76492 7
      vertex -3.60367 8.83276 7
    endloop
  endfacet
  facet normal -0.680243 0.732986 0
    outer loop
      vertex -3.67677 8.76492 7
      vertex -3.60367 8.83276 2
      vertex -3.67677 8.76492 2
    endloop
  endfacet
  facet normal -0.704092 0.710108 0
    outer loop
      vertex -3.67677 8.76492 2
      vertex -3.74759 8.6947 7
      vertex -3.67677 8.76492 7
    endloop
  endfacet
  facet normal -0.704092 0.710108 0
    outer loop
      vertex -3.74759 8.6947 7
      vertex -3.67677 8.76492 2
      vertex -3.74759 8.6947 2
    endloop
  endfacet
  facet normal -0.727413 0.686199 0
    outer loop
      vertex -3.81602 8.62216 2
      vertex -3.74759 8.6947 7
      vertex -3.74759 8.6947 2
    endloop
  endfacet
  facet normal -0.727413 0.686199 0
    outer loop
      vertex -3.74759 8.6947 7
      vertex -3.81602 8.62216 2
      vertex -3.81602 8.62216 7
    endloop
  endfacet
  facet normal -0.749706 0.661771 0
    outer loop
      vertex -3.88202 8.54739 2
      vertex -3.81602 8.62216 7
      vertex -3.81602 8.62216 2
    endloop
  endfacet
  facet normal -0.749706 0.661771 0
    outer loop
      vertex -3.81602 8.62216 7
      vertex -3.88202 8.54739 2
      vertex -3.88202 8.54739 7
    endloop
  endfacet
  facet normal -0.771409 0.63634 0
    outer loop
      vertex -3.94548 8.47046 2
      vertex -3.88202 8.54739 7
      vertex -3.88202 8.54739 2
    endloop
  endfacet
  facet normal -0.771409 0.63634 0
    outer loop
      vertex -3.88202 8.54739 7
      vertex -3.94548 8.47046 2
      vertex -3.94548 8.47046 7
    endloop
  endfacet
  facet normal -0.792087 0.610408 0
    outer loop
      vertex -4.00636 8.39146 2
      vertex -3.94548 8.47046 7
      vertex -3.94548 8.47046 2
    endloop
  endfacet
  facet normal -0.792087 0.610408 0
    outer loop
      vertex -3.94548 8.47046 7
      vertex -4.00636 8.39146 2
      vertex -4.00636 8.39146 7
    endloop
  endfacet
  facet normal -0.811907 0.583787 0
    outer loop
      vertex -4.06458 8.31049 2
      vertex -4.00636 8.39146 7
      vertex -4.00636 8.39146 2
    endloop
  endfacet
  facet normal -0.811907 0.583787 0
    outer loop
      vertex -4.00636 8.39146 7
      vertex -4.06458 8.31049 2
      vertex -4.06458 8.31049 7
    endloop
  endfacet
  facet normal -0.830891 0.556435 0
    outer loop
      vertex -4.12007 8.22763 2
      vertex -4.06458 8.31049 7
      vertex -4.06458 8.31049 2
    endloop
  endfacet
  facet normal -0.830891 0.556435 0
    outer loop
      vertex -4.06458 8.31049 7
      vertex -4.12007 8.22763 2
      vertex -4.12007 8.22763 7
    endloop
  endfacet
  facet normal -0.84891 0.528538 0
    outer loop
      vertex -4.17278 8.14297 2
      vertex -4.12007 8.22763 7
      vertex -4.12007 8.22763 2
    endloop
  endfacet
  facet normal -0.84891 0.528538 0
    outer loop
      vertex -4.12007 8.22763 7
      vertex -4.17278 8.14297 2
      vertex -4.17278 8.14297 7
    endloop
  endfacet
  facet normal -0.866075 0.499913 0
    outer loop
      vertex -4.22264 8.05659 2
      vertex -4.17278 8.14297 7
      vertex -4.17278 8.14297 2
    endloop
  endfacet
  facet normal -0.866075 0.499913 0
    outer loop
      vertex -4.17278 8.14297 7
      vertex -4.22264 8.05659 2
      vertex -4.22264 8.05659 7
    endloop
  endfacet
  facet normal -0.882111 0.471041 0
    outer loop
      vertex -4.26961 7.96863 2
      vertex -4.22264 8.05659 7
      vertex -4.22264 8.05659 2
    endloop
  endfacet
  facet normal -0.882111 0.471041 0
    outer loop
      vertex -4.22264 8.05659 7
      vertex -4.26961 7.96863 2
      vertex -4.26961 7.96863 7
    endloop
  endfacet
  facet normal -0.897316 0.441388 0
    outer loop
      vertex -4.31363 7.87914 2
      vertex -4.26961 7.96863 7
      vertex -4.26961 7.96863 2
    endloop
  endfacet
  facet normal -0.897316 0.441388 0
    outer loop
      vertex -4.26961 7.96863 7
      vertex -4.31363 7.87914 2
      vertex -4.31363 7.87914 7
    endloop
  endfacet
  facet normal -0.911561 0.411165 0
    outer loop
      vertex -4.35464 7.78822 2
      vertex -4.31363 7.87914 7
      vertex -4.31363 7.87914 2
    endloop
  endfacet
  facet normal -0.911561 0.411165 0
    outer loop
      vertex -4.31363 7.87914 7
      vertex -4.35464 7.78822 2
      vertex -4.35464 7.78822 7
    endloop
  endfacet
  facet normal -0.924674 0.38076 0
    outer loop
      vertex -4.39261 7.69601 2
      vertex -4.35464 7.78822 7
      vertex -4.35464 7.78822 2
    endloop
  endfacet
  facet normal -0.924674 0.38076 0
    outer loop
      vertex -4.35464 7.78822 7
      vertex -4.39261 7.69601 2
      vertex -4.39261 7.69601 7
    endloop
  endfacet
  facet normal -0.936778 0.349925 0
    outer loop
      vertex -4.42751 7.60258 2
      vertex -4.39261 7.69601 7
      vertex -4.39261 7.69601 2
    endloop
  endfacet
  facet normal -0.936778 0.349925 0
    outer loop
      vertex -4.39261 7.69601 7
      vertex -4.42751 7.60258 2
      vertex -4.42751 7.60258 7
    endloop
  endfacet
  facet normal -0.947949 0.318423 0
    outer loop
      vertex -4.45926 7.50806 2
      vertex -4.42751 7.60258 7
      vertex -4.42751 7.60258 2
    endloop
  endfacet
  facet normal -0.947949 0.318423 0
    outer loop
      vertex -4.42751 7.60258 7
      vertex -4.45926 7.50806 2
      vertex -4.45926 7.50806 7
    endloop
  endfacet
  facet normal -0.957978 0.286842 0
    outer loop
      vertex -4.48787 7.41251 2
      vertex -4.45926 7.50806 7
      vertex -4.45926 7.50806 2
    endloop
  endfacet
  facet normal -0.957978 0.286842 0
    outer loop
      vertex -4.45926 7.50806 7
      vertex -4.48787 7.41251 2
      vertex -4.48787 7.41251 7
    endloop
  endfacet
  facet normal -0.966998 0.254784 0
    outer loop
      vertex -4.51328 7.31607 2
      vertex -4.48787 7.41251 7
      vertex -4.48787 7.41251 2
    endloop
  endfacet
  facet normal -0.966998 0.254784 0
    outer loop
      vertex -4.48787 7.41251 7
      vertex -4.51328 7.31607 2
      vertex -4.51328 7.31607 7
    endloop
  endfacet
  facet normal -0.974954 0.222405 0
    outer loop
      vertex -4.53546 7.21884 2
      vertex -4.51328 7.31607 7
      vertex -4.51328 7.31607 2
    endloop
  endfacet
  facet normal -0.974954 0.222405 0
    outer loop
      vertex -4.51328 7.31607 7
      vertex -4.53546 7.21884 2
      vertex -4.53546 7.21884 7
    endloop
  endfacet
  facet normal -0.981777 0.190037 0
    outer loop
      vertex -4.55441 7.12094 2
      vertex -4.53546 7.21884 7
      vertex -4.53546 7.21884 2
    endloop
  endfacet
  facet normal -0.981777 0.190037 0
    outer loop
      vertex -4.53546 7.21884 7
      vertex -4.55441 7.12094 2
      vertex -4.55441 7.12094 7
    endloop
  endfacet
  facet normal -0.987547 0.157322 0
    outer loop
      vertex -4.5701 7.02245 2
      vertex -4.55441 7.12094 7
      vertex -4.55441 7.12094 2
    endloop
  endfacet
  facet normal -0.987547 0.157322 0
    outer loop
      vertex -4.55441 7.12094 7
      vertex -4.5701 7.02245 2
      vertex -4.5701 7.02245 7
    endloop
  endfacet
  facet normal -0.992241 0.124331 0
    outer loop
      vertex -4.5825 6.92349 2
      vertex -4.5701 7.02245 7
      vertex -4.5701 7.02245 2
    endloop
  endfacet
  facet normal -0.992241 0.124331 0
    outer loop
      vertex -4.5701 7.02245 7
      vertex -4.5825 6.92349 2
      vertex -4.5825 6.92349 7
    endloop
  endfacet
  facet normal -0.995827 0.0912591 0
    outer loop
      vertex -4.5916 6.82419 2
      vertex -4.5825 6.92349 7
      vertex -4.5825 6.92349 2
    endloop
  endfacet
  facet normal -0.995827 0.0912591 0
    outer loop
      vertex -4.5825 6.92349 7
      vertex -4.5916 6.82419 2
      vertex -4.5916 6.82419 7
    endloop
  endfacet
  facet normal -0.998308 0.0581519 0
    outer loop
      vertex -4.5974 6.72462 2
      vertex -4.5916 6.82419 7
      vertex -4.5916 6.82419 2
    endloop
  endfacet
  facet normal -0.998308 0.0581519 0
    outer loop
      vertex -4.5916 6.82419 7
      vertex -4.5974 6.72462 2
      vertex -4.5974 6.72462 7
    endloop
  endfacet
  facet normal -0.999784 0.020777 0
    outer loop
      vertex -4.59999 6.59999 2
      vertex -4.5974 6.72462 7
      vertex -4.5974 6.72462 2
    endloop
  endfacet
  facet normal -0.999784 0.020777 0
    outer loop
      vertex -4.5974 6.72462 7
      vertex -4.59999 6.59999 2
      vertex -4.59999 6.59999 7
    endloop
  endfacet
  facet normal -1 0 0
    outer loop
      vertex -4.59999 4 2
      vertex -4.59999 6.59999 7
      vertex -4.59999 6.59999 2
    endloop
  endfacet
  facet normal -1 -0 0
    outer loop
      vertex -4.59999 6.59999 7
      vertex -4.59999 4 2
      vertex -4.59999 4 7
    endloop
  endfacet
  facet normal -1 0 0
    outer loop
      vertex -4.59999 -6.59999 2
      vertex -4.59999 -4 7
      vertex -4.59999 -4 2
    endloop
  endfacet
  facet normal -1 -0 0
    outer loop
      vertex -4.59999 -4 7
      vertex -4.59999 -6.59999 2
      vertex -4.59999 -6.59999 7
    endloop
  endfacet
  facet normal -0.999861 -0.0166443 0
    outer loop
      vertex -4.59833 -6.69971 2
      vertex -4.59999 -6.59999 7
      vertex -4.59999 -6.59999 2
    endloop
  endfacet
  facet normal -0.999861 -0.0166443 0
    outer loop
      vertex -4.59999 -6.59999 7
      vertex -4.59833 -6.69971 2
      vertex -4.59833 -6.69971 7
    endloop
  endfacet
  facet normal -0.998763 -0.0497326 0
    outer loop
      vertex -4.59337 -6.79932 2
      vertex -4.59833 -6.69971 7
      vertex -4.59833 -6.69971 2
    endloop
  endfacet
  facet normal -0.998763 -0.0497326 0
    outer loop
      vertex -4.59833 -6.69971 7
      vertex -4.59337 -6.79932 2
      vertex -4.59337 -6.79932 7
    endloop
  endfacet
  facet normal -0.996539 -0.0831285 0
    outer loop
      vertex -4.58508 -6.8987 2
      vertex -4.59337 -6.79932 7
      vertex -4.59337 -6.79932 2
    endloop
  endfacet
  facet normal -0.996539 -0.0831285 0
    outer loop
      vertex -4.59337 -6.79932 7
      vertex -4.58508 -6.8987 2
      vertex -4.58508 -6.8987 7
    endloop
  endfacet
  facet normal -0.993234 -0.116131 0
    outer loop
      vertex -4.5735 -6.99774 2
      vertex -4.58508 -6.8987 7
      vertex -4.58508 -6.8987 2
    endloop
  endfacet
  facet normal -0.993234 -0.116131 0
    outer loop
      vertex -4.58508 -6.8987 7
      vertex -4.5735 -6.99774 2
      vertex -4.5735 -6.99774 7
    endloop
  endfacet
  facet normal -0.988838 -0.148997 0
    outer loop
      vertex -4.55864 -7.09636 2
      vertex -4.5735 -6.99774 7
      vertex -4.5735 -6.99774 2
    endloop
  endfacet
  facet normal -0.988838 -0.148997 0
    outer loop
      vertex -4.5735 -6.99774 7
      vertex -4.55864 -7.09636 2
      vertex -4.55864 -7.09636 7
    endloop
  endfacet
  facet normal -0.983338 -0.181788 0
    outer loop
      vertex -4.54051 -7.19443 2
      vertex -4.55864 -7.09636 7
      vertex -4.55864 -7.09636 2
    endloop
  endfacet
  facet normal -0.983338 -0.181788 0
    outer loop
      vertex -4.55864 -7.09636 7
      vertex -4.54051 -7.19443 2
      vertex -4.54051 -7.19443 7
    endloop
  endfacet
  facet normal -0.976729 -0.214477 0
    outer loop
      vertex -4.51912 -7.29184 2
      vertex -4.54051 -7.19443 7
      vertex -4.54051 -7.19443 2
    endloop
  endfacet
  facet normal -0.976729 -0.214477 0
    outer loop
      vertex -4.54051 -7.19443 7
      vertex -4.51912 -7.29184 2
      vertex -4.51912 -7.29184 7
    endloop
  endfacet
  facet normal -0.969102 -0.246662 0
    outer loop
      vertex -4.49452 -7.38849 2
      vertex -4.51912 -7.29184 7
      vertex -4.51912 -7.29184 2
    endloop
  endfacet
  facet normal -0.969102 -0.246662 0
    outer loop
      vertex -4.51912 -7.29184 7
      vertex -4.49452 -7.38849 2
      vertex -4.49452 -7.38849 7
    endloop
  endfacet
  facet normal -0.960323 -0.278891 0
    outer loop
      vertex -4.46671 -7.48425 2
      vertex -4.49452 -7.38849 7
      vertex -4.49452 -7.38849 2
    endloop
  endfacet
  facet normal -0.960323 -0.278891 0
    outer loop
      vertex -4.49452 -7.38849 7
      vertex -4.46671 -7.48425 2
      vertex -4.46671 -7.48425 7
    endloop
  endfacet
  facet normal -0.950541 -0.310598 0
    outer loop
      vertex -4.43573 -7.57906 2
      vertex -4.46671 -7.48425 7
      vertex -4.46671 -7.48425 2
    endloop
  endfacet
  facet normal -0.950541 -0.310598 0
    outer loop
      vertex -4.46671 -7.48425 7
      vertex -4.43573 -7.57906 2
      vertex -4.43573 -7.57906 7
    endloop
  endfacet
  facet normal -0.939706 -0.341985 0
    outer loop
      vertex -4.40163 -7.67276 2
      vertex -4.43573 -7.57906 7
      vertex -4.43573 -7.57906 2
    endloop
  endfacet
  facet normal -0.939706 -0.341985 0
    outer loop
      vertex -4.43573 -7.57906 7
      vertex -4.40163 -7.67276 2
      vertex -4.40163 -7.67276 7
    endloop
  endfacet
  facet normal -0.927825 -0.373015 0
    outer loop
      vertex -4.36443 -7.76529 2
      vertex -4.40163 -7.67276 7
      vertex -4.40163 -7.67276 2
    endloop
  endfacet
  facet normal -0.927825 -0.373015 0
    outer loop
      vertex -4.40163 -7.67276 7
      vertex -4.36443 -7.76529 2
      vertex -4.36443 -7.76529 7
    endloop
  endfacet
  facet normal -0.914871 -0.403746 0
    outer loop
      vertex -4.32416 -7.85654 2
      vertex -4.36443 -7.76529 7
      vertex -4.36443 -7.76529 2
    endloop
  endfacet
  facet normal -0.914871 -0.403746 0
    outer loop
      vertex -4.36443 -7.76529 7
      vertex -4.32416 -7.85654 2
      vertex -4.32416 -7.85654 7
    endloop
  endfacet
  facet normal -0.900947 -0.43393 0
    outer loop
      vertex -4.28088 -7.9464 2
      vertex -4.32416 -7.85654 7
      vertex -4.32416 -7.85654 2
    endloop
  endfacet
  facet normal -0.900947 -0.43393 0
    outer loop
      vertex -4.32416 -7.85654 7
      vertex -4.28088 -7.9464 2
      vertex -4.28088 -7.9464 7
    endloop
  endfacet
  facet normal -0.886053 -0.463584 0
    outer loop
      vertex -4.23465 -8.03476 2
      vertex -4.28088 -7.9464 7
      vertex -4.28088 -7.9464 2
    endloop
  endfacet
  facet normal -0.886053 -0.463584 0
    outer loop
      vertex -4.28088 -7.9464 7
      vertex -4.23465 -8.03476 2
      vertex -4.23465 -8.03476 7
    endloop
  endfacet
  facet normal -0.870217 -0.492668 0
    outer loop
      vertex -4.18552 -8.12154 2
      vertex -4.23465 -8.03476 7
      vertex -4.23465 -8.03476 2
    endloop
  endfacet
  facet normal -0.870217 -0.492668 0
    outer loop
      vertex -4.23465 -8.03476 7
      vertex -4.18552 -8.12154 2
      vertex -4.18552 -8.12154 7
    endloop
  endfacet
  facet normal -0.853235 -0.521527 0
    outer loop
      vertex -4.13351 -8.20663 2
      vertex -4.18552 -8.12154 7
      vertex -4.18552 -8.12154 2
    endloop
  endfacet
  facet normal -0.853235 -0.521527 0
    outer loop
      vertex -4.18552 -8.12154 7
      vertex -4.13351 -8.20663 2
      vertex -4.13351 -8.20663 7
    endloop
  endfacet
  facet normal -0.835444 -0.549576 0
    outer loop
      vertex -4.0787 -8.28995 2
      vertex -4.13351 -8.20663 7
      vertex -4.13351 -8.20663 2
    endloop
  endfacet
  facet normal -0.835444 -0.549576 0
    outer loop
      vertex -4.13351 -8.20663 7
      vertex -4.0787 -8.28995 2
      vertex -4.0787 -8.28995 7
    endloop
  endfacet
  facet normal -0.816751 -0.57699 0
    outer loop
      vertex -4.02116 -8.3714 2
      vertex -4.0787 -8.28995 7
      vertex -4.0787 -8.28995 2
    endloop
  endfacet
  facet normal -0.816751 -0.57699 0
    outer loop
      vertex -4.0787 -8.28995 7
      vertex -4.02116 -8.3714 2
      vertex -4.02116 -8.3714 7
    endloop
  endfacet
  facet normal -0.797176 -0.603748 0
    outer loop
      vertex -3.96095 -8.4509 2
      vertex -4.02116 -8.3714 7
      vertex -4.02116 -8.3714 2
    endloop
  endfacet
  facet normal -0.797176 -0.603748 0
    outer loop
      vertex -4.02116 -8.3714 7
      vertex -3.96095 -8.4509 2
      vertex -3.96095 -8.4509 7
    endloop
  endfacet
  facet normal -0.776595 -0.63 0
    outer loop
      vertex -3.89812 -8.52835 2
      vertex -3.96095 -8.4509 7
      vertex -3.96095 -8.4509 2
    endloop
  endfacet
  facet normal -0.776595 -0.63 0
    outer loop
      vertex -3.96095 -8.4509 7
      vertex -3.89812 -8.52835 2
      vertex -3.89812 -8.52835 7
    endloop
  endfacet
  facet normal -0.755279 -0.655404 0
    outer loop
      vertex -3.83276 -8.60367 2
      vertex -3.89812 -8.52835 7
      vertex -3.89812 -8.52835 2
    endloop
  endfacet
  facet normal -0.755279 -0.655404 0
    outer loop
      vertex -3.89812 -8.52835 7
      vertex -3.83276 -8.60367 2
      vertex -3.83276 -8.60367 7
    endloop
  endfacet
  facet normal -0.732986 -0.680243 0
    outer loop
      vertex -3.76492 -8.67677 2
      vertex -3.83276 -8.60367 7
      vertex -3.83276 -8.60367 2
    endloop
  endfacet
  facet normal -0.732986 -0.680243 0
    outer loop
      vertex -3.83276 -8.60367 7
      vertex -3.76492 -8.67677 2
      vertex -3.76492 -8.67677 7
    endloop
  endfacet
  facet normal -0.710108 -0.704092 0
    outer loop
      vertex -3.6947 -8.74759 2
      vertex -3.76492 -8.67677 7
      vertex -3.76492 -8.67677 2
    endloop
  endfacet
  facet normal -0.710108 -0.704092 0
    outer loop
      vertex -3.76492 -8.67677 7
      vertex -3.6947 -8.74759 2
      vertex -3.6947 -8.74759 7
    endloop
  endfacet
  facet normal -0.686199 -0.727413 0
    outer loop
      vertex -3.6947 -8.74759 2
      vertex -3.62216 -8.81602 7
      vertex -3.6947 -8.74759 7
    endloop
  endfacet
  facet normal -0.686199 -0.727413 -0
    outer loop
      vertex -3.62216 -8.81602 7
      vertex -3.6947 -8.74759 2
      vertex -3.62216 -8.81602 2
    endloop
  endfacet
  facet normal -0.661771 -0.749706 0
    outer loop
      vertex -3.62216 -8.81602 2
      vertex -3.54739 -8.88202 7
      vertex -3.62216 -8.81602 7
    endloop
  endfacet
  facet normal -0.661771 -0.749706 -0
    outer loop
      vertex -3.54739 -8.88202 7
      vertex -3.62216 -8.81602 2
      vertex -3.54739 -8.88202 2
    endloop
  endfacet
  facet normal -0.63634 -0.771409 0
    outer loop
      vertex -3.54739 -8.88202 2
      vertex -3.47046 -8.94548 7
      vertex -3.54739 -8.88202 7
    endloop
  endfacet
  facet normal -0.63634 -0.771409 -0
    outer loop
      vertex -3.47046 -8.94548 7
      vertex -3.54739 -8.88202 2
      vertex -3.47046 -8.94548 2
    endloop
  endfacet
  facet normal -0.610408 -0.792087 0
    outer loop
      vertex -3.47046 -8.94548 2
      vertex -3.39146 -9.00636 7
      vertex -3.47046 -8.94548 7
    endloop
  endfacet
  facet normal -0.610408 -0.792087 -0
    outer loop
      vertex -3.39146 -9.00636 7
      vertex -3.47046 -8.94548 2
      vertex -3.39146 -9.00636 2
    endloop
  endfacet
  facet normal -0.583787 -0.811907 0
    outer loop
      vertex -3.39146 -9.00636 2
      vertex -3.31049 -9.06458 7
      vertex -3.39146 -9.00636 7
    endloop
  endfacet
  facet normal -0.583787 -0.811907 -0
    outer loop
      vertex -3.31049 -9.06458 7
      vertex -3.39146 -9.00636 2
      vertex -3.31049 -9.06458 2
    endloop
  endfacet
  facet normal -0.556435 -0.830891 0
    outer loop
      vertex -3.31049 -9.06458 2
      vertex -3.22763 -9.12007 7
      vertex -3.31049 -9.06458 7
    endloop
  endfacet
  facet normal -0.556435 -0.830891 -0
    outer loop
      vertex -3.22763 -9.12007 7
      vertex -3.31049 -9.06458 2
      vertex -3.22763 -9.12007 2
    endloop
  endfacet
  facet normal -0.528538 -0.84891 0
    outer loop
      vertex -3.22763 -9.12007 2
      vertex -3.14297 -9.17278 7
      vertex -3.22763 -9.12007 7
    endloop
  endfacet
  facet normal -0.528538 -0.84891 -0
    outer loop
      vertex -3.14297 -9.17278 7
      vertex -3.22763 -9.12007 2
      vertex -3.14297 -9.17278 2
    endloop
  endfacet
  facet normal -0.499913 -0.866075 0
    outer loop
      vertex -3.14297 -9.17278 2
      vertex -3.05659 -9.22264 7
      vertex -3.14297 -9.17278 7
    endloop
  endfacet
  facet normal -0.499913 -0.866075 -0
    outer loop
      vertex -3.05659 -9.22264 7
      vertex -3.14297 -9.17278 2
      vertex -3.05659 -9.22264 2
    endloop
  endfacet
  facet normal -0.471041 -0.882111 0
    outer loop
      vertex -3.05659 -9.22264 2
      vertex -2.96863 -9.26961 7
      vertex -3.05659 -9.22264 7
    endloop
  endfacet
  facet normal -0.471041 -0.882111 -0
    outer loop
      vertex -2.96863 -9.26961 7
      vertex -3.05659 -9.22264 2
      vertex -2.96863 -9.26961 2
    endloop
  endfacet
  facet normal -0.441388 -0.897316 0
    outer loop
      vertex -2.96863 -9.26961 2
      vertex -2.87914 -9.31363 7
      vertex -2.96863 -9.26961 7
    endloop
  endfacet
  facet normal -0.441388 -0.897316 -0
    outer loop
      vertex -2.87914 -9.31363 7
      vertex -2.96863 -9.26961 2
      vertex -2.87914 -9.31363 2
    endloop
  endfacet
  facet normal -0.411165 -0.911561 0
    outer loop
      vertex -2.87914 -9.31363 2
      vertex -2.78822 -9.35464 7
      vertex -2.87914 -9.31363 7
    endloop
  endfacet
  facet normal -0.411165 -0.911561 -0
    outer loop
      vertex -2.78822 -9.35464 7
      vertex -2.87914 -9.31363 2
      vertex -2.78822 -9.35464 2
    endloop
  endfacet
  facet normal -0.38076 -0.924674 0
    outer loop
      vertex -2.78822 -9.35464 2
      vertex -2.69601 -9.39261 7
      vertex -2.78822 -9.35464 7
    endloop
  endfacet
  facet normal -0.38076 -0.924674 -0
    outer loop
      vertex -2.69601 -9.39261 7
      vertex -2.78822 -9.35464 2
      vertex -2.69601 -9.39261 2
    endloop
  endfacet
  facet normal -0.349925 -0.936778 0
    outer loop
      vertex -2.69601 -9.39261 2
      vertex -2.60258 -9.42751 7
      vertex -2.69601 -9.39261 7
    endloop
  endfacet
  facet normal -0.349925 -0.936778 -0
    outer loop
      vertex -2.60258 -9.42751 7
      vertex -2.69601 -9.39261 2
      vertex -2.60258 -9.42751 2
    endloop
  endfacet
  facet normal -0.318423 -0.947949 0
    outer loop
      vertex -2.60258 -9.42751 2
      vertex -2.50806 -9.45926 7
      vertex -2.60258 -9.42751 7
    endloop
  endfacet
  facet normal -0.318423 -0.947949 -0
    outer loop
      vertex -2.50806 -9.45926 7
      vertex -2.60258 -9.42751 2
      vertex -2.50806 -9.45926 2
    endloop
  endfacet
  facet normal -0.286842 -0.957978 0
    outer loop
      vertex -2.50806 -9.45926 2
      vertex -2.41251 -9.48787 7
      vertex -2.50806 -9.45926 7
    endloop
  endfacet
  facet normal -0.286842 -0.957978 -0
    outer loop
      vertex -2.41251 -9.48787 7
      vertex -2.50806 -9.45926 2
      vertex -2.41251 -9.48787 2
    endloop
  endfacet
  facet normal -0.254784 -0.966998 0
    outer loop
      vertex -2.41251 -9.48787 2
      vertex -2.31607 -9.51328 7
      vertex -2.41251 -9.48787 7
    endloop
  endfacet
  facet normal -0.254784 -0.966998 -0
    outer loop
      vertex -2.31607 -9.51328 7
      vertex -2.41251 -9.48787 2
      vertex -2.31607 -9.51328 2
    endloop
  endfacet
  facet normal -0.222405 -0.974954 0
    outer loop
      vertex -2.31607 -9.51328 2
      vertex -2.21884 -9.53546 7
      vertex -2.31607 -9.51328 7
    endloop
  endfacet
  facet normal -0.222405 -0.974954 -0
    outer loop
      vertex -2.21884 -9.53546 7
      vertex -2.31607 -9.51328 2
      vertex -2.21884 -9.53546 2
    endloop
  endfacet
  facet normal -0.190037 -0.981777 0
    outer loop
      vertex -2.21884 -9.53546 2
      vertex -2.12094 -9.55441 7
      vertex -2.21884 -9.53546 7
    endloop
  endfacet
  facet normal -0.190037 -0.981777 -0
    outer loop
      vertex -2.12094 -9.55441 7
      vertex -2.21884 -9.53546 2
      vertex -2.12094 -9.55441 2
    endloop
  endfacet
  facet normal -0.157322 -0.987547 0
    outer loop
      vertex -2.12094 -9.55441 2
      vertex -2.02245 -9.5701 7
      vertex -2.12094 -9.55441 7
    endloop
  endfacet
  facet normal -0.157322 -0.987547 -0
    outer loop
      vertex -2.02245 -9.5701 7
      vertex -2.12094 -9.55441 2
      vertex -2.02245 -9.5701 2
    endloop
  endfacet
  facet normal -0.124331 -0.992241 0
    outer loop
      vertex -2.02245 -9.5701 2
      vertex -1.92349 -9.5825 7
      vertex -2.02245 -9.5701 7
    endloop
  endfacet
  facet normal -0.124331 -0.992241 -0
    outer loop
      vertex -1.92349 -9.5825 7
      vertex -2.02245 -9.5701 2
      vertex -1.92349 -9.5825 2
    endloop
  endfacet
  facet normal -0.0912591 -0.995827 0
    outer loop
      vertex -1.92349 -9.5825 2
      vertex -1.82419 -9.5916 7
      vertex -1.92349 -9.5825 7
    endloop
  endfacet
  facet normal -0.0912591 -0.995827 -0
    outer loop
      vertex -1.82419 -9.5916 7
      vertex -1.92349 -9.5825 2
      vertex -1.82419 -9.5916 2
    endloop
  endfacet
  facet normal -0.0581519 -0.998308 0
    outer loop
      vertex -1.82419 -9.5916 2
      vertex -1.72462 -9.5974 7
      vertex -1.82419 -9.5916 7
    endloop
  endfacet
  facet normal -0.0581519 -0.998308 -0
    outer loop
      vertex -1.72462 -9.5974 7
      vertex -1.82419 -9.5916 2
      vertex -1.72462 -9.5974 2
    endloop
  endfacet
  facet normal -0.020777 -0.999784 0
    outer loop
      vertex -1.72462 -9.5974 2
      vertex -1.59999 -9.59999 7
      vertex -1.72462 -9.5974 7
    endloop
  endfacet
  facet normal -0.020777 -0.999784 -0
    outer loop
      vertex -1.59999 -9.59999 7
      vertex -1.72462 -9.5974 2
      vertex -1.59999 -9.59999 2
    endloop
  endfacet
  facet normal 0 -1 0
    outer loop
      vertex -1.59999 -9.59999 2
      vertex 1.59999 -9.59999 7
      vertex -1.59999 -9.59999 7
    endloop
  endfacet
  facet normal 0 -1 -0
    outer loop
      vertex 1.59999 -9.59999 7
      vertex -1.59999 -9.59999 2
      vertex 1.59999 -9.59999 2
    endloop
  endfacet
  facet normal 0.0166443 -0.999861 0
    outer loop
      vertex 1.59999 -9.59999 2
      vertex 1.69971 -9.59833 7
      vertex 1.59999 -9.59999 7
    endloop
  endfacet
  facet normal 0.0166443 -0.999861 0
    outer loop
      vertex 1.69971 -9.59833 7
      vertex 1.59999 -9.59999 2
      vertex 1.69971 -9.59833 2
    endloop
  endfacet
  facet normal 0.0206812 0.999786 -0
    outer loop
      vertex -1.57983 -7.67999 2
      vertex -1.64896 -7.67856 7
      vertex -1.57983 -7.67999 7
    endloop
  endfacet
  facet normal 0.0206812 0.999786 0
    outer loop
      vertex -1.64896 -7.67856 7
      vertex -1.57983 -7.67999 2
      vertex -1.64896 -7.67856 2
    endloop
  endfacet
  facet normal 0.0584258 0.998292 -0
    outer loop
      vertex -1.64896 -7.67856 2
      vertex -1.68057 -7.67671 7
      vertex -1.64896 -7.67856 7
    endloop
  endfacet
  facet normal 0.0584258 0.998292 0
    outer loop
      vertex -1.68057 -7.67671 7
      vertex -1.64896 -7.67856 2
      vertex -1.68057 -7.67671 2
    endloop
  endfacet
  facet normal 0.0909357 0.995857 -0
    outer loop
      vertex -1.68057 -7.67671 2
      vertex -1.71649 -7.67343 7
      vertex -1.68057 -7.67671 7
    endloop
  endfacet
  facet normal 0.0909357 0.995857 0
    outer loop
      vertex -1.71649 -7.67343 7
      vertex -1.68057 -7.67671 2
      vertex -1.71649 -7.67343 2
    endloop
  endfacet
  facet normal 0.124584 0.992209 -0
    outer loop
      vertex -1.71649 -7.67343 2
      vertex -1.75209 -7.66896 7
      vertex -1.71649 -7.67343 7
    endloop
  endfacet
  facet normal 0.124584 0.992209 0
    outer loop
      vertex -1.75209 -7.66896 7
      vertex -1.71649 -7.67343 2
      vertex -1.75209 -7.66896 2
    endloop
  endfacet
  facet normal 0.157246 0.98756 -0
    outer loop
      vertex -1.75209 -7.66896 2
      vertex -1.78726 -7.66336 7
      vertex -1.75209 -7.66896 7
    endloop
  endfacet
  facet normal 0.157246 0.98756 0
    outer loop
      vertex -1.78726 -7.66336 7
      vertex -1.75209 -7.66896 2
      vertex -1.78726 -7.66336 2
    endloop
  endfacet
  facet normal 0.190099 0.981765 -0
    outer loop
      vertex -1.78726 -7.66336 2
      vertex -1.82274 -7.65649 7
      vertex -1.78726 -7.66336 7
    endloop
  endfacet
  facet normal 0.190099 0.981765 0
    outer loop
      vertex -1.82274 -7.65649 7
      vertex -1.78726 -7.66336 2
      vertex -1.82274 -7.65649 2
    endloop
  endfacet
  facet normal 0.222397 0.974956 -0
    outer loop
      vertex -1.82274 -7.65649 2
      vertex -1.85803 -7.64844 7
      vertex -1.82274 -7.65649 7
    endloop
  endfacet
  facet normal 0.222397 0.974956 0
    outer loop
      vertex -1.85803 -7.64844 7
      vertex -1.82274 -7.65649 2
      vertex -1.85803 -7.64844 2
    endloop
  endfacet
  facet normal 0.254728 0.967013 -0
    outer loop
      vertex -1.85803 -7.64844 2
      vertex -1.8925 -7.63936 7
      vertex -1.85803 -7.64844 7
    endloop
  endfacet
  facet normal 0.254728 0.967013 0
    outer loop
      vertex -1.8925 -7.63936 7
      vertex -1.85803 -7.64844 2
      vertex -1.8925 -7.63936 2
    endloop
  endfacet
  facet normal 0.286988 0.957934 -0
    outer loop
      vertex -1.8925 -7.63936 2
      vertex -1.92668 -7.62912 7
      vertex -1.8925 -7.63936 7
    endloop
  endfacet
  facet normal 0.286988 0.957934 0
    outer loop
      vertex -1.92668 -7.62912 7
      vertex -1.8925 -7.63936 2
      vertex -1.92668 -7.62912 2
    endloop
  endfacet
  facet normal 0.3184 0.947957 -0
    outer loop
      vertex -1.92668 -7.62912 2
      vertex -1.96071 -7.61769 7
      vertex -1.92668 -7.62912 7
    endloop
  endfacet
  facet normal 0.3184 0.947957 0
    outer loop
      vertex -1.96071 -7.61769 7
      vertex -1.92668 -7.62912 2
      vertex -1.96071 -7.61769 2
    endloop
  endfacet
  facet normal 0.349667 0.936874 -0
    outer loop
      vertex -1.96071 -7.61769 2
      vertex -1.99455 -7.60506 7
      vertex -1.96071 -7.61769 7
    endloop
  endfacet
  facet normal 0.349667 0.936874 0
    outer loop
      vertex -1.99455 -7.60506 7
      vertex -1.96071 -7.61769 2
      vertex -1.99455 -7.60506 2
    endloop
  endfacet
  facet normal 0.380806 0.924655 -0
    outer loop
      vertex -1.99455 -7.60506 2
      vertex -2.0275 -7.59149 7
      vertex -1.99455 -7.60506 7
    endloop
  endfacet
  facet normal 0.380806 0.924655 0
    outer loop
      vertex -2.0275 -7.59149 7
      vertex -1.99455 -7.60506 2
      vertex -2.0275 -7.59149 2
    endloop
  endfacet
  facet normal 0.411292 0.911504 -0
    outer loop
      vertex -2.0275 -7.59149 2
      vertex -2.06061 -7.57655 7
      vertex -2.0275 -7.59149 7
    endloop
  endfacet
  facet normal 0.411292 0.911504 0
    outer loop
      vertex -2.06061 -7.57655 7
      vertex -2.0275 -7.59149 2
      vertex -2.06061 -7.57655 2
    endloop
  endfacet
  facet normal 0.441439 0.897291 -0
    outer loop
      vertex -2.06061 -7.57655 2
      vertex -2.09236 -7.56093 7
      vertex -2.06061 -7.57655 7
    endloop
  endfacet
  facet normal 0.441439 0.897291 0
    outer loop
      vertex -2.09236 -7.56093 7
      vertex -2.06061 -7.57655 2
      vertex -2.09236 -7.56093 2
    endloop
  endfacet
  facet normal 0.470817 0.882231 -0
    outer loop
      vertex -2.09236 -7.56093 2
      vertex -2.12444 -7.54381 7
      vertex -2.09236 -7.56093 7
    endloop
  endfacet
  facet normal 0.470817 0.882231 0
    outer loop
      vertex -2.12444 -7.54381 7
      vertex -2.09236 -7.56093 2
      vertex -2.12444 -7.54381 2
    endloop
  endfacet
  facet normal 0.499902 0.866082 -0
    outer loop
      vertex -2.12444 -7.54381 2
      vertex -2.15514 -7.52609 7
      vertex -2.12444 -7.54381 7
    endloop
  endfacet
  facet normal 0.499902 0.866082 0
    outer loop
      vertex -2.15514 -7.52609 7
      vertex -2.12444 -7.54381 2
      vertex -2.15514 -7.52609 2
    endloop
  endfacet
  facet normal 0.528577 0.848885 -0
    outer loop
      vertex -2.15514 -7.52609 2
      vertex -2.18575 -7.50703 7
      vertex -2.15514 -7.52609 7
    endloop
  endfacet
  facet normal 0.528577 0.848885 0
    outer loop
      vertex -2.18575 -7.50703 7
      vertex -2.15514 -7.52609 2
      vertex -2.18575 -7.50703 2
    endloop
  endfacet
  facet normal 0.55637 0.830935 -0
    outer loop
      vertex -2.18575 -7.50703 2
      vertex -2.21559 -7.48705 7
      vertex -2.18575 -7.50703 7
    endloop
  endfacet
  facet normal 0.55637 0.830935 0
    outer loop
      vertex -2.21559 -7.48705 7
      vertex -2.18575 -7.50703 2
      vertex -2.21559 -7.48705 2
    endloop
  endfacet
  facet normal 0.5841 0.811682 -0
    outer loop
      vertex -2.21559 -7.48705 2
      vertex -2.2448 -7.46603 7
      vertex -2.21559 -7.48705 7
    endloop
  endfacet
  facet normal 0.5841 0.811682 0
    outer loop
      vertex -2.2448 -7.46603 7
      vertex -2.21559 -7.48705 2
      vertex -2.2448 -7.46603 2
    endloop
  endfacet
  facet normal 0.610019 0.792387 -0
    outer loop
      vertex -2.2448 -7.46603 2
      vertex -2.27339 -7.44402 7
      vertex -2.2448 -7.46603 7
    endloop
  endfacet
  facet normal 0.610019 0.792387 0
    outer loop
      vertex -2.27339 -7.44402 7
      vertex -2.2448 -7.46603 2
      vertex -2.27339 -7.44402 2
    endloop
  endfacet
  facet normal 0.636708 0.771105 -0
    outer loop
      vertex -2.27339 -7.44402 2
      vertex -2.30093 -7.42128 7
      vertex -2.27339 -7.44402 7
    endloop
  endfacet
  facet normal 0.636708 0.771105 0
    outer loop
      vertex -2.30093 -7.42128 7
      vertex -2.27339 -7.44402 2
      vertex -2.30093 -7.42128 2
    endloop
  endfacet
  facet normal 0.661677 0.749789 -0
    outer loop
      vertex -2.30093 -7.42128 2
      vertex -2.32782 -7.39755 7
      vertex -2.30093 -7.42128 7
    endloop
  endfacet
  facet normal 0.661677 0.749789 0
    outer loop
      vertex -2.32782 -7.39755 7
      vertex -2.30093 -7.42128 2
      vertex -2.32782 -7.39755 2
    endloop
  endfacet
  facet normal 0.685966 0.727633 -0
    outer loop
      vertex -2.32782 -7.39755 2
      vertex -2.35384 -7.37302 7
      vertex -2.32782 -7.39755 7
    endloop
  endfacet
  facet normal 0.685966 0.727633 0
    outer loop
      vertex -2.35384 -7.37302 7
      vertex -2.32782 -7.39755 2
      vertex -2.35384 -7.37302 2
    endloop
  endfacet
  facet normal 0.710443 0.703754 0
    outer loop
      vertex -2.35384 -7.37302 7
      vertex -2.37909 -7.34753 2
      vertex -2.37909 -7.34753 7
    endloop
  endfacet
  facet normal 0.710443 0.703754 0
    outer loop
      vertex -2.37909 -7.34753 2
      vertex -2.35384 -7.37302 7
      vertex -2.35384 -7.37302 2
    endloop
  endfacet
  facet normal 0.732764 0.680483 0
    outer loop
      vertex -2.37909 -7.34753 7
      vertex -2.40343 -7.32132 2
      vertex -2.40343 -7.32132 7
    endloop
  endfacet
  facet normal 0.732764 0.680483 0
    outer loop
      vertex -2.40343 -7.32132 2
      vertex -2.37909 -7.34753 7
      vertex -2.37909 -7.34753 2
    endloop
  endfacet
  facet normal 0.755389 0.655277 0
    outer loop
      vertex -2.40343 -7.32132 7
      vertex -2.42719 -7.29393 2
      vertex -2.42719 -7.29393 7
    endloop
  endfacet
  facet normal 0.755389 0.655277 0
    outer loop
      vertex -2.42719 -7.29393 2
      vertex -2.40343 -7.32132 7
      vertex -2.40343 -7.32132 2
    endloop
  endfacet
  facet normal 0.77659 0.630006 0
    outer loop
      vertex -2.42719 -7.29393 7
      vertex -2.44984 -7.26601 2
      vertex -2.44984 -7.26601 7
    endloop
  endfacet
  facet normal 0.77659 0.630006 0
    outer loop
      vertex -2.44984 -7.26601 2
      vertex -2.42719 -7.29393 7
      vertex -2.42719 -7.29393 2
    endloop
  endfacet
  facet normal 0.797227 0.603679 0
    outer loop
      vertex -2.44984 -7.26601 7
      vertex -2.47133 -7.23763 2
      vertex -2.47133 -7.23763 7
    endloop
  endfacet
  facet normal 0.797227 0.603679 0
    outer loop
      vertex -2.47133 -7.23763 2
      vertex -2.44984 -7.26601 7
      vertex -2.44984 -7.26601 2
    endloop
  endfacet
  facet normal 0.816722 0.577032 0
    outer loop
      vertex -2.47133 -7.23763 7
      vertex -2.49213 -7.20819 2
      vertex -2.49213 -7.20819 7
    endloop
  endfacet
  facet normal 0.816722 0.577032 0
    outer loop
      vertex -2.49213 -7.20819 2
      vertex -2.47133 -7.23763 7
      vertex -2.47133 -7.23763 2
    endloop
  endfacet
  facet normal 0.835487 0.54951 0
    outer loop
      vertex -2.49213 -7.20819 7
      vertex -2.51196 -7.17804 2
      vertex -2.51196 -7.17804 7
    endloop
  endfacet
  facet normal 0.835487 0.54951 0
    outer loop
      vertex -2.51196 -7.17804 2
      vertex -2.49213 -7.20819 7
      vertex -2.49213 -7.20819 2
    endloop
  endfacet
  facet normal 0.8531 0.521747 0
    outer loop
      vertex -2.51196 -7.17804 7
      vertex -2.53043 -7.14784 2
      vertex -2.53043 -7.14784 7
    endloop
  endfacet
  facet normal 0.8531 0.521747 0
    outer loop
      vertex -2.53043 -7.14784 2
      vertex -2.51196 -7.17804 7
      vertex -2.51196 -7.17804 2
    endloop
  endfacet
  facet normal 0.870299 0.492523 0
    outer loop
      vertex -2.53043 -7.14784 7
      vertex -2.5482 -7.11644 2
      vertex -2.5482 -7.11644 7
    endloop
  endfacet
  facet normal 0.870299 0.492523 0
    outer loop
      vertex -2.5482 -7.11644 2
      vertex -2.53043 -7.14784 7
      vertex -2.53043 -7.14784 2
    endloop
  endfacet
  facet normal 0.886081 0.463531 0
    outer loop
      vertex -2.5482 -7.11644 7
      vertex -2.56494 -7.08444 2
      vertex -2.56494 -7.08444 7
    endloop
  endfacet
  facet normal 0.886081 0.463531 0
    outer loop
      vertex -2.56494 -7.08444 2
      vertex -2.5482 -7.11644 7
      vertex -2.5482 -7.11644 2
    endloop
  endfacet
  facet normal 0.900949 0.433925 0
    outer loop
      vertex -2.56494 -7.08444 7
      vertex -2.58041 -7.05232 2
      vertex -2.58041 -7.05232 7
    endloop
  endfacet
  facet normal 0.900949 0.433925 0
    outer loop
      vertex -2.58041 -7.05232 2
      vertex -2.56494 -7.08444 7
      vertex -2.56494 -7.08444 2
    endloop
  endfacet
  facet normal 0.914791 0.403927 0
    outer loop
      vertex -2.58041 -7.05232 7
      vertex -2.59499 -7.0193 2
      vertex -2.59499 -7.0193 7
    endloop
  endfacet
  facet normal 0.914791 0.403927 0
    outer loop
      vertex -2.59499 -7.0193 2
      vertex -2.58041 -7.05232 7
      vertex -2.58041 -7.05232 2
    endloop
  endfacet
  facet normal 0.927794 0.373092 0
    outer loop
      vertex -2.59499 -7.0193 7
      vertex -2.60822 -6.9864 2
      vertex -2.60822 -6.9864 7
    endloop
  endfacet
  facet normal 0.927794 0.373092 0
    outer loop
      vertex -2.60822 -6.9864 2
      vertex -2.59499 -7.0193 7
      vertex -2.59499 -7.0193 2
    endloop
  endfacet
  facet normal 0.939801 0.341721 0
    outer loop
      vertex -2.60822 -6.9864 7
      vertex -2.62059 -6.95238 2
      vertex -2.62059 -6.95238 7
    endloop
  endfacet
  facet normal 0.939801 0.341721 0
    outer loop
      vertex -2.62059 -6.95238 2
      vertex -2.60822 -6.9864 7
      vertex -2.60822 -6.9864 2
    endloop
  endfacet
  facet normal 0.950442 0.310903 0
    outer loop
      vertex -2.62059 -6.95238 7
      vertex -2.63181 -6.91808 2
      vertex -2.63181 -6.91808 7
    endloop
  endfacet
  facet normal 0.950442 0.310903 0
    outer loop
      vertex -2.63181 -6.91808 2
      vertex -2.62059 -6.95238 7
      vertex -2.62059 -6.95238 2
    endloop
  endfacet
  facet normal 0.96039 0.278661 0
    outer loop
      vertex -2.63181 -6.91808 7
      vertex -2.6418 -6.88365 2
      vertex -2.6418 -6.88365 7
    endloop
  endfacet
  facet normal 0.96039 0.278661 0
    outer loop
      vertex -2.6418 -6.88365 2
      vertex -2.63181 -6.91808 7
      vertex -2.63181 -6.91808 2
    endloop
  endfacet
  facet normal 0.969135 0.246532 0
    outer loop
      vertex -2.6418 -6.88365 7
      vertex -2.65065 -6.84886 2
      vertex -2.65065 -6.84886 7
    endloop
  endfacet
  facet normal 0.969135 0.246532 0
    outer loop
      vertex -2.65065 -6.84886 2
      vertex -2.6418 -6.88365 7
      vertex -2.6418 -6.88365 2
    endloop
  endfacet
  facet normal 0.97666 0.214792 0
    outer loop
      vertex -2.65065 -6.84886 7
      vertex -2.65831 -6.81403 2
      vertex -2.65831 -6.81403 7
    endloop
  endfacet
  facet normal 0.97666 0.214792 0
    outer loop
      vertex -2.65831 -6.81403 2
      vertex -2.65065 -6.84886 7
      vertex -2.65065 -6.84886 2
    endloop
  endfacet
  facet normal 0.983394 0.181481 0
    outer loop
      vertex -2.65831 -6.81403 7
      vertex -2.66483 -6.7787 2
      vertex -2.66483 -6.7787 7
    endloop
  endfacet
  facet normal 0.983394 0.181481 0
    outer loop
      vertex -2.66483 -6.7787 2
      vertex -2.65831 -6.81403 7
      vertex -2.65831 -6.81403 2
    endloop
  endfacet
  facet normal 0.988858 0.14886 0
    outer loop
      vertex -2.66483 -6.7787 7
      vertex -2.67015 -6.74336 2
      vertex -2.67015 -6.74336 7
    endloop
  endfacet
  facet normal 0.988858 0.14886 0
    outer loop
      vertex -2.67015 -6.74336 2
      vertex -2.66483 -6.7787 7
      vertex -2.66483 -6.7787 2
    endloop
  endfacet
  facet normal 0.993214 0.1163 0
    outer loop
      vertex -2.67015 -6.74336 7
      vertex -2.67439 -6.70715 2
      vertex -2.67439 -6.70715 7
    endloop
  endfacet
  facet normal 0.993214 0.1163 0
    outer loop
      vertex -2.67439 -6.70715 2
      vertex -2.67015 -6.74336 7
      vertex -2.67015 -6.74336 2
    endloop
  endfacet
  facet normal 0.996546 0.0830455 0
    outer loop
      vertex -2.67439 -6.70715 7
      vertex -2.67735 -6.67163 2
      vertex -2.67735 -6.67163 7
    endloop
  endfacet
  facet normal 0.996546 0.0830455 0
    outer loop
      vertex -2.67735 -6.67163 2
      vertex -2.67439 -6.70715 7
      vertex -2.67439 -6.70715 2
    endloop
  endfacet
  facet normal 0.99876 0.0497824 0
    outer loop
      vertex -2.67735 -6.67163 7
      vertex -2.67911 -6.63632 2
      vertex -2.67911 -6.63632 7
    endloop
  endfacet
  facet normal 0.99876 0.0497824 0
    outer loop
      vertex -2.67911 -6.63632 2
      vertex -2.67735 -6.67163 7
      vertex -2.67735 -6.67163 2
    endloop
  endfacet
  facet normal 0.999861 0.0166675 0
    outer loop
      vertex -2.67911 -6.63632 7
      vertex -2.67999 -6.58353 2
      vertex -2.67999 -6.58353 7
    endloop
  endfacet
  facet normal 0.999861 0.0166675 0
    outer loop
      vertex -2.67999 -6.58353 2
      vertex -2.67911 -6.63632 7
      vertex -2.67911 -6.63632 2
    endloop
  endfacet
  facet normal 1 -0 0
    outer loop
      vertex -2.67999 -6.58353 7
      vertex -2.67999 -5.63297 2
      vertex -2.67999 -5.63297 7
    endloop
  endfacet
  facet normal 1 0 0
    outer loop
      vertex -2.67999 -5.63297 2
      vertex -2.67999 -6.58353 7
      vertex -2.67999 -6.58353 2
    endloop
  endfacet
  facet normal 0.306775 -0.951782 0
    outer loop
      vertex -2.67999 -5.63297 2
      vertex -2.63733 -5.61922 7
      vertex -2.67999 -5.63297 7
    endloop
  endfacet
  facet normal 0.306775 -0.951782 0
    outer loop
      vertex -2.63733 -5.61922 7
      vertex -2.67999 -5.63297 2
      vertex -2.63733 -5.61922 2
    endloop
  endfacet
  facet normal 0.318414 -0.947952 0
    outer loop
      vertex -2.63733 -5.61922 2
      vertex -2.59181 -5.60393 7
      vertex -2.63733 -5.61922 7
    endloop
  endfacet
  facet normal 0.318414 -0.947952 0
    outer loop
      vertex -2.59181 -5.60393 7
      vertex -2.63733 -5.61922 2
      vertex -2.59181 -5.60393 2
    endloop
  endfacet
  facet normal 0.330391 -0.943844 0
    outer loop
      vertex -2.59181 -5.60393 2
      vertex -2.49768 -5.57098 7
      vertex -2.59181 -5.60393 7
    endloop
  endfacet
  facet normal 0.330391 -0.943844 0
    outer loop
      vertex -2.49768 -5.57098 7
      vertex -2.59181 -5.60393 2
      vertex -2.49768 -5.57098 2
    endloop
  endfacet
  facet normal 0.341995 -0.939702 0
    outer loop
      vertex -2.49768 -5.57098 2
      vertex -2.4527 -5.55461 7
      vertex -2.49768 -5.57098 7
    endloop
  endfacet
  facet normal 0.341995 -0.939702 0
    outer loop
      vertex -2.4527 -5.55461 7
      vertex -2.49768 -5.57098 2
      vertex -2.4527 -5.55461 2
    endloop
  endfacet
  facet normal 0.353759 -0.935336 0
    outer loop
      vertex -2.4527 -5.55461 2
      vertex -2.35942 -5.51933 7
      vertex -2.4527 -5.55461 7
    endloop
  endfacet
  facet normal 0.353759 -0.935336 0
    outer loop
      vertex -2.35942 -5.51933 7
      vertex -2.4527 -5.55461 2
      vertex -2.35942 -5.51933 2
    endloop
  endfacet
  facet normal 0.365191 -0.930933 0
    outer loop
      vertex -2.35942 -5.51933 2
      vertex -2.31509 -5.50194 7
      vertex -2.35942 -5.51933 7
    endloop
  endfacet
  facet normal 0.365191 -0.930933 0
    outer loop
      vertex -2.31509 -5.50194 7
      vertex -2.35942 -5.51933 2
      vertex -2.31509 -5.50194 2
    endloop
  endfacet
  facet normal 0.376848 -0.926275 0
    outer loop
      vertex -2.31509 -5.50194 2
      vertex -2.22272 -5.46436 7
      vertex -2.31509 -5.50194 7
    endloop
  endfacet
  facet normal 0.376848 -0.926275 0
    outer loop
      vertex -2.22272 -5.46436 7
      vertex -2.31509 -5.50194 2
      vertex -2.22272 -5.46436 2
    endloop
  endfacet
  facet normal 0.38854 -0.921432 0
    outer loop
      vertex -2.22272 -5.46436 2
      vertex -2.17842 -5.44568 7
      vertex -2.22272 -5.46436 7
    endloop
  endfacet
  facet normal 0.38854 -0.921432 0
    outer loop
      vertex -2.17842 -5.44568 7
      vertex -2.22272 -5.46436 2
      vertex -2.17842 -5.44568 2
    endloop
  endfacet
  facet normal 0.399961 -0.916532 0
    outer loop
      vertex -2.17842 -5.44568 2
      vertex -2.08701 -5.40579 7
      vertex -2.17842 -5.44568 7
    endloop
  endfacet
  facet normal 0.399961 -0.916532 0
    outer loop
      vertex -2.08701 -5.40579 7
      vertex -2.17842 -5.44568 2
      vertex -2.08701 -5.40579 2
    endloop
  endfacet
  facet normal 0.411227 -0.911533 0
    outer loop
      vertex -2.08701 -5.40579 2
      vertex -2.04352 -5.38617 7
      vertex -2.08701 -5.40579 7
    endloop
  endfacet
  facet normal 0.411227 -0.911533 0
    outer loop
      vertex -2.04352 -5.38617 7
      vertex -2.08701 -5.40579 2
      vertex -2.04352 -5.38617 2
    endloop
  endfacet
  facet normal 0.422584 -0.906324 0
    outer loop
      vertex -2.04352 -5.38617 2
      vertex -1.95312 -5.34402 7
      vertex -2.04352 -5.38617 7
    endloop
  endfacet
  facet normal 0.422584 -0.906324 0
    outer loop
      vertex -1.95312 -5.34402 7
      vertex -2.04352 -5.38617 2
      vertex -1.95312 -5.34402 2
    endloop
  endfacet
  facet normal 0.433766 -0.901026 0
    outer loop
      vertex -1.95312 -5.34402 2
      vertex -1.90981 -5.32317 7
      vertex -1.95312 -5.34402 7
    endloop
  endfacet
  facet normal 0.433766 -0.901026 0
    outer loop
      vertex -1.90981 -5.32317 7
      vertex -1.95312 -5.34402 2
      vertex -1.90981 -5.32317 2
    endloop
  endfacet
  facet normal 0.445127 -0.895468 0
    outer loop
      vertex -1.90981 -5.32317 2
      vertex -1.82051 -5.27878 7
      vertex -1.90981 -5.32317 7
    endloop
  endfacet
  facet normal 0.445127 -0.895468 0
    outer loop
      vertex -1.82051 -5.27878 7
      vertex -1.90981 -5.32317 2
      vertex -1.82051 -5.27878 2
    endloop
  endfacet
  facet normal 0.456163 -0.889896 0
    outer loop
      vertex -1.82051 -5.27878 2
      vertex -1.77806 -5.25702 7
      vertex -1.82051 -5.27878 7
    endloop
  endfacet
  facet normal 0.456163 -0.889896 0
    outer loop
      vertex -1.77806 -5.25702 7
      vertex -1.82051 -5.27878 2
      vertex -1.77806 -5.25702 2
    endloop
  endfacet
  facet normal 0.467233 -0.884134 0
    outer loop
      vertex -1.77806 -5.25702 2
      vertex -1.68988 -5.21042 7
      vertex -1.77806 -5.25702 7
    endloop
  endfacet
  facet normal 0.467233 -0.884134 0
    outer loop
      vertex -1.68988 -5.21042 7
      vertex -1.77806 -5.25702 2
      vertex -1.68988 -5.21042 2
    endloop
  endfacet
  facet normal 0.478283 -0.878206 0
    outer loop
      vertex -1.68988 -5.21042 2
      vertex -1.64774 -5.18747 7
      vertex -1.68988 -5.21042 7
    endloop
  endfacet
  facet normal 0.478283 -0.878206 0
    outer loop
      vertex -1.64774 -5.18747 7
      vertex -1.68988 -5.21042 2
      vertex -1.64774 -5.18747 2
    endloop
  endfacet
  facet normal 0.489147 -0.872201 0
    outer loop
      vertex -1.64774 -5.18747 2
      vertex -1.56076 -5.13869 7
      vertex -1.64774 -5.18747 7
    endloop
  endfacet
  facet normal 0.489147 -0.872201 0
    outer loop
      vertex -1.56076 -5.13869 7
      vertex -1.64774 -5.18747 2
      vertex -1.56076 -5.13869 2
    endloop
  endfacet
  facet normal 0.500159 -0.865934 0
    outer loop
      vertex -1.56076 -5.13869 2
      vertex -1.51952 -5.11487 7
      vertex -1.56076 -5.13869 7
    endloop
  endfacet
  facet normal 0.500159 -0.865934 0
    outer loop
      vertex -1.51952 -5.11487 7
      vertex -1.56076 -5.13869 2
      vertex -1.51952 -5.11487 2
    endloop
  endfacet
  facet normal 0.510687 -0.859767 0
    outer loop
      vertex -1.51952 -5.11487 2
      vertex -1.43376 -5.06393 7
      vertex -1.51952 -5.11487 7
    endloop
  endfacet
  facet normal 0.510687 -0.859767 0
    outer loop
      vertex -1.43376 -5.06393 7
      vertex -1.51952 -5.11487 2
      vertex -1.43376 -5.06393 2
    endloop
  endfacet
  facet normal 0.521366 -0.853333 0
    outer loop
      vertex -1.43376 -5.06393 2
      vertex -1.39258 -5.03877 7
      vertex -1.43376 -5.06393 7
    endloop
  endfacet
  facet normal 0.521366 -0.853333 0
    outer loop
      vertex -1.39258 -5.03877 7
      vertex -1.43376 -5.06393 2
      vertex -1.39258 -5.03877 2
    endloop
  endfacet
  facet normal 0.532124 -0.846666 0
    outer loop
      vertex -1.39258 -5.03877 2
      vertex -1.30814 -4.9857 7
      vertex -1.39258 -5.03877 7
    endloop
  endfacet
  facet normal 0.532124 -0.846666 0
    outer loop
      vertex -1.30814 -4.9857 7
      vertex -1.39258 -5.03877 2
      vertex -1.30814 -4.9857 2
    endloop
  endfacet
  facet normal 0.542704 -0.839924 0
    outer loop
      vertex -1.30814 -4.9857 2
      vertex -1.26804 -4.95979 7
      vertex -1.30814 -4.9857 7
    endloop
  endfacet
  facet normal 0.542704 -0.839924 0
    outer loop
      vertex -1.26804 -4.95979 7
      vertex -1.30814 -4.9857 2
      vertex -1.26804 -4.95979 2
    endloop
  endfacet
  facet normal 0.55294 -0.833221 0
    outer loop
      vertex -1.26804 -4.95979 2
      vertex -1.18495 -4.90465 7
      vertex -1.26804 -4.95979 7
    endloop
  endfacet
  facet normal 0.55294 -0.833221 0
    outer loop
      vertex -1.18495 -4.90465 7
      vertex -1.26804 -4.95979 2
      vertex -1.18495 -4.90465 2
    endloop
  endfacet
  facet normal 0.563402 -0.826183 0
    outer loop
      vertex -1.18495 -4.90465 2
      vertex -1.14543 -4.8777 7
      vertex -1.18495 -4.90465 7
    endloop
  endfacet
  facet normal 0.563402 -0.826183 0
    outer loop
      vertex -1.14543 -4.8777 7
      vertex -1.18495 -4.90465 2
      vertex -1.14543 -4.8777 2
    endloop
  endfacet
  facet normal 0.573577 -0.819152 0
    outer loop
      vertex -1.14543 -4.8777 2
      vertex -1.06374 -4.8205 7
      vertex -1.14543 -4.8777 7
    endloop
  endfacet
  facet normal 0.573577 -0.819152 0
    outer loop
      vertex -1.06374 -4.8205 7
      vertex -1.14543 -4.8777 2
      vertex -1.06374 -4.8205 2
    endloop
  endfacet
  facet normal 0.583632 -0.812018 0
    outer loop
      vertex -1.06374 -4.8205 2
      vertex -1.02495 -4.79262 7
      vertex -1.06374 -4.8205 7
    endloop
  endfacet
  facet normal 0.583632 -0.812018 0
    outer loop
      vertex -1.02495 -4.79262 7
      vertex -1.06374 -4.8205 2
      vertex -1.02495 -4.79262 2
    endloop
  endfacet
  facet normal 0.593783 -0.804625 0
    outer loop
      vertex -1.02495 -4.79262 2
      vertex -0.944702 -4.7334 7
      vertex -1.02495 -4.79262 7
    endloop
  endfacet
  facet normal 0.593783 -0.804625 0
    outer loop
      vertex -0.944702 -4.7334 7
      vertex -1.02495 -4.79262 2
      vertex -0.944702 -4.7334 2
    endloop
  endfacet
  facet normal 0.603781 -0.79715 0
    outer loop
      vertex -0.944702 -4.7334 2
      vertex -0.906586 -4.70453 7
      vertex -0.944702 -4.7334 7
    endloop
  endfacet
  facet normal 0.603781 -0.79715 0
    outer loop
      vertex -0.906586 -4.70453 7
      vertex -0.944702 -4.7334 2
      vertex -0.906586 -4.70453 2
    endloop
  endfacet
  facet normal 0.613623 -0.789599 0
    outer loop
      vertex -0.906586 -4.70453 2
      vertex -0.827835 -4.64333 7
      vertex -0.906586 -4.70453 7
    endloop
  endfacet
  facet normal 0.613623 -0.789599 0
    outer loop
      vertex -0.827835 -4.64333 7
      vertex -0.906586 -4.70453 2
      vertex -0.827835 -4.64333 2
    endloop
  endfacet
  facet normal 0.623709 -0.781656 0
    outer loop
      vertex -0.827835 -4.64333 2
      vertex -0.7901 -4.61322 7
      vertex -0.827835 -4.64333 7
    endloop
  endfacet
  facet normal 0.623709 -0.781656 0
    outer loop
      vertex -0.7901 -4.61322 7
      vertex -0.827835 -4.64333 2
      vertex -0.7901 -4.61322 2
    endloop
  endfacet
  facet normal 0.633319 -0.773891 0
    outer loop
      vertex -0.7901 -4.61322 2
      vertex -0.712921 -4.55006 7
      vertex -0.7901 -4.61322 7
    endloop
  endfacet
  facet normal 0.633319 -0.773891 0
    outer loop
      vertex -0.712921 -4.55006 7
      vertex -0.7901 -4.61322 2
      vertex -0.712921 -4.55006 2
    endloop
  endfacet
  facet normal 0.642756 -0.766071 0
    outer loop
      vertex -0.712921 -4.55006 2
      vertex -0.676498 -4.5195 7
      vertex -0.712921 -4.55006 7
    endloop
  endfacet
  facet normal 0.642756 -0.766071 0
    outer loop
      vertex -0.676498 -4.5195 7
      vertex -0.712921 -4.55006 2
      vertex -0.676498 -4.5195 2
    endloop
  endfacet
  facet normal 0.652275 -0.757983 0
    outer loop
      vertex -0.676498 -4.5195 2
      vertex -0.600906 -4.45445 7
      vertex -0.676498 -4.5195 7
    endloop
  endfacet
  facet normal 0.652275 -0.757983 0
    outer loop
      vertex -0.600906 -4.45445 7
      vertex -0.676498 -4.5195 2
      vertex -0.600906 -4.45445 2
    endloop
  endfacet
  facet normal 0.661719 -0.749752 0
    outer loop
      vertex -0.600906 -4.45445 2
      vertex -0.56517 -4.42291 7
      vertex -0.600906 -4.45445 7
    endloop
  endfacet
  facet normal 0.661719 -0.749752 0
    outer loop
      vertex -0.56517 -4.42291 7
      vertex -0.600906 -4.45445 2
      vertex -0.56517 -4.42291 2
    endloop
  endfacet
  facet normal 0.670884 -0.741562 0
    outer loop
      vertex -0.56517 -4.42291 2
      vertex -0.491211 -4.356 7
      vertex -0.56517 -4.42291 7
    endloop
  endfacet
  facet normal 0.670884 -0.741562 0
    outer loop
      vertex -0.491211 -4.356 7
      vertex -0.56517 -4.42291 2
      vertex -0.491211 -4.356 2
    endloop
  endfacet
  facet normal 0.68001 -0.733203 0
    outer loop
      vertex -0.491211 -4.356 2
      vertex -0.455856 -4.32321 7
      vertex -0.491211 -4.356 7
    endloop
  endfacet
  facet normal 0.68001 -0.733203 0
    outer loop
      vertex -0.455856 -4.32321 7
      vertex -0.491211 -4.356 2
      vertex -0.455856 -4.32321 2
    endloop
  endfacet
  facet normal 0.68929 -0.724486 0
    outer loop
      vertex -0.455856 -4.32321 2
      vertex -0.383606 -4.25447 7
      vertex -0.455856 -4.32321 7
    endloop
  endfacet
  facet normal 0.68929 -0.724486 0
    outer loop
      vertex -0.383606 -4.25447 7
      vertex -0.455856 -4.32321 2
      vertex -0.383606 -4.25447 2
    endloop
  endfacet
  facet normal 0.698049 -0.71605 0
    outer loop
      vertex -0.383606 -4.25447 2
      vertex -0.349396 -4.22112 7
      vertex -0.383606 -4.25447 7
    endloop
  endfacet
  facet normal 0.698049 -0.71605 0
    outer loop
      vertex -0.349396 -4.22112 7
      vertex -0.383606 -4.25447 2
      vertex -0.349396 -4.22112 2
    endloop
  endfacet
  facet normal 0.707127 -0.707087 0
    outer loop
      vertex -0.349396 -4.22112 7
      vertex -0.27887 -4.15059 2
      vertex -0.27887 -4.15059 7
    endloop
  endfacet
  facet normal 0.707127 -0.707087 0
    outer loop
      vertex -0.27887 -4.15059 2
      vertex -0.349396 -4.22112 7
      vertex -0.349396 -4.22112 2
    endloop
  endfacet
  facet normal 0.715987 -0.698114 0
    outer loop
      vertex -0.27887 -4.15059 7
      vertex -0.245514 -4.11638 2
      vertex -0.245514 -4.11638 7
    endloop
  endfacet
  facet normal 0.715987 -0.698114 0
    outer loop
      vertex -0.245514 -4.11638 2
      vertex -0.27887 -4.15059 7
      vertex -0.27887 -4.15059 2
    endloop
  endfacet
  facet normal 0.724481 -0.689295 0
    outer loop
      vertex -0.245514 -4.11638 7
      vertex -0.176773 -4.04413 2
      vertex -0.176773 -4.04413 7
    endloop
  endfacet
  facet normal 0.724481 -0.689295 0
    outer loop
      vertex -0.176773 -4.04413 2
      vertex -0.245514 -4.11638 7
      vertex -0.245514 -4.11638 2
    endloop
  endfacet
  facet normal 0.733241 -0.679969 0
    outer loop
      vertex -0.176773 -4.04413 7
      vertex -0.143982 -4.00877 2
      vertex -0.143982 -4.00877 7
    endloop
  endfacet
  facet normal 0.733241 -0.679969 0
    outer loop
      vertex -0.143982 -4.00877 2
      vertex -0.176773 -4.04413 7
      vertex -0.176773 -4.04413 2
    endloop
  endfacet
  facet normal 0.741567 -0.670879 0
    outer loop
      vertex -0.143982 -4.00877 7
      vertex -0.0770721 -3.93481 2
      vertex -0.0770721 -3.93481 7
    endloop
  endfacet
  facet normal 0.741567 -0.670879 0
    outer loop
      vertex -0.0770721 -3.93481 2
      vertex -0.143982 -4.00877 7
      vertex -0.143982 -4.00877 2
    endloop
  endfacet
  facet normal 0.749698 -0.66178 0
    outer loop
      vertex -0.0770721 -3.93481 7
      vertex -0.0455322 -3.89908 2
      vertex -0.0455322 -3.89908 7
    endloop
  endfacet
  facet normal 0.749698 -0.66178 0
    outer loop
      vertex -0.0455322 -3.89908 2
      vertex -0.0770721 -3.93481 7
      vertex -0.0770721 -3.93481 2
    endloop
  endfacet
  facet normal 0.757983 -0.652274 0
    outer loop
      vertex -0.0455322 -3.89908 7
      vertex 0.019516 -3.82349 2
      vertex 0.019516 -3.82349 7
    endloop
  endfacet
  facet normal 0.757983 -0.652274 0
    outer loop
      vertex 0.019516 -3.82349 2
      vertex -0.0455322 -3.89908 7
      vertex -0.0455322 -3.89908 2
    endloop
  endfacet
  facet normal 0.766097 -0.642725 0
    outer loop
      vertex 0.019516 -3.82349 7
      vertex 0.0500793 -3.78706 2
      vertex 0.0500793 -3.78706 7
    endloop
  endfacet
  facet normal 0.766097 -0.642725 0
    outer loop
      vertex 0.0500793 -3.78706 2
      vertex 0.019516 -3.82349 7
      vertex 0.019516 -3.82349 2
    endloop
  endfacet
  facet normal 0.773916 -0.633288 0
    outer loop
      vertex 0.0500793 -3.78706 7
      vertex 0.113235 -3.70988 2
      vertex 0.113235 -3.70988 7
    endloop
  endfacet
  facet normal 0.773916 -0.633288 0
    outer loop
      vertex 0.113235 -3.70988 2
      vertex 0.0500793 -3.78706 7
      vertex 0.0500793 -3.78706 2
    endloop
  endfacet
  facet normal 0.781656 -0.623709 0
    outer loop
      vertex 0.113235 -3.70988 7
      vertex 0.143341 -3.67215 2
      vertex 0.143341 -3.67215 7
    endloop
  endfacet
  facet normal 0.781656 -0.623709 0
    outer loop
      vertex 0.143341 -3.67215 2
      vertex 0.113235 -3.70988 7
      vertex 0.113235 -3.70988 2
    endloop
  endfacet
  facet normal 0.789581 -0.613647 0
    outer loop
      vertex 0.143341 -3.67215 7
      vertex 0.204544 -3.5934 2
      vertex 0.204544 -3.5934 7
    endloop
  endfacet
  facet normal 0.789581 -0.613647 0
    outer loop
      vertex 0.204544 -3.5934 2
      vertex 0.143341 -3.67215 7
      vertex 0.143341 -3.67215 2
    endloop
  endfacet
  facet normal 0.797181 -0.603741 0
    outer loop
      vertex 0.204544 -3.5934 7
      vertex 0.233414 -3.55528 2
      vertex 0.233414 -3.55528 7
    endloop
  endfacet
  facet normal 0.797181 -0.603741 0
    outer loop
      vertex 0.233414 -3.55528 2
      vertex 0.204544 -3.5934 7
      vertex 0.204544 -3.5934 2
    endloop
  endfacet
  facet normal 0.804602 -0.593815 0
    outer loop
      vertex 0.233414 -3.55528 7
      vertex 0.292633 -3.47504 2
      vertex 0.292633 -3.47504 7
    endloop
  endfacet
  facet normal 0.804602 -0.593815 0
    outer loop
      vertex 0.292633 -3.47504 2
      vertex 0.233414 -3.55528 7
      vertex 0.233414 -3.55528 2
    endloop
  endfacet
  facet normal 0.812038 -0.583604 0
    outer loop
      vertex 0.292633 -3.47504 7
      vertex 0.320511 -3.43625 2
      vertex 0.320511 -3.43625 7
    endloop
  endfacet
  facet normal 0.812038 -0.583604 0
    outer loop
      vertex 0.320511 -3.43625 2
      vertex 0.292633 -3.47504 7
      vertex 0.292633 -3.47504 2
    endloop
  endfacet
  facet normal 0.819161 -0.573563 0
    outer loop
      vertex 0.320511 -3.43625 7
      vertex 0.377716 -3.35455 2
      vertex 0.377716 -3.35455 7
    endloop
  endfacet
  facet normal 0.819161 -0.573563 0
    outer loop
      vertex 0.377716 -3.35455 2
      vertex 0.320511 -3.43625 7
      vertex 0.320511 -3.43625 2
    endloop
  endfacet
  facet normal 0.826212 -0.563359 0
    outer loop
      vertex 0.377716 -3.35455 7
      vertex 0.404663 -3.31503 2
      vertex 0.404663 -3.31503 7
    endloop
  endfacet
  facet normal 0.826212 -0.563359 0
    outer loop
      vertex 0.404663 -3.31503 2
      vertex 0.377716 -3.35455 7
      vertex 0.377716 -3.35455 2
    endloop
  endfacet
  facet normal 0.833167 -0.553021 0
    outer loop
      vertex 0.404663 -3.31503 7
      vertex 0.459808 -3.23195 2
      vertex 0.459808 -3.23195 7
    endloop
  endfacet
  facet normal 0.833167 -0.553021 0
    outer loop
      vertex 0.459808 -3.23195 2
      vertex 0.404663 -3.31503 7
      vertex 0.404663 -3.31503 2
    endloop
  endfacet
  facet normal 0.839924 -0.542704 0
    outer loop
      vertex 0.459808 -3.23195 7
      vertex 0.485718 -3.19185 2
      vertex 0.485718 -3.19185 7
    endloop
  endfacet
  facet normal 0.839924 -0.542704 0
    outer loop
      vertex 0.485718 -3.19185 2
      vertex 0.459808 -3.23195 7
      vertex 0.459808 -3.23195 2
    endloop
  endfacet
  facet normal 0.846666 -0.532124 0
    outer loop
      vertex 0.485718 -3.19185 7
      vertex 0.538788 -3.10741 2
      vertex 0.538788 -3.10741 7
    endloop
  endfacet
  facet normal 0.846666 -0.532124 0
    outer loop
      vertex 0.538788 -3.10741 2
      vertex 0.485718 -3.19185 7
      vertex 0.485718 -3.19185 2
    endloop
  endfacet
  facet normal 0.853349 -0.521341 0
    outer loop
      vertex 0.538788 -3.10741 7
      vertex 0.563873 -3.06635 2
      vertex 0.563873 -3.06635 7
    endloop
  endfacet
  facet normal 0.853349 -0.521341 0
    outer loop
      vertex 0.563873 -3.06635 2
      vertex 0.538788 -3.10741 7
      vertex 0.538788 -3.10741 2
    endloop
  endfacet
  facet normal 0.859741 -0.510731 0
    outer loop
      vertex 0.563873 -3.06635 7
      vertex 0.614807 -2.98061 2
      vertex 0.614807 -2.98061 7
    endloop
  endfacet
  facet normal 0.859741 -0.510731 0
    outer loop
      vertex 0.614807 -2.98061 2
      vertex 0.563873 -3.06635 7
      vertex 0.563873 -3.06635 2
    endloop
  endfacet
  facet normal 0.86601 -0.500027 0
    outer loop
      vertex 0.614807 -2.98061 7
      vertex 0.638763 -2.93912 2
      vertex 0.638763 -2.93912 7
    endloop
  endfacet
  facet normal 0.86601 -0.500027 0
    outer loop
      vertex 0.638763 -2.93912 2
      vertex 0.614807 -2.98061 7
      vertex 0.614807 -2.98061 2
    endloop
  endfacet
  facet normal 0.872213 -0.489127 0
    outer loop
      vertex 0.638763 -2.93912 7
      vertex 0.687546 -2.85213 2
      vertex 0.687546 -2.85213 7
    endloop
  endfacet
  facet normal 0.872213 -0.489127 0
    outer loop
      vertex 0.687546 -2.85213 2
      vertex 0.638763 -2.93912 7
      vertex 0.638763 -2.93912 2
    endloop
  endfacet
  facet normal 0.878224 -0.478249 0
    outer loop
      vertex 0.687546 -2.85213 7
      vertex 0.710434 -2.8101 2
      vertex 0.710434 -2.8101 7
    endloop
  endfacet
  facet normal 0.878224 -0.478249 0
    outer loop
      vertex 0.710434 -2.8101 2
      vertex 0.687546 -2.85213 7
      vertex 0.687546 -2.85213 2
    endloop
  endfacet
  facet normal 0.884134 -0.467233 0
    outer loop
      vertex 0.710434 -2.8101 7
      vertex 0.757034 -2.72192 2
      vertex 0.757034 -2.72192 7
    endloop
  endfacet
  facet normal 0.884134 -0.467233 0
    outer loop
      vertex 0.757034 -2.72192 2
      vertex 0.710434 -2.8101 7
      vertex 0.710434 -2.8101 2
    endloop
  endfacet
  facet normal 0.889905 -0.456147 0
    outer loop
      vertex 0.757034 -2.72192 7
      vertex 0.778793 -2.67947 2
      vertex 0.778793 -2.67947 7
    endloop
  endfacet
  facet normal 0.889905 -0.456147 0
    outer loop
      vertex 0.778793 -2.67947 2
      vertex 0.757034 -2.72192 7
      vertex 0.757034 -2.72192 2
    endloop
  endfacet
  facet normal 0.895456 -0.445151 0
    outer loop
      vertex 0.778793 -2.67947 7
      vertex 0.823181 -2.59018 2
      vertex 0.823181 -2.59018 7
    endloop
  endfacet
  facet normal 0.895456 -0.445151 0
    outer loop
      vertex 0.823181 -2.59018 2
      vertex 0.778793 -2.67947 7
      vertex 0.778793 -2.67947 2
    endloop
  endfacet
  facet normal 0.900992 -0.433836 0
    outer loop
      vertex 0.823181 -2.59018 7
      vertex 0.84404 -2.54686 2
      vertex 0.84404 -2.54686 7
    endloop
  endfacet
  facet normal 0.900992 -0.433836 0
    outer loop
      vertex 0.84404 -2.54686 2
      vertex 0.823181 -2.59018 7
      vertex 0.823181 -2.59018 2
    endloop
  endfacet
  facet normal 0.906325 -0.422581 0
    outer loop
      vertex 0.84404 -2.54686 7
      vertex 0.886185 -2.45647 2
      vertex 0.886185 -2.45647 7
    endloop
  endfacet
  facet normal 0.906325 -0.422581 0
    outer loop
      vertex 0.886185 -2.45647 2
      vertex 0.84404 -2.54686 7
      vertex 0.84404 -2.54686 2
    endloop
  endfacet
  facet normal 0.911517 -0.411262 0
    outer loop
      vertex 0.886185 -2.45647 7
      vertex 0.905807 -2.41298 2
      vertex 0.905807 -2.41298 7
    endloop
  endfacet
  facet normal 0.911517 -0.411262 0
    outer loop
      vertex 0.905807 -2.41298 2
      vertex 0.886185 -2.45647 7
      vertex 0.886185 -2.45647 2
    endloop
  endfacet
  facet normal 0.916559 -0.399899 0
    outer loop
      vertex 0.905807 -2.41298 7
      vertex 0.945694 -2.32156 2
      vertex 0.945694 -2.32156 7
    endloop
  endfacet
  facet normal 0.916559 -0.399899 0
    outer loop
      vertex 0.945694 -2.32156 2
      vertex 0.905807 -2.41298 7
      vertex 0.905807 -2.41298 2
    endloop
  endfacet
  facet normal 0.921423 -0.388562 0
    outer loop
      vertex 0.945694 -2.32156 7
      vertex 0.964371 -2.27727 2
      vertex 0.964371 -2.27727 7
    endloop
  endfacet
  facet normal 0.921423 -0.388562 0
    outer loop
      vertex 0.964371 -2.27727 2
      vertex 0.945694 -2.32156 7
      vertex 0.945694 -2.32156 2
    endloop
  endfacet
  facet normal 0.926293 -0.376804 0
    outer loop
      vertex 0.964371 -2.27727 7
      vertex 1.00195 -2.18489 2
      vertex 1.00195 -2.18489 7
    endloop
  endfacet
  facet normal 0.926293 -0.376804 0
    outer loop
      vertex 1.00195 -2.18489 2
      vertex 0.964371 -2.27727 7
      vertex 0.964371 -2.27727 2
    endloop
  endfacet
  facet normal 0.930861 -0.365373 0
    outer loop
      vertex 1.00195 -2.18489 7
      vertex 1.01935 -2.14056 2
      vertex 1.01935 -2.14056 7
    endloop
  endfacet
  facet normal 0.930861 -0.365373 0
    outer loop
      vertex 1.01935 -2.14056 2
      vertex 1.00195 -2.18489 7
      vertex 1.00195 -2.18489 2
    endloop
  endfacet
  facet normal 0.935324 -0.353793 0
    outer loop
      vertex 1.01935 -2.14056 7
      vertex 1.05463 -2.04729 2
      vertex 1.05463 -2.04729 7
    endloop
  endfacet
  facet normal 0.935324 -0.353793 0
    outer loop
      vertex 1.05463 -2.04729 2
      vertex 1.01935 -2.14056 7
      vertex 1.01935 -2.14056 2
    endloop
  endfacet
  facet normal 0.939726 -0.341928 0
    outer loop
      vertex 1.05463 -2.04729 7
      vertex 1.071 -2.0023 2
      vertex 1.071 -2.0023 7
    endloop
  endfacet
  facet normal 0.939726 -0.341928 0
    outer loop
      vertex 1.071 -2.0023 2
      vertex 1.05463 -2.04729 7
      vertex 1.05463 -2.04729 2
    endloop
  endfacet
  facet normal 0.943876 -0.330301 0
    outer loop
      vertex 1.071 -2.0023 7
      vertex 1.10394 -1.90817 2
      vertex 1.10394 -1.90817 7
    endloop
  endfacet
  facet normal 0.943876 -0.330301 0
    outer loop
      vertex 1.10394 -1.90817 2
      vertex 1.071 -2.0023 7
      vertex 1.071 -2.0023 2
    endloop
  endfacet
  facet normal 0.947931 -0.318476 0
    outer loop
      vertex 1.10394 -1.90817 7
      vertex 1.11923 -1.86266 2
      vertex 1.11923 -1.86266 7
    endloop
  endfacet
  facet normal 0.947931 -0.318476 0
    outer loop
      vertex 1.11923 -1.86266 2
      vertex 1.10394 -1.90817 7
      vertex 1.10394 -1.90817 2
    endloop
  endfacet
  facet normal 0.951833 -0.306616 0
    outer loop
      vertex 1.11923 -1.86266 7
      vertex 1.14981 -1.76773 2
      vertex 1.14981 -1.76773 7
    endloop
  endfacet
  facet normal 0.951833 -0.306616 0
    outer loop
      vertex 1.14981 -1.76773 2
      vertex 1.11923 -1.86266 7
      vertex 1.11923 -1.86266 2
    endloop
  endfacet
  facet normal 0.955593 -0.29469 0
    outer loop
      vertex 1.14981 -1.76773 7
      vertex 1.16386 -1.72217 2
      vertex 1.16386 -1.72217 7
    endloop
  endfacet
  facet normal 0.955593 -0.29469 0
    outer loop
      vertex 1.16386 -1.72217 2
      vertex 1.14981 -1.76773 7
      vertex 1.14981 -1.76773 2
    endloop
  endfacet
  facet normal 0.959135 -0.282948 0
    outer loop
      vertex 1.16386 -1.72217 7
      vertex 1.19208 -1.62651 2
      vertex 1.19208 -1.62651 7
    endloop
  endfacet
  facet normal 0.959135 -0.282948 0
    outer loop
      vertex 1.19208 -1.62651 2
      vertex 1.16386 -1.72217 7
      vertex 1.16386 -1.72217 2
    endloop
  endfacet
  facet normal 0.962619 -0.27086 0
    outer loop
      vertex 1.19208 -1.62651 7
      vertex 1.20515 -1.58006 2
      vertex 1.20515 -1.58006 7
    endloop
  endfacet
  facet normal 0.962619 -0.27086 0
    outer loop
      vertex 1.20515 -1.58006 2
      vertex 1.19208 -1.62651 7
      vertex 1.19208 -1.62651 2
    endloop
  endfacet
  facet normal 0.965936 -0.25878 0
    outer loop
      vertex 1.20515 -1.58006 7
      vertex 1.23096 -1.48372 2
      vertex 1.23096 -1.48372 7
    endloop
  endfacet
  facet normal 0.965936 -0.25878 0
    outer loop
      vertex 1.23096 -1.48372 2
      vertex 1.20515 -1.58006 7
      vertex 1.20515 -1.58006 2
    endloop
  endfacet
  facet normal 0.969106 -0.246643 0
    outer loop
      vertex 1.23096 -1.48372 7
      vertex 1.24268 -1.43767 2
      vertex 1.24268 -1.43767 7
    endloop
  endfacet
  facet normal 0.969106 -0.246643 0
    outer loop
      vertex 1.24268 -1.43767 2
      vertex 1.23096 -1.48372 7
      vertex 1.23096 -1.48372 2
    endloop
  endfacet
  facet normal 0.972081 -0.234647 0
    outer loop
      vertex 1.24268 -1.43767 7
      vertex 1.26608 -1.34073 2
      vertex 1.26608 -1.34073 7
    endloop
  endfacet
  facet normal 0.972081 -0.234647 0
    outer loop
      vertex 1.26608 -1.34073 2
      vertex 1.24268 -1.43767 7
      vertex 1.24268 -1.43767 2
    endloop
  endfacet
  facet normal 0.97493 -0.222513 0
    outer loop
      vertex 1.26608 -1.34073 7
      vertex 1.27675 -1.29398 2
      vertex 1.27675 -1.29398 7
    endloop
  endfacet
  facet normal 0.97493 -0.222513 0
    outer loop
      vertex 1.27675 -1.29398 2
      vertex 1.26608 -1.34073 7
      vertex 1.26608 -1.34073 2
    endloop
  endfacet
  facet normal 0.977627 -0.210344 0
    outer loop
      vertex 1.27675 -1.29398 7
      vertex 1.29773 -1.19647 2
      vertex 1.29773 -1.19647 7
    endloop
  endfacet
  facet normal 0.977627 -0.210344 0
    outer loop
      vertex 1.29773 -1.19647 2
      vertex 1.27675 -1.29398 7
      vertex 1.27675 -1.29398 2
    endloop
  endfacet
  facet normal 0.980121 -0.198402 0
    outer loop
      vertex 1.29773 -1.19647 7
      vertex 1.30724 -1.14949 2
      vertex 1.30724 -1.14949 7
    endloop
  endfacet
  facet normal 0.980121 -0.198402 0
    outer loop
      vertex 1.30724 -1.14949 2
      vertex 1.29773 -1.19647 7
      vertex 1.29773 -1.19647 2
    endloop
  endfacet
  facet normal 0.982568 -0.185905 0
    outer loop
      vertex 1.30724 -1.14949 7
      vertex 1.32578 -1.0515 2
      vertex 1.32578 -1.0515 7
    endloop
  endfacet
  facet normal 0.982568 -0.185905 0
    outer loop
      vertex 1.32578 -1.0515 2
      vertex 1.30724 -1.14949 7
      vertex 1.30724 -1.14949 2
    endloop
  endfacet
  facet normal 0.984834 -0.173498 0
    outer loop
      vertex 1.32578 -1.0515 7
      vertex 1.33406 -1.0045 2
      vertex 1.33406 -1.0045 7
    endloop
  endfacet
  facet normal 0.984834 -0.173498 0
    outer loop
      vertex 1.33406 -1.0045 2
      vertex 1.32578 -1.0515 7
      vertex 1.32578 -1.0515 2
    endloop
  endfacet
  facet normal 0.986882 -0.161442 0
    outer loop
      vertex 1.33406 -1.0045 7
      vertex 1.35016 -0.906082 2
      vertex 1.35016 -0.906082 7
    endloop
  endfacet
  facet normal 0.986882 -0.161442 0
    outer loop
      vertex 1.35016 -0.906082 2
      vertex 1.33406 -1.0045 7
      vertex 1.33406 -1.0045 2
    endloop
  endfacet
  facet normal 0.988848 -0.148929 0
    outer loop
      vertex 1.35016 -0.906082 7
      vertex 1.35733 -0.858475 2
      vertex 1.35733 -0.858475 7
    endloop
  endfacet
  facet normal 0.988848 -0.148929 0
    outer loop
      vertex 1.35733 -0.858475 2
      vertex 1.35016 -0.906082 7
      vertex 1.35016 -0.906082 2
    endloop
  endfacet
  facet normal 0.990618 -0.13666 0
    outer loop
      vertex 1.35733 -0.858475 7
      vertex 1.37096 -0.759674 2
      vertex 1.37096 -0.759674 7
    endloop
  endfacet
  facet normal 0.990618 -0.13666 0
    outer loop
      vertex 1.37096 -0.759674 2
      vertex 1.35733 -0.858475 7
      vertex 1.35733 -0.858475 2
    endloop
  endfacet
  facet normal 0.992244 -0.124303 0
    outer loop
      vertex 1.37096 -0.759674 7
      vertex 1.37688 -0.712418 2
      vertex 1.37688 -0.712418 7
    endloop
  endfacet
  facet normal 0.992244 -0.124303 0
    outer loop
      vertex 1.37688 -0.712418 2
      vertex 1.37096 -0.759674 7
      vertex 1.37096 -0.759674 2
    endloop
  endfacet
  facet normal 0.993706 -0.112015 0
    outer loop
      vertex 1.37688 -0.712418 7
      vertex 1.38805 -0.613327 2
      vertex 1.38805 -0.613327 7
    endloop
  endfacet
  facet normal 0.993706 -0.112015 0
    outer loop
      vertex 1.38805 -0.613327 2
      vertex 1.37688 -0.712418 7
      vertex 1.37688 -0.712418 2
    endloop
  endfacet
  facet normal 0.995037 -0.0995099 0
    outer loop
      vertex 1.38805 -0.613327 7
      vertex 1.39284 -0.56543 2
      vertex 1.39284 -0.56543 7
    endloop
  endfacet
  facet normal 0.995037 -0.0995099 0
    outer loop
      vertex 1.39284 -0.56543 2
      vertex 1.38805 -0.613327 7
      vertex 1.38805 -0.613327 2
    endloop
  endfacet
  facet normal 0.996205 -0.0870363 0
    outer loop
      vertex 1.39284 -0.56543 7
      vertex 1.40152 -0.46608 2
      vertex 1.40152 -0.46608 7
    endloop
  endfacet
  facet normal 0.996205 -0.0870363 0
    outer loop
      vertex 1.40152 -0.46608 2
      vertex 1.39284 -0.56543 7
      vertex 1.39284 -0.56543 2
    endloop
  endfacet
  facet normal 0.997182 -0.0750236 0
    outer loop
      vertex 1.40152 -0.46608 7
      vertex 1.40508 -0.418762 2
      vertex 1.40508 -0.418762 7
    endloop
  endfacet
  facet normal 0.997182 -0.0750236 0
    outer loop
      vertex 1.40508 -0.418762 2
      vertex 1.40152 -0.46608 7
      vertex 1.40152 -0.46608 2
    endloop
  endfacet
  facet normal 0.998054 -0.0623608 0
    outer loop
      vertex 1.40508 -0.418762 7
      vertex 1.4113 -0.319214 2
      vertex 1.4113 -0.319214 7
    endloop
  endfacet
  facet normal 0.998054 -0.0623608 0
    outer loop
      vertex 1.4113 -0.319214 2
      vertex 1.40508 -0.418762 7
      vertex 1.40508 -0.418762 2
    endloop
  endfacet
  facet normal 0.99876 -0.0497752 0
    outer loop
      vertex 1.4113 -0.319214 7
      vertex 1.4137 -0.271057 2
      vertex 1.4137 -0.271057 7
    endloop
  endfacet
  facet normal 0.99876 -0.0497752 0
    outer loop
      vertex 1.4137 -0.271057 2
      vertex 1.4113 -0.319214 7
      vertex 1.4113 -0.319214 2
    endloop
  endfacet
  facet normal 0.999304 -0.0373028 0
    outer loop
      vertex 1.4137 -0.271057 7
      vertex 1.41742 -0.171402 2
      vertex 1.41742 -0.171402 7
    endloop
  endfacet
  facet normal 0.999304 -0.0373028 0
    outer loop
      vertex 1.41742 -0.171402 2
      vertex 1.4137 -0.271057 7
      vertex 1.4137 -0.271057 2
    endloop
  endfacet
  facet normal 0.999691 -0.0248451 0
    outer loop
      vertex 1.41742 -0.171402 7
      vertex 1.41861 -0.12352 2
      vertex 1.41861 -0.12352 7
    endloop
  endfacet
  facet normal 0.999691 -0.0248451 0
    outer loop
      vertex 1.41861 -0.12352 2
      vertex 1.41742 -0.171402 7
      vertex 1.41742 -0.171402 2
    endloop
  endfacet
  facet normal 0.999923 -0.0124343 0
    outer loop
      vertex 1.41861 -0.12352 7
      vertex 1.41985 -0.0238037 2
      vertex 1.41985 -0.0238037 7
    endloop
  endfacet
  facet normal 0.999923 -0.0124343 0
    outer loop
      vertex 1.41985 -0.0238037 2
      vertex 1.41861 -0.12352 7
      vertex 1.41861 -0.12352 2
    endloop
  endfacet
  facet normal 1 -0 0
    outer loop
      vertex 1.41985 -0.0238037 7
      vertex 1.41985 0.0238037 2
      vertex 1.41985 0.0238037 7
    endloop
  endfacet
  facet normal 1 0 0
    outer loop
      vertex 1.41985 0.0238037 2
      vertex 1.41985 -0.0238037 7
      vertex 1.41985 -0.0238037 2
    endloop
  endfacet
  facet normal 0.999923 0.0124343 0
    outer loop
      vertex 1.41985 0.0238037 7
      vertex 1.41861 0.12352 2
      vertex 1.41861 0.12352 7
    endloop
  endfacet
  facet normal 0.999923 0.0124343 0
    outer loop
      vertex 1.41861 0.12352 2
      vertex 1.41985 0.0238037 7
      vertex 1.41985 0.0238037 2
    endloop
  endfacet
  facet normal 0.999691 0.0248451 0
    outer loop
      vertex 1.41861 0.12352 7
      vertex 1.41742 0.171402 2
      vertex 1.41742 0.171402 7
    endloop
  endfacet
  facet normal 0.999691 0.0248451 0
    outer loop
      vertex 1.41742 0.171402 2
      vertex 1.41861 0.12352 7
      vertex 1.41861 0.12352 2
    endloop
  endfacet
  facet normal 0.999304 0.0373028 0
    outer loop
      vertex 1.41742 0.171402 7
      vertex 1.4137 0.271057 2
      vertex 1.4137 0.271057 7
    endloop
  endfacet
  facet normal 0.999304 0.0373028 0
    outer loop
      vertex 1.4137 0.271057 2
      vertex 1.41742 0.171402 7
      vertex 1.41742 0.171402 2
    endloop
  endfacet
  facet normal 0.99876 0.0497752 0
    outer loop
      vertex 1.4137 0.271057 7
      vertex 1.4113 0.319214 2
      vertex 1.4113 0.319214 7
    endloop
  endfacet
  facet normal 0.99876 0.0497752 0
    outer loop
      vertex 1.4113 0.319214 2
      vertex 1.4137 0.271057 7
      vertex 1.4137 0.271057 2
    endloop
  endfacet
  facet normal 0.998054 0.0623608 0
    outer loop
      vertex 1.4113 0.319214 7
      vertex 1.40508 0.418762 2
      vertex 1.40508 0.418762 7
    endloop
  endfacet
  facet normal 0.998054 0.0623608 0
    outer loop
      vertex 1.40508 0.418762 2
      vertex 1.4113 0.319214 7
      vertex 1.4113 0.319214 2
    endloop
  endfacet
  facet normal 0.997182 0.0750236 0
    outer loop
      vertex 1.40508 0.418762 7
      vertex 1.40152 0.46608 2
      vertex 1.40152 0.46608 7
    endloop
  endfacet
  facet normal 0.997182 0.0750236 0
    outer loop
      vertex 1.40152 0.46608 2
      vertex 1.40508 0.418762 7
      vertex 1.40508 0.418762 2
    endloop
  endfacet
  facet normal 0.996205 0.0870363 0
    outer loop
      vertex 1.40152 0.46608 7
      vertex 1.39284 0.56543 2
      vertex 1.39284 0.56543 7
    endloop
  endfacet
  facet normal 0.996205 0.0870363 0
    outer loop
      vertex 1.39284 0.56543 2
      vertex 1.40152 0.46608 7
      vertex 1.40152 0.46608 2
    endloop
  endfacet
  facet normal 0.995037 0.0995099 0
    outer loop
      vertex 1.39284 0.56543 7
      vertex 1.38805 0.613327 2
      vertex 1.38805 0.613327 7
    endloop
  endfacet
  facet normal 0.995037 0.0995099 0
    outer loop
      vertex 1.38805 0.613327 2
      vertex 1.39284 0.56543 7
      vertex 1.39284 0.56543 2
    endloop
  endfacet
  facet normal 0.993706 0.112015 0
    outer loop
      vertex 1.38805 0.613327 7
      vertex 1.37688 0.712418 2
      vertex 1.37688 0.712418 7
    endloop
  endfacet
  facet normal 0.993706 0.112015 0
    outer loop
      vertex 1.37688 0.712418 2
      vertex 1.38805 0.613327 7
      vertex 1.38805 0.613327 2
    endloop
  endfacet
  facet normal 0.992244 0.124303 0
    outer loop
      vertex 1.37688 0.712418 7
      vertex 1.37096 0.759674 2
      vertex 1.37096 0.759674 7
    endloop
  endfacet
  facet normal 0.992244 0.124303 0
    outer loop
      vertex 1.37096 0.759674 2
      vertex 1.37688 0.712418 7
      vertex 1.37688 0.712418 2
    endloop
  endfacet
  facet normal 0.990618 0.13666 0
    outer loop
      vertex 1.37096 0.759674 7
      vertex 1.35733 0.858475 2
      vertex 1.35733 0.858475 7
    endloop
  endfacet
  facet normal 0.990618 0.13666 0
    outer loop
      vertex 1.35733 0.858475 2
      vertex 1.37096 0.759674 7
      vertex 1.37096 0.759674 2
    endloop
  endfacet
  facet normal 0.988848 0.148929 0
    outer loop
      vertex 1.35733 0.858475 7
      vertex 1.35016 0.906082 2
      vertex 1.35016 0.906082 7
    endloop
  endfacet
  facet normal 0.988848 0.148929 0
    outer loop
      vertex 1.35016 0.906082 2
      vertex 1.35733 0.858475 7
      vertex 1.35733 0.858475 2
    endloop
  endfacet
  facet normal 0.986882 0.161442 0
    outer loop
      vertex 1.35016 0.906082 7
      vertex 1.33406 1.0045 2
      vertex 1.33406 1.0045 7
    endloop
  endfacet
  facet normal 0.986882 0.161442 0
    outer loop
      vertex 1.33406 1.0045 2
      vertex 1.35016 0.906082 7
      vertex 1.35016 0.906082 2
    endloop
  endfacet
  facet normal 0.984834 0.173498 0
    outer loop
      vertex 1.33406 1.0045 7
      vertex 1.32578 1.0515 2
      vertex 1.32578 1.0515 7
    endloop
  endfacet
  facet normal 0.984834 0.173498 0
    outer loop
      vertex 1.32578 1.0515 2
      vertex 1.33406 1.0045 7
      vertex 1.33406 1.0045 2
    endloop
  endfacet
  facet normal 0.982568 0.185905 0
    outer loop
      vertex 1.32578 1.0515 7
      vertex 1.30724 1.14949 2
      vertex 1.30724 1.14949 7
    endloop
  endfacet
  facet normal 0.982568 0.185905 0
    outer loop
      vertex 1.30724 1.14949 2
      vertex 1.32578 1.0515 7
      vertex 1.32578 1.0515 2
    endloop
  endfacet
  facet normal 0.980121 0.198402 0
    outer loop
      vertex 1.30724 1.14949 7
      vertex 1.29773 1.19647 2
      vertex 1.29773 1.19647 7
    endloop
  endfacet
  facet normal 0.980121 0.198402 0
    outer loop
      vertex 1.29773 1.19647 2
      vertex 1.30724 1.14949 7
      vertex 1.30724 1.14949 2
    endloop
  endfacet
  facet normal 0.977627 0.210344 0
    outer loop
      vertex 1.29773 1.19647 7
      vertex 1.27675 1.29398 2
      vertex 1.27675 1.29398 7
    endloop
  endfacet
  facet normal 0.977627 0.210344 0
    outer loop
      vertex 1.27675 1.29398 2
      vertex 1.29773 1.19647 7
      vertex 1.29773 1.19647 2
    endloop
  endfacet
  facet normal 0.97493 0.222513 0
    outer loop
      vertex 1.27675 1.29398 7
      vertex 1.26608 1.34073 2
      vertex 1.26608 1.34073 7
    endloop
  endfacet
  facet normal 0.97493 0.222513 0
    outer loop
      vertex 1.26608 1.34073 2
      vertex 1.27675 1.29398 7
      vertex 1.27675 1.29398 2
    endloop
  endfacet
  facet normal 0.972081 0.234647 0
    outer loop
      vertex 1.26608 1.34073 7
      vertex 1.24268 1.43767 2
      vertex 1.24268 1.43767 7
    endloop
  endfacet
  facet normal 0.972081 0.234647 0
    outer loop
      vertex 1.24268 1.43767 2
      vertex 1.26608 1.34073 7
      vertex 1.26608 1.34073 2
    endloop
  endfacet
  facet normal 0.969106 0.246643 0
    outer loop
      vertex 1.24268 1.43767 7
      vertex 1.23096 1.48372 2
      vertex 1.23096 1.48372 7
    endloop
  endfacet
  facet normal 0.969106 0.246643 0
    outer loop
      vertex 1.23096 1.48372 2
      vertex 1.24268 1.43767 7
      vertex 1.24268 1.43767 2
    endloop
  endfacet
  facet normal 0.965936 0.25878 0
    outer loop
      vertex 1.23096 1.48372 7
      vertex 1.20515 1.58006 2
      vertex 1.20515 1.58006 7
    endloop
  endfacet
  facet normal 0.965936 0.25878 0
    outer loop
      vertex 1.20515 1.58006 2
      vertex 1.23096 1.48372 7
      vertex 1.23096 1.48372 2
    endloop
  endfacet
  facet normal 0.962619 0.27086 0
    outer loop
      vertex 1.20515 1.58006 7
      vertex 1.19208 1.62651 2
      vertex 1.19208 1.62651 7
    endloop
  endfacet
  facet normal 0.962619 0.27086 0
    outer loop
      vertex 1.19208 1.62651 2
      vertex 1.20515 1.58006 7
      vertex 1.20515 1.58006 2
    endloop
  endfacet
  facet normal 0.959135 0.282948 0
    outer loop
      vertex 1.19208 1.62651 7
      vertex 1.16386 1.72217 2
      vertex 1.16386 1.72217 7
    endloop
  endfacet
  facet normal 0.959135 0.282948 0
    outer loop
      vertex 1.16386 1.72217 2
      vertex 1.19208 1.62651 7
      vertex 1.19208 1.62651 2
    endloop
  endfacet
  facet normal 0.955593 0.29469 0
    outer loop
      vertex 1.16386 1.72217 7
      vertex 1.14981 1.76773 2
      vertex 1.14981 1.76773 7
    endloop
  endfacet
  facet normal 0.955593 0.29469 0
    outer loop
      vertex 1.14981 1.76773 2
      vertex 1.16386 1.72217 7
      vertex 1.16386 1.72217 2
    endloop
  endfacet
  facet normal 0.951833 0.306616 0
    outer loop
      vertex 1.14981 1.76773 7
      vertex 1.11923 1.86266 2
      vertex 1.11923 1.86266 7
    endloop
  endfacet
  facet normal 0.951833 0.306616 0
    outer loop
      vertex 1.11923 1.86266 2
      vertex 1.14981 1.76773 7
      vertex 1.14981 1.76773 2
    endloop
  endfacet
  facet normal 0.947931 0.318476 0
    outer loop
      vertex 1.11923 1.86266 7
      vertex 1.10394 1.90817 2
      vertex 1.10394 1.90817 7
    endloop
  endfacet
  facet normal 0.947931 0.318476 0
    outer loop
      vertex 1.10394 1.90817 2
      vertex 1.11923 1.86266 7
      vertex 1.11923 1.86266 2
    endloop
  endfacet
  facet normal 0.943876 0.330301 0
    outer loop
      vertex 1.10394 1.90817 7
      vertex 1.071 2.0023 2
      vertex 1.071 2.0023 7
    endloop
  endfacet
  facet normal 0.943876 0.330301 0
    outer loop
      vertex 1.071 2.0023 2
      vertex 1.10394 1.90817 7
      vertex 1.10394 1.90817 2
    endloop
  endfacet
  facet normal 0.939726 0.341928 0
    outer loop
      vertex 1.071 2.0023 7
      vertex 1.05463 2.04729 2
      vertex 1.05463 2.04729 7
    endloop
  endfacet
  facet normal 0.939726 0.341928 0
    outer loop
      vertex 1.05463 2.04729 2
      vertex 1.071 2.0023 7
      vertex 1.071 2.0023 2
    endloop
  endfacet
  facet normal 0.935324 0.353793 0
    outer loop
      vertex 1.05463 2.04729 7
      vertex 1.01935 2.14056 2
      vertex 1.01935 2.14056 7
    endloop
  endfacet
  facet normal 0.935324 0.353793 0
    outer loop
      vertex 1.01935 2.14056 2
      vertex 1.05463 2.04729 7
      vertex 1.05463 2.04729 2
    endloop
  endfacet
  facet normal 0.930861 0.365373 0
    outer loop
      vertex 1.01935 2.14056 7
      vertex 1.00195 2.18489 2
      vertex 1.00195 2.18489 7
    endloop
  endfacet
  facet normal 0.930861 0.365373 0
    outer loop
      vertex 1.00195 2.18489 2
      vertex 1.01935 2.14056 7
      vertex 1.01935 2.14056 2
    endloop
  endfacet
  facet normal 0.926293 0.376804 0
    outer loop
      vertex 1.00195 2.18489 7
      vertex 0.964371 2.27727 2
      vertex 0.964371 2.27727 7
    endloop
  endfacet
  facet normal 0.926293 0.376804 0
    outer loop
      vertex 0.964371 2.27727 2
      vertex 1.00195 2.18489 7
      vertex 1.00195 2.18489 2
    endloop
  endfacet
  facet normal 0.921423 0.388562 0
    outer loop
      vertex 0.964371 2.27727 7
      vertex 0.945694 2.32156 2
      vertex 0.945694 2.32156 7
    endloop
  endfacet
  facet normal 0.921423 0.388562 0
    outer loop
      vertex 0.945694 2.32156 2
      vertex 0.964371 2.27727 7
      vertex 0.964371 2.27727 2
    endloop
  endfacet
  facet normal 0.916559 0.399899 0
    outer loop
      vertex 0.945694 2.32156 7
      vertex 0.905807 2.41298 2
      vertex 0.905807 2.41298 7
    endloop
  endfacet
  facet normal 0.916559 0.399899 0
    outer loop
      vertex 0.905807 2.41298 2
      vertex 0.945694 2.32156 7
      vertex 0.945694 2.32156 2
    endloop
  endfacet
  facet normal 0.911517 0.411262 0
    outer loop
      vertex 0.905807 2.41298 7
      vertex 0.886185 2.45647 2
      vertex 0.886185 2.45647 7
    endloop
  endfacet
  facet normal 0.911517 0.411262 0
    outer loop
      vertex 0.886185 2.45647 2
      vertex 0.905807 2.41298 7
      vertex 0.905807 2.41298 2
    endloop
  endfacet
  facet normal 0.906325 0.422581 0
    outer loop
      vertex 0.886185 2.45647 7
      vertex 0.84404 2.54686 2
      vertex 0.84404 2.54686 7
    endloop
  endfacet
  facet normal 0.906325 0.422581 0
    outer loop
      vertex 0.84404 2.54686 2
      vertex 0.886185 2.45647 7
      vertex 0.886185 2.45647 2
    endloop
  endfacet
  facet normal 0.900992 0.433836 0
    outer loop
      vertex 0.84404 2.54686 7
      vertex 0.823181 2.59018 2
      vertex 0.823181 2.59018 7
    endloop
  endfacet
  facet normal 0.900992 0.433836 0
    outer loop
      vertex 0.823181 2.59018 2
      vertex 0.84404 2.54686 7
      vertex 0.84404 2.54686 2
    endloop
  endfacet
  facet normal 0.895456 0.445151 0
    outer loop
      vertex 0.823181 2.59018 7
      vertex 0.778793 2.67947 2
      vertex 0.778793 2.67947 7
    endloop
  endfacet
  facet normal 0.895456 0.445151 0
    outer loop
      vertex 0.778793 2.67947 2
      vertex 0.823181 2.59018 7
      vertex 0.823181 2.59018 2
    endloop
  endfacet
  facet normal 0.889905 0.456147 0
    outer loop
      vertex 0.778793 2.67947 7
      vertex 0.757034 2.72192 2
      vertex 0.757034 2.72192 7
    endloop
  endfacet
  facet normal 0.889905 0.456147 0
    outer loop
      vertex 0.757034 2.72192 2
      vertex 0.778793 2.67947 7
      vertex 0.778793 2.67947 2
    endloop
  endfacet
  facet normal 0.884134 0.467233 0
    outer loop
      vertex 0.757034 2.72192 7
      vertex 0.710434 2.8101 2
      vertex 0.710434 2.8101 7
    endloop
  endfacet
  facet normal 0.884134 0.467233 0
    outer loop
      vertex 0.710434 2.8101 2
      vertex 0.757034 2.72192 7
      vertex 0.757034 2.72192 2
    endloop
  endfacet
  facet normal 0.878224 0.478249 0
    outer loop
      vertex 0.710434 2.8101 7
      vertex 0.687546 2.85213 2
      vertex 0.687546 2.85213 7
    endloop
  endfacet
  facet normal 0.878224 0.478249 0
    outer loop
      vertex 0.687546 2.85213 2
      vertex 0.710434 2.8101 7
      vertex 0.710434 2.8101 2
    endloop
  endfacet
  facet normal 0.872213 0.489127 0
    outer loop
      vertex 0.687546 2.85213 7
      vertex 0.638763 2.93912 2
      vertex 0.638763 2.93912 7
    endloop
  endfacet
  facet normal 0.872213 0.489127 0
    outer loop
      vertex 0.638763 2.93912 2
      vertex 0.687546 2.85213 7
      vertex 0.687546 2.85213 2
    endloop
  endfacet
  facet normal 0.86601 0.500027 0
    outer loop
      vertex 0.638763 2.93912 7
      vertex 0.614807 2.98061 2
      vertex 0.614807 2.98061 7
    endloop
  endfacet
  facet normal 0.86601 0.500027 0
    outer loop
      vertex 0.614807 2.98061 2
      vertex 0.638763 2.93912 7
      vertex 0.638763 2.93912 2
    endloop
  endfacet
  facet normal 0.859741 0.510731 0
    outer loop
      vertex 0.614807 2.98061 7
      vertex 0.563873 3.06635 2
      vertex 0.563873 3.06635 7
    endloop
  endfacet
  facet normal 0.859741 0.510731 0
    outer loop
      vertex 0.563873 3.06635 2
      vertex 0.614807 2.98061 7
      vertex 0.614807 2.98061 2
    endloop
  endfacet
  facet normal 0.853349 0.521341 0
    outer loop
      vertex 0.563873 3.06635 7
      vertex 0.538788 3.10741 2
      vertex 0.538788 3.10741 7
    endloop
  endfacet
  facet normal 0.853349 0.521341 0
    outer loop
      vertex 0.538788 3.10741 2
      vertex 0.563873 3.06635 7
      vertex 0.563873 3.06635 2
    endloop
  endfacet
  facet normal 0.846666 0.532124 0
    outer loop
      vertex 0.538788 3.10741 7
      vertex 0.485718 3.19185 2
      vertex 0.485718 3.19185 7
    endloop
  endfacet
  facet normal 0.846666 0.532124 0
    outer loop
      vertex 0.485718 3.19185 2
      vertex 0.538788 3.10741 7
      vertex 0.538788 3.10741 2
    endloop
  endfacet
  facet normal 0.839924 0.542704 0
    outer loop
      vertex 0.485718 3.19185 7
      vertex 0.459808 3.23195 2
      vertex 0.459808 3.23195 7
    endloop
  endfacet
  facet normal 0.839924 0.542704 0
    outer loop
      vertex 0.459808 3.23195 2
      vertex 0.485718 3.19185 7
      vertex 0.485718 3.19185 2
    endloop
  endfacet
  facet normal 0.833167 0.553021 0
    outer loop
      vertex 0.459808 3.23195 7
      vertex 0.404663 3.31503 2
      vertex 0.404663 3.31503 7
    endloop
  endfacet
  facet normal 0.833167 0.553021 0
    outer loop
      vertex 0.404663 3.31503 2
      vertex 0.459808 3.23195 7
      vertex 0.459808 3.23195 2
    endloop
  endfacet
  facet normal 0.826212 0.563359 0
    outer loop
      vertex 0.404663 3.31503 7
      vertex 0.377716 3.35455 2
      vertex 0.377716 3.35455 7
    endloop
  endfacet
  facet normal 0.826212 0.563359 0
    outer loop
      vertex 0.377716 3.35455 2
      vertex 0.404663 3.31503 7
      vertex 0.404663 3.31503 2
    endloop
  endfacet
  facet normal 0.819161 0.573563 0
    outer loop
      vertex 0.377716 3.35455 7
      vertex 0.320511 3.43625 2
      vertex 0.320511 3.43625 7
    endloop
  endfacet
  facet normal 0.819161 0.573563 0
    outer loop
      vertex 0.320511 3.43625 2
      vertex 0.377716 3.35455 7
      vertex 0.377716 3.35455 2
    endloop
  endfacet
  facet normal 0.812038 0.583604 0
    outer loop
      vertex 0.320511 3.43625 7
      vertex 0.292633 3.47504 2
      vertex 0.292633 3.47504 7
    endloop
  endfacet
  facet normal 0.812038 0.583604 0
    outer loop
      vertex 0.292633 3.47504 2
      vertex 0.320511 3.43625 7
      vertex 0.320511 3.43625 2
    endloop
  endfacet
  facet normal 0.804602 0.593815 0
    outer loop
      vertex 0.292633 3.47504 7
      vertex 0.233414 3.55528 2
      vertex 0.233414 3.55528 7
    endloop
  endfacet
  facet normal 0.804602 0.593815 0
    outer loop
      vertex 0.233414 3.55528 2
      vertex 0.292633 3.47504 7
      vertex 0.292633 3.47504 2
    endloop
  endfacet
  facet normal 0.797181 0.603741 0
    outer loop
      vertex 0.233414 3.55528 7
      vertex 0.204544 3.5934 2
      vertex 0.204544 3.5934 7
    endloop
  endfacet
  facet normal 0.797181 0.603741 0
    outer loop
      vertex 0.204544 3.5934 2
      vertex 0.233414 3.55528 7
      vertex 0.233414 3.55528 2
    endloop
  endfacet
  facet normal 0.789581 0.613647 0
    outer loop
      vertex 0.204544 3.5934 7
      vertex 0.143341 3.67215 2
      vertex 0.143341 3.67215 7
    endloop
  endfacet
  facet normal 0.789581 0.613647 0
    outer loop
      vertex 0.143341 3.67215 2
      vertex 0.204544 3.5934 7
      vertex 0.204544 3.5934 2
    endloop
  endfacet
  facet normal 0.781656 0.623709 0
    outer loop
      vertex 0.143341 3.67215 7
      vertex 0.113235 3.70988 2
      vertex 0.113235 3.70988 7
    endloop
  endfacet
  facet normal 0.781656 0.623709 0
    outer loop
      vertex 0.113235 3.70988 2
      vertex 0.143341 3.67215 7
      vertex 0.143341 3.67215 2
    endloop
  endfacet
  facet normal 0.773916 0.633288 0
    outer loop
      vertex 0.113235 3.70988 7
      vertex 0.0500793 3.78706 2
      vertex 0.0500793 3.78706 7
    endloop
  endfacet
  facet normal 0.773916 0.633288 0
    outer loop
      vertex 0.0500793 3.78706 2
      vertex 0.113235 3.70988 7
      vertex 0.113235 3.70988 2
    endloop
  endfacet
  facet normal 0.766097 0.642725 0
    outer loop
      vertex 0.0500793 3.78706 7
      vertex 0.019516 3.82349 2
      vertex 0.019516 3.82349 7
    endloop
  endfacet
  facet normal 0.766097 0.642725 0
    outer loop
      vertex 0.019516 3.82349 2
      vertex 0.0500793 3.78706 7
      vertex 0.0500793 3.78706 2
    endloop
  endfacet
  facet normal 0.757983 0.652274 0
    outer loop
      vertex 0.019516 3.82349 7
      vertex -0.0455322 3.89908 2
      vertex -0.0455322 3.89908 7
    endloop
  endfacet
  facet normal 0.757983 0.652274 0
    outer loop
      vertex -0.0455322 3.89908 2
      vertex 0.019516 3.82349 7
      vertex 0.019516 3.82349 2
    endloop
  endfacet
  facet normal 0.749698 0.66178 0
    outer loop
      vertex -0.0455322 3.89908 7
      vertex -0.0770721 3.93481 2
      vertex -0.0770721 3.93481 7
    endloop
  endfacet
  facet normal 0.749698 0.66178 0
    outer loop
      vertex -0.0770721 3.93481 2
      vertex -0.0455322 3.89908 7
      vertex -0.0455322 3.89908 2
    endloop
  endfacet
  facet normal 0.741567 0.670879 0
    outer loop
      vertex -0.0770721 3.93481 7
      vertex -0.143982 4.00877 2
      vertex -0.143982 4.00877 7
    endloop
  endfacet
  facet normal 0.741567 0.670879 0
    outer loop
      vertex -0.143982 4.00877 2
      vertex -0.0770721 3.93481 7
      vertex -0.0770721 3.93481 2
    endloop
  endfacet
  facet normal 0.733241 0.679969 0
    outer loop
      vertex -0.143982 4.00877 7
      vertex -0.176773 4.04413 2
      vertex -0.176773 4.04413 7
    endloop
  endfacet
  facet normal 0.733241 0.679969 0
    outer loop
      vertex -0.176773 4.04413 2
      vertex -0.143982 4.00877 7
      vertex -0.143982 4.00877 2
    endloop
  endfacet
  facet normal 0.724481 0.689295 0
    outer loop
      vertex -0.176773 4.04413 7
      vertex -0.245514 4.11638 2
      vertex -0.245514 4.11638 7
    endloop
  endfacet
  facet normal 0.724481 0.689295 0
    outer loop
      vertex -0.245514 4.11638 2
      vertex -0.176773 4.04413 7
      vertex -0.176773 4.04413 2
    endloop
  endfacet
  facet normal 0.715987 0.698114 0
    outer loop
      vertex -0.245514 4.11638 7
      vertex -0.27887 4.15059 2
      vertex -0.27887 4.15059 7
    endloop
  endfacet
  facet normal 0.715987 0.698114 0
    outer loop
      vertex -0.27887 4.15059 2
      vertex -0.245514 4.11638 7
      vertex -0.245514 4.11638 2
    endloop
  endfacet
  facet normal 0.707127 0.707087 0
    outer loop
      vertex -0.27887 4.15059 7
      vertex -0.349396 4.22112 2
      vertex -0.349396 4.22112 7
    endloop
  endfacet
  facet normal 0.707127 0.707087 0
    outer loop
      vertex -0.349396 4.22112 2
      vertex -0.27887 4.15059 7
      vertex -0.27887 4.15059 2
    endloop
  endfacet
  facet normal 0.698049 0.71605 -0
    outer loop
      vertex -0.349396 4.22112 2
      vertex -0.383606 4.25447 7
      vertex -0.349396 4.22112 7
    endloop
  endfacet
  facet normal 0.698049 0.71605 0
    outer loop
      vertex -0.383606 4.25447 7
      vertex -0.349396 4.22112 2
      vertex -0.383606 4.25447 2
    endloop
  endfacet
  facet normal 0.68929 0.724486 -0
    outer loop
      vertex -0.383606 4.25447 2
      vertex -0.455856 4.32321 7
      vertex -0.383606 4.25447 7
    endloop
  endfacet
  facet normal 0.68929 0.724486 0
    outer loop
      vertex -0.455856 4.32321 7
      vertex -0.383606 4.25447 2
      vertex -0.455856 4.32321 2
    endloop
  endfacet
  facet normal 0.68001 0.733203 -0
    outer loop
      vertex -0.455856 4.32321 2
      vertex -0.491211 4.356 7
      vertex -0.455856 4.32321 7
    endloop
  endfacet
  facet normal 0.68001 0.733203 0
    outer loop
      vertex -0.491211 4.356 7
      vertex -0.455856 4.32321 2
      vertex -0.491211 4.356 2
    endloop
  endfacet
  facet normal 0.670884 0.741562 -0
    outer loop
      vertex -0.491211 4.356 2
      vertex -0.56517 4.42291 7
      vertex -0.491211 4.356 7
    endloop
  endfacet
  facet normal 0.670884 0.741562 0
    outer loop
      vertex -0.56517 4.42291 7
      vertex -0.491211 4.356 2
      vertex -0.56517 4.42291 2
    endloop
  endfacet
  facet normal 0.661719 0.749752 -0
    outer loop
      vertex -0.56517 4.42291 2
      vertex -0.600906 4.45445 7
      vertex -0.56517 4.42291 7
    endloop
  endfacet
  facet normal 0.661719 0.749752 0
    outer loop
      vertex -0.600906 4.45445 7
      vertex -0.56517 4.42291 2
      vertex -0.600906 4.45445 2
    endloop
  endfacet
  facet normal 0.652275 0.757983 -0
    outer loop
      vertex -0.600906 4.45445 2
      vertex -0.676498 4.5195 7
      vertex -0.600906 4.45445 7
    endloop
  endfacet
  facet normal 0.652275 0.757983 0
    outer loop
      vertex -0.676498 4.5195 7
      vertex -0.600906 4.45445 2
      vertex -0.676498 4.5195 2
    endloop
  endfacet
  facet normal 0.642756 0.766071 -0
    outer loop
      vertex -0.676498 4.5195 2
      vertex -0.712921 4.55006 7
      vertex -0.676498 4.5195 7
    endloop
  endfacet
  facet normal 0.642756 0.766071 0
    outer loop
      vertex -0.712921 4.55006 7
      vertex -0.676498 4.5195 2
      vertex -0.712921 4.55006 2
    endloop
  endfacet
  facet normal 0.633319 0.773891 -0
    outer loop
      vertex -0.712921 4.55006 2
      vertex -0.7901 4.61322 7
      vertex -0.712921 4.55006 7
    endloop
  endfacet
  facet normal 0.633319 0.773891 0
    outer loop
      vertex -0.7901 4.61322 7
      vertex -0.712921 4.55006 2
      vertex -0.7901 4.61322 2
    endloop
  endfacet
  facet normal 0.623709 0.781656 -0
    outer loop
      vertex -0.7901 4.61322 2
      vertex -0.827835 4.64333 7
      vertex -0.7901 4.61322 7
    endloop
  endfacet
  facet normal 0.623709 0.781656 0
    outer loop
      vertex -0.827835 4.64333 7
      vertex -0.7901 4.61322 2
      vertex -0.827835 4.64333 2
    endloop
  endfacet
  facet normal 0.613623 0.789599 -0
    outer loop
      vertex -0.827835 4.64333 2
      vertex -0.906586 4.70453 7
      vertex -0.827835 4.64333 7
    endloop
  endfacet
  facet normal 0.613623 0.789599 0
    outer loop
      vertex -0.906586 4.70453 7
      vertex -0.827835 4.64333 2
      vertex -0.906586 4.70453 2
    endloop
  endfacet
  facet normal 0.603781 0.79715 -0
    outer loop
      vertex -0.906586 4.70453 2
      vertex -0.944702 4.7334 7
      vertex -0.906586 4.70453 7
    endloop
  endfacet
  facet normal 0.603781 0.79715 0
    outer loop
      vertex -0.944702 4.7334 7
      vertex -0.906586 4.70453 2
      vertex -0.944702 4.7334 2
    endloop
  endfacet
  facet normal 0.593783 0.804625 -0
    outer loop
      vertex -0.944702 4.7334 2
      vertex -1.02495 4.79262 7
      vertex -0.944702 4.7334 7
    endloop
  endfacet
  facet normal 0.593783 0.804625 0
    outer loop
      vertex -1.02495 4.79262 7
      vertex -0.944702 4.7334 2
      vertex -1.02495 4.79262 2
    endloop
  endfacet
  facet normal 0.583632 0.812018 -0
    outer loop
      vertex -1.02495 4.79262 2
      vertex -1.06374 4.8205 7
      vertex -1.02495 4.79262 7
    endloop
  endfacet
  facet normal 0.583632 0.812018 0
    outer loop
      vertex -1.06374 4.8205 7
      vertex -1.02495 4.79262 2
      vertex -1.06374 4.8205 2
    endloop
  endfacet
  facet normal 0.573577 0.819152 -0
    outer loop
      vertex -1.06374 4.8205 2
      vertex -1.14543 4.8777 7
      vertex -1.06374 4.8205 7
    endloop
  endfacet
  facet normal 0.573577 0.819152 0
    outer loop
      vertex -1.14543 4.8777 7
      vertex -1.06374 4.8205 2
      vertex -1.14543 4.8777 2
    endloop
  endfacet
  facet normal 0.563402 0.826183 -0
    outer loop
      vertex -1.14543 4.8777 2
      vertex -1.18495 4.90465 7
      vertex -1.14543 4.8777 7
    endloop
  endfacet
  facet normal 0.563402 0.826183 0
    outer loop
      vertex -1.18495 4.90465 7
      vertex -1.14543 4.8777 2
      vertex -1.18495 4.90465 2
    endloop
  endfacet
  facet normal 0.55294 0.833221 -0
    outer loop
      vertex -1.18495 4.90465 2
      vertex -1.26804 4.95979 7
      vertex -1.18495 4.90465 7
    endloop
  endfacet
  facet normal 0.55294 0.833221 0
    outer loop
      vertex -1.26804 4.95979 7
      vertex -1.18495 4.90465 2
      vertex -1.26804 4.95979 2
    endloop
  endfacet
  facet normal 0.542704 0.839924 -0
    outer loop
      vertex -1.26804 4.95979 2
      vertex -1.30814 4.9857 7
      vertex -1.26804 4.95979 7
    endloop
  endfacet
  facet normal 0.542704 0.839924 0
    outer loop
      vertex -1.30814 4.9857 7
      vertex -1.26804 4.95979 2
      vertex -1.30814 4.9857 2
    endloop
  endfacet
  facet normal 0.532124 0.846666 -0
    outer loop
      vertex -1.30814 4.9857 2
      vertex -1.39258 5.03877 7
      vertex -1.30814 4.9857 7
    endloop
  endfacet
  facet normal 0.532124 0.846666 0
    outer loop
      vertex -1.39258 5.03877 7
      vertex -1.30814 4.9857 2
      vertex -1.39258 5.03877 2
    endloop
  endfacet
  facet normal 0.521366 0.853333 -0
    outer loop
      vertex -1.39258 5.03877 2
      vertex -1.43376 5.06393 7
      vertex -1.39258 5.03877 7
    endloop
  endfacet
  facet normal 0.521366 0.853333 0
    outer loop
      vertex -1.43376 5.06393 7
      vertex -1.39258 5.03877 2
      vertex -1.43376 5.06393 2
    endloop
  endfacet
  facet normal 0.510687 0.859767 -0
    outer loop
      vertex -1.43376 5.06393 2
      vertex -1.51952 5.11487 7
      vertex -1.43376 5.06393 7
    endloop
  endfacet
  facet normal 0.510687 0.859767 0
    outer loop
      vertex -1.51952 5.11487 7
      vertex -1.43376 5.06393 2
      vertex -1.51952 5.11487 2
    endloop
  endfacet
  facet normal 0.500159 0.865934 -0
    outer loop
      vertex -1.51952 5.11487 2
      vertex -1.56076 5.13869 7
      vertex -1.51952 5.11487 7
    endloop
  endfacet
  facet normal 0.500159 0.865934 0
    outer loop
      vertex -1.56076 5.13869 7
      vertex -1.51952 5.11487 2
      vertex -1.56076 5.13869 2
    endloop
  endfacet
  facet normal 0.489147 0.872201 -0
    outer loop
      vertex -1.56076 5.13869 2
      vertex -1.64774 5.18747 7
      vertex -1.56076 5.13869 7
    endloop
  endfacet
  facet normal 0.489147 0.872201 0
    outer loop
      vertex -1.64774 5.18747 7
      vertex -1.56076 5.13869 2
      vertex -1.64774 5.18747 2
    endloop
  endfacet
  facet normal 0.478283 0.878206 -0
    outer loop
      vertex -1.64774 5.18747 2
      vertex -1.68988 5.21042 7
      vertex -1.64774 5.18747 7
    endloop
  endfacet
  facet normal 0.478283 0.878206 0
    outer loop
      vertex -1.68988 5.21042 7
      vertex -1.64774 5.18747 2
      vertex -1.68988 5.21042 2
    endloop
  endfacet
  facet normal 0.467233 0.884134 -0
    outer loop
      vertex -1.68988 5.21042 2
      vertex -1.77806 5.25702 7
      vertex -1.68988 5.21042 7
    endloop
  endfacet
  facet normal 0.467233 0.884134 0
    outer loop
      vertex -1.77806 5.25702 7
      vertex -1.68988 5.21042 2
      vertex -1.77806 5.25702 2
    endloop
  endfacet
  facet normal 0.456163 0.889896 -0
    outer loop
      vertex -1.77806 5.25702 2
      vertex -1.82051 5.27878 7
      vertex -1.77806 5.25702 7
    endloop
  endfacet
  facet normal 0.456163 0.889896 0
    outer loop
      vertex -1.82051 5.27878 7
      vertex -1.77806 5.25702 2
      vertex -1.82051 5.27878 2
    endloop
  endfacet
  facet normal 0.445127 0.895468 -0
    outer loop
      vertex -1.82051 5.27878 2
      vertex -1.90981 5.32317 7
      vertex -1.82051 5.27878 7
    endloop
  endfacet
  facet normal 0.445127 0.895468 0
    outer loop
      vertex -1.90981 5.32317 7
      vertex -1.82051 5.27878 2
      vertex -1.90981 5.32317 2
    endloop
  endfacet
  facet normal 0.433766 0.901026 -0
    outer loop
      vertex -1.90981 5.32317 2
      vertex -1.95312 5.34402 7
      vertex -1.90981 5.32317 7
    endloop
  endfacet
  facet normal 0.433766 0.901026 0
    outer loop
      vertex -1.95312 5.34402 7
      vertex -1.90981 5.32317 2
      vertex -1.95312 5.34402 2
    endloop
  endfacet
  facet normal 0.422584 0.906324 -0
    outer loop
      vertex -1.95312 5.34402 2
      vertex -2.04352 5.38617 7
      vertex -1.95312 5.34402 7
    endloop
  endfacet
  facet normal 0.422584 0.906324 0
    outer loop
      vertex -2.04352 5.38617 7
      vertex -1.95312 5.34402 2
      vertex -2.04352 5.38617 2
    endloop
  endfacet
  facet normal 0.411227 0.911533 -0
    outer loop
      vertex -2.04352 5.38617 2
      vertex -2.08701 5.40579 7
      vertex -2.04352 5.38617 7
    endloop
  endfacet
  facet normal 0.411227 0.911533 0
    outer loop
      vertex -2.08701 5.40579 7
      vertex -2.04352 5.38617 2
      vertex -2.08701 5.40579 2
    endloop
  endfacet
  facet normal 0.399961 0.916532 -0
    outer loop
      vertex -2.08701 5.40579 2
      vertex -2.17842 5.44568 7
      vertex -2.08701 5.40579 7
    endloop
  endfacet
  facet normal 0.399961 0.916532 0
    outer loop
      vertex -2.17842 5.44568 7
      vertex -2.08701 5.40579 2
      vertex -2.17842 5.44568 2
    endloop
  endfacet
  facet normal 0.38854 0.921432 -0
    outer loop
      vertex -2.17842 5.44568 2
      vertex -2.22272 5.46436 7
      vertex -2.17842 5.44568 7
    endloop
  endfacet
  facet normal 0.38854 0.921432 0
    outer loop
      vertex -2.22272 5.46436 7
      vertex -2.17842 5.44568 2
      vertex -2.22272 5.46436 2
    endloop
  endfacet
  facet normal 0.376848 0.926275 -0
    outer loop
      vertex -2.22272 5.46436 2
      vertex -2.31509 5.50194 7
      vertex -2.22272 5.46436 7
    endloop
  endfacet
  facet normal 0.376848 0.926275 0
    outer loop
      vertex -2.31509 5.50194 7
      vertex -2.22272 5.46436 2
      vertex -2.31509 5.50194 2
    endloop
  endfacet
  facet normal 0.365191 0.930933 -0
    outer loop
      vertex -2.31509 5.50194 2
      vertex -2.35942 5.51933 7
      vertex -2.31509 5.50194 7
    endloop
  endfacet
  facet normal 0.365191 0.930933 0
    outer loop
      vertex -2.35942 5.51933 7
      vertex -2.31509 5.50194 2
      vertex -2.35942 5.51933 2
    endloop
  endfacet
  facet normal 0.353759 0.935336 -0
    outer loop
      vertex -2.35942 5.51933 2
      vertex -2.4527 5.55461 7
      vertex -2.35942 5.51933 7
    endloop
  endfacet
  facet normal 0.353759 0.935336 0
    outer loop
      vertex -2.4527 5.55461 7
      vertex -2.35942 5.51933 2
      vertex -2.4527 5.55461 2
    endloop
  endfacet
  facet normal 0.341995 0.939702 -0
    outer loop
      vertex -2.4527 5.55461 2
      vertex -2.49768 5.57098 7
      vertex -2.4527 5.55461 7
    endloop
  endfacet
  facet normal 0.341995 0.939702 0
    outer loop
      vertex -2.49768 5.57098 7
      vertex -2.4527 5.55461 2
      vertex -2.49768 5.57098 2
    endloop
  endfacet
  facet normal 0.330391 0.943844 -0
    outer loop
      vertex -2.49768 5.57098 2
      vertex -2.59181 5.60393 7
      vertex -2.49768 5.57098 7
    endloop
  endfacet
  facet normal 0.330391 0.943844 0
    outer loop
      vertex -2.59181 5.60393 7
      vertex -2.49768 5.57098 2
      vertex -2.59181 5.60393 2
    endloop
  endfacet
  facet normal 0.318414 0.947952 -0
    outer loop
      vertex -2.59181 5.60393 2
      vertex -2.63733 5.61922 7
      vertex -2.59181 5.60393 7
    endloop
  endfacet
  facet normal 0.318414 0.947952 0
    outer loop
      vertex -2.63733 5.61922 7
      vertex -2.59181 5.60393 2
      vertex -2.63733 5.61922 2
    endloop
  endfacet
  facet normal 0.306775 0.951782 -0
    outer loop
      vertex -2.63733 5.61922 2
      vertex -2.67999 5.63297 7
      vertex -2.63733 5.61922 7
    endloop
  endfacet
  facet normal 0.306775 0.951782 0
    outer loop
      vertex -2.67999 5.63297 7
      vertex -2.63733 5.61922 2
      vertex -2.67999 5.63297 2
    endloop
  endfacet
  facet normal 1 -0 0
    outer loop
      vertex -2.67999 5.63297 7
      vertex -2.67999 6.57983 2
      vertex -2.67999 6.57983 7
    endloop
  endfacet
  facet normal 1 0 0
    outer loop
      vertex -2.67999 6.57983 2
      vertex -2.67999 5.63297 7
      vertex -2.67999 5.63297 2
    endloop
  endfacet
  facet normal 0.999786 -0.0206812 0
    outer loop
      vertex -2.67999 6.57983 7
      vertex -2.67856 6.64896 2
      vertex -2.67856 6.64896 7
    endloop
  endfacet
  facet normal 0.999786 -0.0206812 0
    outer loop
      vertex -2.67856 6.64896 2
      vertex -2.67999 6.57983 7
      vertex -2.67999 6.57983 2
    endloop
  endfacet
  facet normal 0.998292 -0.0584258 0
    outer loop
      vertex -2.67856 6.64896 7
      vertex -2.67671 6.68057 2
      vertex -2.67671 6.68057 7
    endloop
  endfacet
  facet normal 0.998292 -0.0584258 0
    outer loop
      vertex -2.67671 6.68057 2
      vertex -2.67856 6.64896 7
      vertex -2.67856 6.64896 2
    endloop
  endfacet
  facet normal 0.995857 -0.0909357 0
    outer loop
      vertex -2.67671 6.68057 7
      vertex -2.67343 6.71649 2
      vertex -2.67343 6.71649 7
    endloop
  endfacet
  facet normal 0.995857 -0.0909357 0
    outer loop
      vertex -2.67343 6.71649 2
      vertex -2.67671 6.68057 7
      vertex -2.67671 6.68057 2
    endloop
  endfacet
  facet normal 0.992209 -0.124584 0
    outer loop
      vertex -2.67343 6.71649 7
      vertex -2.66896 6.75209 2
      vertex -2.66896 6.75209 7
    endloop
  endfacet
  facet normal 0.992209 -0.124584 0
    outer loop
      vertex -2.66896 6.75209 2
      vertex -2.67343 6.71649 7
      vertex -2.67343 6.71649 2
    endloop
  endfacet
  facet normal 0.98756 -0.157246 0
    outer loop
      vertex -2.66896 6.75209 7
      vertex -2.66336 6.78726 2
      vertex -2.66336 6.78726 7
    endloop
  endfacet
  facet normal 0.98756 -0.157246 0
    outer loop
      vertex -2.66336 6.78726 2
      vertex -2.66896 6.75209 7
      vertex -2.66896 6.75209 2
    endloop
  endfacet
  facet normal 0.981765 -0.190099 0
    outer loop
      vertex -2.66336 6.78726 7
      vertex -2.65649 6.82274 2
      vertex -2.65649 6.82274 7
    endloop
  endfacet
  facet normal 0.981765 -0.190099 0
    outer loop
      vertex -2.65649 6.82274 2
      vertex -2.66336 6.78726 7
      vertex -2.66336 6.78726 2
    endloop
  endfacet
  facet normal 0.974956 -0.222397 0
    outer loop
      vertex -2.65649 6.82274 7
      vertex -2.64844 6.85803 2
      vertex -2.64844 6.85803 7
    endloop
  endfacet
  facet normal 0.974956 -0.222397 0
    outer loop
      vertex -2.64844 6.85803 2
      vertex -2.65649 6.82274 7
      vertex -2.65649 6.82274 2
    endloop
  endfacet
  facet normal 0.967013 -0.254728 0
    outer loop
      vertex -2.64844 6.85803 7
      vertex -2.63936 6.8925 2
      vertex -2.63936 6.8925 7
    endloop
  endfacet
  facet normal 0.967013 -0.254728 0
    outer loop
      vertex -2.63936 6.8925 2
      vertex -2.64844 6.85803 7
      vertex -2.64844 6.85803 2
    endloop
  endfacet
  facet normal 0.957934 -0.286988 0
    outer loop
      vertex -2.63936 6.8925 7
      vertex -2.62912 6.92668 2
      vertex -2.62912 6.92668 7
    endloop
  endfacet
  facet normal 0.957934 -0.286988 0
    outer loop
      vertex -2.62912 6.92668 2
      vertex -2.63936 6.8925 7
      vertex -2.63936 6.8925 2
    endloop
  endfacet
  facet normal 0.947957 -0.3184 0
    outer loop
      vertex -2.62912 6.92668 7
      vertex -2.61769 6.96071 2
      vertex -2.61769 6.96071 7
    endloop
  endfacet
  facet normal 0.947957 -0.3184 0
    outer loop
      vertex -2.61769 6.96071 2
      vertex -2.62912 6.92668 7
      vertex -2.62912 6.92668 2
    endloop
  endfacet
  facet normal 0.936874 -0.349667 0
    outer loop
      vertex -2.61769 6.96071 7
      vertex -2.60506 6.99455 2
      vertex -2.60506 6.99455 7
    endloop
  endfacet
  facet normal 0.936874 -0.349667 0
    outer loop
      vertex -2.60506 6.99455 2
      vertex -2.61769 6.96071 7
      vertex -2.61769 6.96071 2
    endloop
  endfacet
  facet normal 0.924655 -0.380806 0
    outer loop
      vertex -2.60506 6.99455 7
      vertex -2.59149 7.0275 2
      vertex -2.59149 7.0275 7
    endloop
  endfacet
  facet normal 0.924655 -0.380806 0
    outer loop
      vertex -2.59149 7.0275 2
      vertex -2.60506 6.99455 7
      vertex -2.60506 6.99455 2
    endloop
  endfacet
  facet normal 0.911504 -0.411292 0
    outer loop
      vertex -2.59149 7.0275 7
      vertex -2.57655 7.06061 2
      vertex -2.57655 7.06061 7
    endloop
  endfacet
  facet normal 0.911504 -0.411292 0
    outer loop
      vertex -2.57655 7.06061 2
      vertex -2.59149 7.0275 7
      vertex -2.59149 7.0275 2
    endloop
  endfacet
  facet normal 0.897291 -0.441439 0
    outer loop
      vertex -2.57655 7.06061 7
      vertex -2.56093 7.09236 2
      vertex -2.56093 7.09236 7
    endloop
  endfacet
  facet normal 0.897291 -0.441439 0
    outer loop
      vertex -2.56093 7.09236 2
      vertex -2.57655 7.06061 7
      vertex -2.57655 7.06061 2
    endloop
  endfacet
  facet normal 0.882231 -0.470817 0
    outer loop
      vertex -2.56093 7.09236 7
      vertex -2.54381 7.12444 2
      vertex -2.54381 7.12444 7
    endloop
  endfacet
  facet normal 0.882231 -0.470817 0
    outer loop
      vertex -2.54381 7.12444 2
      vertex -2.56093 7.09236 7
      vertex -2.56093 7.09236 2
    endloop
  endfacet
  facet normal 0.866082 -0.499902 0
    outer loop
      vertex -2.54381 7.12444 7
      vertex -2.52609 7.15514 2
      vertex -2.52609 7.15514 7
    endloop
  endfacet
  facet normal 0.866082 -0.499902 0
    outer loop
      vertex -2.52609 7.15514 2
      vertex -2.54381 7.12444 7
      vertex -2.54381 7.12444 2
    endloop
  endfacet
  facet normal 0.848885 -0.528577 0
    outer loop
      vertex -2.52609 7.15514 7
      vertex -2.50703 7.18575 2
      vertex -2.50703 7.18575 7
    endloop
  endfacet
  facet normal 0.848885 -0.528577 0
    outer loop
      vertex -2.50703 7.18575 2
      vertex -2.52609 7.15514 7
      vertex -2.52609 7.15514 2
    endloop
  endfacet
  facet normal 0.830935 -0.55637 0
    outer loop
      vertex -2.50703 7.18575 7
      vertex -2.48705 7.21559 2
      vertex -2.48705 7.21559 7
    endloop
  endfacet
  facet normal 0.830935 -0.55637 0
    outer loop
      vertex -2.48705 7.21559 2
      vertex -2.50703 7.18575 7
      vertex -2.50703 7.18575 2
    endloop
  endfacet
  facet normal 0.811682 -0.5841 0
    outer loop
      vertex -2.48705 7.21559 7
      vertex -2.46603 7.2448 2
      vertex -2.46603 7.2448 7
    endloop
  endfacet
  facet normal 0.811682 -0.5841 0
    outer loop
      vertex -2.46603 7.2448 2
      vertex -2.48705 7.21559 7
      vertex -2.48705 7.21559 2
    endloop
  endfacet
  facet normal 0.792387 -0.610019 0
    outer loop
      vertex -2.46603 7.2448 7
      vertex -2.44402 7.27339 2
      vertex -2.44402 7.27339 7
    endloop
  endfacet
  facet normal 0.792387 -0.610019 0
    outer loop
      vertex -2.44402 7.27339 2
      vertex -2.46603 7.2448 7
      vertex -2.46603 7.2448 2
    endloop
  endfacet
  facet normal 0.771105 -0.636708 0
    outer loop
      vertex -2.44402 7.27339 7
      vertex -2.42128 7.30093 2
      vertex -2.42128 7.30093 7
    endloop
  endfacet
  facet normal 0.771105 -0.636708 0
    outer loop
      vertex -2.42128 7.30093 2
      vertex -2.44402 7.27339 7
      vertex -2.44402 7.27339 2
    endloop
  endfacet
  facet normal 0.749789 -0.661677 0
    outer loop
      vertex -2.42128 7.30093 7
      vertex -2.39755 7.32782 2
      vertex -2.39755 7.32782 7
    endloop
  endfacet
  facet normal 0.749789 -0.661677 0
    outer loop
      vertex -2.39755 7.32782 2
      vertex -2.42128 7.30093 7
      vertex -2.42128 7.30093 2
    endloop
  endfacet
  facet normal 0.727633 -0.685966 0
    outer loop
      vertex -2.39755 7.32782 7
      vertex -2.37302 7.35384 2
      vertex -2.37302 7.35384 7
    endloop
  endfacet
  facet normal 0.727633 -0.685966 0
    outer loop
      vertex -2.37302 7.35384 2
      vertex -2.39755 7.32782 7
      vertex -2.39755 7.32782 2
    endloop
  endfacet
  facet normal 0.703754 -0.710443 0
    outer loop
      vertex -2.37302 7.35384 2
      vertex -2.34753 7.37909 7
      vertex -2.37302 7.35384 7
    endloop
  endfacet
  facet normal 0.703754 -0.710443 0
    outer loop
      vertex -2.34753 7.37909 7
      vertex -2.37302 7.35384 2
      vertex -2.34753 7.37909 2
    endloop
  endfacet
  facet normal 0.680483 -0.732764 0
    outer loop
      vertex -2.34753 7.37909 2
      vertex -2.32132 7.40343 7
      vertex -2.34753 7.37909 7
    endloop
  endfacet
  facet normal 0.680483 -0.732764 0
    outer loop
      vertex -2.32132 7.40343 7
      vertex -2.34753 7.37909 2
      vertex -2.32132 7.40343 2
    endloop
  endfacet
  facet normal 0.655277 -0.755389 0
    outer loop
      vertex -2.32132 7.40343 2
      vertex -2.29393 7.42719 7
      vertex -2.32132 7.40343 7
    endloop
  endfacet
  facet normal 0.655277 -0.755389 0
    outer loop
      vertex -2.29393 7.42719 7
      vertex -2.32132 7.40343 2
      vertex -2.29393 7.42719 2
    endloop
  endfacet
  facet normal 0.630006 -0.77659 0
    outer loop
      vertex -2.29393 7.42719 2
      vertex -2.26601 7.44984 7
      vertex -2.29393 7.42719 7
    endloop
  endfacet
  facet normal 0.630006 -0.77659 0
    outer loop
      vertex -2.26601 7.44984 7
      vertex -2.29393 7.42719 2
      vertex -2.26601 7.44984 2
    endloop
  endfacet
  facet normal 0.603679 -0.797227 0
    outer loop
      vertex -2.26601 7.44984 2
      vertex -2.23763 7.47133 7
      vertex -2.26601 7.44984 7
    endloop
  endfacet
  facet normal 0.603679 -0.797227 0
    outer loop
      vertex -2.23763 7.47133 7
      vertex -2.26601 7.44984 2
      vertex -2.23763 7.47133 2
    endloop
  endfacet
  facet normal 0.577032 -0.816722 0
    outer loop
      vertex -2.23763 7.47133 2
      vertex -2.20819 7.49213 7
      vertex -2.23763 7.47133 7
    endloop
  endfacet
  facet normal 0.577032 -0.816722 0
    outer loop
      vertex -2.20819 7.49213 7
      vertex -2.23763 7.47133 2
      vertex -2.20819 7.49213 2
    endloop
  endfacet
  facet normal 0.54951 -0.835487 0
    outer loop
      vertex -2.20819 7.49213 2
      vertex -2.17804 7.51196 7
      vertex -2.20819 7.49213 7
    endloop
  endfacet
  facet normal 0.54951 -0.835487 0
    outer loop
      vertex -2.17804 7.51196 7
      vertex -2.20819 7.49213 2
      vertex -2.17804 7.51196 2
    endloop
  endfacet
  facet normal 0.521747 -0.8531 0
    outer loop
      vertex -2.17804 7.51196 2
      vertex -2.14784 7.53043 7
      vertex -2.17804 7.51196 7
    endloop
  endfacet
  facet normal 0.521747 -0.8531 0
    outer loop
      vertex -2.14784 7.53043 7
      vertex -2.17804 7.51196 2
      vertex -2.14784 7.53043 2
    endloop
  endfacet
  facet normal 0.492523 -0.870299 0
    outer loop
      vertex -2.14784 7.53043 2
      vertex -2.11644 7.5482 7
      vertex -2.14784 7.53043 7
    endloop
  endfacet
  facet normal 0.492523 -0.870299 0
    outer loop
      vertex -2.11644 7.5482 7
      vertex -2.14784 7.53043 2
      vertex -2.11644 7.5482 2
    endloop
  endfacet
  facet normal 0.463531 -0.886081 0
    outer loop
      vertex -2.11644 7.5482 2
      vertex -2.08444 7.56494 7
      vertex -2.11644 7.5482 7
    endloop
  endfacet
  facet normal 0.463531 -0.886081 0
    outer loop
      vertex -2.08444 7.56494 7
      vertex -2.11644 7.5482 2
      vertex -2.08444 7.56494 2
    endloop
  endfacet
  facet normal 0.433925 -0.900949 0
    outer loop
      vertex -2.08444 7.56494 2
      vertex -2.05232 7.58041 7
      vertex -2.08444 7.56494 7
    endloop
  endfacet
  facet normal 0.433925 -0.900949 0
    outer loop
      vertex -2.05232 7.58041 7
      vertex -2.08444 7.56494 2
      vertex -2.05232 7.58041 2
    endloop
  endfacet
  facet normal 0.403927 -0.914791 0
    outer loop
      vertex -2.05232 7.58041 2
      vertex -2.0193 7.59499 7
      vertex -2.05232 7.58041 7
    endloop
  endfacet
  facet normal 0.403927 -0.914791 0
    outer loop
      vertex -2.0193 7.59499 7
      vertex -2.05232 7.58041 2
      vertex -2.0193 7.59499 2
    endloop
  endfacet
  facet normal 0.373092 -0.927794 0
    outer loop
      vertex -2.0193 7.59499 2
      vertex -1.9864 7.60822 7
      vertex -2.0193 7.59499 7
    endloop
  endfacet
  facet normal 0.373092 -0.927794 0
    outer loop
      vertex -1.9864 7.60822 7
      vertex -2.0193 7.59499 2
      vertex -1.9864 7.60822 2
    endloop
  endfacet
  facet normal 0.341721 -0.939801 0
    outer loop
      vertex -1.9864 7.60822 2
      vertex -1.95238 7.62059 7
      vertex -1.9864 7.60822 7
    endloop
  endfacet
  facet normal 0.341721 -0.939801 0
    outer loop
      vertex -1.95238 7.62059 7
      vertex -1.9864 7.60822 2
      vertex -1.95238 7.62059 2
    endloop
  endfacet
  facet normal 0.310903 -0.950442 0
    outer loop
      vertex -1.95238 7.62059 2
      vertex -1.91808 7.63181 7
      vertex -1.95238 7.62059 7
    endloop
  endfacet
  facet normal 0.310903 -0.950442 0
    outer loop
      vertex -1.91808 7.63181 7
      vertex -1.95238 7.62059 2
      vertex -1.91808 7.63181 2
    endloop
  endfacet
  facet normal 0.278661 -0.96039 0
    outer loop
      vertex -1.91808 7.63181 2
      vertex -1.88365 7.6418 7
      vertex -1.91808 7.63181 7
    endloop
  endfacet
  facet normal 0.278661 -0.96039 0
    outer loop
      vertex -1.88365 7.6418 7
      vertex -1.91808 7.63181 2
      vertex -1.88365 7.6418 2
    endloop
  endfacet
  facet normal 0.246532 -0.969135 0
    outer loop
      vertex -1.88365 7.6418 2
      vertex -1.84886 7.65065 7
      vertex -1.88365 7.6418 7
    endloop
  endfacet
  facet normal 0.246532 -0.969135 0
    outer loop
      vertex -1.84886 7.65065 7
      vertex -1.88365 7.6418 2
      vertex -1.84886 7.65065 2
    endloop
  endfacet
  facet normal 0.214792 -0.97666 0
    outer loop
      vertex -1.84886 7.65065 2
      vertex -1.81403 7.65831 7
      vertex -1.84886 7.65065 7
    endloop
  endfacet
  facet normal 0.214792 -0.97666 0
    outer loop
      vertex -1.81403 7.65831 7
      vertex -1.84886 7.65065 2
      vertex -1.81403 7.65831 2
    endloop
  endfacet
  facet normal 0.181481 -0.983394 0
    outer loop
      vertex -1.81403 7.65831 2
      vertex -1.7787 7.66483 7
      vertex -1.81403 7.65831 7
    endloop
  endfacet
  facet normal 0.181481 -0.983394 0
    outer loop
      vertex -1.7787 7.66483 7
      vertex -1.81403 7.65831 2
      vertex -1.7787 7.66483 2
    endloop
  endfacet
  facet normal 0.14886 -0.988858 0
    outer loop
      vertex -1.7787 7.66483 2
      vertex -1.74336 7.67015 7
      vertex -1.7787 7.66483 7
    endloop
  endfacet
  facet normal 0.14886 -0.988858 0
    outer loop
      vertex -1.74336 7.67015 7
      vertex -1.7787 7.66483 2
      vertex -1.74336 7.67015 2
    endloop
  endfacet
  facet normal 0.1163 -0.993214 0
    outer loop
      vertex -1.74336 7.67015 2
      vertex -1.70715 7.67439 7
      vertex -1.74336 7.67015 7
    endloop
  endfacet
  facet normal 0.1163 -0.993214 0
    outer loop
      vertex -1.70715 7.67439 7
      vertex -1.74336 7.67015 2
      vertex -1.70715 7.67439 2
    endloop
  endfacet
  facet normal 0.0830455 -0.996546 0
    outer loop
      vertex -1.70715 7.67439 2
      vertex -1.67163 7.67735 7
      vertex -1.70715 7.67439 7
    endloop
  endfacet
  facet normal 0.0830455 -0.996546 0
    outer loop
      vertex -1.67163 7.67735 7
      vertex -1.70715 7.67439 2
      vertex -1.67163 7.67735 2
    endloop
  endfacet
  facet normal 0.0497824 -0.99876 0
    outer loop
      vertex -1.67163 7.67735 2
      vertex -1.63632 7.67911 7
      vertex -1.67163 7.67735 7
    endloop
  endfacet
  facet normal 0.0497824 -0.99876 0
    outer loop
      vertex -1.63632 7.67911 7
      vertex -1.67163 7.67735 2
      vertex -1.63632 7.67911 2
    endloop
  endfacet
  facet normal 0.0166675 -0.999861 0
    outer loop
      vertex -1.63632 7.67911 2
      vertex -1.58353 7.67999 7
      vertex -1.63632 7.67911 7
    endloop
  endfacet
  facet normal 0.0166675 -0.999861 0
    outer loop
      vertex -1.58353 7.67999 7
      vertex -1.63632 7.67911 2
      vertex -1.58353 7.67999 2
    endloop
  endfacet
  facet normal 0 -1 0
    outer loop
      vertex -1.58353 7.67999 2
      vertex 1.57983 7.67999 7
      vertex -1.58353 7.67999 7
    endloop
  endfacet
  facet normal 0 -1 -0
    outer loop
      vertex 1.57983 7.67999 7
      vertex -1.58353 7.67999 2
      vertex 1.57983 7.67999 2
    endloop
  endfacet
  facet normal -0.0206812 -0.999786 0
    outer loop
      vertex 1.57983 7.67999 2
      vertex 1.64896 7.67856 7
      vertex 1.57983 7.67999 7
    endloop
  endfacet
  facet normal -0.0206812 -0.999786 -0
    outer loop
      vertex 1.64896 7.67856 7
      vertex 1.57983 7.67999 2
      vertex 1.64896 7.67856 2
    endloop
  endfacet
  facet normal -0.0584258 -0.998292 0
    outer loop
      vertex 1.64896 7.67856 2
      vertex 1.68057 7.67671 7
      vertex 1.64896 7.67856 7
    endloop
  endfacet
  facet normal -0.0584258 -0.998292 -0
    outer loop
      vertex 1.68057 7.67671 7
      vertex 1.64896 7.67856 2
      vertex 1.68057 7.67671 2
    endloop
  endfacet
  facet normal -0.0909357 -0.995857 0
    outer loop
      vertex 1.68057 7.67671 2
      vertex 1.71649 7.67343 7
      vertex 1.68057 7.67671 7
    endloop
  endfacet
  facet normal -0.0909357 -0.995857 -0
    outer loop
      vertex 1.71649 7.67343 7
      vertex 1.68057 7.67671 2
      vertex 1.71649 7.67343 2
    endloop
  endfacet
  facet normal -0.124584 -0.992209 0
    outer loop
      vertex 1.71649 7.67343 2
      vertex 1.75209 7.66896 7
      vertex 1.71649 7.67343 7
    endloop
  endfacet
  facet normal -0.124584 -0.992209 -0
    outer loop
      vertex 1.75209 7.66896 7
      vertex 1.71649 7.67343 2
      vertex 1.75209 7.66896 2
    endloop
  endfacet
  facet normal -0.157246 -0.98756 0
    outer loop
      vertex 1.75209 7.66896 2
      vertex 1.78726 7.66336 7
      vertex 1.75209 7.66896 7
    endloop
  endfacet
  facet normal -0.157246 -0.98756 -0
    outer loop
      vertex 1.78726 7.66336 7
      vertex 1.75209 7.66896 2
      vertex 1.78726 7.66336 2
    endloop
  endfacet
  facet normal -0.190099 -0.981765 0
    outer loop
      vertex 1.78726 7.66336 2
      vertex 1.82274 7.65649 7
      vertex 1.78726 7.66336 7
    endloop
  endfacet
  facet normal -0.190099 -0.981765 -0
    outer loop
      vertex 1.82274 7.65649 7
      vertex 1.78726 7.66336 2
      vertex 1.82274 7.65649 2
    endloop
  endfacet
  facet normal -0.222397 -0.974956 0
    outer loop
      vertex 1.82274 7.65649 2
      vertex 1.85803 7.64844 7
      vertex 1.82274 7.65649 7
    endloop
  endfacet
  facet normal -0.222397 -0.974956 -0
    outer loop
      vertex 1.85803 7.64844 7
      vertex 1.82274 7.65649 2
      vertex 1.85803 7.64844 2
    endloop
  endfacet
  facet normal -0.254728 -0.967013 0
    outer loop
      vertex 1.85803 7.64844 2
      vertex 1.8925 7.63936 7
      vertex 1.85803 7.64844 7
    endloop
  endfacet
  facet normal -0.254728 -0.967013 -0
    outer loop
      vertex 1.8925 7.63936 7
      vertex 1.85803 7.64844 2
      vertex 1.8925 7.63936 2
    endloop
  endfacet
  facet normal -0.286988 -0.957934 0
    outer loop
      vertex 1.8925 7.63936 2
      vertex 1.92668 7.62912 7
      vertex 1.8925 7.63936 7
    endloop
  endfacet
  facet normal -0.286988 -0.957934 -0
    outer loop
      vertex 1.92668 7.62912 7
      vertex 1.8925 7.63936 2
      vertex 1.92668 7.62912 2
    endloop
  endfacet
  facet normal -0.3184 -0.947957 0
    outer loop
      vertex 1.92668 7.62912 2
      vertex 1.96071 7.61769 7
      vertex 1.92668 7.62912 7
    endloop
  endfacet
  facet normal -0.3184 -0.947957 -0
    outer loop
      vertex 1.96071 7.61769 7
      vertex 1.92668 7.62912 2
      vertex 1.96071 7.61769 2
    endloop
  endfacet
  facet normal -0.349667 -0.936874 0
    outer loop
      vertex 1.96071 7.61769 2
      vertex 1.99455 7.60506 7
      vertex 1.96071 7.61769 7
    endloop
  endfacet
  facet normal -0.349667 -0.936874 -0
    outer loop
      vertex 1.99455 7.60506 7
      vertex 1.96071 7.61769 2
      vertex 1.99455 7.60506 2
    endloop
  endfacet
  facet normal -0.380806 -0.924655 0
    outer loop
      vertex 1.99455 7.60506 2
      vertex 2.0275 7.59149 7
      vertex 1.99455 7.60506 7
    endloop
  endfacet
  facet normal -0.380806 -0.924655 -0
    outer loop
      vertex 2.0275 7.59149 7
      vertex 1.99455 7.60506 2
      vertex 2.0275 7.59149 2
    endloop
  endfacet
  facet normal -0.411292 -0.911504 0
    outer loop
      vertex 2.0275 7.59149 2
      vertex 2.06061 7.57655 7
      vertex 2.0275 7.59149 7
    endloop
  endfacet
  facet normal -0.411292 -0.911504 -0
    outer loop
      vertex 2.06061 7.57655 7
      vertex 2.0275 7.59149 2
      vertex 2.06061 7.57655 2
    endloop
  endfacet
  facet normal -0.441439 -0.897291 0
    outer loop
      vertex 2.06061 7.57655 2
      vertex 2.09236 7.56093 7
      vertex 2.06061 7.57655 7
    endloop
  endfacet
  facet normal -0.441439 -0.897291 -0
    outer loop
      vertex 2.09236 7.56093 7
      vertex 2.06061 7.57655 2
      vertex 2.09236 7.56093 2
    endloop
  endfacet
  facet normal -0.470817 -0.882231 0
    outer loop
      vertex 2.09236 7.56093 2
      vertex 2.12444 7.54381 7
      vertex 2.09236 7.56093 7
    endloop
  endfacet
  facet normal -0.470817 -0.882231 -0
    outer loop
      vertex 2.12444 7.54381 7
      vertex 2.09236 7.56093 2
      vertex 2.12444 7.54381 2
    endloop
  endfacet
  facet normal -0.499902 -0.866082 0
    outer loop
      vertex 2.12444 7.54381 2
      vertex 2.15514 7.52609 7
      vertex 2.12444 7.54381 7
    endloop
  endfacet
  facet normal -0.499902 -0.866082 -0
    outer loop
      vertex 2.15514 7.52609 7
      vertex 2.12444 7.54381 2
      vertex 2.15514 7.52609 2
    endloop
  endfacet
  facet normal -0.528577 -0.848885 0
    outer loop
      vertex 2.15514 7.52609 2
      vertex 2.18575 7.50703 7
      vertex 2.15514 7.52609 7
    endloop
  endfacet
  facet normal -0.528577 -0.848885 -0
    outer loop
      vertex 2.18575 7.50703 7
      vertex 2.15514 7.52609 2
      vertex 2.18575 7.50703 2
    endloop
  endfacet
  facet normal -0.55637 -0.830935 0
    outer loop
      vertex 2.18575 7.50703 2
      vertex 2.21559 7.48705 7
      vertex 2.18575 7.50703 7
    endloop
  endfacet
  facet normal -0.55637 -0.830935 -0
    outer loop
      vertex 2.21559 7.48705 7
      vertex 2.18575 7.50703 2
      vertex 2.21559 7.48705 2
    endloop
  endfacet
  facet normal -0.5841 -0.811682 0
    outer loop
      vertex 2.21559 7.48705 2
      vertex 2.2448 7.46603 7
      vertex 2.21559 7.48705 7
    endloop
  endfacet
  facet normal -0.5841 -0.811682 -0
    outer loop
      vertex 2.2448 7.46603 7
      vertex 2.21559 7.48705 2
      vertex 2.2448 7.46603 2
    endloop
  endfacet
  facet normal -0.610019 -0.792387 0
    outer loop
      vertex 2.2448 7.46603 2
      vertex 2.27339 7.44402 7
      vertex 2.2448 7.46603 7
    endloop
  endfacet
  facet normal -0.610019 -0.792387 -0
    outer loop
      vertex 2.27339 7.44402 7
      vertex 2.2448 7.46603 2
      vertex 2.27339 7.44402 2
    endloop
  endfacet
  facet normal -0.636708 -0.771105 0
    outer loop
      vertex 2.27339 7.44402 2
      vertex 2.30093 7.42128 7
      vertex 2.27339 7.44402 7
    endloop
  endfacet
  facet normal -0.636708 -0.771105 -0
    outer loop
      vertex 2.30093 7.42128 7
      vertex 2.27339 7.44402 2
      vertex 2.30093 7.42128 2
    endloop
  endfacet
  facet normal -0.661677 -0.749789 0
    outer loop
      vertex 2.30093 7.42128 2
      vertex 2.32782 7.39755 7
      vertex 2.30093 7.42128 7
    endloop
  endfacet
  facet normal -0.661677 -0.749789 -0
    outer loop
      vertex 2.32782 7.39755 7
      vertex 2.30093 7.42128 2
      vertex 2.32782 7.39755 2
    endloop
  endfacet
  facet normal -0.685966 -0.727633 0
    outer loop
      vertex 2.32782 7.39755 2
      vertex 2.35384 7.37302 7
      vertex 2.32782 7.39755 7
    endloop
  endfacet
  facet normal -0.685966 -0.727633 -0
    outer loop
      vertex 2.35384 7.37302 7
      vertex 2.32782 7.39755 2
      vertex 2.35384 7.37302 2
    endloop
  endfacet
  facet normal -0.710443 -0.703754 0
    outer loop
      vertex 2.37909 7.34753 2
      vertex 2.35384 7.37302 7
      vertex 2.35384 7.37302 2
    endloop
  endfacet
  facet normal -0.710443 -0.703754 0
    outer loop
      vertex 2.35384 7.37302 7
      vertex 2.37909 7.34753 2
      vertex 2.37909 7.34753 7
    endloop
  endfacet
  facet normal -0.732764 -0.680483 0
    outer loop
      vertex 2.40343 7.32132 2
      vertex 2.37909 7.34753 7
      vertex 2.37909 7.34753 2
    endloop
  endfacet
  facet normal -0.732764 -0.680483 0
    outer loop
      vertex 2.37909 7.34753 7
      vertex 2.40343 7.32132 2
      vertex 2.40343 7.32132 7
    endloop
  endfacet
  facet normal -0.755389 -0.655277 0
    outer loop
      vertex 2.42719 7.29393 2
      vertex 2.40343 7.32132 7
      vertex 2.40343 7.32132 2
    endloop
  endfacet
  facet normal -0.755389 -0.655277 0
    outer loop
      vertex 2.40343 7.32132 7
      vertex 2.42719 7.29393 2
      vertex 2.42719 7.29393 7
    endloop
  endfacet
  facet normal -0.77659 -0.630006 0
    outer loop
      vertex 2.44984 7.26601 2
      vertex 2.42719 7.29393 7
      vertex 2.42719 7.29393 2
    endloop
  endfacet
  facet normal -0.77659 -0.630006 0
    outer loop
      vertex 2.42719 7.29393 7
      vertex 2.44984 7.26601 2
      vertex 2.44984 7.26601 7
    endloop
  endfacet
  facet normal -0.797227 -0.603679 0
    outer loop
      vertex 2.47133 7.23763 2
      vertex 2.44984 7.26601 7
      vertex 2.44984 7.26601 2
    endloop
  endfacet
  facet normal -0.797227 -0.603679 0
    outer loop
      vertex 2.44984 7.26601 7
      vertex 2.47133 7.23763 2
      vertex 2.47133 7.23763 7
    endloop
  endfacet
  facet normal -0.816722 -0.577032 0
    outer loop
      vertex 2.49213 7.20819 2
      vertex 2.47133 7.23763 7
      vertex 2.47133 7.23763 2
    endloop
  endfacet
  facet normal -0.816722 -0.577032 0
    outer loop
      vertex 2.47133 7.23763 7
      vertex 2.49213 7.20819 2
      vertex 2.49213 7.20819 7
    endloop
  endfacet
  facet normal -0.835487 -0.54951 0
    outer loop
      vertex 2.51196 7.17804 2
      vertex 2.49213 7.20819 7
      vertex 2.49213 7.20819 2
    endloop
  endfacet
  facet normal -0.835487 -0.54951 0
    outer loop
      vertex 2.49213 7.20819 7
      vertex 2.51196 7.17804 2
      vertex 2.51196 7.17804 7
    endloop
  endfacet
  facet normal -0.8531 -0.521747 0
    outer loop
      vertex 2.53043 7.14784 2
      vertex 2.51196 7.17804 7
      vertex 2.51196 7.17804 2
    endloop
  endfacet
  facet normal -0.8531 -0.521747 0
    outer loop
      vertex 2.51196 7.17804 7
      vertex 2.53043 7.14784 2
      vertex 2.53043 7.14784 7
    endloop
  endfacet
  facet normal -0.870299 -0.492523 0
    outer loop
      vertex 2.5482 7.11644 2
      vertex 2.53043 7.14784 7
      vertex 2.53043 7.14784 2
    endloop
  endfacet
  facet normal -0.870299 -0.492523 0
    outer loop
      vertex 2.53043 7.14784 7
      vertex 2.5482 7.11644 2
      vertex 2.5482 7.11644 7
    endloop
  endfacet
  facet normal -0.886081 -0.463531 0
    outer loop
      vertex 2.56494 7.08444 2
      vertex 2.5482 7.11644 7
      vertex 2.5482 7.11644 2
    endloop
  endfacet
  facet normal -0.886081 -0.463531 0
    outer loop
      vertex 2.5482 7.11644 7
      vertex 2.56494 7.08444 2
      vertex 2.56494 7.08444 7
    endloop
  endfacet
  facet normal -0.900949 -0.433925 0
    outer loop
      vertex 2.58041 7.05232 2
      vertex 2.56494 7.08444 7
      vertex 2.56494 7.08444 2
    endloop
  endfacet
  facet normal -0.900949 -0.433925 0
    outer loop
      vertex 2.56494 7.08444 7
      vertex 2.58041 7.05232 2
      vertex 2.58041 7.05232 7
    endloop
  endfacet
  facet normal -0.914791 -0.403927 0
    outer loop
      vertex 2.59499 7.0193 2
      vertex 2.58041 7.05232 7
      vertex 2.58041 7.05232 2
    endloop
  endfacet
  facet normal -0.914791 -0.403927 0
    outer loop
      vertex 2.58041 7.05232 7
      vertex 2.59499 7.0193 2
      vertex 2.59499 7.0193 7
    endloop
  endfacet
  facet normal -0.927794 -0.373092 0
    outer loop
      vertex 2.60822 6.9864 2
      vertex 2.59499 7.0193 7
      vertex 2.59499 7.0193 2
    endloop
  endfacet
  facet normal -0.927794 -0.373092 0
    outer loop
      vertex 2.59499 7.0193 7
      vertex 2.60822 6.9864 2
      vertex 2.60822 6.9864 7
    endloop
  endfacet
  facet normal -0.939801 -0.341721 0
    outer loop
      vertex 2.62059 6.95238 2
      vertex 2.60822 6.9864 7
      vertex 2.60822 6.9864 2
    endloop
  endfacet
  facet normal -0.939801 -0.341721 0
    outer loop
      vertex 2.60822 6.9864 7
      vertex 2.62059 6.95238 2
      vertex 2.62059 6.95238 7
    endloop
  endfacet
  facet normal -0.950442 -0.310903 0
    outer loop
      vertex 2.63181 6.91808 2
      vertex 2.62059 6.95238 7
      vertex 2.62059 6.95238 2
    endloop
  endfacet
  facet normal -0.950442 -0.310903 0
    outer loop
      vertex 2.62059 6.95238 7
      vertex 2.63181 6.91808 2
      vertex 2.63181 6.91808 7
    endloop
  endfacet
  facet normal -0.96039 -0.278661 0
    outer loop
      vertex 2.6418 6.88365 2
      vertex 2.63181 6.91808 7
      vertex 2.63181 6.91808 2
    endloop
  endfacet
  facet normal -0.96039 -0.278661 0
    outer loop
      vertex 2.63181 6.91808 7
      vertex 2.6418 6.88365 2
      vertex 2.6418 6.88365 7
    endloop
  endfacet
  facet normal -0.969135 -0.246532 0
    outer loop
      vertex 2.65065 6.84886 2
      vertex 2.6418 6.88365 7
      vertex 2.6418 6.88365 2
    endloop
  endfacet
  facet normal -0.969135 -0.246532 0
    outer loop
      vertex 2.6418 6.88365 7
      vertex 2.65065 6.84886 2
      vertex 2.65065 6.84886 7
    endloop
  endfacet
  facet normal -0.97666 -0.214792 0
    outer loop
      vertex 2.65831 6.81403 2
      vertex 2.65065 6.84886 7
      vertex 2.65065 6.84886 2
    endloop
  endfacet
  facet normal -0.97666 -0.214792 0
    outer loop
      vertex 2.65065 6.84886 7
      vertex 2.65831 6.81403 2
      vertex 2.65831 6.81403 7
    endloop
  endfacet
  facet normal -0.983394 -0.181481 0
    outer loop
      vertex 2.66483 6.7787 2
      vertex 2.65831 6.81403 7
      vertex 2.65831 6.81403 2
    endloop
  endfacet
  facet normal -0.983394 -0.181481 0
    outer loop
      vertex 2.65831 6.81403 7
      vertex 2.66483 6.7787 2
      vertex 2.66483 6.7787 7
    endloop
  endfacet
  facet normal -0.988858 -0.14886 0
    outer loop
      vertex 2.67015 6.74336 2
      vertex 2.66483 6.7787 7
      vertex 2.66483 6.7787 2
    endloop
  endfacet
  facet normal -0.988858 -0.14886 0
    outer loop
      vertex 2.66483 6.7787 7
      vertex 2.67015 6.74336 2
      vertex 2.67015 6.74336 7
    endloop
  endfacet
  facet normal -0.993214 -0.1163 0
    outer loop
      vertex 2.67439 6.70715 2
      vertex 2.67015 6.74336 7
      vertex 2.67015 6.74336 2
    endloop
  endfacet
  facet normal -0.993214 -0.1163 0
    outer loop
      vertex 2.67015 6.74336 7
      vertex 2.67439 6.70715 2
      vertex 2.67439 6.70715 7
    endloop
  endfacet
  facet normal -0.996546 -0.0830455 0
    outer loop
      vertex 2.67735 6.67163 2
      vertex 2.67439 6.70715 7
      vertex 2.67439 6.70715 2
    endloop
  endfacet
  facet normal -0.996546 -0.0830455 0
    outer loop
      vertex 2.67439 6.70715 7
      vertex 2.67735 6.67163 2
      vertex 2.67735 6.67163 7
    endloop
  endfacet
  facet normal -0.99876 -0.0497824 0
    outer loop
      vertex 2.67911 6.63632 2
      vertex 2.67735 6.67163 7
      vertex 2.67735 6.67163 2
    endloop
  endfacet
  facet normal -0.99876 -0.0497824 0
    outer loop
      vertex 2.67735 6.67163 7
      vertex 2.67911 6.63632 2
      vertex 2.67911 6.63632 7
    endloop
  endfacet
  facet normal -0.999861 -0.0166675 0
    outer loop
      vertex 2.67999 6.58353 2
      vertex 2.67911 6.63632 7
      vertex 2.67911 6.63632 2
    endloop
  endfacet
  facet normal -0.999861 -0.0166675 0
    outer loop
      vertex 2.67911 6.63632 7
      vertex 2.67999 6.58353 2
      vertex 2.67999 6.58353 7
    endloop
  endfacet
  facet normal -1 0 0
    outer loop
      vertex 2.67999 -6.57983 2
      vertex 2.67999 6.58353 7
      vertex 2.67999 6.58353 2
    endloop
  endfacet
  facet normal -1 -0 0
    outer loop
      vertex 2.67999 6.58353 7
      vertex 2.67999 -6.57983 2
      vertex 2.67999 -6.57983 7
    endloop
  endfacet
  facet normal -0.999786 0.0206812 0
    outer loop
      vertex 2.67856 -6.64896 2
      vertex 2.67999 -6.57983 7
      vertex 2.67999 -6.57983 2
    endloop
  endfacet
  facet normal -0.999786 0.0206812 0
    outer loop
      vertex 2.67999 -6.57983 7
      vertex 2.67856 -6.64896 2
      vertex 2.67856 -6.64896 7
    endloop
  endfacet
  facet normal -0.998292 0.0584258 0
    outer loop
      vertex 2.67671 -6.68057 2
      vertex 2.67856 -6.64896 7
      vertex 2.67856 -6.64896 2
    endloop
  endfacet
  facet normal -0.998292 0.0584258 0
    outer loop
      vertex 2.67856 -6.64896 7
      vertex 2.67671 -6.68057 2
      vertex 2.67671 -6.68057 7
    endloop
  endfacet
  facet normal -0.995857 0.0909357 0
    outer loop
      vertex 2.67343 -6.71649 2
      vertex 2.67671 -6.68057 7
      vertex 2.67671 -6.68057 2
    endloop
  endfacet
  facet normal -0.995857 0.0909357 0
    outer loop
      vertex 2.67671 -6.68057 7
      vertex 2.67343 -6.71649 2
      vertex 2.67343 -6.71649 7
    endloop
  endfacet
  facet normal -0.992209 0.124584 0
    outer loop
      vertex 2.66896 -6.75209 2
      vertex 2.67343 -6.71649 7
      vertex 2.67343 -6.71649 2
    endloop
  endfacet
  facet normal -0.992209 0.124584 0
    outer loop
      vertex 2.67343 -6.71649 7
      vertex 2.66896 -6.75209 2
      vertex 2.66896 -6.75209 7
    endloop
  endfacet
  facet normal -0.98756 0.157246 0
    outer loop
      vertex 2.66336 -6.78726 2
      vertex 2.66896 -6.75209 7
      vertex 2.66896 -6.75209 2
    endloop
  endfacet
  facet normal -0.98756 0.157246 0
    outer loop
      vertex 2.66896 -6.75209 7
      vertex 2.66336 -6.78726 2
      vertex 2.66336 -6.78726 7
    endloop
  endfacet
  facet normal -0.981765 0.190099 0
    outer loop
      vertex 2.65649 -6.82274 2
      vertex 2.66336 -6.78726 7
      vertex 2.66336 -6.78726 2
    endloop
  endfacet
  facet normal -0.981765 0.190099 0
    outer loop
      vertex 2.66336 -6.78726 7
      vertex 2.65649 -6.82274 2
      vertex 2.65649 -6.82274 7
    endloop
  endfacet
  facet normal -0.974956 0.222397 0
    outer loop
      vertex 2.64844 -6.85803 2
      vertex 2.65649 -6.82274 7
      vertex 2.65649 -6.82274 2
    endloop
  endfacet
  facet normal -0.974956 0.222397 0
    outer loop
      vertex 2.65649 -6.82274 7
      vertex 2.64844 -6.85803 2
      vertex 2.64844 -6.85803 7
    endloop
  endfacet
  facet normal -0.967013 0.254728 0
    outer loop
      vertex 2.63936 -6.8925 2
      vertex 2.64844 -6.85803 7
      vertex 2.64844 -6.85803 2
    endloop
  endfacet
  facet normal -0.967013 0.254728 0
    outer loop
      vertex 2.64844 -6.85803 7
      vertex 2.63936 -6.8925 2
      vertex 2.63936 -6.8925 7
    endloop
  endfacet
  facet normal -0.957934 0.286988 0
    outer loop
      vertex 2.62912 -6.92668 2
      vertex 2.63936 -6.8925 7
      vertex 2.63936 -6.8925 2
    endloop
  endfacet
  facet normal -0.957934 0.286988 0
    outer loop
      vertex 2.63936 -6.8925 7
      vertex 2.62912 -6.92668 2
      vertex 2.62912 -6.92668 7
    endloop
  endfacet
  facet normal -0.947957 0.3184 0
    outer loop
      vertex 2.61769 -6.96071 2
      vertex 2.62912 -6.92668 7
      vertex 2.62912 -6.92668 2
    endloop
  endfacet
  facet normal -0.947957 0.3184 0
    outer loop
      vertex 2.62912 -6.92668 7
      vertex 2.61769 -6.96071 2
      vertex 2.61769 -6.96071 7
    endloop
  endfacet
  facet normal -0.936874 0.349667 0
    outer loop
      vertex 2.60506 -6.99455 2
      vertex 2.61769 -6.96071 7
      vertex 2.61769 -6.96071 2
    endloop
  endfacet
  facet normal -0.936874 0.349667 0
    outer loop
      vertex 2.61769 -6.96071 7
      vertex 2.60506 -6.99455 2
      vertex 2.60506 -6.99455 7
    endloop
  endfacet
  facet normal -0.924655 0.380806 0
    outer loop
      vertex 2.59149 -7.0275 2
      vertex 2.60506 -6.99455 7
      vertex 2.60506 -6.99455 2
    endloop
  endfacet
  facet normal -0.924655 0.380806 0
    outer loop
      vertex 2.60506 -6.99455 7
      vertex 2.59149 -7.0275 2
      vertex 2.59149 -7.0275 7
    endloop
  endfacet
  facet normal -0.911504 0.411292 0
    outer loop
      vertex 2.57655 -7.06061 2
      vertex 2.59149 -7.0275 7
      vertex 2.59149 -7.0275 2
    endloop
  endfacet
  facet normal -0.911504 0.411292 0
    outer loop
      vertex 2.59149 -7.0275 7
      vertex 2.57655 -7.06061 2
      vertex 2.57655 -7.06061 7
    endloop
  endfacet
  facet normal -0.897291 0.441439 0
    outer loop
      vertex 2.56093 -7.09236 2
      vertex 2.57655 -7.06061 7
      vertex 2.57655 -7.06061 2
    endloop
  endfacet
  facet normal -0.897291 0.441439 0
    outer loop
      vertex 2.57655 -7.06061 7
      vertex 2.56093 -7.09236 2
      vertex 2.56093 -7.09236 7
    endloop
  endfacet
  facet normal -0.882231 0.470817 0
    outer loop
      vertex 2.54381 -7.12444 2
      vertex 2.56093 -7.09236 7
      vertex 2.56093 -7.09236 2
    endloop
  endfacet
  facet normal -0.882231 0.470817 0
    outer loop
      vertex 2.56093 -7.09236 7
      vertex 2.54381 -7.12444 2
      vertex 2.54381 -7.12444 7
    endloop
  endfacet
  facet normal -0.866082 0.499902 0
    outer loop
      vertex 2.52609 -7.15514 2
      vertex 2.54381 -7.12444 7
      vertex 2.54381 -7.12444 2
    endloop
  endfacet
  facet normal -0.866082 0.499902 0
    outer loop
      vertex 2.54381 -7.12444 7
      vertex 2.52609 -7.15514 2
      vertex 2.52609 -7.15514 7
    endloop
  endfacet
  facet normal -0.848885 0.528577 0
    outer loop
      vertex 2.50703 -7.18575 2
      vertex 2.52609 -7.15514 7
      vertex 2.52609 -7.15514 2
    endloop
  endfacet
  facet normal -0.848885 0.528577 0
    outer loop
      vertex 2.52609 -7.15514 7
      vertex 2.50703 -7.18575 2
      vertex 2.50703 -7.18575 7
    endloop
  endfacet
  facet normal -0.830935 0.55637 0
    outer loop
      vertex 2.48705 -7.21559 2
      vertex 2.50703 -7.18575 7
      vertex 2.50703 -7.18575 2
    endloop
  endfacet
  facet normal -0.830935 0.55637 0
    outer loop
      vertex 2.50703 -7.18575 7
      vertex 2.48705 -7.21559 2
      vertex 2.48705 -7.21559 7
    endloop
  endfacet
  facet normal -0.811682 0.5841 0
    outer loop
      vertex 2.46603 -7.2448 2
      vertex 2.48705 -7.21559 7
      vertex 2.48705 -7.21559 2
    endloop
  endfacet
  facet normal -0.811682 0.5841 0
    outer loop
      vertex 2.48705 -7.21559 7
      vertex 2.46603 -7.2448 2
      vertex 2.46603 -7.2448 7
    endloop
  endfacet
  facet normal -0.792387 0.610019 0
    outer loop
      vertex 2.44402 -7.27339 2
      vertex 2.46603 -7.2448 7
      vertex 2.46603 -7.2448 2
    endloop
  endfacet
  facet normal -0.792387 0.610019 0
    outer loop
      vertex 2.46603 -7.2448 7
      vertex 2.44402 -7.27339 2
      vertex 2.44402 -7.27339 7
    endloop
  endfacet
  facet normal -0.771105 0.636708 0
    outer loop
      vertex 2.42128 -7.30093 2
      vertex 2.44402 -7.27339 7
      vertex 2.44402 -7.27339 2
    endloop
  endfacet
  facet normal -0.771105 0.636708 0
    outer loop
      vertex 2.44402 -7.27339 7
      vertex 2.42128 -7.30093 2
      vertex 2.42128 -7.30093 7
    endloop
  endfacet
  facet normal -0.749789 0.661677 0
    outer loop
      vertex 2.39755 -7.32782 2
      vertex 2.42128 -7.30093 7
      vertex 2.42128 -7.30093 2
    endloop
  endfacet
  facet normal -0.749789 0.661677 0
    outer loop
      vertex 2.42128 -7.30093 7
      vertex 2.39755 -7.32782 2
      vertex 2.39755 -7.32782 7
    endloop
  endfacet
  facet normal -0.727633 0.685966 0
    outer loop
      vertex 2.37302 -7.35384 2
      vertex 2.39755 -7.32782 7
      vertex 2.39755 -7.32782 2
    endloop
  endfacet
  facet normal -0.727633 0.685966 0
    outer loop
      vertex 2.39755 -7.32782 7
      vertex 2.37302 -7.35384 2
      vertex 2.37302 -7.35384 7
    endloop
  endfacet
  facet normal -0.703754 0.710443 0
    outer loop
      vertex 2.37302 -7.35384 2
      vertex 2.34753 -7.37909 7
      vertex 2.37302 -7.35384 7
    endloop
  endfacet
  facet normal -0.703754 0.710443 0
    outer loop
      vertex 2.34753 -7.37909 7
      vertex 2.37302 -7.35384 2
      vertex 2.34753 -7.37909 2
    endloop
  endfacet
  facet normal -0.680483 0.732764 0
    outer loop
      vertex 2.34753 -7.37909 2
      vertex 2.32132 -7.40343 7
      vertex 2.34753 -7.37909 7
    endloop
  endfacet
  facet normal -0.680483 0.732764 0
    outer loop
      vertex 2.32132 -7.40343 7
      vertex 2.34753 -7.37909 2
      vertex 2.32132 -7.40343 2
    endloop
  endfacet
  facet normal -0.655277 0.755389 0
    outer loop
      vertex 2.32132 -7.40343 2
      vertex 2.29393 -7.42719 7
      vertex 2.32132 -7.40343 7
    endloop
  endfacet
  facet normal -0.655277 0.755389 0
    outer loop
      vertex 2.29393 -7.42719 7
      vertex 2.32132 -7.40343 2
      vertex 2.29393 -7.42719 2
    endloop
  endfacet
  facet normal -0.630006 0.77659 0
    outer loop
      vertex 2.29393 -7.42719 2
      vertex 2.26601 -7.44984 7
      vertex 2.29393 -7.42719 7
    endloop
  endfacet
  facet normal -0.630006 0.77659 0
    outer loop
      vertex 2.26601 -7.44984 7
      vertex 2.29393 -7.42719 2
      vertex 2.26601 -7.44984 2
    endloop
  endfacet
  facet normal -0.603679 0.797227 0
    outer loop
      vertex 2.26601 -7.44984 2
      vertex 2.23763 -7.47133 7
      vertex 2.26601 -7.44984 7
    endloop
  endfacet
  facet normal -0.603679 0.797227 0
    outer loop
      vertex 2.23763 -7.47133 7
      vertex 2.26601 -7.44984 2
      vertex 2.23763 -7.47133 2
    endloop
  endfacet
  facet normal -0.577032 0.816722 0
    outer loop
      vertex 2.23763 -7.47133 2
      vertex 2.20819 -7.49213 7
      vertex 2.23763 -7.47133 7
    endloop
  endfacet
  facet normal -0.577032 0.816722 0
    outer loop
      vertex 2.20819 -7.49213 7
      vertex 2.23763 -7.47133 2
      vertex 2.20819 -7.49213 2
    endloop
  endfacet
  facet normal -0.54951 0.835487 0
    outer loop
      vertex 2.20819 -7.49213 2
      vertex 2.17804 -7.51196 7
      vertex 2.20819 -7.49213 7
    endloop
  endfacet
  facet normal -0.54951 0.835487 0
    outer loop
      vertex 2.17804 -7.51196 7
      vertex 2.20819 -7.49213 2
      vertex 2.17804 -7.51196 2
    endloop
  endfacet
  facet normal -0.521747 0.8531 0
    outer loop
      vertex 2.17804 -7.51196 2
      vertex 2.14784 -7.53043 7
      vertex 2.17804 -7.51196 7
    endloop
  endfacet
  facet normal -0.521747 0.8531 0
    outer loop
      vertex 2.14784 -7.53043 7
      vertex 2.17804 -7.51196 2
      vertex 2.14784 -7.53043 2
    endloop
  endfacet
  facet normal -0.492523 0.870299 0
    outer loop
      vertex 2.14784 -7.53043 2
      vertex 2.11644 -7.5482 7
      vertex 2.14784 -7.53043 7
    endloop
  endfacet
  facet normal -0.492523 0.870299 0
    outer loop
      vertex 2.11644 -7.5482 7
      vertex 2.14784 -7.53043 2
      vertex 2.11644 -7.5482 2
    endloop
  endfacet
  facet normal -0.463531 0.886081 0
    outer loop
      vertex 2.11644 -7.5482 2
      vertex 2.08444 -7.56494 7
      vertex 2.11644 -7.5482 7
    endloop
  endfacet
  facet normal -0.463531 0.886081 0
    outer loop
      vertex 2.08444 -7.56494 7
      vertex 2.11644 -7.5482 2
      vertex 2.08444 -7.56494 2
    endloop
  endfacet
  facet normal -0.433925 0.900949 0
    outer loop
      vertex 2.08444 -7.56494 2
      vertex 2.05232 -7.58041 7
      vertex 2.08444 -7.56494 7
    endloop
  endfacet
  facet normal -0.433925 0.900949 0
    outer loop
      vertex 2.05232 -7.58041 7
      vertex 2.08444 -7.56494 2
      vertex 2.05232 -7.58041 2
    endloop
  endfacet
  facet normal -0.403927 0.914791 0
    outer loop
      vertex 2.05232 -7.58041 2
      vertex 2.0193 -7.59499 7
      vertex 2.05232 -7.58041 7
    endloop
  endfacet
  facet normal -0.403927 0.914791 0
    outer loop
      vertex 2.0193 -7.59499 7
      vertex 2.05232 -7.58041 2
      vertex 2.0193 -7.59499 2
    endloop
  endfacet
  facet normal -0.373092 0.927794 0
    outer loop
      vertex 2.0193 -7.59499 2
      vertex 1.9864 -7.60822 7
      vertex 2.0193 -7.59499 7
    endloop
  endfacet
  facet normal -0.373092 0.927794 0
    outer loop
      vertex 1.9864 -7.60822 7
      vertex 2.0193 -7.59499 2
      vertex 1.9864 -7.60822 2
    endloop
  endfacet
  facet normal -0.341721 0.939801 0
    outer loop
      vertex 1.9864 -7.60822 2
      vertex 1.95238 -7.62059 7
      vertex 1.9864 -7.60822 7
    endloop
  endfacet
  facet normal -0.341721 0.939801 0
    outer loop
      vertex 1.95238 -7.62059 7
      vertex 1.9864 -7.60822 2
      vertex 1.95238 -7.62059 2
    endloop
  endfacet
  facet normal -0.310903 0.950442 0
    outer loop
      vertex 1.95238 -7.62059 2
      vertex 1.91808 -7.63181 7
      vertex 1.95238 -7.62059 7
    endloop
  endfacet
  facet normal -0.310903 0.950442 0
    outer loop
      vertex 1.91808 -7.63181 7
      vertex 1.95238 -7.62059 2
      vertex 1.91808 -7.63181 2
    endloop
  endfacet
  facet normal -0.278661 0.96039 0
    outer loop
      vertex 1.91808 -7.63181 2
      vertex 1.88365 -7.6418 7
      vertex 1.91808 -7.63181 7
    endloop
  endfacet
  facet normal -0.278661 0.96039 0
    outer loop
      vertex 1.88365 -7.6418 7
      vertex 1.91808 -7.63181 2
      vertex 1.88365 -7.6418 2
    endloop
  endfacet
  facet normal -0.246532 0.969135 0
    outer loop
      vertex 1.88365 -7.6418 2
      vertex 1.84886 -7.65065 7
      vertex 1.88365 -7.6418 7
    endloop
  endfacet
  facet normal -0.246532 0.969135 0
    outer loop
      vertex 1.84886 -7.65065 7
      vertex 1.88365 -7.6418 2
      vertex 1.84886 -7.65065 2
    endloop
  endfacet
  facet normal -0.214792 0.97666 0
    outer loop
      vertex 1.84886 -7.65065 2
      vertex 1.81403 -7.65831 7
      vertex 1.84886 -7.65065 7
    endloop
  endfacet
  facet normal -0.214792 0.97666 0
    outer loop
      vertex 1.81403 -7.65831 7
      vertex 1.84886 -7.65065 2
      vertex 1.81403 -7.65831 2
    endloop
  endfacet
  facet normal -0.181481 0.983394 0
    outer loop
      vertex 1.81403 -7.65831 2
      vertex 1.7787 -7.66483 7
      vertex 1.81403 -7.65831 7
    endloop
  endfacet
  facet normal -0.181481 0.983394 0
    outer loop
      vertex 1.7787 -7.66483 7
      vertex 1.81403 -7.65831 2
      vertex 1.7787 -7.66483 2
    endloop
  endfacet
  facet normal -0.14886 0.988858 0
    outer loop
      vertex 1.7787 -7.66483 2
      vertex 1.74336 -7.67015 7
      vertex 1.7787 -7.66483 7
    endloop
  endfacet
  facet normal -0.14886 0.988858 0
    outer loop
      vertex 1.74336 -7.67015 7
      vertex 1.7787 -7.66483 2
      vertex 1.74336 -7.67015 2
    endloop
  endfacet
  facet normal -0.1163 0.993214 0
    outer loop
      vertex 1.74336 -7.67015 2
      vertex 1.70715 -7.67439 7
      vertex 1.74336 -7.67015 7
    endloop
  endfacet
  facet normal -0.1163 0.993214 0
    outer loop
      vertex 1.70715 -7.67439 7
      vertex 1.74336 -7.67015 2
      vertex 1.70715 -7.67439 2
    endloop
  endfacet
  facet normal -0.0830455 0.996546 0
    outer loop
      vertex 1.70715 -7.67439 2
      vertex 1.67163 -7.67735 7
      vertex 1.70715 -7.67439 7
    endloop
  endfacet
  facet normal -0.0830455 0.996546 0
    outer loop
      vertex 1.67163 -7.67735 7
      vertex 1.70715 -7.67439 2
      vertex 1.67163 -7.67735 2
    endloop
  endfacet
  facet normal -0.0497824 0.99876 0
    outer loop
      vertex 1.67163 -7.67735 2
      vertex 1.63632 -7.67911 7
      vertex 1.67163 -7.67735 7
    endloop
  endfacet
  facet normal -0.0497824 0.99876 0
    outer loop
      vertex 1.63632 -7.67911 7
      vertex 1.67163 -7.67735 2
      vertex 1.63632 -7.67911 2
    endloop
  endfacet
  facet normal -0.0166675 0.999861 0
    outer loop
      vertex 1.63632 -7.67911 2
      vertex 1.58353 -7.67999 7
      vertex 1.63632 -7.67911 7
    endloop
  endfacet
  facet normal -0.0166675 0.999861 0
    outer loop
      vertex 1.58353 -7.67999 7
      vertex 1.63632 -7.67911 2
      vertex 1.58353 -7.67999 2
    endloop
  endfacet
  facet normal 0 1 -0
    outer loop
      vertex 1.58353 -7.67999 2
      vertex -1.57983 -7.67999 7
      vertex 1.58353 -7.67999 7
    endloop
  endfacet
  facet normal 0 1 0
    outer loop
      vertex -1.57983 -7.67999 7
      vertex 1.58353 -7.67999 2
      vertex -1.57983 -7.67999 2
    endloop
  endfacet
endsolid OpenSCAD_Model
